{
  "start_index": 86,
  "obs_horizon": 2,
  "act_horizon": 16,
  "stride": 2,
  "obs_timestamps": [
    1776398608.421738,
    1776398608.4595058
  ],
  "action_timestamps": [
    1776398608.4911988,
    1776398608.5216491,
    1776398608.559694,
    1776398608.5913665,
    1776398608.6217334,
    1776398608.6594543,
    1776398608.6912901,
    1776398608.7215853,
    1776398608.759486,
    1776398608.7913468,
    1776398608.821696,
    1776398608.859422,
    1776398608.891301,
    1776398608.9216907,
    1776398608.9594975,
    1776398608.9912822
  ]
}
