{
  "start_index": 266,
  "obs_horizon": 2,
  "act_horizon": 16,
  "stride": 2,
  "obs_timestamps": [
    1776398614.4277146,
    1776398614.4594586
  ],
  "action_timestamps": [
    1776398614.4913654,
    1776398614.5277576,
    1776398614.5597117,
    1776398614.5913773,
    1776398614.6277854,
    1776398614.6594963,
    1776398614.6913636,
    1776398614.7277372,
    1776398614.759473,
    1776398614.7912495,
    1776398614.8277175,
    1776398614.8594944,
    1776398614.8912706,
    1776398614.927764,
    1776398614.959612,
    1776398614.9913938
  ]
}
