{
  "start_index": 92,
  "obs_horizon": 2,
  "act_horizon": 16,
  "stride": 2,
  "obs_timestamps": [
    1776398608.6217334,
    1776398608.6594543
  ],
  "action_timestamps": [
    1776398608.6912901,
    1776398608.7215853,
    1776398608.759486,
    1776398608.7913468,
    1776398608.821696,
    1776398608.859422,
    1776398608.891301,
    1776398608.9216907,
    1776398608.9594975,
    1776398608.9912822,
    1776398609.021676,
    1776398609.0594063,
    1776398609.0912998,
    1776398609.1216495,
    1776398609.1594095,
    1776398609.1913338
  ]
}
