{
  "start_index": 72,
  "obs_horizon": 2,
  "act_horizon": 16,
  "stride": 2,
  "obs_timestamps": [
    1776398607.9594307,
    1776398607.9913018
  ],
  "action_timestamps": [
    1776398608.0217173,
    1776398608.0594761,
    1776398608.091265,
    1776398608.1216795,
    1776398608.159439,
    1776398608.191332,
    1776398608.2217045,
    1776398608.2594833,
    1776398608.2913167,
    1776398608.3216846,
    1776398608.359421,
    1776398608.3913038,
    1776398608.421738,
    1776398608.4595058,
    1776398608.4911988,
    1776398608.5216491
  ]
}
