{
  "start_index": 158,
  "obs_horizon": 2,
  "act_horizon": 16,
  "stride": 2,
  "obs_timestamps": [
    1776398610.827731,
    1776398610.8594959
  ],
  "action_timestamps": [
    1776398610.8913648,
    1776398610.9276855,
    1776398610.9595253,
    1776398610.9913523,
    1776398611.0277302,
    1776398611.0596073,
    1776398611.091327,
    1776398611.12784,
    1776398611.1594741,
    1776398611.1913004,
    1776398611.2276905,
    1776398611.2595031,
    1776398611.291446,
    1776398611.327706,
    1776398611.359543,
    1776398611.3912938
  ]
}
