{
  "start_index": 220,
  "obs_horizon": 2,
  "act_horizon": 16,
  "stride": 2,
  "obs_timestamps": [
    1776398612.8913043,
    1776398612.927757
  ],
  "action_timestamps": [
    1776398612.9594653,
    1776398612.9912927,
    1776398613.0276139,
    1776398613.0594413,
    1776398613.09128,
    1776398613.1277084,
    1776398613.1595042,
    1776398613.191496,
    1776398613.2277737,
    1776398613.259651,
    1776398613.291426,
    1776398613.3277295,
    1776398613.3595564,
    1776398613.3913634,
    1776398613.427778,
    1776398613.459609
  ]
}
