{
  "start_index": 294,
  "obs_horizon": 2,
  "act_horizon": 16,
  "stride": 2,
  "obs_timestamps": [
    1776398615.3596466,
    1776398615.3913822
  ],
  "action_timestamps": [
    1776398615.427863,
    1776398615.459566,
    1776398615.4913282,
    1776398615.5277436,
    1776398615.559781,
    1776398615.5914643,
    1776398615.6278827,
    1776398615.6595488,
    1776398615.6913557,
    1776398615.7277908,
    1776398615.7597885,
    1776398615.7914917,
    1776398615.8278198,
    1776398615.8594987,
    1776398615.8913753,
    1776398615.927768
  ]
}
