{
	"D" : 
	[
		-0.056847590953111649,
		0.060037471354007721,
		-0.00079454935621470213,
		0.00027150358073413372,
		-0.020236469805240631
	],
	"K" : 
	[
		437.09732055664062,
		0.0,
		327.7705078125,
		0.0,
		436.33908081054688,
		237.87786865234375,
		0.0,
		0.0,
		1.0
	],
	"P" : 
	[
		437.09732055664062,
		0.0,
		327.7705078125,
		0.0,
		0.0,
		436.33908081054688,
		237.87786865234375,
		0.0,
		0.0,
		0.0,
		1.0,
		0.0
	],
	"R" : [ 1.0, 0.0, 0.0, 0.0, 1.0, 0.0, 0.0, 0.0, 1.0 ],
	"binning_x" : 0,
	"binning_y" : 0,
	"distortion_model" : "plumb_bob",
	"height" : 480,
	"parent_frame" : 
	{
		"pitch" : 0.0020789631097986676,
		"roll" : -1.5722038814214725,
		"x" : -6.8908288085367531e-05,
		"y" : -1.9078112018178217e-05,
		"yaw" : -1.566660047461901,
		"z" : -1.088377302949084e-05
	},
	"roi" : 
	{
		"do_rectify" : false,
		"height" : 0,
		"width" : 0,
		"x_offset" : 0,
		"y_offset" : 0
	},
	"width" : 640
}
