{
  "start_index": 196,
  "obs_horizon": 2,
  "act_horizon": 16,
  "stride": 2,
  "obs_timestamps": [
    1776398612.0913408,
    1776398612.1276798
  ],
  "action_timestamps": [
    1776398612.1595337,
    1776398612.1913884,
    1776398612.2276895,
    1776398612.2595081,
    1776398612.2913024,
    1776398612.3276784,
    1776398612.3594687,
    1776398612.3913581,
    1776398612.4277766,
    1776398612.459511,
    1776398612.4912949,
    1776398612.5277646,
    1776398612.559704,
    1776398612.591397,
    1776398612.6277316,
    1776398612.6595614
  ]
}
