{
  "start_index": 262,
  "obs_horizon": 2,
  "act_horizon": 16,
  "stride": 2,
  "obs_timestamps": [
    1776398614.291338,
    1776398614.3277342
  ],
  "action_timestamps": [
    1776398614.359505,
    1776398614.391321,
    1776398614.4277146,
    1776398614.4594586,
    1776398614.4913654,
    1776398614.5277576,
    1776398614.5597117,
    1776398614.5913773,
    1776398614.6277854,
    1776398614.6594963,
    1776398614.6913636,
    1776398614.7277372,
    1776398614.759473,
    1776398614.7912495,
    1776398614.8277175,
    1776398614.8594944
  ]
}
