{
  "start_index": 214,
  "obs_horizon": 2,
  "act_horizon": 16,
  "stride": 2,
  "obs_timestamps": [
    1776398612.6912947,
    1776398612.7276466
  ],
  "action_timestamps": [
    1776398612.7594557,
    1776398612.7913513,
    1776398612.8276937,
    1776398612.8595362,
    1776398612.8913043,
    1776398612.927757,
    1776398612.9594653,
    1776398612.9912927,
    1776398613.0276139,
    1776398613.0594413,
    1776398613.09128,
    1776398613.1277084,
    1776398613.1595042,
    1776398613.191496,
    1776398613.2277737,
    1776398613.259651
  ]
}
