{
  "start_index": 108,
  "obs_horizon": 2,
  "act_horizon": 16,
  "stride": 2,
  "obs_timestamps": [
    1776398609.1594095,
    1776398609.1913338
  ],
  "action_timestamps": [
    1776398609.221737,
    1776398609.259464,
    1776398609.2914066,
    1776398609.3276947,
    1776398609.3595989,
    1776398609.391411,
    1776398609.4218557,
    1776398609.4594648,
    1776398609.491288,
    1776398609.5216467,
    1776398609.5596886,
    1776398609.5913904,
    1776398609.6277323,
    1776398609.6594734,
    1776398609.691274,
    1776398609.7276528
  ]
}
