{
  "start_index": 80,
  "obs_horizon": 2,
  "act_horizon": 16,
  "stride": 2,
  "obs_timestamps": [
    1776398608.2217045,
    1776398608.2594833
  ],
  "action_timestamps": [
    1776398608.2913167,
    1776398608.3216846,
    1776398608.359421,
    1776398608.3913038,
    1776398608.421738,
    1776398608.4595058,
    1776398608.4911988,
    1776398608.5216491,
    1776398608.559694,
    1776398608.5913665,
    1776398608.6217334,
    1776398608.6594543,
    1776398608.6912901,
    1776398608.7215853,
    1776398608.759486,
    1776398608.7913468
  ]
}
