{
  "start_index": 62,
  "obs_horizon": 2,
  "act_horizon": 16,
  "stride": 2,
  "obs_timestamps": [
    1776398607.6216593,
    1776398607.659422
  ],
  "action_timestamps": [
    1776398607.6911385,
    1776398607.721659,
    1776398607.7595112,
    1776398607.791254,
    1776398607.8216379,
    1776398607.8594265,
    1776398607.891235,
    1776398607.9215744,
    1776398607.9594307,
    1776398607.9913018,
    1776398608.0217173,
    1776398608.0594761,
    1776398608.091265,
    1776398608.1216795,
    1776398608.159439,
    1776398608.191332
  ]
}
