{
  "start_index": 184,
  "obs_horizon": 2,
  "act_horizon": 16,
  "stride": 2,
  "obs_timestamps": [
    1776398611.6912773,
    1776398611.7277238
  ],
  "action_timestamps": [
    1776398611.7595322,
    1776398611.7913105,
    1776398611.8276927,
    1776398611.8595483,
    1776398611.8914282,
    1776398611.9276845,
    1776398611.9595175,
    1776398611.9914143,
    1776398612.027727,
    1776398612.0594988,
    1776398612.0913408,
    1776398612.1276798,
    1776398612.1595337,
    1776398612.1913884,
    1776398612.2276895,
    1776398612.2595081
  ]
}
