{
  "start_index": 44,
  "obs_horizon": 2,
  "act_horizon": 16,
  "stride": 2,
  "obs_timestamps": [
    1776398607.0216267,
    1776398607.0593703
  ],
  "action_timestamps": [
    1776398607.0912151,
    1776398607.1215694,
    1776398607.1593602,
    1776398607.19125,
    1776398607.2216332,
    1776398607.2593372,
    1776398607.291238,
    1776398607.3216622,
    1776398607.3594024,
    1776398607.3913944,
    1776398607.4216921,
    1776398607.4594269,
    1776398607.491186,
    1776398607.521719,
    1776398607.5595014,
    1776398607.5912888
  ]
}
