{
  "start_index": 180,
  "obs_horizon": 2,
  "act_horizon": 16,
  "stride": 2,
  "obs_timestamps": [
    1776398611.5596828,
    1776398611.59132
  ],
  "action_timestamps": [
    1776398611.6276617,
    1776398611.6594505,
    1776398611.6912773,
    1776398611.7277238,
    1776398611.7595322,
    1776398611.7913105,
    1776398611.8276927,
    1776398611.8595483,
    1776398611.8914282,
    1776398611.9276845,
    1776398611.9595175,
    1776398611.9914143,
    1776398612.027727,
    1776398612.0594988,
    1776398612.0913408,
    1776398612.1276798
  ]
}
