{
  "start_index": 226,
  "obs_horizon": 2,
  "act_horizon": 16,
  "stride": 2,
  "obs_timestamps": [
    1776398613.09128,
    1776398613.1277084
  ],
  "action_timestamps": [
    1776398613.1595042,
    1776398613.191496,
    1776398613.2277737,
    1776398613.259651,
    1776398613.291426,
    1776398613.3277295,
    1776398613.3595564,
    1776398613.3913634,
    1776398613.427778,
    1776398613.459609,
    1776398613.4913442,
    1776398613.527935,
    1776398613.559702,
    1776398613.5914123,
    1776398613.6277363,
    1776398613.659504
  ]
}
