{
	"pitch" : 1.0101515640910175,
	"roll" : -0.13363898213244629,
	"x" : -0.26358872176750542,
	"y" : -0.034627210822992749,
	"yaw" : 0.91672451985430825,
	"z" : -0.077440817485483135
}
