{
	"pitch" : 0.97707775660699603,
	"roll" : 0.030282098477510195,
	"x" : -0.26831252082977408,
	"y" : 0.10465501468949329,
	"yaw" : 1.3206401868951518,
	"z" : -0.0189553763283902
}
