{
	"pitch" : 0.97140975203511382,
	"roll" : 0.12499294299492365,
	"x" : -0.2673537245404935,
	"y" : 0.01150575086206488,
	"yaw" : 1.3591190783115992,
	"z" : -0.079729194352653548
}
