{
	"pitch" : 0.9729648735103944,
	"roll" : 0.094934508682638308,
	"x" : -0.26404388774635762,
	"y" : 0.083773716632146139,
	"yaw" : 1.3149444667470567,
	"z" : -0.010858583309178216
}
