{
	"pitch" : 1.111942514869223,
	"roll" : -0.0040784153727772762,
	"x" : -0.24260911465180876,
	"y" : 0.12920942902546886,
	"yaw" : 1.3421742812099,
	"z" : -0.064546530093977011
}
