{
	"pitch" : 1.3462070428933932,
	"roll" : 0.26392424248346225,
	"x" : -0.24814051077499244,
	"y" : 0.039379313866453748,
	"yaw" : 1.5265735466614339,
	"z" : -0.096690064721392563
}
