{
	"pitch" : 0.95441067126107748,
	"roll" : 0.089093446974563353,
	"x" : -0.26816181060366745,
	"y" : 0.010047584925913615,
	"yaw" : 1.3197782044222997,
	"z" : -0.078302915574387122
}
