{
	"pitch" : 1.4646367666471376,
	"roll" : -0.25873947964473737,
	"x" : -0.23854750173381653,
	"y" : 0.20560287962078533,
	"yaw" : 1.1233615795044072,
	"z" : -0.12633961350822079
}
