{
	"pitch" : 1.4774927943750489,
	"roll" : -0.56010550588911323,
	"x" : -0.23337107176503347,
	"y" : 0.20569315842063851,
	"yaw" : 0.79247577748862164,
	"z" : -0.133753965886101
}
