{
	"pitch" : 0.92371560940112518,
	"roll" : 0.054908897007851162,
	"x" : -0.24675576476071695,
	"y" : 0.070634339317345196,
	"yaw" : 1.3317671511410585,
	"z" : -0.047912897379972452
}
