{
	"pitch" : 1.4554162249526976,
	"roll" : -0.27660774152522744,
	"x" : -0.2384170918553406,
	"y" : 0.20918239173169076,
	"yaw" : 1.1066471333818884,
	"z" : -0.12633977108048106
}
