{
	"pitch" : 1.4318338620886322,
	"roll" : -0.053521230929836565,
	"x" : -0.22967725180891033,
	"y" : 0.19894506783963226,
	"yaw" : 1.2970710607578306,
	"z" : -0.10255231469775145
}
