{
	"pitch" : 1.4741738825359185,
	"roll" : -2.2871503861139546,
	"x" : -0.23105237774065546,
	"y" : 0.028803991662377307,
	"yaw" : -0.99766760194927251,
	"z" : -0.16083209897578252
}
