{
	"pitch" : 1.5005150011385944,
	"roll" : -2.4773880809344138,
	"x" : -0.23387623274015096,
	"y" : 0.028068161679759993,
	"yaw" : -1.201701727033746,
	"z" : -0.13992417424436746
}
