{
	"pitch" : 1.0350315793459579,
	"roll" : 0.15531425036764379,
	"x" : -0.26071337874691503,
	"y" : 0.019326649296476241,
	"yaw" : 1.399139259221899,
	"z" : -0.075977401251337173
}
