{
	"pitch" : 1.0468528880122729,
	"roll" : 0.049558546846770683,
	"x" : -0.2444432637054185,
	"y" : 0.10671314806238145,
	"yaw" : 1.3640570856491052,
	"z" : -0.052511075092830345
}
