{
	"pitch" : 1.4712910215160797,
	"roll" : -0.33062592821412534,
	"x" : -0.23796994585758394,
	"y" : 0.20500762645259679,
	"yaw" : 1.0556201169822184,
	"z" : -0.12901987394067604
}
