{
	"pitch" : 0.99482140327662594,
	"roll" : 0.0402770694243351,
	"x" : -0.26630565561155578,
	"y" : 0.11126770457957019,
	"yaw" : 1.3473485260020996,
	"z" : -0.017923620623530145
}
