{
	"pitch" : 0.96237125169601645,
	"roll" : 0.12784535059843072,
	"x" : -0.26007674401528336,
	"y" : 0.012869089912056833,
	"yaw" : 1.3623221743855958,
	"z" : -0.054074713367696259
}
