{
	"pitch" : 1.0025919270954253,
	"roll" : -0.12380442402993673,
	"x" : -0.2675076878740284,
	"y" : -0.038584068520478049,
	"yaw" : 0.9137031675335735,
	"z" : -0.078667100024371425
}
