{
	"pitch" : 0.90389536208623289,
	"roll" : 0.063724456937604756,
	"x" : -0.25402258963291763,
	"y" : 0.038587463170849476,
	"yaw" : 1.3158655345034649,
	"z" : -0.056147445749957309
}
