{
	"pitch" : 0.97218922792337359,
	"roll" : -0.061254726992044595,
	"x" : -0.27744553018737844,
	"y" : -0.044360235609259724,
	"yaw" : 0.9523384914816676,
	"z" : -0.086837213947087974
}
