{
	"pitch" : 1.3994917980861294,
	"roll" : -0.6761963159865173,
	"x" : -0.24262499963741363,
	"y" : 0.01328414650634941,
	"yaw" : 0.55960655311252305,
	"z" : -0.13376874707544165
}
