{
	"pitch" : 0.96312997114149757,
	"roll" : -0.049455194090697464,
	"x" : -0.27720217820586318,
	"y" : -0.045490950911010186,
	"yaw" : 0.9517809800222794,
	"z" : -0.087194811434582686
}
