{
	"pitch" : 0.91812609242169707,
	"roll" : 0.079077195963059732,
	"x" : -0.25772018148888209,
	"y" : 0.024805522091552387,
	"yaw" : 1.3145513014362853,
	"z" : -0.064238939139573334
}
