{
	"pitch" : 1.1384180067084386,
	"roll" : 0.2054724843645023,
	"x" : -0.25478890496577444,
	"y" : 0.028440864004843722,
	"yaw" : 1.4363315441727755,
	"z" : -0.080400401881007916
}
