{
	"pitch" : 1.4620526646130168,
	"roll" : -0.71042806276629422,
	"x" : -0.23165181058955495,
	"y" : 0.20517442919528328,
	"yaw" : 0.65125222755308843,
	"z" : -0.13242721232671201
}
