{
	"pitch" : 1.0335649244898211,
	"roll" : 0.011953907700215913,
	"x" : -0.27250607786907421,
	"y" : -0.053511766124742649,
	"yaw" : 0.94575472161352359,
	"z" : -0.085532687534815757
}
