{
	"pitch" : 1.5343602788069695,
	"roll" : -0.73731197815024496,
	"x" : -0.24000804562103897,
	"y" : 0.037939309496947377,
	"yaw" : 0.56648483357131474,
	"z" : -0.13177170911075484
}
