{
	"pitch" : 1.0572616714830241,
	"roll" : 0.025982809136399016,
	"x" : -0.273376322672506,
	"y" : -0.055708755230574045,
	"yaw" : 0.94844896169712212,
	"z" : -0.081836400779346855
}
