{
	"pitch" : 1.3631076405065798,
	"roll" : -0.4534964554442184,
	"x" : -0.2465084080860003,
	"y" : 0.0072965425420313118,
	"yaw" : 0.75475785833869202,
	"z" : -0.12030640211818006
}
