{
	"pitch" : 1.4799359281923139,
	"roll" : -2.3346060579048182,
	"x" : -0.2319991278692089,
	"y" : 0.030449988932366612,
	"yaw" : -1.0469818777684419,
	"z" : -0.1508668708445533
}
