{
	"pitch" : 1.1156037162148722,
	"roll" : -0.0053437552375741968,
	"x" : -0.24297972964790029,
	"y" : 0.13033729413644085,
	"yaw" : 1.3419195244029705,
	"z" : -0.066748000905344065
}
