{
	"pitch" : 1.0015154311182859,
	"roll" : 0.056060960228201714,
	"x" : -0.26841693996096527,
	"y" : 0.068916407443169042,
	"yaw" : 1.2096012428158309,
	"z" : -0.037318914050057855
}
