{
	"pitch" : 0.9793224988747099,
	"roll" : 0.094797759406002075,
	"x" : -0.27674675986758707,
	"y" : 0.080796184200501525,
	"yaw" : 1.3205528806332507,
	"z" : -0.032595083099979411
}
