{
	"pitch" : 1.4457622428739021,
	"roll" : -0.20569776020020566,
	"x" : -0.23313477310435785,
	"y" : 0.20243120082708443,
	"yaw" : 1.1496593414005851,
	"z" : -0.11628492623834473
}
