{
	"pitch" : 1.5057335995460743,
	"roll" : -2.3739968180162525,
	"x" : -0.2360425785083741,
	"y" : 0.026779478484908234,
	"yaw" : -1.0979517070415044,
	"z" : -0.15753358170033402
}
