{
	"pitch" : 1.4902114816067762,
	"roll" : 0.089582379437894419,
	"x" : -0.24375203710012025,
	"y" : 0.038436663463027695,
	"yaw" : 1.3825187763783131,
	"z" : -0.12000788457564984
}
