{
	"pitch" : 0.97528083713437352,
	"roll" : 0.079501408576328536,
	"x" : -0.27531407588685719,
	"y" : 0.088105502682071013,
	"yaw" : 1.3333085128446107,
	"z" : -0.028646364903001931
}
