{
	"pitch" : 0.97745087313790036,
	"roll" : -0.0019943423474908903,
	"x" : -0.26138820109164529,
	"y" : 0.075110840975290527,
	"yaw" : 1.1845068292675696,
	"z" : -0.024676649173721116
}
