{
	"pitch" : 0.96678552892588054,
	"roll" : 0.12192105201493965,
	"x" : -0.25869338085333238,
	"y" : 0.011558507185149999,
	"yaw" : 1.3478090055247529,
	"z" : -0.052743791999229378
}
