{
	"pitch" : 1.044911107341068,
	"roll" : 0.013754828007819589,
	"x" : -0.27227640329382569,
	"y" : -0.054909049390618185,
	"yaw" : 0.94538147233615788,
	"z" : -0.083049444882084766
}
