{
	"pitch" : 1.0911060863831756,
	"roll" : 0.032774783175320885,
	"x" : -0.25129096547189111,
	"y" : 0.15372724346482033,
	"yaw" : 1.3771166801471402,
	"z" : -0.022097015538864617
}
