{
	"pitch" : 1.0638264588438953,
	"roll" : 0.016244441940052947,
	"x" : -0.27355909033602188,
	"y" : -0.056583190149730199,
	"yaw" : 0.94536319007945091,
	"z" : -0.08336636567835691
}
