{
	"pitch" : 1.3229226769455242,
	"roll" : 0.0040575784324706028,
	"x" : -0.24402803836288223,
	"y" : 0.17101122758710482,
	"yaw" : 1.3505692305682648,
	"z" : -0.10656808973921518
}
