{
	"pitch" : 0.9725403948632525,
	"roll" : 0.13264534525312718,
	"x" : -0.26469340421392923,
	"y" : 0.013224214395193883,
	"yaw" : 1.368357409904831,
	"z" : -0.073477717991057734
}
