{
	"pitch" : 0.96746115047483694,
	"roll" : -0.050617981354501247,
	"x" : -0.27738085653931122,
	"y" : -0.044912361446158323,
	"yaw" : 0.9556224791658231,
	"z" : -0.086380552973390479
}
