{
	"pitch" : 1.0454114953730291,
	"roll" : 0.014584348781582528,
	"x" : -0.27228664774944,
	"y" : -0.054930045500545054,
	"yaw" : 0.94603855899058376,
	"z" : -0.082930962308540759
}
