{
	"pitch" : 1.0638963912370232,
	"roll" : 0.01559601080800492,
	"x" : -0.27346708548573506,
	"y" : -0.055854946690605853,
	"yaw" : 0.94459465595131653,
	"z" : -0.085394010020950317
}
