{
	"pitch" : 1.5020572417846167,
	"roll" : -2.4464474189501604,
	"x" : -0.23345599753328417,
	"y" : 0.028782516109854772,
	"yaw" : -1.1727388640369842,
	"z" : -0.13953061821407461
}
