{
	"pitch" : 0.97852562628907902,
	"roll" : 0.097231121029540096,
	"x" : -0.27667589290282191,
	"y" : 0.081075087890787725,
	"yaw" : 1.3238394513694023,
	"z" : -0.031778668785843428
}
