{
	"pitch" : 1.0137760246087157,
	"roll" : -0.12908334909346761,
	"x" : -0.26677218376420514,
	"y" : -0.038037011121841449,
	"yaw" : 0.91123503048474375,
	"z" : -0.079367731642660894
}
