{
	"pitch" : 1.4661300113453024,
	"roll" : 0.22958118946629941,
	"x" : -0.24579826949690417,
	"y" : 0.038345774530443244,
	"yaw" : 1.5157922198054345,
	"z" : -0.11534368664007554
}
