{
	"pitch" : 1.0507738914564624,
	"roll" : 0.15822896270326939,
	"x" : -0.25899087659574371,
	"y" : 0.020983352928181633,
	"yaw" : 1.4033577513262545,
	"z" : -0.075725370011747797
}
