{
	"pitch" : 1.4720751320603018,
	"roll" : -0.70831550005699162,
	"x" : -0.23216416681947724,
	"y" : 0.20457510712149141,
	"yaw" : 0.65138570939514884,
	"z" : -0.13277394511103666
}
