{
	"pitch" : 1.2820344439114173,
	"roll" : -0.093476914818387075,
	"x" : -0.24288336953407957,
	"y" : 0.19655155079403661,
	"yaw" : 1.2997542446007495,
	"z" : -0.06923637299465904
}
