{
	"pitch" : 0.97347980182792171,
	"roll" : 0.090922688829231629,
	"x" : -0.26501401034392641,
	"y" : 0.083350933338825456,
	"yaw" : 1.3111224751260546,
	"z" : -0.01224662875898952
}
