{
	"pitch" : 0.97806897305103147,
	"roll" : -0.0048046922984088091,
	"x" : -0.26147444429344946,
	"y" : 0.074877370298686352,
	"yaw" : 1.179551097607817,
	"z" : -0.025516528374680353
}
