{
	"pitch" : 1.4790385062718863,
	"roll" : -0.57529364991485576,
	"x" : -0.2334402727203225,
	"y" : 0.2054405856702719,
	"yaw" : 0.77588405619659506,
	"z" : -0.13417656584963905
}
