{
	"pitch" : 0.97513181764022328,
	"roll" : 0.088445363862235185,
	"x" : -0.2756964445724166,
	"y" : 0.086513545353282234,
	"yaw" : 1.3339028358154206,
	"z" : -0.030273863917220228
}
