{
	"pitch" : 0.93683833150442031,
	"roll" : 0.043002782565166937,
	"x" : -0.24520243456656657,
	"y" : 0.077341125979928538,
	"yaw" : 1.3234405346690841,
	"z" : -0.048448889952482671
}
