{
	"pitch" : 1.4957171953244084,
	"roll" : -1.5731019854058401,
	"x" : -0.23351794832890066,
	"y" : 0.028554307294124517,
	"yaw" : -0.2984255596941161,
	"z" : -0.14887807016491614
}
