{
	"pitch" : 1.4843852850556414,
	"roll" : -2.5231154892065524,
	"x" : -0.22763351156783543,
	"y" : 0.031116491132472446,
	"yaw" : -1.2206868768900012,
	"z" : -0.1333274990564057
}
