{
	"pitch" : 1.479771797833332,
	"roll" : -0.53187352662354237,
	"x" : -0.23654272189380141,
	"y" : 0.20572481182739993,
	"yaw" : 0.81420918037753209,
	"z" : -0.13337585536820618
}
