{
	"pitch" : 1.4804980740233695,
	"roll" : -2.4182330037720368,
	"x" : -0.22606673199535199,
	"y" : 0.027152580056466452,
	"yaw" : -1.1127269168646863,
	"z" : -0.14600244293417669
}
