{
	"pitch" : 1.0009258379035013,
	"roll" : 0.12653468533117221,
	"x" : -0.27149514897365196,
	"y" : 0.0696624307469349,
	"yaw" : 1.3044920482523739,
	"z" : -0.040051922428658848
}
