{
	"pitch" : 0.97168691931099926,
	"roll" : 0.1279072260650799,
	"x" : -0.26814515340957162,
	"y" : 0.010622944846576977,
	"yaw" : 1.3605738964185359,
	"z" : -0.080837263783741703
}
