{
	"pitch" : 0.95492960232917656,
	"roll" : 0.026284952601272719,
	"x" : -0.26964928598379168,
	"y" : 0.10034374210443525,
	"yaw" : 1.3075352456138769,
	"z" : -0.019826090827958748
}
