{
	"pitch" : 1.4753399462379906,
	"roll" : -2.323866502916625,
	"x" : -0.22880435539095001,
	"y" : 0.02836599154673683,
	"yaw" : -1.0333344390872035,
	"z" : -0.15976373872132146
}
