{
	"pitch" : 0.90480447206006254,
	"roll" : 0.062691820726606937,
	"x" : -0.25323263388795947,
	"y" : 0.04178512734445923,
	"yaw" : 1.3174405210115405,
	"z" : -0.055048062700472022
}
