{
	"pitch" : 1.455632104252419,
	"roll" : -0.30626820315155739,
	"x" : -0.2373491013556642,
	"y" : 0.2089270763267691,
	"yaw" : 1.0721410768238002,
	"z" : -0.12680717094409336
}
