{
	"pitch" : 1.467084286324601,
	"roll" : -0.39933104821144583,
	"x" : -0.23910434495208169,
	"y" : 0.20381360752012492,
	"yaw" : 0.95884650926625725,
	"z" : -0.13214596834622555
}
