{
	"pitch" : 1.1389790366875567,
	"roll" : -0.00078136430823335203,
	"x" : -0.24609811926661559,
	"y" : 0.16986618278334498,
	"yaw" : 1.3615802176367002,
	"z" : -0.029914700256515575
}
