{
	"pitch" : 1.466130020612997,
	"roll" : -0.53733734381926723,
	"x" : -0.23436187135680508,
	"y" : 0.20779072272413043,
	"yaw" : 0.80545109561221917,
	"z" : -0.13094575320612001
}
