{
	"pitch" : 1.0524020345684315,
	"roll" : 0.021869768487487611,
	"x" : -0.27262833083917115,
	"y" : -0.055436943399712939,
	"yaw" : 0.94450486069944639,
	"z" : -0.08136964496272657
}
