{
	"pitch" : 1.4723268603333959,
	"roll" : -1.1394459243768131,
	"x" : -0.2343692737398429,
	"y" : 0.027391748564728133,
	"yaw" : 0.12449214189476948,
	"z" : -0.14106848383188458
}
