{
	"pitch" : 0.97823783380342599,
	"roll" : 0.09362640634167968,
	"x" : -0.27677305962049759,
	"y" : 0.081350431161035325,
	"yaw" : 1.3220136279854604,
	"z" : -0.033483710760916746
}
