{
	"pitch" : 1.4290003794051485,
	"roll" : -0.25012341642441249,
	"x" : -0.24000611856862566,
	"y" : 0.20420424913451621,
	"yaw" : 1.1455002630042821,
	"z" : -0.11354123460296001
}
