{
	"pitch" : 1.5016366405020543,
	"roll" : -2.150264767934404,
	"x" : -0.23391127936529293,
	"y" : 0.02664636943121465,
	"yaw" : -0.86818460008708287,
	"z" : -0.15376207571382561
}
