{
	"pitch" : 1.4121160111841953,
	"roll" : -0.79187265250209671,
	"x" : -0.24036854749489309,
	"y" : 0.017369179640849358,
	"yaw" : 0.45389545134934933,
	"z" : -0.13475041774573887
}
