{
	"pitch" : 1.5051375609334225,
	"roll" : -2.2199683013459293,
	"x" : -0.23479094022804678,
	"y" : 0.026479421819317589,
	"yaw" : -0.94174519445472604,
	"z" : -0.15512640571129563
}
