{
	"pitch" : 1.2313681365493394,
	"roll" : -0.065073922148550956,
	"x" : -0.24368629905208794,
	"y" : 0.19021814333106596,
	"yaw" : 1.3219122644451187,
	"z" : -0.053707085672523108
}
