{
	"pitch" : 1.5075464764942517,
	"roll" : -2.2906761053634415,
	"x" : -0.23548806143883116,
	"y" : 0.026486272954056173,
	"yaw" : -1.0135572205648546,
	"z" : -0.15607525566609606
}
