{
	"pitch" : 1.1282107858815849,
	"roll" : -0.013188963795713844,
	"x" : -0.24316825829827984,
	"y" : 0.13386413286406318,
	"yaw" : 1.3356992989196632,
	"z" : -0.070303435836253966
}
