{
	"pitch" : 1.0595410445263804,
	"roll" : 0.051466904514838416,
	"x" : -0.25621735636565368,
	"y" : 0.13885199843455787,
	"yaw" : 1.3814062337756448,
	"z" : -0.017458977496860567
}
