{
	"pitch" : 0.9757117373019073,
	"roll" : 0.10064796698489381,
	"x" : -0.25907620524916569,
	"y" : 0.083024405283036257,
	"yaw" : 1.3177732110375262,
	"z" : 0.0023452284217088115
}
