{
	"pitch" : 0.96295770841678308,
	"roll" : 0.12944441171290566,
	"x" : -0.26021410156231944,
	"y" : 0.012759834088906141,
	"yaw" : 1.363672116932207,
	"z" : -0.053903593870282485
}
