{
	"pitch" : 1.461554792650186,
	"roll" : -0.52013093569331004,
	"x" : -0.23407196733090707,
	"y" : 0.20675956070649681,
	"yaw" : 0.84755125823897071,
	"z" : -0.13083932248085692
}
