{
	"pitch" : 1.4538702084420208,
	"roll" : -0.30106041512460369,
	"x" : -0.23543019693851838,
	"y" : 0.20362999426256384,
	"yaw" : 1.0569590628754892,
	"z" : -0.12255830008009827
}
