{
	"pitch" : 1.4479532077590818,
	"roll" : -0.24326063573717921,
	"x" : -0.23391667053229309,
	"y" : 0.20302548892101932,
	"yaw" : 1.1133848917022802,
	"z" : -0.11882027057258554
}
