{
	"pitch" : 0.96047977472436008,
	"roll" : -0.049538228351779574,
	"x" : -0.2756089948918074,
	"y" : -0.048733561469195233,
	"yaw" : 0.92904944015001123,
	"z" : -0.090630911962546884
}
