{
	"pitch" : 0.94058768574279239,
	"roll" : 0.03990621781206375,
	"x" : -0.24461785175063075,
	"y" : 0.078854060977026547,
	"yaw" : 1.3208331800531063,
	"z" : -0.047862697459105624
}
