{
	"pitch" : 1.5196866533024957,
	"roll" : -0.40053217555116177,
	"x" : -0.24066286435626733,
	"y" : 0.03854630962021896,
	"yaw" : 0.89868742039198124,
	"z" : -0.1278581532187614
}
