{
	"pitch" : 0.98073035052733515,
	"roll" : 0.089224724970741062,
	"x" : -0.26159230663747268,
	"y" : 0.080894483776588033,
	"yaw" : 1.3057135748446316,
	"z" : -0.0084604236662327859
}
