{
	"pitch" : 1.2186781103136928,
	"roll" : 0.22700174012156957,
	"x" : -0.25112634431902786,
	"y" : 0.034869415091832834,
	"yaw" : 1.4657825887586509,
	"z" : -0.084941446928396266
}
