{
	"pitch" : 1.1629862876252555,
	"roll" : -0.020088185017425212,
	"x" : -0.24370612834720273,
	"y" : 0.1419804899819051,
	"yaw" : 1.3315586459651698,
	"z" : -0.077431128181763981
}
