{
	"pitch" : 1.4732337782657052,
	"roll" : -0.57029360518666372,
	"x" : -0.23293280445680958,
	"y" : 0.20621159831474675,
	"yaw" : 0.78197117155734197,
	"z" : -0.13147015707756576
}
