{
	"pitch" : 1.4563946563699124,
	"roll" : -0.61573927593374811,
	"x" : -0.23252099188566688,
	"y" : 0.20684868001575502,
	"yaw" : 0.74969265986041489,
	"z" : -0.12953297639070341
}
