{
	"pitch" : 1.3338925522040017,
	"roll" : -0.39582194325429715,
	"x" : -0.24737830750685735,
	"y" : 0.0038173525088866719,
	"yaw" : 0.79819902195683934,
	"z" : -0.11349816404731165
}
