{
	"pitch" : 1.4725267381508298,
	"roll" : -0.52557510264658569,
	"x" : -0.23545418863575643,
	"y" : 0.20666523322017138,
	"yaw" : 0.81725147174564794,
	"z" : -0.13129905830771896
}
