{
	"pitch" : 1.4560963105042775,
	"roll" : -0.99955336929478711,
	"x" : -0.23611807191436224,
	"y" : 0.025352898770356097,
	"yaw" : 0.25974508325640489,
	"z" : -0.13928932015511031
}
