{
	"pitch" : 1.2739219131498905,
	"roll" : -0.3007814077033632,
	"x" : -0.25009298633071642,
	"y" : -0.0038189476042432384,
	"yaw" : 0.86662568226856851,
	"z" : -0.10459317058029002
}
