{
	"pitch" : 1.0129355733988858,
	"roll" : 0.14547596662303436,
	"x" : -0.26212536977289752,
	"y" : 0.016936008450933675,
	"yaw" : 1.3898369543712199,
	"z" : -0.075250223833339777
}
