{
	"pitch" : 1.4336827137218391,
	"roll" : -0.24846516746683336,
	"x" : -0.23979813431220298,
	"y" : 0.20439443828441736,
	"yaw" : 1.14609406815842,
	"z" : -0.11387598448843446
}
