{
	"pitch" : 1.3781383533034286,
	"roll" : 0.26504206663705665,
	"x" : -0.24802340514393156,
	"y" : 0.039509170185234858,
	"yaw" : 1.5344149535617417,
	"z" : -0.10135740695182117
}
