{
	"pitch" : 1.0420613998704937,
	"roll" : 0.1070052657705902,
	"x" : -0.26177445466807908,
	"y" : 0.066374200766938868,
	"yaw" : 1.2486701919403784,
	"z" : -0.044381531046358502
}
