{
	"pitch" : 1.190639214914978,
	"roll" : 0.2109653694524504,
	"x" : -0.25266033358886225,
	"y" : 0.03203768005289951,
	"yaw" : 1.450835318240004,
	"z" : -0.083518302045923837
}
