{
	"pitch" : 1.0091171363629214,
	"roll" : -0.010082581415179981,
	"x" : -0.27559544582718454,
	"y" : -0.051869239265348165,
	"yaw" : 0.94389049846925255,
	"z" : -0.09146733497870134
}
