{
	"pitch" : 1.475409111124335,
	"roll" : -1.2115099370037541,
	"x" : -0.23406835230241704,
	"y" : 0.027741062150939799,
	"yaw" : 0.055687188301556181,
	"z" : -0.14422831449395562
}
