{
	"pitch" : 1.4656545480696079,
	"roll" : -0.58969039864920736,
	"x" : -0.23350864714933622,
	"y" : 0.20748271760805576,
	"yaw" : 0.75679855952936037,
	"z" : -0.13032153368301466
}
