{
	"pitch" : 1.3163340492348188,
	"roll" : -0.1077492064303994,
	"x" : -0.24265247194689721,
	"y" : 0.19879938344118028,
	"yaw" : 1.2874576106226896,
	"z" : -0.079470168923486711
}
