{
	"pitch" : 1.4832694099038792,
	"roll" : -2.1871510354266532,
	"x" : -0.22560792725659248,
	"y" : 0.031731168452206734,
	"yaw" : -0.88573125505623551,
	"z" : -0.13358179773890111
}
