{
	"pitch" : 1.3065675939270547,
	"roll" : -0.35567076508537993,
	"x" : -0.2483968307276769,
	"y" : 0.00057278898167009012,
	"yaw" : 0.82632403843744628,
	"z" : -0.10936417578504046
}
