{
	"pitch" : 1.4755519231753458,
	"roll" : -2.4213531562845296,
	"x" : -0.22823911339872097,
	"y" : 0.029373362891223886,
	"yaw" : -1.1274518935166948,
	"z" : -0.1423677684219585
}
