{
	"pitch" : 1.0195983384401512,
	"roll" : 0.09385748626846073,
	"x" : -0.26520824922174968,
	"y" : 0.067626794608124097,
	"yaw" : 1.2470181303577654,
	"z" : -0.043859577230202784
}
