{
	"pitch" : 1.4038327728977029,
	"roll" : -0.103012765529745,
	"x" : -0.23982960501868636,
	"y" : 0.1922143205328456,
	"yaw" : 1.2378757239180427,
	"z" : -0.11996204482686817
}
