{
	"pitch" : 0.96415778821375109,
	"roll" : -0.050824350993875077,
	"x" : -0.27620351865247872,
	"y" : -0.049456956940187917,
	"yaw" : 0.92911530360193306,
	"z" : -0.09338379363627039
}
