{
	"pitch" : 1.0454730185024028,
	"roll" : -0.1426527357043304,
	"x" : -0.26048012511517493,
	"y" : -0.02964533046152338,
	"yaw" : 0.9127503553236137,
	"z" : -0.077509767011462713
}
