{
	"pitch" : 1.5031376337149542,
	"roll" : -2.4552021057346036,
	"x" : -0.23347291787652802,
	"y" : 0.02912577716244559,
	"yaw" : -1.1815459132254496,
	"z" : -0.13948552857240284
}
