{
	"pitch" : 1.4693162107918203,
	"roll" : -0.29853190063030616,
	"x" : -0.23890857709531671,
	"y" : 0.20679366288340556,
	"yaw" : 1.0848054713828992,
	"z" : -0.12929551352668722
}
