{
	"pitch" : 1.499051200122308,
	"roll" : -1.6638751216279892,
	"x" : -0.23360200772758363,
	"y" : 0.028495650969991751,
	"yaw" : -0.38652074060308239,
	"z" : -0.14945285048181367
}
