{
	"pitch" : 0.99220135032315426,
	"roll" : -0.10833076195382522,
	"x" : -0.27039795751205919,
	"y" : -0.040252972518619257,
	"yaw" : 0.92765180531586378,
	"z" : -0.080238184306804725
}
