{
	"pitch" : 1.1514293426153555,
	"roll" : -0.17731431118350577,
	"x" : -0.25462863009216896,
	"y" : -0.017273543110452316,
	"yaw" : 0.92806995343295617,
	"z" : -0.088257240137503967
}
