{
	"pitch" : 1.5015523271688345,
	"roll" : -0.041425798727079993,
	"x" : -0.24273592474377015,
	"y" : 0.038436805716373673,
	"yaw" : 1.2536419488974351,
	"z" : -0.12332489543143257
}
