{
	"pitch" : 1.4617971261703078,
	"roll" : -0.63775216261503254,
	"x" : -0.23249011073810608,
	"y" : 0.20611409381449061,
	"yaw" : 0.71124526097140039,
	"z" : -0.13215274527244411
}
