{
	"pitch" : 1.4100216694859797,
	"roll" : -0.77524406292575043,
	"x" : -0.24037544756798968,
	"y" : 0.01712497079094813,
	"yaw" : 0.46835414118348467,
	"z" : -0.13221172921138052
}
