{
	"pitch" : 0.97576412001541935,
	"roll" : 0.07849143584981437,
	"x" : -0.26717145337144871,
	"y" : 0.0075864990218443215,
	"yaw" : 1.3339942056197789,
	"z" : -0.081101380480978272
}
