{
	"pitch" : 1.0295380195489039,
	"roll" : 0.15480277837080139,
	"x" : -0.26070607567180637,
	"y" : 0.018999164912891223,
	"yaw" : 1.3978620960750623,
	"z" : -0.074385912743963722
}
