{
	"pitch" : 1.4740873020070366,
	"roll" : -0.33840367220282497,
	"x" : -0.23840806070640866,
	"y" : 0.20498300580365947,
	"yaw" : 1.0465432712916365,
	"z" : -0.13012596794662726
}
