{
	"pitch" : 1.4697157574387221,
	"roll" : -0.51882895407415563,
	"x" : -0.23815160313865505,
	"y" : 0.20480528743318904,
	"yaw" : 0.83618639288774033,
	"z" : -0.13182345039347881
}
