{
	"pitch" : 1.2434964374628648,
	"roll" : 0.25463629701439938,
	"x" : -0.25087993272081899,
	"y" : 0.036080537354770868,
	"yaw" : 1.4956990332844722,
	"z" : -0.087226647318015105
}
