{
	"pitch" : 1.3225500675371602,
	"roll" : -0.38033300240474671,
	"x" : -0.24789208188367007,
	"y" : 0.0021750316964076408,
	"yaw" : 0.80852047954224304,
	"z" : -0.11274742340624841
}
