{
	"pitch" : 1.4857286355998027,
	"roll" : -2.5235871063675761,
	"x" : -0.22711602476000758,
	"y" : 0.031984500921553249,
	"yaw" : -1.2237167096094643,
	"z" : -0.13302295823292604
}
