{
	"pitch" : 1.271487091071885,
	"roll" : -0.088742039997495012,
	"x" : -0.24317949916689779,
	"y" : 0.19543540941594467,
	"yaw" : 1.3036973147361681,
	"z" : -0.066732882901475776
}
