{
	"pitch" : 1.3489509134876905,
	"roll" : -0.41316348702654609,
	"x" : -0.24758641821262853,
	"y" : 0.005057848340498286,
	"yaw" : 0.78695147333162863,
	"z" : -0.11762881030141985
}
