{
	"pitch" : 1.4783425601503188,
	"roll" : -2.3918413131015597,
	"x" : -0.22657807103533401,
	"y" : 0.027987497812513557,
	"yaw" : -1.0993915913923893,
	"z" : -0.15705642680772425
}
