{
	"pitch" : 0.96760688168505893,
	"roll" : 0.10697336856412508,
	"x" : -0.25782697740222349,
	"y" : 0.012375402035958483,
	"yaw" : 1.328660081795412,
	"z" : -0.058658830898723036
}
