{
	"pitch" : 1.2190487946471911,
	"roll" : -0.057785108219717947,
	"x" : -0.24386534811134702,
	"y" : 0.18820180237739648,
	"yaw" : 1.3278882776978709,
	"z" : -0.050229550088325747
}
