{
	"pitch" : 0.97917495438655466,
	"roll" : 0.095453399968072075,
	"x" : -0.27661969998864738,
	"y" : 0.080836191126632928,
	"yaw" : 1.3212234977788835,
	"z" : -0.031901028648521984
}
