{
	"pitch" : 1.4707567670742521,
	"roll" : -0.58147647519922319,
	"x" : -0.23276455776273425,
	"y" : 0.20627390718896291,
	"yaw" : 0.77006341061817707,
	"z" : -0.13167065938962386
}
