{
	"pitch" : 1.467389347308302,
	"roll" : -0.51631054491099837,
	"x" : -0.23722196383889377,
	"y" : 0.20545385382847087,
	"yaw" : 0.83393157257344075,
	"z" : -0.13336197228689006
}
