{
	"pitch" : 1.148150861123449,
	"roll" : -0.020822653696254339,
	"x" : -0.24285973648248488,
	"y" : 0.1380962897770979,
	"yaw" : 1.3290673776846107,
	"z" : -0.072722568505260182
}
