{
	"pitch" : 1.1348677480178713,
	"roll" : -0.16817494195800933,
	"x" : -0.25522244297245889,
	"y" : -0.019258490096140168,
	"yaw" : 0.92943248238519349,
	"z" : -0.085442130370611186
}
