{
	"pitch" : 1.2888987432430847,
	"roll" : -0.00038970633956684304,
	"x" : -0.24496378525309617,
	"y" : 0.16289816136428126,
	"yaw" : 1.3500202484581059,
	"z" : -0.10085462671381641
}
