{
	"pitch" : 1.3739332032642042,
	"roll" : -0.48833743409699232,
	"x" : -0.24566274770760688,
	"y" : 0.0086400834989091013,
	"yaw" : 0.723092415229598,
	"z" : -0.12082850384039712
}
