{
	"pitch" : 1.4327628828499201,
	"roll" : -0.055193158197009248,
	"x" : -0.229617724523248,
	"y" : 0.19904312463826052,
	"yaw" : 1.2954308042975362,
	"z" : -0.10310895739958373
}
