{
	"pitch" : 0.96411023537304763,
	"roll" : 0.082871299063487211,
	"x" : -0.26706526264357638,
	"y" : 0.0093079624329956909,
	"yaw" : 1.3496469744451025,
	"z" : -0.082069032766374617
}
