{
	"pitch" : 0.96795337380831781,
	"roll" : 0.1108149491266515,
	"x" : -0.25751197637723416,
	"y" : 0.011890463459496521,
	"yaw" : 1.3349327224976042,
	"z" : -0.054761103741172878
}
