{
	"pitch" : 1.501656882524294,
	"roll" : -1.8160240964940182,
	"x" : -0.23339702439987584,
	"y" : 0.028651964155358645,
	"yaw" : -0.5377535262594022,
	"z" : -0.15012603543918351
}
