{
	"pitch" : 1.0591704754221336,
	"roll" : 0.027924556040786159,
	"x" : -0.27378244711594513,
	"y" : -0.055681224921068771,
	"yaw" : 0.95319602606694442,
	"z" : -0.082180927918497571
}
