{
	"pitch" : 1.0490198115496272,
	"roll" : 0.15864553940805223,
	"x" : -0.25887024727617919,
	"y" : 0.021073753902488564,
	"yaw" : 1.4033746324115179,
	"z" : -0.074349217068442067
}
