{
	"pitch" : 1.4487784023540542,
	"roll" : -0.57794000850296512,
	"x" : -0.23214808819454494,
	"y" : 0.2077982356527992,
	"yaw" : 0.78939425143621245,
	"z" : -0.12988966368125027
}
