{
	"pitch" : 1.4807284081312919,
	"roll" : -2.2632423047204422,
	"x" : -0.22525300772291121,
	"y" : 0.031470003194253637,
	"yaw" : -0.96101333759786367,
	"z" : -0.13379419307396856
}
