{
	"pitch" : 1.1021260012059626,
	"roll" : 0.20102245416365766,
	"x" : -0.25669963532632134,
	"y" : 0.025683009132914068,
	"yaw" : 1.4347939481525638,
	"z" : -0.0777536799480152
}
