{
	"pitch" : 1.0096874801632549,
	"roll" : -0.0091393251507926425,
	"x" : -0.27549048441314955,
	"y" : -0.052078889550815022,
	"yaw" : 0.94427407673984587,
	"z" : -0.091004740287685654
}
