{
	"pitch" : 1.3022709696567492,
	"roll" : -0.3499605766452073,
	"x" : -0.24907608676316004,
	"y" : -0.00021723345884859524,
	"yaw" : 0.83060156428326792,
	"z" : -0.11070400233604924
}
