{
	"pitch" : 1.5048916486328741,
	"roll" : -2.3565281899237442,
	"x" : -0.23588662966302459,
	"y" : 0.02653640731755029,
	"yaw" : -1.0796624941070516,
	"z" : -0.15708591425199331
}
