{
	"pitch" : 1.4775027791885398,
	"roll" : -0.52677390219441911,
	"x" : -0.23619451944132797,
	"y" : 0.20608033026707295,
	"yaw" : 0.81814793664775631,
	"z" : -0.13240847653895954
}
