{
	"pitch" : 0.96819020824829571,
	"roll" : 0.11411762106131193,
	"x" : -0.25770880582769795,
	"y" : 0.011758038038596381,
	"yaw" : 1.3372984961341252,
	"z" : -0.053950383913769634
}
