{
	"pitch" : 1.5075124165788785,
	"roll" : -2.3222507015599909,
	"x" : -0.23559644797606749,
	"y" : 0.026487492514299285,
	"yaw" : -1.0458171352978809,
	"z" : -0.15572667106098942
}
