{
	"pitch" : 0.90460448180555952,
	"roll" : 0.065249460807048243,
	"x" : -0.25515870638039795,
	"y" : 0.034338219245318949,
	"yaw" : 1.3121831190201418,
	"z" : -0.058380080635053011
}
