{
	"pitch" : 0.99375306655863738,
	"roll" : -0.028962320725100098,
	"x" : -0.27566692878047255,
	"y" : -0.052041680713337285,
	"yaw" : 0.92973890175601648,
	"z" : -0.091487292021996805
}
