{
	"pitch" : 0.95921334028295069,
	"roll" : 0.032358127358642547,
	"x" : -0.24345706034842113,
	"y" : 0.085988207163731747,
	"yaw" : 1.3213298213861948,
	"z" : -0.047880109603196191
}
