{
	"pitch" : 1.5292546642171496,
	"roll" : -1.5107011294301251,
	"x" : -0.2367734310555048,
	"y" : 0.03654725808967256,
	"yaw" : -0.20815452506556867,
	"z" : -0.13522103426819823
}
