{
	"pitch" : 0.93697444488581172,
	"roll" : 0.086318588518766406,
	"x" : -0.25842346093449603,
	"y" : 0.01830178325870704,
	"yaw" : 1.3132969988194778,
	"z" : -0.068374459689398898
}
