{
	"pitch" : 1.3436075312105902,
	"roll" : -0.13170542443561131,
	"x" : -0.24185316830276238,
	"y" : 0.20066119914481345,
	"yaw" : 1.2644795408199292,
	"z" : -0.086677675695229064
}
