{
	"pitch" : 1.0560063520733323,
	"roll" : 0.028679102443519924,
	"x" : -0.27343683526539764,
	"y" : -0.055226036878792538,
	"yaw" : 0.95140013527693768,
	"z" : -0.08199880866810326
}
