{
	"pitch" : 1.0147745002474837,
	"roll" : -0.0040250829191783508,
	"x" : -0.2748352105624905,
	"y" : -0.052542695313721875,
	"yaw" : 0.94617264604187057,
	"z" : -0.089721682312539616
}
