{
	"pitch" : 1.0517578473046043,
	"roll" : 0.022385128349390576,
	"x" : -0.27261230305226514,
	"y" : -0.055317351947647843,
	"yaw" : 0.94525453005107107,
	"z" : -0.081412599107031774
}
