{
	"pitch" : 1.0638132412346839,
	"roll" : 0.01529439253721601,
	"x" : -0.27344698904017228,
	"y" : -0.056263714586937914,
	"yaw" : 0.94407566960187839,
	"z" : -0.084362672673896827
}
