{
	"pitch" : 0.97392577524056423,
	"roll" : 0.088864691230406079,
	"x" : -0.26623788529054243,
	"y" : 0.082884736811795812,
	"yaw" : 1.3095914824011299,
	"z" : -0.014574663452906339
}
