{
	"pitch" : 1.0550634025953904,
	"roll" : 0.02849783620952415,
	"x" : -0.27329508694248167,
	"y" : -0.055157764289917623,
	"yaw" : 0.94987992047200664,
	"z" : -0.081869386357078675
}
