{
	"pitch" : 1.4862134038266503,
	"roll" : -2.4908379953072033,
	"x" : -0.2277509885415594,
	"y" : 0.031110692462687634,
	"yaw" : -1.188044730554038,
	"z" : -0.13331754202490706
}
