{
	"pitch" : 1.4553990427765835,
	"roll" : -0.32359139933041342,
	"x" : -0.23600233198979437,
	"y" : 0.20377973195916241,
	"yaw" : 1.0351575809284299,
	"z" : -0.12460610612607176
}
