{
	"pitch" : 1.4966755845018775,
	"roll" : 0.021560418332888964,
	"x" : -0.24307963369014554,
	"y" : 0.0384648001815419,
	"yaw" : 1.3159231582547579,
	"z" : -0.12160336934410573
}
