{
	"pitch" : 1.4809361713292073,
	"roll" : -0.63081945925524774,
	"x" : -0.23334098895586092,
	"y" : 0.2048067761252966,
	"yaw" : 0.72335431793025717,
	"z" : -0.13489806724130982
}
