{
	"pitch" : 0.97030061644556465,
	"roll" : 0.12770455544850787,
	"x" : -0.26753052759928531,
	"y" : 0.011082742935228804,
	"yaw" : 1.3607413330364981,
	"z" : -0.079142684933081311
}
