{
	"pitch" : 1.3874496422405682,
	"roll" : -0.073957739802791467,
	"x" : -0.24040564377164997,
	"y" : 0.19001273432756588,
	"yaw" : 1.2658910667286742,
	"z" : -0.11663052468746167
}
