{
	"pitch" : 0.96638466267867873,
	"roll" : 0.13107364429589213,
	"x" : -0.26018385667820287,
	"y" : 0.011851352414127686,
	"yaw" : 1.3631693464761065,
	"z" : -0.053062087721069323
}
