{
	"pitch" : 1.5049688812158504,
	"roll" : -2.3545451784809721,
	"x" : -0.23578795820001894,
	"y" : 0.026595577382059324,
	"yaw" : -1.0777277159729124,
	"z" : -0.15650014827147199
}
