{
	"pitch" : 0.94587837938294517,
	"roll" : 0.03569951904589188,
	"x" : -0.24419214620921453,
	"y" : 0.080888649746370708,
	"yaw" : 1.3183601947802608,
	"z" : -0.048260284738819437
}
