{
	"pitch" : 1.1732667587807437,
	"roll" : -0.17826964289092709,
	"x" : -0.25423873031980571,
	"y" : -0.015412584842671188,
	"yaw" : 0.93608223221503206,
	"z" : -0.089954229417194637
}
