{
	"pitch" : 0.96803526300417497,
	"roll" : -0.074047609381423393,
	"x" : -0.2752157763332112,
	"y" : -0.042834704399903015,
	"yaw" : 0.94575511320271066,
	"z" : -0.084202558861480772
}
