{
	"pitch" : 1.0445094614458641,
	"roll" : 0.13811296199656614,
	"x" : -0.25201506051838524,
	"y" : 0.064280512609453111,
	"yaw" : 1.2990645072862497,
	"z" : -0.045336601024918211
}
