{
	"pitch" : 1.358595785477297,
	"roll" : -0.43427418519719124,
	"x" : -0.24683917296934335,
	"y" : 0.0065459486174315878,
	"yaw" : 0.7709170146045573,
	"z" : -0.11823153590962045
}
