{
	"pitch" : 1.3075484494410388,
	"roll" : -0.0009312417170884603,
	"x" : -0.24463345893653099,
	"y" : 0.16663574230948802,
	"yaw" : 1.3473951088497955,
	"z" : -0.10427750406638428
}
