{
	"pitch" : 1.4803159175677327,
	"roll" : -0.56933869130265535,
	"x" : -0.2362971055590492,
	"y" : 0.20510792086368593,
	"yaw" : 0.77959113025431725,
	"z" : -0.13368720636375284
}
