{
	"pitch" : 1.4813023257075462,
	"roll" : -2.2488838533716669,
	"x" : -0.22528072608266184,
	"y" : 0.031492393877943642,
	"yaw" : -0.94683396557373478,
	"z" : -0.13373438149149228
}
