{
	"pitch" : 1.4586624124392771,
	"roll" : -0.36049208425545509,
	"x" : -0.23632990866385439,
	"y" : 0.20817807954793494,
	"yaw" : 1.0134190849902101,
	"z" : -0.12875037771432435
}
