{
	"pitch" : 0.94795341112293097,
	"roll" : 0.092605985040002156,
	"x" : -0.25915659708015476,
	"y" : 0.01446897139414555,
	"yaw" : 1.3188213837382097,
	"z" : -0.070122133756626237
}
