{
	"pitch" : 1.4755727252923694,
	"roll" : -2.302847736185726,
	"x" : -0.229665393414163,
	"y" : 0.028608435386173151,
	"yaw" : -1.0138339743622611,
	"z" : -0.16019707648794443
}
