{
	"pitch" : 1.3920214500402068,
	"roll" : -0.60988832013447969,
	"x" : -0.24387170063722652,
	"y" : 0.011547050081651168,
	"yaw" : 0.61750754952410036,
	"z" : -0.13014876313863122
}
