{
	"pitch" : 1.5051115321311759,
	"roll" : -2.101932278079492,
	"x" : -0.23428730651351104,
	"y" : 0.027530535475613377,
	"yaw" : -0.82225544032316777,
	"z" : -0.15345199426997852
}
