{
	"pitch" : 1.0443062539868191,
	"roll" : 0.013627157582361129,
	"x" : -0.27228085265474389,
	"y" : -0.054806305427552882,
	"yaw" : 0.94537622587557069,
	"z" : -0.08323727813059352
}
