{
	"pitch" : 1.2366686922085754,
	"roll" : -0.24245065191053772,
	"x" : -0.25339363108107427,
	"y" : -0.011048949766870996,
	"yaw" : 0.90431530588392506,
	"z" : -0.098946989241367647
}
