{
	"pitch" : 1.3664852581194871,
	"roll" : -0.15968036194017049,
	"x" : -0.24137937152053923,
	"y" : 0.201678402525587,
	"yaw" : 1.2391131859481475,
	"z" : -0.093343146463937876
}
