{
	"pitch" : 1.0985056599709491,
	"roll" : -0.1466904434123241,
	"x" : -0.25691438855180659,
	"y" : -0.023252445590491042,
	"yaw" : 0.9313288752586858,
	"z" : -0.081447727425330144
}
