{
	"pitch" : 1.485985793950507,
	"roll" : -2.5079083543488943,
	"x" : -0.22895015142520392,
	"y" : 0.032023293779825254,
	"yaw" : -1.2144654781452373,
	"z" : -0.13612557827550709
}
