{
	"pitch" : 1.0501058982837277,
	"roll" : 0.14039505248733841,
	"x" : -0.25554275946434268,
	"y" : 0.065811582296484469,
	"yaw" : 1.3009689821800416,
	"z" : -0.046444451387049418
}
