{
	"pitch" : 1.1978984772787225,
	"roll" : 0.21236139527669803,
	"x" : -0.2520585283963771,
	"y" : 0.033005038537223148,
	"yaw" : 1.453040287081508,
	"z" : -0.083269266631064015
}
