{
	"pitch" : 0.9038320671681267,
	"roll" : 0.063719804602279786,
	"x" : -0.25446000629630872,
	"y" : 0.037291657936690127,
	"yaw" : 1.314584017746339,
	"z" : -0.05705383372991138
}
