{
	"pitch" : 1.5007950369997292,
	"roll" : -2.4767502394815275,
	"x" : -0.23371666473383795,
	"y" : 0.028216680778514178,
	"yaw" : -1.200209408707636,
	"z" : -0.13992255814561408
}
