{
	"pitch" : 0.96760413342654006,
	"roll" : 0.10708625067619419,
	"x" : -0.27611431572832357,
	"y" : 0.083252191348030288,
	"yaw" : 1.3336356258345297,
	"z" : -0.030999643525157494
}
