{
	"pitch" : 0.95438523227463068,
	"roll" : 0.091087309254119245,
	"x" : -0.26662035584933125,
	"y" : 0.0097298686235023774,
	"yaw" : 1.3243388541756818,
	"z" : -0.075997207390691879
}
