{
	"pitch" : 1.1745972986771827,
	"roll" : -0.018080982979131507,
	"x" : -0.2439478361496876,
	"y" : 0.14475273552243512,
	"yaw" : 1.3339254670935539,
	"z" : -0.079732580372667297
}
