{
	"pitch" : 1.4802554309753579,
	"roll" : -0.56534575341907412,
	"x" : -0.23644146036784769,
	"y" : 0.20512766445114247,
	"yaw" : 0.78332648716065012,
	"z" : -0.13447911890554709
}
