{
	"pitch" : 1.1800956774951987,
	"roll" : -0.015297671451106654,
	"x" : -0.24362112858981419,
	"y" : 0.14596943273628304,
	"yaw" : 1.3369120933008214,
	"z" : -0.078477549070265426
}
