{
	"pitch" : 0.97317477219650472,
	"roll" : -0.08020847406139521,
	"x" : -0.27406221752392806,
	"y" : -0.041722128604820108,
	"yaw" : 0.94597896737148057,
	"z" : -0.082906598580014979
}
