{
	"pitch" : 1.4555836795762878,
	"roll" : -0.24335035011293132,
	"x" : -0.23890017174739789,
	"y" : 0.20571838607413778,
	"yaw" : 1.1403285007117765,
	"z" : -0.12349126663358853
}
