{
	"pitch" : 1.03503904569724,
	"roll" : -0.13751084163828983,
	"x" : -0.26139186410095266,
	"y" : -0.030845377049244449,
	"yaw" : 0.91367144553370594,
	"z" : -0.077072328630809317
}
