{
	"pitch" : 0.98385091045641415,
	"roll" : 0.035359298888959376,
	"x" : -0.26258760740298326,
	"y" : 0.077405805682845261,
	"yaw" : 1.2437784536535197,
	"z" : -0.020185407984814857
}
