{
	"pitch" : 1.0924679238439328,
	"roll" : 0.18512243824407529,
	"x" : -0.25610137419386136,
	"y" : 0.02573321335531021,
	"yaw" : 1.4175692894187895,
	"z" : -0.076260452422608913
}
