{
	"pitch" : 1.1814446204073104,
	"roll" : -0.042545083857249519,
	"x" : -0.24404255557768081,
	"y" : 0.18113594648747022,
	"yaw" : 1.3350867485848477,
	"z" : -0.040361636285796809
}
