{
	"pitch" : 1.4687561048658322,
	"roll" : -0.5024963862135029,
	"x" : -0.23665710961998099,
	"y" : 0.20568822812584175,
	"yaw" : 0.84545915743888578,
	"z" : -0.13306718109243756
}
