{
	"pitch" : 0.96915159595035205,
	"roll" : 0.10992039915685935,
	"x" : -0.25765316642178732,
	"y" : 0.011818118586033235,
	"yaw" : 1.3338759284926778,
	"z" : -0.055805821056881921
}
