{
	"pitch" : 1.4573650119057673,
	"roll" : -0.34626823224328468,
	"x" : -0.23666183561742338,
	"y" : 0.20404143913977676,
	"yaw" : 1.0130280846091002,
	"z" : -0.12637680240788768
}
