{
	"pitch" : 0.96481825631016804,
	"roll" : -0.049629482975711667,
	"x" : -0.2754031605159773,
	"y" : -0.049760546652903304,
	"yaw" : 0.9287526198461955,
	"z" : -0.091827872978979166
}
