{
	"pitch" : 1.4740619553699101,
	"roll" : -0.52460678004387762,
	"x" : -0.23573862010111235,
	"y" : 0.20644251171828282,
	"yaw" : 0.81879324803509324,
	"z" : -0.13171383976709464
}
