{
	"pitch" : 0.98267079345620956,
	"roll" : 0.078543089134429867,
	"x" : -0.26388293397336499,
	"y" : 0.079327025225645498,
	"yaw" : 1.2943612502609618,
	"z" : -0.015734522059908856
}
