{
	"pitch" : 0.97250878141335095,
	"roll" : 0.072267989489837883,
	"x" : -0.27479619522062348,
	"y" : 0.089454216003165762,
	"yaw" : 1.3288969164132254,
	"z" : -0.027344758112368805
}
