{
	"pitch" : 1.4482300837603885,
	"roll" : -0.95711913635058121,
	"x" : -0.23715550435498078,
	"y" : 0.023930912652024891,
	"yaw" : 0.30054364199516104,
	"z" : -0.1407948674174572
}
