{
	"pitch" : 1.3860371032108465,
	"roll" : -0.071372827503326811,
	"x" : -0.24029146621010983,
	"y" : 0.18985748443162997,
	"yaw" : 1.2684102614063757,
	"z" : -0.11575824406194879
}
