{
	"pitch" : 0.96333220771763073,
	"roll" : 0.12613004948122231,
	"x" : -0.26003170467968745,
	"y" : 0.012659101134005545,
	"yaw" : 1.3609338349994322,
	"z" : -0.054393875356710281
}
