{
	"pitch" : 1.5029674865065232,
	"roll" : -2.4519807096093671,
	"x" : -0.23343493266179663,
	"y" : 0.029060936114199756,
	"yaw" : -1.1782119185519555,
	"z" : -0.13946883034213148
}
