{
	"pitch" : 0.99619026683080802,
	"roll" : 0.049353088760394868,
	"x" : -0.26832539712656478,
	"y" : 0.070537049353847373,
	"yaw" : 1.2085290312898325,
	"z" : -0.036303571782854149
}
