{
	"pitch" : 0.91922600415137812,
	"roll" : 0.078732859293939902,
	"x" : -0.25825594569000626,
	"y" : 0.024300737119146484,
	"yaw" : 1.3138418210925966,
	"z" : -0.065702212369023558
}
