{
	"pitch" : 1.4765426630874681,
	"roll" : -2.4408262747795106,
	"x" : -0.22891812096405101,
	"y" : 0.029549218516745288,
	"yaw" : -1.1459189929921871,
	"z" : -0.14363620611514755
}
