{
	"pitch" : 0.96003959715535481,
	"roll" : 0.10259709360029304,
	"x" : -0.25916822791513444,
	"y" : 0.013270280864872339,
	"yaw" : 1.3210163393527343,
	"z" : -0.067369614848620973
}
