{
	"pitch" : 1.4633520323200759,
	"roll" : -0.43978001556251389,
	"x" : -0.23518724819089387,
	"y" : 0.20713563304733912,
	"yaw" : 0.93046111780649832,
	"z" : -0.12914986086678037
}
