{
	"pitch" : 0.97821146847729279,
	"roll" : 0.09426164262481708,
	"x" : -0.2765980671315556,
	"y" : 0.081158662688535596,
	"yaw" : 1.3228848554776731,
	"z" : -0.032171222405230349
}
