{
	"pitch" : 1.5006264202253778,
	"roll" : -2.478390989255483,
	"x" : -0.23388603608130487,
	"y" : 0.028081941729126231,
	"yaw" : -1.2026776122975971,
	"z" : -0.13996064400997613
}
