{
	"pitch" : 1.0063624176183612,
	"roll" : -0.13213036481422338,
	"x" : -0.26503905630690544,
	"y" : -0.035973721023757885,
	"yaw" : 0.91552943534117592,
	"z" : -0.078606880776104199
}
