{
	"pitch" : 1.4732977155984406,
	"roll" : -0.32492667312073481,
	"x" : -0.23843301206706224,
	"y" : 0.20558337574849889,
	"yaw" : 1.0593251234711025,
	"z" : -0.12958355799219023
}
