{
	"pitch" : 1.4647724627892948,
	"roll" : -0.60866518784572976,
	"x" : -0.2331959443045804,
	"y" : 0.20709433134961486,
	"yaw" : 0.73934735246217043,
	"z" : -0.13049593849620283
}
