{
	"pitch" : 1.4709826416525811,
	"roll" : -0.52682811194561241,
	"x" : -0.23534975191859439,
	"y" : 0.20672131618000986,
	"yaw" : 0.81564597768559466,
	"z" : -0.13221734751541891
}
