{
	"pitch" : 0.90616552411047901,
	"roll" : 0.056126022367358537,
	"x" : -0.24984525073230157,
	"y" : 0.053409532662230572,
	"yaw" : 1.3158427142857196,
	"z" : -0.05214454457577633
}
