{
	"pitch" : 1.1702381282180212,
	"roll" : -0.032496848461730579,
	"x" : -0.24438917366092064,
	"y" : 0.17816768201268235,
	"yaw" : 1.3417284412000097,
	"z" : -0.037385981814186314
}
