{
	"pitch" : 1.5029762219744005,
	"roll" : -2.4580915577121667,
	"x" : -0.23351380103692282,
	"y" : 0.029101225738072917,
	"yaw" : -1.1846676841398371,
	"z" : -0.13949443443890672
}
