{
	"pitch" : 0.93996708263767881,
	"roll" : 0.087416847634953845,
	"x" : -0.25843603287855771,
	"y" : 0.017362487072539075,
	"yaw" : 1.3132643192177433,
	"z" : -0.068648489091228476
}
