{
	"pitch" : 1.4796583106555241,
	"roll" : -0.56428645506246222,
	"x" : -0.23630856247910004,
	"y" : 0.20505947792286583,
	"yaw" : 0.78443711569865915,
	"z" : -0.1338742612688654
}
