{
	"pitch" : 1.0537423549010778,
	"roll" : 0.019182861644650585,
	"x" : -0.27254019015420211,
	"y" : -0.055724915427240271,
	"yaw" : 0.94292689599637836,
	"z" : -0.081508763318453872
}
