{
	"pitch" : 0.9626443650148595,
	"roll" : 0.10151472307008806,
	"x" : -0.25855621442304816,
	"y" : 0.012787708880463926,
	"yaw" : 1.3214436825556524,
	"z" : -0.06445728729649515
}
