{
	"pitch" : 1.373876170160357,
	"roll" : 0.26451523402634247,
	"x" : -0.24833511455620069,
	"y" : 0.039452653834802384,
	"yaw" : 1.5328007955070304,
	"z" : -0.10200564994832603
}
