{
	"pitch" : 1.4395320384895971,
	"roll" : -0.24823036298611789,
	"x" : -0.23995448348830614,
	"y" : 0.20444783258065374,
	"yaw" : 1.1444619971993109,
	"z" : -0.11680166475335207
}
