{
	"pitch" : 1.0517502256400157,
	"roll" : 0.043250672586343762,
	"x" : -0.24435242812112817,
	"y" : 0.10850238466826952,
	"yaw" : 1.3647469100008802,
	"z" : -0.053654591226499904
}
