{
	"pitch" : 0.92014829852943336,
	"roll" : 0.056131237206541354,
	"x" : -0.24736807379926676,
	"y" : 0.067413983518952461,
	"yaw" : 1.330548984920487,
	"z" : -0.049102409476638381
}
