{
	"pitch" : 1.4677002886572557,
	"roll" : -0.50890353370520403,
	"x" : -0.23722741276772663,
	"y" : 0.20549804998128496,
	"yaw" : 0.84072408903842433,
	"z" : -0.13363389330443937
}
