{
	"pitch" : 1.1093853497868462,
	"roll" : -0.15237478547516684,
	"x" : -0.25596244495156928,
	"y" : -0.021780712018557139,
	"yaw" : 0.93073358212813839,
	"z" : -0.081583490251195989
}
