{
	"pitch" : 1.471350183877143,
	"roll" : -0.49096326778636862,
	"x" : -0.23647464057321341,
	"y" : 0.20573588992147676,
	"yaw" : 0.85570531996149113,
	"z" : -0.13292418758834021
}
