{
	"pitch" : 1.4746805174006847,
	"roll" : -0.33711455355385206,
	"x" : -0.23837412060272559,
	"y" : 0.20508311577005259,
	"yaw" : 1.0475355868474645,
	"z" : -0.12987422472009022
}
