{
	"pitch" : 0.90723491616766949,
	"roll" : 0.056368045689308935,
	"x" : -0.24951773771234204,
	"y" : 0.055556132061894373,
	"yaw" : 1.3175279551649595,
	"z" : -0.052021845044769255
}
