{
	"pitch" : 1.0168164051006445,
	"roll" : 0.14605863407160441,
	"x" : -0.26161030618118836,
	"y" : 0.017354744678219809,
	"yaw" : 1.3916625738310486,
	"z" : -0.074863656965239972
}
