{
	"pitch" : 1.1096119833049847,
	"roll" : 0.030354987830355656,
	"x" : -0.24952414411581422,
	"y" : 0.16053528598922054,
	"yaw" : 1.3829915820189769,
	"z" : -0.024451090901226685
}
