{
	"pitch" : 0.97603155688249355,
	"roll" : 0.076806062962596205,
	"x" : -0.26583672547749621,
	"y" : 0.0075885904427042197,
	"yaw" : 1.332699279088011,
	"z" : -0.078954699811492252
}
