{
	"pitch" : 1.3644855447061628,
	"roll" : 0.25922829652407248,
	"x" : -0.24803054817231857,
	"y" : 0.039424989225216305,
	"yaw" : 1.5256209531349509,
	"z" : -0.10005527520149962
}
