{
	"pitch" : 1.4654666793503202,
	"roll" : -0.60401287256399105,
	"x" : -0.2334131607407319,
	"y" : 0.20716212028757136,
	"yaw" : 0.7436910869872061,
	"z" : -0.13142727528296783
}
