{
	"pitch" : 0.97494579796299075,
	"roll" : 0.078463373189317148,
	"x" : -0.27534546308446434,
	"y" : 0.08872077615558055,
	"yaw" : 1.3322101561031252,
	"z" : -0.02998828238294271
}
