{
	"pitch" : 1.4789467241328467,
	"roll" : -0.56164841591698722,
	"x" : -0.23628649077664229,
	"y" : 0.20507406040372694,
	"yaw" : 0.78679332399462398,
	"z" : -0.13361539755404303
}
