{
	"pitch" : 1.4551305865639177,
	"roll" : -0.5684220171348825,
	"x" : -0.23268352308493181,
	"y" : 0.206459370496169,
	"yaw" : 0.80009719249966438,
	"z" : -0.13198187019310373
}
