{
	"pitch" : 1.5046637782151158,
	"roll" : -1.8680532605406959,
	"x" : -0.23350478213301784,
	"y" : 0.028704040664027736,
	"yaw" : -0.58971445098372111,
	"z" : -0.15168204307117589
}
