{
	"pitch" : 1.0006446009235865,
	"roll" : 0.094737303625574421,
	"x" : -0.2717397013488424,
	"y" : 0.069436038981965126,
	"yaw" : 1.2631046614900461,
	"z" : -0.037850109395408921
}
