{
	"pitch" : 1.4140117593419468,
	"roll" : -0.0047024739564507359,
	"x" : -0.22639462398926283,
	"y" : 0.19521936796724038,
	"yaw" : 1.3447085364377322,
	"z" : -0.087544809344168056
}
