{
	"pitch" : 1.0561329073181445,
	"roll" : 0.022017004668732496,
	"x" : -0.27297307802061016,
	"y" : -0.055884902750810407,
	"yaw" : 0.94396796187567789,
	"z" : -0.081618207227353884
}
