{
	"pitch" : 1.4854759936672848,
	"roll" : -1.3569718052298683,
	"x" : -0.23338490213723814,
	"y" : 0.02853979016174496,
	"yaw" : -0.085596336778961821,
	"z" : -0.1466616415667778
}
