{
	"pitch" : 0.97616832398948594,
	"roll" : 0.10122890680642473,
	"x" : -0.25940298883994278,
	"y" : 0.083160986161445696,
	"yaw" : 1.3189046040731895,
	"z" : 0.0027429428905041131
}
