{
	"pitch" : 0.92982346773963354,
	"roll" : 0.08379523816166487,
	"x" : -0.25848903034504522,
	"y" : 0.020607167344626014,
	"yaw" : 1.314067390957363,
	"z" : -0.067671788696110013
}
