{
	"pitch" : 1.4654642715804906,
	"roll" : -0.58790271956799489,
	"x" : -0.23355305782712879,
	"y" : 0.20754357687552066,
	"yaw" : 0.75831198084812113,
	"z" : -0.13044245878931085
}
