{
	"pitch" : 1.5030669688918219,
	"roll" : -2.4416820467447056,
	"x" : -0.23336305855256409,
	"y" : 0.02904703631570249,
	"yaw" : -1.1678920506612747,
	"z" : -0.13954569937351902
}
