{
	"pitch" : 1.4755106440258587,
	"roll" : -2.3014463903662175,
	"x" : -0.22978879086147333,
	"y" : 0.028578937199376708,
	"yaw" : -1.0123996867371758,
	"z" : -0.16081301015284133
}
