{
	"pitch" : 1.474385809660226,
	"roll" : -0.70239375276957938,
	"x" : -0.23254184930621621,
	"y" : 0.20442645138704879,
	"yaw" : 0.65661752354673297,
	"z" : -0.13405959868940062
}
