{
	"pitch" : 1.2133604685431147,
	"roll" : -0.21731361259864979,
	"x" : -0.25400297138441214,
	"y" : -0.013354342357769845,
	"yaw" : 0.92197391555623953,
	"z" : -0.097072576327069351
}
