{
	"pitch" : 0.96343116896033409,
	"roll" : 0.12834250685125603,
	"x" : -0.26011129778476166,
	"y" : 0.01262992595319986,
	"yaw" : 1.3626737517562528,
	"z" : -0.053972061545541655
}
