{
	"pitch" : 0.99950392306130931,
	"roll" : 0.13722328532767569,
	"x" : -0.27437315703950416,
	"y" : 0.070406208890508609,
	"yaw" : 1.3202888818863203,
	"z" : -0.039679550118707385
}
