{
	"pitch" : 1.1747689485016386,
	"roll" : -0.17891147189292472,
	"x" : -0.25442216276508067,
	"y" : -0.015397023415261196,
	"yaw" : 0.93614931312167093,
	"z" : -0.090865792831760508
}
