{
	"pitch" : 1.4803832056757029,
	"roll" : -0.56428756118673085,
	"x" : -0.23633127940470455,
	"y" : 0.20526819418555733,
	"yaw" : 0.78428829124705923,
	"z" : -0.13359017873256238
}
