{
	"pitch" : 1.4706768432673127,
	"roll" : -0.3012148725521836,
	"x" : -0.23875793016208058,
	"y" : 0.20661223538416448,
	"yaw" : 1.0819906034992481,
	"z" : -0.12839477704148916
}
