{
	"pitch" : 1.4471825816270261,
	"roll" : 0.27681511069139536,
	"x" : -0.24693792107943141,
	"y" : 0.038618934953374436,
	"yaw" : 1.5580544095140021,
	"z" : -0.11225669010047049
}
