{
	"pitch" : 1.4674165525279594,
	"roll" : -0.51811434852373595,
	"x" : -0.23714799979676465,
	"y" : 0.20547165200141126,
	"yaw" : 0.83231608557219894,
	"z" : -0.13278930358103055
}
