{
	"pitch" : 1.0419130017969471,
	"roll" : 0.1396399060145925,
	"x" : -0.25184782147189733,
	"y" : 0.064146271327314805,
	"yaw" : 1.3006860300437875,
	"z" : -0.044459493842168074
}
