{
	"pitch" : 1.2704402555411276,
	"roll" : -0.29264648453624975,
	"x" : -0.25081730698863464,
	"y" : -0.0045916391616771593,
	"yaw" : 0.87290436494383428,
	"z" : -0.10520212177568147
}
