{
	"pitch" : 1.4668254321253362,
	"roll" : -0.53632204867485544,
	"x" : -0.23742058053285797,
	"y" : 0.2051258308087105,
	"yaw" : 0.81646789468950598,
	"z" : -0.13272852251587142
}
