{
	"pitch" : 1.4491314223537919,
	"roll" : -0.57727162655841013,
	"x" : -0.23215783230517253,
	"y" : 0.20782588185853892,
	"yaw" : 0.78990896597022631,
	"z" : -0.12940657097382702
}
