{
	"pitch" : 1.4625233999620593,
	"roll" : -0.49139257607066383,
	"x" : -0.23435569713821097,
	"y" : 0.20681562937382938,
	"yaw" : 0.87695733751553728,
	"z" : -0.12972772511195255
}
