{
	"pitch" : 1.4799027313899014,
	"roll" : -2.3327009129641807,
	"x" : -0.23309404113576973,
	"y" : 0.030175054607789326,
	"yaw" : -1.0444583365613873,
	"z" : -0.15266293070608278
}
