{
	"pitch" : 1.1722862715647622,
	"roll" : -0.034406657175124006,
	"x" : -0.24423834052793897,
	"y" : 0.17875892558438661,
	"yaw" : 1.3405056273697904,
	"z" : -0.037452729952727415
}
