{
	"pitch" : 1.0553502264943724,
	"roll" : 0.028623833773102372,
	"x" : -0.2733384929620965,
	"y" : -0.055196194773157958,
	"yaw" : 0.95001625205381857,
	"z" : -0.081873821826490986
}
