{
	"pitch" : 1.4575269485069728,
	"roll" : -0.34267681343000223,
	"x" : -0.23677734663660638,
	"y" : 0.20840961532296914,
	"yaw" : 1.033049817928781,
	"z" : -0.12840056247718423
}
