{
	"pitch" : 1.2779917891650252,
	"roll" : 0.27629673732183779,
	"x" : -0.25014878914349453,
	"y" : 0.037185850133496859,
	"yaw" : 1.5247375008612907,
	"z" : -0.089740732186036939
}
