{
	"pitch" : 1.0504017105465755,
	"roll" : 0.1442081129551985,
	"x" : -0.25493954143784758,
	"y" : 0.065575786992261756,
	"yaw" : 1.3048928827032189,
	"z" : -0.046422630623212446
}
