{
	"pitch" : 1.5047103426241231,
	"roll" : -1.8734824000576284,
	"x" : -0.23361786907105805,
	"y" : 0.028612466517912924,
	"yaw" : -0.59514976660291452,
	"z" : -0.15232113767046476
}
