{
	"pitch" : 1.3881594681685367,
	"roll" : 0.27667865732837221,
	"x" : -0.24821555753687685,
	"y" : 0.039399942710223901,
	"yaw" : 1.5479657008257437,
	"z" : -0.10313583996480885
}
