{
	"pitch" : 1.5038361206654345,
	"roll" : -1.9840519277380708,
	"x" : -0.23335593082272374,
	"y" : 0.028398380732138462,
	"yaw" : -0.70578797932338211,
	"z" : -0.15169393591877117
}
