{
	"pitch" : 1.0030432561553744,
	"roll" : -0.01356600693337111,
	"x" : -0.27573925311823533,
	"y" : -0.052009286369651346,
	"yaw" : 0.94187348103314705,
	"z" : -0.091194337319477722
}
