{
	"pitch" : 1.4671929935624686,
	"roll" : -0.2820216360294025,
	"x" : -0.23811041754707576,
	"y" : 0.20561761211907104,
	"yaw" : 1.1007441264414783,
	"z" : -0.12655303414981534
}
