{
	"pitch" : 0.97596275704206881,
	"roll" : 0.085158623160861799,
	"x" : -0.2755779873130299,
	"y" : 0.087218107175916368,
	"yaw" : 1.33451104482829,
	"z" : -0.029068833515431353
}
