{
	"pitch" : 1.4841384701093361,
	"roll" : -2.1711907037202733,
	"x" : -0.22568126094628291,
	"y" : 0.031794834049168802,
	"yaw" : -0.86990450831041144,
	"z" : -0.13352538805085609
}
