{
	"pitch" : 1.3613004067545851,
	"roll" : -0.44471850505321164,
	"x" : -0.24651922482405378,
	"y" : 0.0070598595382369636,
	"yaw" : 0.76203982284643523,
	"z" : -0.11844611424634276
}
