{
	"pitch" : 1.2911082472032731,
	"roll" : -0.097244345872946947,
	"x" : -0.24292367126142375,
	"y" : 0.19725037313148922,
	"yaw" : 1.2965096940404459,
	"z" : -0.07280119914997274
}
