{
	"pitch" : 1.4600601094135877,
	"roll" : -0.25012933673347376,
	"x" : -0.23925599336017364,
	"y" : 0.20869429316846888,
	"yaw" : 1.1355821287779264,
	"z" : -0.12666434256994624
}
