{
	"pitch" : 0.9595162070221811,
	"roll" : 0.025672231626499991,
	"x" : -0.26932834759643642,
	"y" : 0.10094336256561665,
	"yaw" : 1.3076833530586922,
	"z" : -0.020015533975968891
}
