{
	"pitch" : 1.5021883087173531,
	"roll" : -2.4465149605680931,
	"x" : -0.23346549150328127,
	"y" : 0.028804339002359181,
	"yaw" : -1.1728048112382043,
	"z" : -0.13953694429986141
}
