{
	"pitch" : 1.4100798322995778,
	"roll" : -0.057568167783695882,
	"x" : -0.232681597027182,
	"y" : 0.19445449731510175,
	"yaw" : 1.286740646080988,
	"z" : -0.09865152467809693
}
