{
	"pitch" : 0.9729639357681662,
	"roll" : 0.10606487463909095,
	"x" : -0.27671075987818927,
	"y" : 0.081429636184111392,
	"yaw" : 1.3349609520207979,
	"z" : -0.031485895887707033
}
