{
	"pitch" : 0.95736277127440106,
	"roll" : 0.048938694966355056,
	"x" : -0.27274649890412361,
	"y" : 0.093287830791673104,
	"yaw" : 1.3127286739702362,
	"z" : -0.024386476631626602
}
