{
	"pitch" : 1.0520883704705328,
	"roll" : 0.022121980232468596,
	"x" : -0.27261994420195157,
	"y" : -0.055378040867733333,
	"yaw" : 0.94487229699370923,
	"z" : -0.081387462777809685
}
