{
	"pitch" : 1.4683105924825455,
	"roll" : -0.50191883116425384,
	"x" : -0.2370178340116299,
	"y" : 0.20562462396978082,
	"yaw" : 0.84712386465359812,
	"z" : -0.13289291670676653
}
