{
	"pitch" : 0.97168340765989936,
	"roll" : 0.12515705502274074,
	"x" : -0.26673782103608812,
	"y" : 0.011613510933192905,
	"yaw" : 1.3590545928486149,
	"z" : -0.078198595218680972
}
