{
	"pitch" : 0.90881173258259385,
	"roll" : 0.070370868339607026,
	"x" : -0.25640011388405781,
	"y" : 0.030160280789349996,
	"yaw" : 1.3125238603780767,
	"z" : -0.060895176273917245
}
