{
	"pitch" : 1.4578650753155469,
	"roll" : -1.0062209819097194,
	"x" : -0.23616879494723581,
	"y" : 0.025496796566819219,
	"yaw" : 0.25346389465666003,
	"z" : -0.14088807216720614
}
