{
	"pitch" : 1.0623054176424058,
	"roll" : -0.14842556159482737,
	"x" : -0.25918286457613909,
	"y" : -0.027695981789691189,
	"yaw" : 0.91353055510563286,
	"z" : -0.0792721718065416
}
