{
	"pitch" : 1.1505178605487281,
	"roll" : -0.021002052369023569,
	"x" : -0.24305810666983033,
	"y" : 0.138568501828706,
	"yaw" : 1.3292460100207115,
	"z" : -0.073851902853375839
}
