{
	"pitch" : 1.5359350854112042,
	"roll" : -0.87515833815820676,
	"x" : -0.23990702267746256,
	"y" : 0.037511002361127185,
	"yaw" : 0.42878424238294677,
	"z" : -0.13324724282479386
}
