{
	"pitch" : 1.4850573713245376,
	"roll" : -2.4936761752943886,
	"x" : -0.22848913416065883,
	"y" : 0.031889988586572146,
	"yaw" : -1.1998543041301855,
	"z" : -0.13602684891176295
}
