{
	"pitch" : 1.5368769460458167,
	"roll" : -0.98811015153497084,
	"x" : -0.23951524904607915,
	"y" : 0.037386136165473288,
	"yaw" : 0.31597386957799234,
	"z" : -0.13345868967504865
}
