{
	"pitch" : 1.5085985296464881,
	"roll" : -0.14344626311978739,
	"x" : -0.24189920069065654,
	"y" : 0.038492577498510566,
	"yaw" : 1.1528088699758932,
	"z" : -0.12440228541932333
}
