{
	"pitch" : 1.4529622715778283,
	"roll" : 0.26826304045410637,
	"x" : -0.24668143674635515,
	"y" : 0.038542574248299342,
	"yaw" : 1.5504756640150346,
	"z" : -0.11291325347978697
}
