{
	"pitch" : 1.4021117968730712,
	"roll" : -0.72120768384226497,
	"x" : -0.24104436043697397,
	"y" : 0.015578202772310631,
	"yaw" : 0.51822929425868958,
	"z" : -0.13231851172414877
}
