{
	"pitch" : 1.0468298923349288,
	"roll" : 0.12336975140212124,
	"x" : -0.25713410379424523,
	"y" : 0.066520580468560339,
	"yaw" : 1.2816413278263996,
	"z" : -0.045659373005756176
}
