{
	"pitch" : 1.5004550169312447,
	"roll" : -2.477503703240258,
	"x" : -0.23389336340330835,
	"y" : 0.028061163310116669,
	"yaw" : -1.2019784735149412,
	"z" : -0.13992252939155089
}
