{
	"pitch" : 1.3951219202024276,
	"roll" : 0.28306490936424966,
	"x" : -0.24807710858734114,
	"y" : 0.039380251121833881,
	"yaw" : 1.5559519769159151,
	"z" : -0.10372747642809522
}
