{
	"pitch" : 1.4837704818241719,
	"roll" : -2.5317330553539708,
	"x" : -0.22762466279368274,
	"y" : 0.031202318097720713,
	"yaw" : -1.2295551507120148,
	"z" : -0.13336575170655415
}
