{
	"pitch" : 1.1217424383937851,
	"roll" : -0.15895644168195924,
	"x" : -0.25563839186803183,
	"y" : -0.020462673124571885,
	"yaw" : 0.93181956485736617,
	"z" : -0.083457904581602599
}
