{
	"pitch" : 1.0616819157424293,
	"roll" : 0.050189237384346337,
	"x" : -0.25604131532201735,
	"y" : 0.13969682231217928,
	"yaw" : 1.3814074143989306,
	"z" : -0.018490871000757303
}
