{
	"pitch" : 1.2844961890323388,
	"roll" : 0.00099709415416297949,
	"x" : -0.24474425909905331,
	"y" : 0.16231300167790286,
	"yaw" : 1.3514673837790925,
	"z" : -0.098646528568341829
}
