{
	"pitch" : 1.4634787668816764,
	"roll" : -0.2617346176778515,
	"x" : -0.23933342104735422,
	"y" : 0.2079778184342628,
	"yaw" : 1.1230057297228548,
	"z" : -0.12836508500733845
}
