{
	"pitch" : 1.4613399301307661,
	"roll" : -0.40344729885328651,
	"x" : -0.23549324989333581,
	"y" : 0.2075995068615441,
	"yaw" : 0.96827316365636029,
	"z" : -0.12792678977933614
}
