{
	"pitch" : 1.4070733186657118,
	"roll" : -0.23013153182496293,
	"x" : -0.24016875672555457,
	"y" : 0.20342417619038991,
	"yaw" : 1.1675012755143466,
	"z" : -0.1063276712957411
}
