{
	"pitch" : 1.1859991216837629,
	"roll" : -0.046262827011045289,
	"x" : -0.244006738281795,
	"y" : 0.18219231310502315,
	"yaw" : 1.3325459299627955,
	"z" : -0.041968508998075305
}
