{
	"pitch" : 1.5007670607044796,
	"roll" : -2.4692184034842923,
	"x" : -0.23354466150188435,
	"y" : 0.028267459475539464,
	"yaw" : -1.1925773801339317,
	"z" : -0.13960581088928192
}
