{
	"pitch" : 1.0067782881016705,
	"roll" : 0.14402337249634839,
	"x" : -0.26270914709523069,
	"y" : 0.016059829169224313,
	"yaw" : 1.3868733419797392,
	"z" : -0.075079146787430287
}
