{
	"pitch" : 0.96570633912021364,
	"roll" : 0.1303516148929578,
	"x" : -0.26009646256759072,
	"y" : 0.012023784620040785,
	"yaw" : 1.3626732657125251,
	"z" : -0.05319173393729773
}
