{
	"pitch" : 0.96496540144323006,
	"roll" : 0.12997852712861818,
	"x" : -0.26007026308969872,
	"y" : 0.012186907499529116,
	"yaw" : 1.3625563976636723,
	"z" : -0.053275794895232292
}
