{
	"pitch" : 1.4696424975521523,
	"roll" : -1.1154646437656006,
	"x" : -0.23474419278641168,
	"y" : 0.02700755496600564,
	"yaw" : 0.14792153904894204,
	"z" : -0.14176562770713674
}
