{
	"pitch" : 1.2261043522137933,
	"roll" : -0.00095941576179876559,
	"x" : -0.24545045442658911,
	"y" : 0.15364716910585305,
	"yaw" : 1.3494205267931936,
	"z" : -0.089949765861761247
}
