{
	"pitch" : 1.4721034295741893,
	"roll" : -0.57464389240749802,
	"x" : -0.23296429656101736,
	"y" : 0.20611349674582427,
	"yaw" : 0.77729955680059759,
	"z" : -0.13286984870049867
}
