{
	"pitch" : 1.4660018492303284,
	"roll" : -0.5493919767264267,
	"x" : -0.23410998325166155,
	"y" : 0.20779153737010886,
	"yaw" : 0.79377815787588357,
	"z" : -0.13035997950190586
}
