{
	"pitch" : 0.96626513060621344,
	"roll" : -0.050077765335742992,
	"x" : -0.27513866713299717,
	"y" : -0.050012655247631883,
	"yaw" : 0.92735420204896546,
	"z" : -0.092469198902752861
}
