{
	"pitch" : 0.90678446391769518,
	"roll" : 0.056544734009304702,
	"x" : -0.24951931459139257,
	"y" : 0.054846905920175555,
	"yaw" : 1.3170570782676168,
	"z" : -0.051518534595815818
}
