{
	"pitch" : 1.0517670237252956,
	"roll" : 0.023069249869048861,
	"x" : -0.27261776924520081,
	"y" : -0.05523626939474359,
	"yaw" : 0.94526792380751246,
	"z" : -0.081387227613405749
}
