{
	"pitch" : 1.1271219405163799,
	"roll" : 0.017553976926707539,
	"x" : -0.24758818515011172,
	"y" : 0.16616553940042936,
	"yaw" : 1.3757737928188714,
	"z" : -0.02745457542723892
}
