{
	"pitch" : 1.007958696915467,
	"roll" : -0.12676605294449497,
	"x" : -0.26742783848523144,
	"y" : -0.03846127437528183,
	"yaw" : 0.91256391137017567,
	"z" : -0.079450225042385025
}
