{
	"pitch" : 1.1996946053005049,
	"roll" : 0.21408310506369013,
	"x" : -0.25223121831999273,
	"y" : 0.032971407695923244,
	"yaw" : 1.4549255522963798,
	"z" : -0.084517769575424742
}
