{
	"pitch" : 1.4622482447832945,
	"roll" : -0.36495302784740974,
	"x" : -0.23787503255773421,
	"y" : 0.20415946244392114,
	"yaw" : 0.99439060062964657,
	"z" : -0.12896206413066055
}
