{
	"pitch" : 0.96890349148649757,
	"roll" : 0.10959419633989849,
	"x" : -0.27628623288316895,
	"y" : 0.082838466580370584,
	"yaw" : 1.3344704937695211,
	"z" : -0.030702998152098177
}
