{
	"pitch" : 1.1828452418981166,
	"roll" : -0.014383181272380393,
	"x" : -0.24386678144308313,
	"y" : 0.14637364701166458,
	"yaw" : 1.3380092653201927,
	"z" : -0.079598041907465805
}
