{
	"pitch" : 0.9831294691700434,
	"roll" : 0.070033484748752289,
	"x" : -0.26463300451076938,
	"y" : 0.078543677096723025,
	"yaw" : 1.2843482357404954,
	"z" : -0.019043618070604701
}
