{
	"pitch" : 0.90527550834399551,
	"roll" : 0.061314429993939025,
	"x" : -0.25275098999683165,
	"y" : 0.043806593808382227,
	"yaw" : 1.3171392165703981,
	"z" : -0.05473534051299675
}
