{
	"pitch" : 1.4735922120343834,
	"roll" : -0.70464696937080162,
	"x" : -0.2325853976246294,
	"y" : 0.20439877963873238,
	"yaw" : 0.65457765782930666,
	"z" : -0.13453951709802409
}
