{
	"pitch" : 1.0532050429504562,
	"roll" : 0.019435852884747001,
	"x" : -0.27249826897497309,
	"y" : -0.0556271098256629,
	"yaw" : 0.94312715640489075,
	"z" : -0.081498389574167676
}
