{
	"pitch" : 1.4856932436947869,
	"roll" : -2.5037342575581683,
	"x" : -0.22886450461553962,
	"y" : 0.031992644932269457,
	"yaw" : -1.210265965634947,
	"z" : -0.1361248974636346
}
