{
	"pitch" : 1.48023147805206,
	"roll" : -1.2738672150902273,
	"x" : -0.23330069024650865,
	"y" : 0.028351808624960506,
	"yaw" : -0.0047126168367000324,
	"z" : -0.14374538978667653
}
