{
	"pitch" : 0.9645992024036818,
	"roll" : -0.050055005819062526,
	"x" : -0.27566614312700682,
	"y" : -0.049663546836272075,
	"yaw" : 0.92885233137699896,
	"z" : -0.092336407961075812
}
