{
	"pitch" : 1.0468276329862436,
	"roll" : 0.13301497967267686,
	"x" : -0.253151822260613,
	"y" : 0.064898944845338175,
	"yaw" : 1.2978964300311853,
	"z" : -0.045797238755738656
}
