{
	"pitch" : 0.97212186760663288,
	"roll" : 0.070133768724346929,
	"x" : -0.27205861982619689,
	"y" : 0.080781134187479828,
	"yaw" : 1.2979201646709442,
	"z" : -0.026279970594904722
}
