{
	"pitch" : 1.4592271518705606,
	"roll" : -0.57065428466470369,
	"x" : -0.23356610179899848,
	"y" : 0.2065998314892562,
	"yaw" : 0.796759077813323,
	"z" : -0.13306737163866647
}
