{
	"pitch" : 1.4668369303258499,
	"roll" : -0.279771502989071,
	"x" : -0.23821121362703038,
	"y" : 0.20557863444583246,
	"yaw" : 1.1028090796024284,
	"z" : -0.12696313926918618
}
