{
	"pitch" : 0.97112823626932521,
	"roll" : 0.12784659189216496,
	"x" : -0.26731898251816866,
	"y" : 0.010879978461892252,
	"yaw" : 1.3608714105088358,
	"z" : -0.07849182888468112
}
