{
	"pitch" : 1.5025897506382642,
	"roll" : -2.4796943958277513,
	"x" : -0.23377586843875159,
	"y" : 0.029154002128848083,
	"yaw" : -1.2065223092912196,
	"z" : -0.13987776068315269
}
