{
	"pitch" : 1.4278422439591383,
	"roll" : -0.88516967518833711,
	"x" : -0.23827623055629113,
	"y" : 0.021243082785145626,
	"yaw" : 0.36844026339980612,
	"z" : -0.13873609410462903
}
