{
	"pitch" : 1.5008012093599676,
	"roll" : -2.479623653106795,
	"x" : -0.23389982188991176,
	"y" : 0.028104592558133898,
	"yaw" : -1.2038374785859314,
	"z" : -0.14002291109860757
}
