{
	"pitch" : 1.4800140551757111,
	"roll" : -0.56725455975577366,
	"x" : -0.23634934789516884,
	"y" : 0.20503973242147022,
	"yaw" : 0.78166281231604073,
	"z" : -0.13407177417371718
}
