{
	"pitch" : 0.9623550996891006,
	"roll" : 0.055307376885794547,
	"x" : -0.26547492405906065,
	"y" : 0.008387021968357819,
	"yaw" : 1.3134721690720341,
	"z" : -0.07898811525462221
}
