{
	"pitch" : 1.454496505630485,
	"roll" : -0.31229685555093689,
	"x" : -0.23574988351746554,
	"y" : 0.20363210734745682,
	"yaw" : 1.0460951494415993,
	"z" : -0.12404343374326282
}
