{
	"pitch" : 1.1883260768154777,
	"roll" : -0.012472704543130745,
	"x" : -0.24436726267541925,
	"y" : 0.14716626925242565,
	"yaw" : 1.3402527950390519,
	"z" : -0.081872090087982699
}
