{
	"pitch" : 1.4659538820429912,
	"roll" : -0.55503631931612918,
	"x" : -0.23397337787274855,
	"y" : 0.207802363632661,
	"yaw" : 0.78841040958884545,
	"z" : -0.13009375738465295
}
