{
	"pitch" : 1.4729069089161242,
	"roll" : -0.32197419756415874,
	"x" : -0.23838205311359539,
	"y" : 0.20572551171629111,
	"yaw" : 1.0621744416207248,
	"z" : -0.12903035918847414
}
