{
	"pitch" : 1.0342358163465752,
	"roll" : 0.048786688885750787,
	"x" : -0.24424069427752718,
	"y" : 0.10197295601743614,
	"yaw" : 1.3593779636305825,
	"z" : -0.051343398576136956
}
