{
	"pitch" : 1.0724506375292207,
	"roll" : 0.0062184963521323428,
	"x" : -0.24213079367622709,
	"y" : 0.11653278311935186,
	"yaw" : 1.3441272560667441,
	"z" : -0.056773305296174137
}
