{
	"pitch" : 0.99307735514928708,
	"roll" : 0.14232707308003986,
	"x" : -0.26300190862963563,
	"y" : 0.015441476570773469,
	"yaw" : 1.3829870243005586,
	"z" : -0.07340524284633064
}
