{
	"pitch" : 1.4737122536110616,
	"roll" : -1.1894534179106591,
	"x" : -0.23390267571984882,
	"y" : 0.027701160143740133,
	"yaw" : 0.076875805562393346,
	"z" : -0.14197343630625797
}
