{
	"pitch" : 1.4739172325588579,
	"roll" : -0.56706886368422849,
	"x" : -0.23304299006287943,
	"y" : 0.2061249578828063,
	"yaw" : 0.78535360614710736,
	"z" : -0.13206060342623954
}
