{
	"pitch" : 1.5075923547231362,
	"roll" : -2.2961948569785746,
	"x" : -0.23539757276286682,
	"y" : 0.026583233621064017,
	"yaw" : -1.0192057989057302,
	"z" : -0.15512276009753395
}
