{
	"pitch" : 1.0612169918942498,
	"roll" : -0.1475613595340399,
	"x" : -0.2590060547107797,
	"y" : -0.027705660408876315,
	"yaw" : 0.91375170234942027,
	"z" : -0.078470972611766859
}
