{
	"pitch" : 1.5367740819608173,
	"roll" : -1.0656966260645309,
	"x" : -0.23935391962699021,
	"y" : 0.037236972200679508,
	"yaw" : 0.23854663562575606,
	"z" : -0.13401250287328934
}
