{
	"pitch" : 1.4528494112766317,
	"roll" : -0.58878484886234927,
	"x" : -0.23254048538072072,
	"y" : 0.20720974624770053,
	"yaw" : 0.77822877563575898,
	"z" : -0.12990065657858901
}
