{
	"pitch" : 1.110331610075372,
	"roll" : 0.20341519371127825,
	"x" : -0.25618142682801504,
	"y" : 0.02608525541943521,
	"yaw" : 1.4373355834748995,
	"z" : -0.077812792726598246
}
