{
	"pitch" : 1.4811944256539777,
	"roll" : -2.4438641888649602,
	"x" : -0.22809927217820639,
	"y" : 0.026634552356938249,
	"yaw" : -1.1381234407660026,
	"z" : -0.14277978617797449
}
