{
	"pitch" : 0.9828096849862199,
	"roll" : 0.086784431694011691,
	"x" : -0.27682447754891543,
	"y" : 0.080092398510642468,
	"yaw" : 1.3170702626414388,
	"z" : -0.034803040061437779
}
