{
	"pitch" : 1.4525674568831579,
	"roll" : -0.58606068975939063,
	"x" : -0.23261241322221279,
	"y" : 0.20722835802215553,
	"yaw" : 0.78099941285135976,
	"z" : -0.13034128750072799
}
