{
	"pitch" : 1.0252647222771842,
	"roll" : 0.0093751297318587397,
	"x" : -0.27278703392375508,
	"y" : -0.052870649183901351,
	"yaw" : 0.94594158743350243,
	"z" : -0.086588241378463979
}
