{
	"pitch" : 1.517722718330814,
	"roll" : -1.8157580340399309,
	"x" : -0.23328646301385683,
	"y" : 0.035498559427654452,
	"yaw" : -0.51603908237632778,
	"z" : -0.13494194029688297
}
