{
	"pitch" : 1.0526171014629158,
	"roll" : 0.055280855939895658,
	"x" : -0.25793029163951603,
	"y" : 0.1348581746768073,
	"yaw" : 1.3812235388749643,
	"z" : -0.018053634386091644
}
