{
	"pitch" : 0.96645494767391116,
	"roll" : -0.049518811777868862,
	"x" : -0.27487946221231901,
	"y" : -0.050108587792904759,
	"yaw" : 0.92741032683881652,
	"z" : -0.091961867883952983
}
