{
	"pitch" : 1.48025014404862,
	"roll" : -2.3167538597393533,
	"x" : -0.22879768328972533,
	"y" : 0.031181644255959359,
	"yaw" : -1.0328690307709014,
	"z" : -0.14550385299854457
}
