{
	"pitch" : 1.2547168001875924,
	"roll" : -0.25652267868933731,
	"x" : -0.25239773819736927,
	"y" : -0.0077966259580964578,
	"yaw" : 0.90038054793813072,
	"z" : -0.10129378663670074
}
