{
	"pitch" : 1.0577695865576706,
	"roll" : 0.052568210127356595,
	"x" : -0.25672509924626963,
	"y" : 0.13786510823525291,
	"yaw" : 1.381590905019529,
	"z" : -0.017982065889778132
}
