{
	"pitch" : 0.96319277968839978,
	"roll" : -0.048814763776492937,
	"x" : -0.2755582134834651,
	"y" : -0.049407085535821883,
	"yaw" : 0.93020677982555056,
	"z" : -0.091005180276172659
}
