{
	"pitch" : 1.2926999115931201,
	"roll" : -0.3353058027668423,
	"x" : -0.24944939732217317,
	"y" : -0.0014427241236800725,
	"yaw" : 0.84146442929840559,
	"z" : -0.1096347295838581
}
