{
	"pitch" : 1.468038889951671,
	"roll" : -0.28567845321828006,
	"x" : -0.23803860294273593,
	"y" : 0.20566693590362495,
	"yaw" : 1.09769246394064,
	"z" : -0.12655828490247309
}
