{
	"pitch" : 1.5015869003920341,
	"roll" : -2.1652928050343441,
	"x" : -0.23392727724068549,
	"y" : 0.026458836615259232,
	"yaw" : -0.88311689495000378,
	"z" : -0.15397281270893046
}
