{
	"pitch" : 0.96704565682845056,
	"roll" : 0.12261175171151319,
	"x" : -0.25876870644886169,
	"y" : 0.01147944122469895,
	"yaw" : 1.3485191960064189,
	"z" : -0.052644718598134604
}
