{
	"pitch" : 1.0268296227799634,
	"roll" : 0.015407951116927499,
	"x" : -0.27298737927039318,
	"y" : -0.052607858460430861,
	"yaw" : 0.9512532001680204,
	"z" : -0.086558657315518636
}
