{
	"pitch" : 1.5210304048351999,
	"roll" : -1.6708056244043294,
	"x" : -0.23471953575667015,
	"y" : 0.035889085078648283,
	"yaw" : -0.36994665040162644,
	"z" : -0.13559164754874931
}
