{
	"pitch" : 1.5019004391319819,
	"roll" : -2.1840349728284285,
	"x" : -0.23413812206186549,
	"y" : 0.026266174224831573,
	"yaw" : -0.9017762176434122,
	"z" : -0.15495067333106202
}
