{
	"pitch" : 0.97428329114883072,
	"roll" : 0.071519654980806646,
	"x" : -0.27061835011283142,
	"y" : 0.081163354590096909,
	"yaw" : 1.2986465021015394,
	"z" : -0.023329043947018541
}
