{
	"pitch" : 1.3422479939606633,
	"roll" : -0.058104199740773785,
	"x" : -0.24082586096323774,
	"y" : 0.17964454976747316,
	"yaw" : 1.2817385923930384,
	"z" : -0.10964853148245141
}
