{
	"pitch" : 0.9676539170822801,
	"roll" : 0.10711510326621423,
	"x" : -0.25773711891524492,
	"y" : 0.012313738062693268,
	"yaw" : 1.3288229269437319,
	"z" : -0.058253014122261443
}
