{
	"pitch" : 1.1032622635477323,
	"roll" : 0.00041153271362246753,
	"x" : -0.24253259026746288,
	"y" : 0.12577777368648874,
	"yaw" : 1.3456579477391244,
	"z" : -0.062621084987857012
}
