{
	"pitch" : 1.0243600406751829,
	"roll" : 0.047113597914970995,
	"x" : -0.26254163620102416,
	"y" : 0.12063591029841927,
	"yaw" : 1.3607656085695163,
	"z" : -0.019405995338075716
}
