{
	"pitch" : 1.2040005100202353,
	"roll" : -0.20827169163829148,
	"x" : -0.2538278815524681,
	"y" : -0.013374046218139524,
	"yaw" : 0.92877425490831245,
	"z" : -0.095241357648558761
}
