{
	"pitch" : 1.3610773212842893,
	"roll" : -0.069859722795216475,
	"x" : -0.24073080817658973,
	"y" : 0.18336049049916206,
	"yaw" : 1.2704248476278832,
	"z" : -0.11202364120746892
}
