{
	"pitch" : 1.0964248711719748,
	"roll" : 0.19550269804118145,
	"x" : -0.25666706713578835,
	"y" : 0.025507313038414067,
	"yaw" : 1.428420459550537,
	"z" : -0.077179658261347692
}
