{
	"pitch" : 1.5005844236667389,
	"roll" : -2.4720715438644949,
	"x" : -0.2338504051932149,
	"y" : 0.028105600901502284,
	"yaw" : -1.1966182419655893,
	"z" : -0.1399692326451859
}
