{
	"pitch" : 0.9831688795057949,
	"roll" : -0.013761061895664417,
	"x" : -0.26163553459698891,
	"y" : 0.073369156791250639,
	"yaw" : 1.1597093222346757,
	"z" : -0.027759846044532049
}
