{
	"pitch" : 1.4548615066827393,
	"roll" : -0.28317456583260253,
	"x" : -0.23812437800009512,
	"y" : 0.20913749066276774,
	"yaw" : 1.0986551566032363,
	"z" : -0.12699587034226434
}
