{
	"pitch" : 0.96313647779383493,
	"roll" : 0.12935405514400164,
	"x" : -0.26013942051832833,
	"y" : 0.012670466167039485,
	"yaw" : 1.3632089004254653,
	"z" : -0.053762195967169274
}
