{
	"pitch" : 1.3736682940562224,
	"roll" : -0.074096213909364939,
	"x" : -0.24041088601106009,
	"y" : 0.18697332449907883,
	"yaw" : 1.2659914913332597,
	"z" : -0.11406791368606518
}
