{
	"pitch" : 1.4681190484319979,
	"roll" : -0.41045971570434342,
	"x" : -0.23888977984385826,
	"y" : 0.20405772886986009,
	"yaw" : 0.94756708076444629,
	"z" : -0.13084858814605976
}
