{
	"pitch" : 1.4662281991651986,
	"roll" : -0.53007205030333671,
	"x" : -0.23443214316622349,
	"y" : 0.20778050570893131,
	"yaw" : 0.81252826097349318,
	"z" : -0.13125538574572057
}
