{
	"pitch" : 1.01181406782724,
	"roll" : 0.045722739127809553,
	"x" : -0.26439532986102954,
	"y" : 0.1164500009663603,
	"yaw" : 1.3563568599263893,
	"z" : -0.019637451617641105
}
