{
	"pitch" : 0.96156980610703313,
	"roll" : 0.054052111447166339,
	"x" : -0.26443938742152173,
	"y" : 0.0085424418363157506,
	"yaw" : 1.3149302450331231,
	"z" : -0.07808892641626769
}
