{
	"pitch" : 1.5039484193170021,
	"roll" : -2.1950924811194681,
	"x" : -0.23455083105487706,
	"y" : 0.026491827930965078,
	"yaw" : -0.91664497056819239,
	"z" : -0.15497680805934871
}
