{
	"pitch" : 0.90555879598444877,
	"roll" : 0.066256769757896572,
	"x" : -0.25556666664570871,
	"y" : 0.0331122426684336,
	"yaw" : 1.3118882508937182,
	"z" : -0.059312748080616318
}
