{
	"pitch" : 1.4712004916911554,
	"roll" : -0.29873680680701975,
	"x" : -0.23889186527435605,
	"y" : 0.20637635720133385,
	"yaw" : 1.084311468355414,
	"z" : -0.12960886576077513
}
