{
	"pitch" : 1.0560582120100019,
	"roll" : 0.053509766472800056,
	"x" : -0.25722824737602029,
	"y" : 0.13686998952765297,
	"yaw" : 1.3815559132790349,
	"z" : -0.018531942219365299
}
