{
	"pitch" : 0.97231891813191496,
	"roll" : 0.12809895865446327,
	"x" : -0.26572866253506466,
	"y" : 0.012084981563096255,
	"yaw" : 1.3619604323825074,
	"z" : -0.075817215075315678
}
