{
	"pitch" : 1.3998599043719047,
	"roll" : -0.68037794448149702,
	"x" : -0.24259850734945435,
	"y" : 0.013358874573992027,
	"yaw" : 0.55619486575312649,
	"z" : -0.13468923138453567
}
