{
	"pitch" : 1.2384981916864921,
	"roll" : -0.0031240626417296151,
	"x" : -0.24516621413375961,
	"y" : 0.15522972194982604,
	"yaw" : 1.3472017200057063,
	"z" : -0.091319300511591373
}
