{
	"pitch" : 1.0795699974390596,
	"roll" : -0.14795224559330167,
	"x" : -0.25778105927274386,
	"y" : -0.025565887649052165,
	"yaw" : 0.92006509046689,
	"z" : -0.079938279850953337
}
