{
	"pitch" : 0.95453700641371064,
	"roll" : 0.098888831798108007,
	"x" : -0.2590792088301167,
	"y" : 0.01324387062140539,
	"yaw" : 1.3201849140168309,
	"z" : -0.068684755829682559
}
