{
	"pitch" : 1.4727580896611041,
	"roll" : -0.32295593203693851,
	"x" : -0.2383041578353248,
	"y" : 0.20510633321007854,
	"yaw" : 1.0634595921550565,
	"z" : -0.12905739591075627
}
