{
	"pitch" : 1.475866524787391,
	"roll" : -2.4375455360137357,
	"x" : -0.22874762653882083,
	"y" : 0.02948871559925674,
	"yaw" : -1.143083074264633,
	"z" : -0.14278138596983678
}
