{
	"pitch" : 1.4783579520655818,
	"roll" : -2.3927201203794404,
	"x" : -0.22668290935136029,
	"y" : 0.028065253959825495,
	"yaw" : -1.1003384513786185,
	"z" : -0.15584288154592985
}
