{
	"pitch" : 1.4583322471763069,
	"roll" : -0.67114266456936145,
	"x" : -0.23181981284252584,
	"y" : 0.20592578364240277,
	"yaw" : 0.69372244022933915,
	"z" : -0.13111118799599308
}
