{
	"pitch" : 1.0489080263261295,
	"roll" : 0.044355623886979952,
	"x" : -0.2442630420239596,
	"y" : 0.10720777083897998,
	"yaw" : 1.3649735544173145,
	"z" : -0.051926307374258684
}
