{
	"pitch" : 1.4526315025452519,
	"roll" : -0.98262036558020782,
	"x" : -0.23659149565341836,
	"y" : 0.024611779783564047,
	"yaw" : 0.27583016971057861,
	"z" : -0.13969863130853477
}
