{
	"pitch" : 0.96790575918364097,
	"roll" : 0.11737728515517998,
	"x" : -0.25821713449389805,
	"y" : 0.01143653579813219,
	"yaw" : 1.3435869635916009,
	"z" : -0.053105302675792276
}
