{
	"pitch" : 0.95611211478506308,
	"roll" : 0.10436190345883141,
	"x" : -0.25945735290092276,
	"y" : 0.013455525041257847,
	"yaw" : 1.3218206568783062,
	"z" : -0.068984866543197146
}
