{
	"pitch" : 1.0826046464919608,
	"roll" : 0.0026601267105308755,
	"x" : -0.24226711163761858,
	"y" : 0.11958499652238447,
	"yaw" : 1.3446775646790456,
	"z" : -0.05874332421214562
}
