{
	"pitch" : 1.4806891492693122,
	"roll" : 0.16552809189464357,
	"x" : -0.24458881186678938,
	"y" : 0.038409505092330182,
	"yaw" : 1.455379296914229,
	"z" : -0.11738764539142063
}
