{
	"pitch" : 1.473770939915005,
	"roll" : -0.33154921814201543,
	"x" : -0.23839054275027724,
	"y" : 0.20504403280626285,
	"yaw" : 1.0539129650394792,
	"z" : -0.12976234211994897
}
