{
	"pitch" : 0.99719196773436536,
	"roll" : -0.11808136530990916,
	"x" : -0.26878899561703579,
	"y" : -0.038990663566552855,
	"yaw" : 0.92038188566270396,
	"z" : -0.079720060348424313
}
