{
	"pitch" : 1.4655901010460641,
	"roll" : -0.5898618962283424,
	"x" : -0.23359263629208166,
	"y" : 0.20746099459093664,
	"yaw" : 0.7565377967281337,
	"z" : -0.13097531232268911
}
