{
	"pitch" : 1.3081429789645267,
	"roll" : -0.35859874345491216,
	"x" : -0.24847941422508352,
	"y" : 0.00062974760363116583,
	"yaw" : 0.82409336976126568,
	"z" : -0.11031587791608877
}
