{
	"pitch" : 1.4842483743845343,
	"roll" : -2.448307888775326,
	"x" : -0.23020743208442859,
	"y" : 0.026775353257340165,
	"yaw" : -1.1517541151924922,
	"z" : -0.14139109222182308
}
