{
	"pitch" : 0.97665839436761515,
	"roll" : 5.9637291050476483e-05,
	"x" : -0.26168183984677063,
	"y" : 0.075500291180240847,
	"yaw" : 1.1890783243404832,
	"z" : -0.02463389249197262
}
