{
	"pitch" : 1.0593540427614541,
	"roll" : 0.027552625323387814,
	"x" : -0.2737723831626675,
	"y" : -0.055729045485236869,
	"yaw" : 0.95282476042019759,
	"z" : -0.08219614425898554
}
