{
	"pitch" : 0.99361883027971321,
	"roll" : 0.041881867392102236,
	"x" : -0.26735409894589829,
	"y" : 0.071429435051087842,
	"yaw" : 1.2072362974380511,
	"z" : -0.034094484254135804
}
