{
	"pitch" : 1.476360199788004,
	"roll" : 0.19203850021079666,
	"x" : -0.24501013565123345,
	"y" : 0.038360541592536462,
	"yaw" : 1.4806658210294157,
	"z" : -0.11667813418800231
}
