{
	"pitch" : 1.4558886262417818,
	"roll" : -0.27532530410420936,
	"x" : -0.23868013404757707,
	"y" : 0.20904799403697774,
	"yaw" : 1.1083089577277689,
	"z" : -0.12750903331879615
}
