{
	"pitch" : 0.94693569274383282,
	"roll" : 0.034023764956350559,
	"x" : -0.27135146960360684,
	"y" : 0.096624014111137024,
	"yaw" : 1.3053497025840644,
	"z" : -0.023403659538229205
}
