{
	"pitch" : 1.099952825553874,
	"roll" : -0.14727527022362022,
	"x" : -0.25711931013403089,
	"y" : -0.023238914261099218,
	"yaw" : 0.93158537562393107,
	"z" : -0.082310924176572334
}
