{
	"pitch" : 1.5036059670275899,
	"roll" : -2.3884190588782941,
	"x" : -0.23580592316805074,
	"y" : 0.026632313080921427,
	"yaw" : -1.1127088886846259,
	"z" : -0.15717890589879602
}
