{
	"pitch" : 0.97019384161555822,
	"roll" : 0.091392815937030233,
	"x" : -0.27518762904701149,
	"y" : 0.084540669602894941,
	"yaw" : 1.3265522791859932,
	"z" : -0.030037404321584027
}
