{
	"pitch" : 1.4736706644064774,
	"roll" : -0.32826964904529965,
	"x" : -0.23848212229235824,
	"y" : 0.20543751127966925,
	"yaw" : 1.0560823617612116,
	"z" : -0.13014412492906363
}
