{
	"pitch" : 1.0520726123356046,
	"roll" : 0.023017144321831055,
	"x" : -0.27264845842638175,
	"y" : -0.055286772695103632,
	"yaw" : 0.94522580073850659,
	"z" : -0.081393047719901357
}
