{
	"pitch" : 1.0707400522363955,
	"roll" : -0.15005026096904003,
	"x" : -0.25888336257569977,
	"y" : -0.026948641020842747,
	"yaw" : 0.91485116329225413,
	"z" : -0.080637734395716892
}
