{
	"pitch" : 1.0511952303590273,
	"roll" : 0.022734750624797025,
	"x" : -0.27252438511015326,
	"y" : -0.055157514950136967,
	"yaw" : 0.94523521576477965,
	"z" : -0.081402484524454033
}
