{
	"pitch" : 0.96873178922867953,
	"roll" : -0.074692782279847741,
	"x" : -0.27469798431515896,
	"y" : -0.042510195237735131,
	"yaw" : 0.94575556293466423,
	"z" : -0.083144632040347902
}
