{
	"pitch" : 1.2895002857477684,
	"roll" : -0.33031343021923554,
	"x" : -0.24922460652202358,
	"y" : -0.0015341945155850807,
	"yaw" : 0.84470464089303776,
	"z" : -0.1077183100841316
}
