{
	"pitch" : 0.97956587813491791,
	"roll" : 0.071064635229335565,
	"x" : -0.26607545275208633,
	"y" : 0.0072345082141784048,
	"yaw" : 1.3365643947162837,
	"z" : -0.080925011859888346
}
