{
	"pitch" : 1.4951352611734849,
	"roll" : -1.5600658811264376,
	"x" : -0.23337035512611831,
	"y" : 0.028621351537098008,
	"yaw" : -0.28568656216636729,
	"z" : -0.14813970220369943
}
