{
	"pitch" : 1.533181638438855,
	"roll" : -1.3415385474932582,
	"x" : -0.23816974606652516,
	"y" : 0.036793967593555674,
	"yaw" : -0.038193642494230851,
	"z" : -0.13548878101605902
}
