{
	"pitch" : 1.0091379216638507,
	"roll" : 0.045655184031922799,
	"x" : -0.26459681029557358,
	"y" : 0.1156620179798124,
	"yaw" : 1.3559199841981107,
	"z" : -0.018604512691381719
}
