{
	"pitch" : 1.0641905796298043,
	"roll" : 0.015689203616148624,
	"x" : -0.27352644644804286,
	"y" : -0.056298432216475944,
	"yaw" : 0.94493345335616252,
	"z" : -0.08420189135409778
}
