{
	"pitch" : 1.4653846906560257,
	"roll" : -0.58275454177365726,
	"x" : -0.23361573725008772,
	"y" : 0.20759607463886076,
	"yaw" : 0.7630564275569911,
	"z" : -0.13067993323500821
}
