{
	"pitch" : 1.4654861344708727,
	"roll" : -0.57101733911762209,
	"x" : -0.23378316482445791,
	"y" : 0.20769956707544091,
	"yaw" : 0.77378660003119226,
	"z" : -0.13060430691324931
}
