{
	"pitch" : 0.95457374958175767,
	"roll" : 0.094515233585875269,
	"x" : -0.26623515872706111,
	"y" : 0.0097401620903955974,
	"yaw" : 1.3282297069733233,
	"z" : -0.075102293336194684
}
