{
	"pitch" : 1.0837543827141232,
	"roll" : 0.033967146111734028,
	"x" : -0.25236533353866009,
	"y" : 0.14994153167313773,
	"yaw" : 1.3752381633114281,
	"z" : -0.021940133214444851
}
