{
	"pitch" : 1.4667049125468186,
	"roll" : -0.6083428594361231,
	"x" : -0.23251568202748871,
	"y" : 0.20622032417144304,
	"yaw" : 0.7417900309623463,
	"z" : -0.13159332396732207
}
