{
	"pitch" : 1.5051954778735923,
	"roll" : -2.0974172551674686,
	"x" : -0.23417729212201502,
	"y" : 0.027641533133572732,
	"yaw" : -0.81792210682322797,
	"z" : -0.15285918644536498
}
