{
	"pitch" : 1.0558191188421524,
	"roll" : 0.022079812984036301,
	"x" : -0.27295222151607212,
	"y" : -0.05585244208001696,
	"yaw" : 0.94408037964443337,
	"z" : -0.081593941519107371
}
