{
	"pitch" : 1.4635375259778889,
	"roll" : -0.44936465710896867,
	"x" : -0.23524893964594504,
	"y" : 0.20708612346478938,
	"yaw" : 0.92061232988380337,
	"z" : -0.13005520939054074
}
