{
	"pitch" : 1.4787694538552036,
	"roll" : -0.68135324021149557,
	"x" : -0.2329337116062789,
	"y" : 0.20459804331710796,
	"yaw" : 0.67491582409598438,
	"z" : -0.13436365051623961
}
