{
	"pitch" : 1.0561277492757288,
	"roll" : 0.020355343850384809,
	"x" : -0.27284840795961474,
	"y" : -0.055962441030764747,
	"yaw" : 0.94303708912190487,
	"z" : -0.081651681813569243
}
