{
	"pitch" : 0.95633362412060152,
	"roll" : 0.090094857896898986,
	"x" : -0.26742149678324395,
	"y" : 0.0095006666039985851,
	"yaw" : 1.3216936064025706,
	"z" : -0.077366814956064386
}
