{
	"pitch" : 1.0056198937614051,
	"roll" : 0.038439341675284275,
	"x" : -0.24378043325395735,
	"y" : 0.09547463244278806,
	"yaw" : 1.3427777434534027,
	"z" : -0.049628194469539783
}
