{
	"pitch" : 1.4600541846728092,
	"roll" : -0.38800087732042915,
	"x" : -0.23591432650286881,
	"y" : 0.20779454439078304,
	"yaw" : 0.98444609685047835,
	"z" : -0.12925428238547537
}
