{
	"pitch" : 1.5046384603533507,
	"roll" : -2.3813622198670661,
	"x" : -0.23597351120272306,
	"y" : 0.026662123312731156,
	"yaw" : -1.1056991660434934,
	"z" : -0.15791547895196145
}
