{
	"pitch" : 1.0429710420918132,
	"roll" : 0.10778456903625809,
	"x" : -0.25958630847544245,
	"y" : 0.066373050257862887,
	"yaw" : 1.2564802373205211,
	"z" : -0.044233581626284768
}
