{
	"pitch" : 0.96413274246323144,
	"roll" : 0.12858646603955429,
	"x" : -0.25991880700098302,
	"y" : 0.012353546165811524,
	"yaw" : 1.3616559642075523,
	"z" : -0.053381114750842146
}
