{
	"pitch" : 0.97770508026970671,
	"roll" : 0.10504897926603382,
	"x" : -0.26269735047658721,
	"y" : 0.083862667267805807,
	"yaw" : 1.3268080117441576,
	"z" : -0.0067175133842042323
}
