{
	"pitch" : 1.211180752382403,
	"roll" : -0.05614851564026857,
	"x" : -0.24388389103629207,
	"y" : 0.18689913520188267,
	"yaw" : 1.3283740160122857,
	"z" : -0.048437252773974954
}
