{
	"pitch" : 1.5003782346386709,
	"roll" : -0.023581323221940551,
	"x" : -0.24266630720519672,
	"y" : 0.038488572277676311,
	"yaw" : 1.271276121363873,
	"z" : -0.12221824824065129
}
