{
	"pitch" : 0.99442182531363155,
	"roll" : 0.046758683446585445,
	"x" : -0.26728982884558916,
	"y" : 0.071156841008217314,
	"yaw" : 1.2096719135014495,
	"z" : -0.034123155336573091
}
