{
	"pitch" : 1.009400234162924,
	"roll" : 0.10291934661584848,
	"x" : -0.26798342295258865,
	"y" : 0.068504150816761242,
	"yaw" : 1.2712652559951705,
	"z" : -0.041723024994292257
}
