{
	"pitch" : 0.97883844296008693,
	"roll" : 0.025439893963253135,
	"x" : -0.26736756873946871,
	"y" : 0.10688223556014875,
	"yaw" : 1.3237826909665888,
	"z" : -0.020002521537188317
}
