{
	"pitch" : 1.0081723809138985,
	"roll" : -0.13335048459994719,
	"x" : -0.26411868083871648,
	"y" : -0.034899104540850136,
	"yaw" : 0.91657394066189579,
	"z" : -0.078271091822285699
}
