{
	"pitch" : 1.1748896559618094,
	"roll" : -0.036838009041882169,
	"x" : -0.24431932851307178,
	"y" : 0.1794118980675917,
	"yaw" : 1.3389609333696093,
	"z" : -0.038833541756307433
}
