{
	"pitch" : 1.467612216599989,
	"roll" : -0.51972315020201187,
	"x" : -0.23479709219627248,
	"y" : 0.20745633801132646,
	"yaw" : 0.82292434849257068,
	"z" : -0.1311717570257081
}
