{
	"pitch" : 1.3418764572986517,
	"roll" : -0.40295605281073715,
	"x" : -0.24750601709698411,
	"y" : 0.00445806073155363,
	"yaw" : 0.79403945432601042,
	"z" : -0.11546619096487917
}
