{
	"pitch" : 1.4754681135853296,
	"roll" : -2.4291565921245777,
	"x" : -0.22856586335627938,
	"y" : 0.029460316429164204,
	"yaw" : -1.1348886900886557,
	"z" : -0.14236129990801094
}
