{
	"pitch" : 1.1184715185519838,
	"roll" : -0.15729573286015289,
	"x" : -0.25584779860469198,
	"y" : -0.020866335170913707,
	"yaw" : 0.931589993331147,
	"z" : -0.083374006300379999
}
