{
	"pitch" : 1.340542779467107,
	"roll" : -0.12843064450411862,
	"x" : -0.24202564748856109,
	"y" : 0.20046310797977196,
	"yaw" : 1.2675573207478521,
	"z" : -0.086271958471553375
}
