{
	"pitch" : 0.96144897209542646,
	"roll" : 0.032504855175479436,
	"x" : -0.24354325049062236,
	"y" : 0.086686007323925993,
	"yaw" : 1.3226364994493123,
	"z" : -0.048651394146909666
}
