{
	"pitch" : 1.4142235206210927,
	"roll" : -0.82061422052653676,
	"x" : -0.23942008373895349,
	"y" : 0.018437398081580181,
	"yaw" : 0.42421523107943077,
	"z" : -0.13181572378432083
}
