{
	"pitch" : 1.4629848077385355,
	"roll" : -0.42598535869038223,
	"x" : -0.23531884251544924,
	"y" : 0.20726300263752784,
	"yaw" : 0.94468936673184389,
	"z" : -0.1286964458137029
}
