{
	"pitch" : 0.97315285656104245,
	"roll" : 0.10571929181214436,
	"x" : -0.27683270088584239,
	"y" : 0.081370515620356632,
	"yaw" : 1.3345249661816001,
	"z" : -0.032177729175691339
}
