{
	"pitch" : 1.5051600785954187,
	"roll" : -2.0952883153168402,
	"x" : -0.23421093497176718,
	"y" : 0.027611026913009207,
	"yaw" : -0.81574187070715498,
	"z" : -0.15345392394338395
}
