{
	"pitch" : 0.97402232933411104,
	"roll" : 0.071176462086357653,
	"x" : -0.27086324795441691,
	"y" : 0.081127423633944706,
	"yaw" : 1.2984837228134469,
	"z" : -0.023979238894658472
}
