{
	"pitch" : 1.4990938421310689,
	"roll" : -0.0096830314873116857,
	"x" : -0.24293198365289537,
	"y" : 0.038429290087224975,
	"yaw" : 1.2850309351999005,
	"z" : -0.12250658457307428
}
