{
	"pitch" : 0.99913462785103757,
	"roll" : 0.13763805392454992,
	"x" : -0.27380817533773472,
	"y" : 0.070273707386276973,
	"yaw" : 1.3205528754972857,
	"z" : -0.038896609688992279
}
