{
	"pitch" : 1.0025414482996873,
	"roll" : -0.014538457308527332,
	"x" : -0.27585668652087886,
	"y" : -0.051819933387817659,
	"yaw" : 0.94143761473615784,
	"z" : -0.091663633666776323
}
