{
	"pitch" : 0.97186386096202559,
	"roll" : 0.12541820007783583,
	"x" : -0.26644731997369192,
	"y" : 0.011670867830380571,
	"yaw" : 1.3592059437961479,
	"z" : -0.07745095989260696
}
