{
	"pitch" : 1.5053144147270443,
	"roll" : -2.3642765131495116,
	"x" : -0.2358118232702047,
	"y" : 0.026889498919668839,
	"yaw" : -1.0878598670411512,
	"z" : -0.15640147265050747
}
