{
	"pitch" : 1.2453944301482243,
	"roll" : -0.00163142002808636,
	"x" : -0.24466619422416377,
	"y" : 0.15635337664570137,
	"yaw" : 1.3487400267972958,
	"z" : -0.090255306691259418
}
