{
	"pitch" : 1.4625350737081531,
	"roll" : -0.62940345851606427,
	"x" : -0.2324974229953827,
	"y" : 0.20618264725604304,
	"yaw" : 0.71967852654789966,
	"z" : -0.13237092934671799
}
