{
	"pitch" : 1.0451552970442377,
	"roll" : 0.11283929002099433,
	"x" : -0.25862102774976647,
	"y" : 0.066523869017792073,
	"yaw" : 1.2674162828368674,
	"z" : -0.044601788397042985
}
