{
	"pitch" : 0.97050284868741576,
	"roll" : 0.067980951210862534,
	"x" : -0.27444388558446481,
	"y" : 0.090417292955523532,
	"yaw" : 1.3253190110244368,
	"z" : -0.027831934319543866
}
