{
	"pitch" : 1.1578752501470198,
	"roll" : 0.20481474655423462,
	"x" : -0.25391694342238968,
	"y" : 0.029360856885570424,
	"yaw" : 1.4412028651930837,
	"z" : -0.081242218386833362
}
