{
	"pitch" : 1.2015229655228705,
	"roll" : 0.2149012549295333,
	"x" : -0.25196510733704874,
	"y" : 0.033219113402817357,
	"yaw" : 1.4558316698400526,
	"z" : -0.084044435068041407
}
