{
	"pitch" : 1.0570712060947665,
	"roll" : 0.026764461454847361,
	"x" : -0.27340640052174398,
	"y" : -0.055618685918284075,
	"yaw" : 0.94886956253135368,
	"z" : -0.081851508562835157
}
