{
	"pitch" : 0.91701535178293203,
	"roll" : 0.077944778716765056,
	"x" : -0.25786550802298308,
	"y" : 0.025292857674111012,
	"yaw" : 1.3141504097638039,
	"z" : -0.064557275294796129
}
