{
	"pitch" : 1.0503875325148693,
	"roll" : 0.055888313395639232,
	"x" : -0.25805038406759234,
	"y" : 0.1339906894997118,
	"yaw" : 1.3804161209124508,
	"z" : -0.017006551673334369
}
