{
	"pitch" : 1.4632015336418431,
	"roll" : -0.62141674016978432,
	"x" : -0.23298032303992314,
	"y" : 0.20665220998728526,
	"yaw" : 0.7266651765026928,
	"z" : -0.130972357564829
}
