{
	"pitch" : 1.5205534428509377,
	"roll" : -1.694716255868512,
	"x" : -0.23447485234161933,
	"y" : 0.035869200020732184,
	"yaw" : -0.3940216346158632,
	"z" : -0.13538670774618905
}
