{
	"pitch" : 1.4805083866504971,
	"roll" : -0.53787834037504501,
	"x" : -0.23648650365457241,
	"y" : 0.20568437150707081,
	"yaw" : 0.80866960230211005,
	"z" : -0.13243643742850339
}
