{
	"pitch" : 1.4707712492945275,
	"roll" : -0.49324434711650372,
	"x" : -0.2386027167616056,
	"y" : 0.20467898847113519,
	"yaw" : 0.86329077310554414,
	"z" : -0.13231628351603114
}
