{
	"pitch" : 1.2338808948412061,
	"roll" : -0.06719293675359829,
	"x" : -0.24375853511099532,
	"y" : 0.1906122205829176,
	"yaw" : 1.3199912312881155,
	"z" : -0.055296621250591371
}
