{
	"pitch" : 1.3285918141439688,
	"roll" : -0.11555204296789641,
	"x" : -0.24226979765690709,
	"y" : 0.19963012393858276,
	"yaw" : 1.279969654887446,
	"z" : -0.082233340455114656
}
