{
	"pitch" : 1.484592923294332,
	"roll" : 0.13199145570667076,
	"x" : -0.24448108028309512,
	"y" : 0.038318464551432431,
	"yaw" : 1.4234438827443501,
	"z" : -0.11969299237399114
}
