{
	"pitch" : 1.4519778727938248,
	"roll" : -0.58222523734989318,
	"x" : -0.23272956340131409,
	"y" : 0.20724916561469067,
	"yaw" : 0.78489207457312837,
	"z" : -0.13126378905798858
}
