{
	"pitch" : 0.97645184856375045,
	"roll" : 0.12974929153471904,
	"x" : -0.26424959967858952,
	"y" : 0.01439252337567197,
	"yaw" : 1.3704693558851098,
	"z" : -0.075321744524770043
}
