{
	"pitch" : 1.3149925298861178,
	"roll" : 0.27767363226969233,
	"x" : -0.24906402632885968,
	"y" : 0.038862279708707162,
	"yaw" : 1.5330439328564189,
	"z" : -0.093756686303034922
}
