{
	"pitch" : 1.0510685302783203,
	"roll" : 0.015727619482811296,
	"x" : -0.27244680179631958,
	"y" : -0.055667385707465968,
	"yaw" : 0.94772294922785272,
	"z" : -0.081978211906481802
}
