{
	"pitch" : 0.98296384714784146,
	"roll" : 0.076376728792587362,
	"x" : -0.26420848352877607,
	"y" : 0.078991671435087271,
	"yaw" : 1.2919193542503722,
	"z" : -0.016654719095603732
}
