{
	"pitch" : 1.1354866051378389,
	"roll" : -0.017817429208037295,
	"x" : -0.24274532860336528,
	"y" : 0.13553224149453683,
	"yaw" : 1.331069191212167,
	"z" : -0.070280578388285914
}
