{
	"pitch" : 1.4616128008792175,
	"roll" : -0.63598727429621382,
	"x" : -0.2326033316279027,
	"y" : 0.20636288791195617,
	"yaw" : 0.71244003706195946,
	"z" : -0.13138003099293932
}
