{
	"pitch" : 1.3252162076740461,
	"roll" : 0.0030420749362179149,
	"x" : -0.2442150879769103,
	"y" : 0.17163538727084127,
	"yaw" : 1.3493469109395599,
	"z" : -0.10844347521831443
}
