{
	"pitch" : 0.95844943887876688,
	"roll" : -0.056088696724519119,
	"x" : -0.27615967992017543,
	"y" : -0.047875682562210642,
	"yaw" : 0.93150070245473071,
	"z" : -0.090569619263641071
}
