{
	"pitch" : 1.4644691481911087,
	"roll" : -0.27079214241033078,
	"x" : -0.23917179477014824,
	"y" : 0.20779227010157394,
	"yaw" : 1.1134308483958304,
	"z" : -0.1283350532921288
}
