{
	"pitch" : 0.92867884557930602,
	"roll" : 0.083536641014787458,
	"x" : -0.25820574291280912,
	"y" : 0.020988775266718093,
	"yaw" : 1.3143229385457524,
	"z" : -0.066634282203644854
}
