{
	"pitch" : 1.018565557484661,
	"roll" : -0.13357270580705319,
	"x" : -0.26347880278901747,
	"y" : -0.03351481546748538,
	"yaw" : 0.91689620485188483,
	"z" : -0.07832619610706007
}
