{
	"pitch" : 1.4657964149592055,
	"roll" : -0.37792254040612006,
	"x" : -0.23876919334834523,
	"y" : 0.20402481965984282,
	"yaw" : 0.98098226828289892,
	"z" : -0.13095428980087043
}
