{
	"pitch" : 1.4409216397283748,
	"roll" : -0.13807163637410699,
	"x" : -0.23122320727877158,
	"y" : 0.20088393126852871,
	"yaw" : 1.2146564454870101,
	"z" : -0.11007665285142126
}
