{
	"pitch" : 0.99361730391549108,
	"roll" : 0.040739356848367783,
	"x" : -0.26685110474546386,
	"y" : 0.071509773431274543,
	"yaw" : 1.2069522623766926,
	"z" : -0.03325070811869249
}
