{
	"pitch" : 0.96051874835049422,
	"roll" : -0.049990525994012165,
	"x" : -0.27587292509869871,
	"y" : -0.048660717231528657,
	"yaw" : 0.92916430535053574,
	"z" : -0.091139524787240175
}
