{
	"pitch" : 1.3253748574908573,
	"roll" : 0.27524067640399125,
	"x" : -0.24887562201448149,
	"y" : 0.039272894483533452,
	"yaw" : 1.5326524780099362,
	"z" : -0.095201023233114981
}
