{
	"pitch" : 1.0638658658733882,
	"roll" : 0.015396137927641751,
	"x" : -0.27345228652352044,
	"y" : -0.056069471979256658,
	"yaw" : 0.94428102260374147,
	"z" : -0.084858621659227487
}
