{
	"pitch" : 1.4671476482040815,
	"roll" : -0.5412782268184575,
	"x" : -0.23757547097207873,
	"y" : 0.20500992161452164,
	"yaw" : 0.81179349554202029,
	"z" : -0.13294950982763115
}
