{
	"pitch" : 0.98028849622754488,
	"roll" : 0.086977153805061741,
	"x" : -0.26196137643777356,
	"y" : 0.080812475236801892,
	"yaw" : 1.3033315871597417,
	"z" : -0.0090956508575031625
}
