{
	"pitch" : 1.2222712379643508,
	"roll" : -0.22802265854882284,
	"x" : -0.25360529257019121,
	"y" : -0.012634876864853792,
	"yaw" : 0.91376820753138022,
	"z" : -0.097058412835767008
}
