{
	"pitch" : 0.97222820999920412,
	"roll" : 0.12827232190646207,
	"x" : -0.26608942730184915,
	"y" : 0.012139570209223481,
	"yaw" : 1.3626975787242757,
	"z" : -0.076982165646681672
}
