{
	"pitch" : 1.4753960780006263,
	"roll" : -2.4199979299319687,
	"x" : -0.22841411862210911,
	"y" : 0.029451788413093788,
	"yaw" : -1.12584596824747,
	"z" : -0.14217605981367648
}
