{
	"pitch" : 1.4676509309576913,
	"roll" : -0.53708099180624969,
	"x" : -0.23774170427385652,
	"y" : 0.20494727603737523,
	"yaw" : 0.81597081790342008,
	"z" : -0.13309868508075873
}
