{
	"pitch" : 1.2457691433113169,
	"roll" : 0.25724020205360648,
	"x" : -0.25069721061012379,
	"y" : 0.03627020468593873,
	"yaw" : 1.4985007781449369,
	"z" : -0.086833773436585618
}
