{
	"pitch" : 0.96605896618358289,
	"roll" : -0.050566666337899496,
	"x" : -0.27540561566180993,
	"y" : -0.04990939988288938,
	"yaw" : 0.92737685755035704,
	"z" : -0.092984322840549569
}
