{
	"pitch" : 1.0384666931697297,
	"roll" : 0.1412039896647109,
	"x" : -0.25204181527708269,
	"y" : 0.064069394150281983,
	"yaw" : 1.3019739894845668,
	"z" : -0.043002737148529785
}
