{
	"pitch" : 1.4474813682962002,
	"roll" : -0.2374707555793851,
	"x" : -0.23376963919813321,
	"y" : 0.20298068853624762,
	"yaw" : 1.1189382950570737,
	"z" : -0.11810015925770483
}
