{
	"pitch" : 1.3487529536349614,
	"roll" : 0.26355048175946177,
	"x" : -0.24824744228868351,
	"y" : 0.039353733156890884,
	"yaw" : 1.5264813791091241,
	"z" : -0.097861487325153526
}
