{
	"pitch" : 1.5319155309806083,
	"roll" : -1.4228448008674541,
	"x" : -0.23735612090320962,
	"y" : 0.036845778740325269,
	"yaw" : -0.11988623197644845,
	"z" : -0.13473547124189597
}
