{
	"pitch" : 1.4195910527229103,
	"roll" : -0.85180734163130067,
	"x" : -0.23890404100257248,
	"y" : 0.019654668133558775,
	"yaw" : 0.39760014780991965,
	"z" : -0.13553589859670284
}
