{
	"pitch" : 1.0160108371100625,
	"roll" : -0.0034556743873100999,
	"x" : -0.27468877947579529,
	"y" : -0.052516990781191868,
	"yaw" : 0.94606309760929541,
	"z" : -0.089828513560066214
}
