{
	"pitch" : 1.4551474943550786,
	"roll" : -0.2805459844980831,
	"x" : -0.23836109072005965,
	"y" : 0.20915506304011827,
	"yaw" : 1.1020936149053537,
	"z" : -0.12719441456288175
}
