{
	"pitch" : 0.97251070281946495,
	"roll" : 0.069848471403597803,
	"x" : -0.27245984247434674,
	"y" : 0.080319467331274041,
	"yaw" : 1.2974674793092809,
	"z" : -0.025805232795984956
}
