{
	"pitch" : 1.0567810173106416,
	"roll" : 0.027991888189007139,
	"x" : -0.27349563396929255,
	"y" : -0.055367313985695714,
	"yaw" : 0.95187941607922022,
	"z" : -0.082049780174887899
}
