{
	"pitch" : 0.97875370561904118,
	"roll" : 0.096681193155134848,
	"x" : -0.27680998436925397,
	"y" : 0.081042137921783941,
	"yaw" : 1.3232018165680921,
	"z" : -0.032476290745096892
}
