{
	"pitch" : 0.96857179802458537,
	"roll" : 0.11364169487531536,
	"x" : -0.25777888404326621,
	"y" : 0.011855894357316845,
	"yaw" : 1.3367385869271484,
	"z" : -0.054651957571682286
}
