{
	"pitch" : 1.4601935497167802,
	"roll" : -0.55343444462204483,
	"x" : -0.23363183452276201,
	"y" : 0.20676462373280899,
	"yaw" : 0.8137586283458571,
	"z" : -0.13131236984073369
}
