{
	"pitch" : 0.96395962264695145,
	"roll" : 0.08302429062284529,
	"x" : -0.26667163561279333,
	"y" : 0.0094296021145625838,
	"yaw" : 1.3499689607395977,
	"z" : -0.081265370230920855
}
