{
	"pitch" : 1.5009015969946449,
	"roll" : -2.4685458118551153,
	"x" : -0.23388494159482601,
	"y" : 0.028128708071439829,
	"yaw" : -1.1929312161469838,
	"z" : -0.14038727730932135
}
