{
	"pitch" : 0.95424106281429466,
	"roll" : 0.091074890096664585,
	"x" : -0.26703476998622694,
	"y" : 0.0096385634059333591,
	"yaw" : 1.3243982145686977,
	"z" : -0.07666619141978738
}
