{
	"pitch" : 1.5031965030425769,
	"roll" : -2.4545978866064897,
	"x" : -0.23346048364807498,
	"y" : 0.029129789027897118,
	"yaw" : -1.180823651191935,
	"z" : -0.13947403967692742
}
