{
	"pitch" : 1.1637510886169624,
	"roll" : -0.17882226449418101,
	"x" : -0.25455394553410771,
	"y" : -0.01630408795839193,
	"yaw" : 0.93192798174787828,
	"z" : -0.089539160786330729
}
