{
	"pitch" : 1.5059520445076549,
	"roll" : -2.3387708947494543,
	"x" : -0.23568437058334801,
	"y" : 0.026419072472603833,
	"yaw" : -1.062234016869704,
	"z" : -0.15655609266756604
}
