{
	"pitch" : 1.2416343904533791,
	"roll" : -0.24613607008051333,
	"x" : -0.25334916701654869,
	"y" : -0.010571948631724145,
	"yaw" : 0.90253169046994219,
	"z" : -0.0999563540341257
}
