{
	"pitch" : 1.0247506556447994,
	"roll" : 0.14630462708005962,
	"x" : -0.26081708171341011,
	"y" : 0.018067975972406197,
	"yaw" : 1.3933069284420012,
	"z" : -0.074870786680422241
}
