{
	"pitch" : 0.96831484782408428,
	"roll" : 0.10253757384560944,
	"x" : -0.257517218845143,
	"y" : 0.012119608710915969,
	"yaw" : 1.3231739722124385,
	"z" : -0.05907444305905582
}
