{
	"pitch" : 1.0575064777837484,
	"roll" : 0.025614008390977196,
	"x" : -0.27337498142068639,
	"y" : -0.055767859181641011,
	"yaw" : 0.94811977476914966,
	"z" : -0.081842042091931716
}
