{
	"pitch" : 1.4621113662382486,
	"roll" : -0.50748120934220065,
	"x" : -0.23445625985821175,
	"y" : 0.20674640551183596,
	"yaw" : 0.8604902127646219,
	"z" : -0.13183279684050608
}
