{
	"pitch" : 1.467794983095619,
	"roll" : -0.52095138484605907,
	"x" : -0.23476619634738727,
	"y" : 0.20744178760402368,
	"yaw" : 0.8216849723863382,
	"z" : -0.13068925149290175
}
