{
	"pitch" : 1.463612701871801,
	"roll" : -0.24511693407147453,
	"x" : -0.23872403504553516,
	"y" : 0.20562982583782291,
	"yaw" : 1.1369662075830669,
	"z" : -0.12577240593458985
}
