{
	"pitch" : 0.96410938503581389,
	"roll" : 0.12858135744302931,
	"x" : -0.25991751871799379,
	"y" : 0.012357613030707079,
	"yaw" : 1.3616550729445807,
	"z" : -0.053382710363599206
}
