{
	"pitch" : 1.5043536527678687,
	"roll" : -1.8553139442836186,
	"x" : -0.23354186843521604,
	"y" : 0.028698907817629446,
	"yaw" : -0.57693961253619852,
	"z" : -0.15173912243856774
}
