{
	"pitch" : 1.013104414365197,
	"roll" : -0.12873247305946331,
	"x" : -0.26665527347505158,
	"y" : -0.038074796891232679,
	"yaw" : 0.91147242942201701,
	"z" : -0.078802003666878812
}
