{
	"pitch" : 1.459660157818415,
	"roll" : -0.56549563959339488,
	"x" : -0.23325171070165798,
	"y" : 0.20680398474433007,
	"yaw" : 0.80153909872574902,
	"z" : -0.13029838531205165
}
