{
	"pitch" : 1.0387737078469057,
	"roll" : 0.049670387446157337,
	"x" : -0.24429848179789354,
	"y" : 0.10327389646056472,
	"yaw" : 1.36168776441504,
	"z" : -0.051382054972330088
}
