{
	"pitch" : 0.91142972017242274,
	"roll" : 0.073400088628122945,
	"x" : -0.25681694383386822,
	"y" : 0.028425167940068122,
	"yaw" : 1.3134014830016543,
	"z" : -0.06166941827548203
}
