{
	"pitch" : 1.0972955703789358,
	"roll" : 0.033591867310939418,
	"x" : -0.25071126813848527,
	"y" : 0.15640707266997189,
	"yaw" : 1.380340066634536,
	"z" : -0.022731608008715209
}
