{
	"pitch" : 1.5006783569041466,
	"roll" : -2.4694157151929423,
	"x" : -0.23382314259524797,
	"y" : 0.028132711804091839,
	"yaw" : -1.1939457518128758,
	"z" : -0.14001856711759908
}
