{
	"pitch" : 1.3375236162542801,
	"roll" : -0.12528873696463916,
	"x" : -0.24220044902112781,
	"y" : 0.20025830390948088,
	"yaw" : 1.2705602069599822,
	"z" : -0.08587724913592637
}
