{
	"pitch" : 0.97878365546778978,
	"roll" : 0.093649715396664585,
	"x" : -0.26040240793932073,
	"y" : 0.081604534899062303,
	"yaw" : 1.3110889388087492,
	"z" : -0.0050635029476006899
}
