{
	"pitch" : 0.99308263558140686,
	"roll" : -0.030734540607203292,
	"x" : -0.27595198660673015,
	"y" : -0.051688104956545439,
	"yaw" : 0.92907996789798397,
	"z" : -0.092471954906921588
}
