{
	"pitch" : 0.98693478862151629,
	"roll" : 0.11084857700217055,
	"x" : -0.26242996263984575,
	"y" : 0.082809464319746534,
	"yaw" : 1.3356188267989757,
	"z" : -0.004603717605391161
}
