{
	"pitch" : 1.0679524692411391,
	"roll" : 0.16818811702812106,
	"x" : -0.25764444291157634,
	"y" : 0.022764915369090595,
	"yaw" : 1.4052242413624136,
	"z" : -0.076109448680128089
}
