{
	"pitch" : 1.479162501610398,
	"roll" : 0.17192248381351496,
	"x" : -0.24481923583099205,
	"y" : 0.038340536804035041,
	"yaw" : 1.4614704769161846,
	"z" : -0.11768096212801964
}
