{
	"pitch" : 1.3973147654589626,
	"roll" : -0.21164863608301335,
	"x" : -0.24046742742107188,
	"y" : 0.20292543931514526,
	"yaw" : 1.1870218033517008,
	"z" : -0.10240992199098703
}
