{
	"pitch" : 0.97227661954397016,
	"roll" : 0.069975117301737708,
	"x" : -0.27227341742059519,
	"y" : 0.080520278468292544,
	"yaw" : 1.2976150848907897,
	"z" : -0.025866695526000905
}
