{
	"pitch" : 0.98594011499003187,
	"roll" : 0.14311261571366285,
	"x" : -0.26364456951775361,
	"y" : 0.015055352053156033,
	"yaw" : 1.3819214885415385,
	"z" : -0.073458929829094008
}
