{
	"pitch" : 1.0562300428442255,
	"roll" : 0.028348940931847946,
	"x" : -0.27342387414716296,
	"y" : -0.055379208275404941,
	"yaw" : 0.9499496242476887,
	"z" : -0.081852806159697492
}
