{
	"pitch" : 1.1845316142479072,
	"roll" : -0.18242653297601535,
	"x" : -0.2546674594529395,
	"y" : -0.01476747087727553,
	"yaw" : 0.93702649927294779,
	"z" : -0.092954504525638026
}
