{
	"pitch" : 1.4785649859880443,
	"roll" : -0.68425633646867279,
	"x" : -0.23283197762480218,
	"y" : 0.20451946175699134,
	"yaw" : 0.67256223578070029,
	"z" : -0.1340029773465132
}
