{
	"pitch" : 1.4129301324676458,
	"roll" : -0.002774350160290413,
	"x" : -0.22667098246359199,
	"y" : 0.19514963407405223,
	"yaw" : 1.3466106249789183,
	"z" : -0.087239977782828548
}
