{
	"pitch" : 1.4670299068225765,
	"roll" : -0.523180470390187,
	"x" : -0.23728729052188294,
	"y" : 0.20537640886545566,
	"yaw" : 0.82782880560492755,
	"z" : -0.13319568889123107
}
