{
	"pitch" : 1.4148640392574519,
	"roll" : -0.82547930501134126,
	"x" : -0.23940965614448706,
	"y" : 0.018555246841383641,
	"yaw" : 0.42003180899627335,
	"z" : -0.1326340813252975
}
