{
	"pitch" : 1.3089555483229816,
	"roll" : -0.001232858940428491,
	"x" : -0.24474027391505748,
	"y" : 0.16695846152725247,
	"yaw" : 1.347002696302299,
	"z" : -0.10529962167053027
}
