{
	"pitch" : 1.5051598938414836,
	"roll" : -2.0589027796744128,
	"x" : -0.23400198778148573,
	"y" : 0.028020206264003963,
	"yaw" : -0.78076011074019436,
	"z" : -0.1524533769735858
}
