{
	"pitch" : 1.4968427034220699,
	"roll" : -2.0452952316390336,
	"x" : -0.22850557441557914,
	"y" : 0.033132350853005602,
	"yaw" : -0.74524095392276735,
	"z" : -0.13343890696395172
}
