{
	"pitch" : 1.1048453351126792,
	"roll" : 0.20214877197560427,
	"x" : -0.25642801944306726,
	"y" : 0.025910705359704859,
	"yaw" : 1.4358590913299556,
	"z" : -0.077230526745211608
}
