{
	"pitch" : 0.9494089566089523,
	"roll" : 0.03390099765332609,
	"x" : -0.24381646960481268,
	"y" : 0.082327589502609599,
	"yaw" : 1.3179041331932173,
	"z" : -0.047890846427223216
}
