{
	"pitch" : 0.97234350550022519,
	"roll" : -0.078979684782206669,
	"x" : -0.27392807057485491,
	"y" : -0.041750354532915569,
	"yaw" : 0.94611994777826769,
	"z" : -0.082397376573698763
}
