{
	"pitch" : 1.3544701174763321,
	"roll" : -0.073923233234683708,
	"x" : -0.24046228557112176,
	"y" : 0.18251058104977261,
	"yaw" : 1.2655575425415995,
	"z" : -0.11123640899454679
}
