{
	"pitch" : 1.4725181879233333,
	"roll" : -0.50032471069261275,
	"x" : -0.23648717807518643,
	"y" : 0.2055701115778289,
	"yaw" : 0.84644123380303693,
	"z" : -0.13334167836721816
}
