{
	"pitch" : 1.4737126956069513,
	"roll" : -2.285852441900218,
	"x" : -0.23154572444609936,
	"y" : 0.028681031241332228,
	"yaw" : -0.99583968266126943,
	"z" : -0.16264258404262036
}
