{
	"pitch" : 0.99839042079021434,
	"roll" : -0.11867797532606696,
	"x" : -0.26893814794736898,
	"y" : -0.038960677185223565,
	"yaw" : 0.92039923679562941,
	"z" : -0.080296831779733097
}
