{
	"pitch" : 1.3567170816901077,
	"roll" : -0.42919404839953046,
	"x" : -0.2472321666857665,
	"y" : 0.0060801186867424709,
	"yaw" : 0.77516356822646271,
	"z" : -0.11904356139457828
}
