{
	"pitch" : 0.98896953044154579,
	"roll" : -0.013821033990726721,
	"x" : -0.26228447423011403,
	"y" : 0.072095811245937697,
	"yaw" : 1.1557661894994611,
	"z" : -0.029514003092693447
}
