{
	"pitch" : 0.96727302913100011,
	"roll" : 0.094853907039983115,
	"x" : -0.27514129093063178,
	"y" : 0.084203785739366821,
	"yaw" : 1.3257787423707186,
	"z" : -0.030496771306521481
}
