{
	"pitch" : 1.3688838921045239,
	"roll" : -0.074059094503995559,
	"x" : -0.24076639939823569,
	"y" : 0.18551974041716618,
	"yaw" : 1.2660147024200528,
	"z" : -0.11382185089699876
}
