{
	"pitch" : 1.2837442967958554,
	"roll" : -0.32186507392790037,
	"x" : -0.24979866006805312,
	"y" : -0.002513214658249014,
	"yaw" : 0.85090134985117916,
	"z" : -0.1084144000464381
}
