{
	"pitch" : 1.5009381930499393,
	"roll" : -2.4813092753143957,
	"x" : -0.23394318780989451,
	"y" : 0.028109976353354757,
	"yaw" : -1.2054479133650682,
	"z" : -0.14015077750747812
}
