{
	"pitch" : 0.96331415135773968,
	"roll" : 0.10115124649226077,
	"x" : -0.25852664476123738,
	"y" : 0.012794282734442265,
	"yaw" : 1.3213741101418428,
	"z" : -0.064342487567341275
}
