{
	"pitch" : 0.95901127530102948,
	"roll" : -0.055644427905844868,
	"x" : -0.27594668345332313,
	"y" : -0.047642064303553652,
	"yaw" : 0.93243360901388894,
	"z" : -0.089646263953950672
}
