{
	"pitch" : 0.9735934877385326,
	"roll" : 0.092329883878378954,
	"x" : -0.26452817694994529,
	"y" : 0.083458151743928399,
	"yaw" : 1.3123968885391366,
	"z" : -0.011801916969160497
}
