{
	"pitch" : 1.4669127607520864,
	"roll" : -0.3893509960893477,
	"x" : -0.23881803712142166,
	"y" : 0.20396868054697356,
	"yaw" : 0.96894045960865671,
	"z" : -0.13070465084598037
}
