{
	"pitch" : 0.97273841914552817,
	"roll" : 0.090199517967551157,
	"x" : -0.27545309271493174,
	"y" : 0.085117811451914535,
	"yaw" : 1.3305487146469392,
	"z" : -0.030247179832285448
}
