{
	"pitch" : 1.5024247510365631,
	"roll" : -2.4467305892276077,
	"x" : -0.23343371729929868,
	"y" : 0.028847245440557834,
	"yaw" : -1.1730094059003771,
	"z" : -0.13953642681094985
}
