{
	"pitch" : 1.3297005511163171,
	"roll" : 0.27351667577772976,
	"x" : -0.24849836932135067,
	"y" : 0.039381305559297856,
	"yaw" : 1.5322093161146579,
	"z" : -0.094485106952598055
}
