{
	"pitch" : 1.2695616416415085,
	"roll" : -0.28993142474911271,
	"x" : -0.2507588818496771,
	"y" : -0.0046464005942004685,
	"yaw" : 0.87493305985110725,
	"z" : -0.10431705292122105
}
