{
	"pitch" : 0.97215499032616071,
	"roll" : 0.12985338583564771,
	"x" : -0.26556676443352339,
	"y" : 0.01236747258937362,
	"yaw" : 1.3644810499641347,
	"z" : -0.075482284806959801
}
