{
	"pitch" : 1.475330271675855,
	"roll" : -2.3219196156884383,
	"x" : -0.22889007028845854,
	"y" : 0.028341753909287837,
	"yaw" : -1.0313546846272723,
	"z" : -0.1603877437759838
}
