{
	"pitch" : 1.0573271584110551,
	"roll" : 0.021426938385226062,
	"x" : -0.2730653117030144,
	"y" : -0.056036781328579102,
	"yaw" : 0.94511376573122241,
	"z" : -0.081766664232770861
}
