{
	"pitch" : 1.0172303141902312,
	"roll" : -0.13268740073725435,
	"x" : -0.26311424692961227,
	"y" : -0.033544976383757252,
	"yaw" : 0.91740440792717282,
	"z" : -0.077061246745233153
}
