{
	"pitch" : 1.5072120910566302,
	"roll" : -2.3285804795957836,
	"x" : -0.23557552309979501,
	"y" : 0.02652768400668043,
	"yaw" : -1.0522767163896301,
	"z" : -0.15558374700279676
}
