{
	"pitch" : 1.4630732051585735,
	"roll" : -0.23894179592761705,
	"x" : -0.23891046705400948,
	"y" : 0.20560358896486255,
	"yaw" : 1.1431855907797253,
	"z" : -0.12612205391599668
}
