{
	"pitch" : 1.2972126294478237,
	"roll" : -0.00013651811244105755,
	"x" : -0.24511914724141948,
	"y" : 0.1643879387585552,
	"yaw" : 1.3488321630466082,
	"z" : -0.10338477653701776
}
