{
	"pitch" : 1.0522228649192404,
	"roll" : 0.019999067847092811,
	"x" : -0.27242955348752379,
	"y" : -0.055442774273939607,
	"yaw" : 0.94358302233259217,
	"z" : -0.081479123661763103
}
