{
	"pitch" : 0.96835078592439128,
	"roll" : 0.1139470868333345,
	"x" : -0.25772784416964639,
	"y" : 0.011787666797889514,
	"yaw" : 1.3371009039801536,
	"z" : -0.054174443331235472
}
