{
	"pitch" : 1.0473747127936333,
	"roll" : 0.055882187061768618,
	"x" : -0.25894852646166994,
	"y" : 0.13191013679494007,
	"yaw" : 1.3781373508092816,
	"z" : -0.01822983716492993
}
