{
	"pitch" : 1.5053326590665828,
	"roll" : -2.0484624517492107,
	"x" : -0.23389070685163102,
	"y" : 0.028199607784024805,
	"yaw" : -0.77074222775421786,
	"z" : -0.15183980547704162
}
