{
	"pitch" : 0.96972113531291981,
	"roll" : -0.054659391991019886,
	"x" : -0.27802276002898008,
	"y" : -0.044881648786595958,
	"yaw" : 0.95487792248428882,
	"z" : -0.087803985708115359
}
