{
	"pitch" : 1.0705914205675424,
	"roll" : 0.0065518584866736205,
	"x" : -0.24246688502863109,
	"y" : 0.11554394694290511,
	"yaw" : 1.3447368172272964,
	"z" : -0.057449037929720115
}
