{
	"pitch" : 1.5018158046575409,
	"roll" : -2.4467880796559163,
	"x" : -0.23351929103400229,
	"y" : 0.028710829475895983,
	"yaw" : -1.1730421888953102,
	"z" : -0.13956490873887378
}
