{
	"pitch" : 1.0491799403283317,
	"roll" : 0.13565234336471924,
	"x" : -0.25610358032269076,
	"y" : 0.065847634058588955,
	"yaw" : 1.2965629754384058,
	"z" : -0.045535778032258584
}
