{
	"pitch" : 1.5045678571256811,
	"roll" : -1.8630555439260061,
	"x" : -0.23339132144332755,
	"y" : 0.028785335503902082,
	"yaw" : -0.58470440889741915,
	"z" : -0.15104948073152419
}
