{
	"pitch" : 1.055599937363799,
	"roll" : -0.14603025090353106,
	"x" : -0.25968583740297529,
	"y" : -0.028445286896518589,
	"yaw" : 0.91353873556436149,
	"z" : -0.078609992969022463
}
