{
	"pitch" : 1.4798289139463858,
	"roll" : -2.3268734399298854,
	"x" : -0.2294899100318134,
	"y" : 0.031051225923990081,
	"yaw" : -1.0424218073818936,
	"z" : -0.14658067532751695
}
