{
	"pitch" : 0.99998715656666204,
	"roll" : -0.017406719111954471,
	"x" : -0.27605521881377093,
	"y" : -0.051746735902200441,
	"yaw" : 0.9397023611550378,
	"z" : -0.092134242298044233
}
