{
	"pitch" : 1.4488959966491481,
	"roll" : -0.56283626971999512,
	"x" : -0.2319621457164035,
	"y" : 0.20781609475540064,
	"yaw" : 0.80516120813635728,
	"z" : -0.12944148364597358
}
