{
	"pitch" : 1.4759408925906639,
	"roll" : -0.52418163521139471,
	"x" : -0.23597217329239401,
	"y" : 0.20626834025114871,
	"yaw" : 0.81994026486099369,
	"z" : -0.13206742343746769
}
