{
	"pitch" : 0.96930163726444274,
	"roll" : 0.12327638073438381,
	"x" : -0.25898392785516894,
	"y" : 0.011102990832964742,
	"yaw" : 1.3489831947210362,
	"z" : -0.052859214960518625
}
