{
	"pitch" : 1.0085219585682366,
	"roll" : 0.038291736264179844,
	"x" : -0.24382848763617324,
	"y" : 0.096088448373992372,
	"yaw" : 1.3431853017033204,
	"z" : -0.050511657082677991
}
