{
	"pitch" : 1.1270909635541997,
	"roll" : 0.20251531654626576,
	"x" : -0.2553638919524332,
	"y" : 0.027308265586616202,
	"yaw" : 1.4347194757168222,
	"z" : -0.079774705779927957
}
