{
	"pitch" : 1.204005070120961,
	"roll" : 0.21627652765611016,
	"x" : -0.25191870853258796,
	"y" : 0.033631486826045116,
	"yaw" : 1.4559458369564697,
	"z" : -0.084883260313561235
}
