{
	"pitch" : 1.4798141098058748,
	"roll" : -2.3312648257937463,
	"x" : -0.2324854576556119,
	"y" : 0.030310234734288746,
	"yaw" : -1.0435378830519664,
	"z" : -0.15173161177515415
}
