{
	"pitch" : 1.5008335861645961,
	"roll" : -2.4674909460297707,
	"x" : -0.23383586668225734,
	"y" : 0.028155346606918152,
	"yaw" : -1.1920298401163818,
	"z" : -0.14012949381015466
}
