{
	"pitch" : 1.4635369780725749,
	"roll" : -0.46707937422424634,
	"x" : -0.23473212083517425,
	"y" : 0.2070391801736664,
	"yaw" : 0.90230684878993428,
	"z" : -0.12873504662104379
}
