{
	"pitch" : 1.5037993739788063,
	"roll" : -2.3869725129511901,
	"x" : -0.23590635169261481,
	"y" : 0.026564580660032228,
	"yaw" : -1.111294164709856,
	"z" : -0.15797574330598613
}
