{
	"pitch" : 1.5052188597921037,
	"roll" : -2.3794973756107458,
	"x" : -0.23601395893993815,
	"y" : 0.026736189147922751,
	"yaw" : -1.1036875982371543,
	"z" : -0.15760323457438943
}
