{
	"pitch" : 1.0002733117437779,
	"roll" : 0.098958919239474419,
	"x" : -0.27257822832058143,
	"y" : 0.069589438199180925,
	"yaw" : 1.2696642314034094,
	"z" : -0.03854507366844237
}
