{
	"pitch" : 1.500991699747352,
	"roll" : -2.4686761136400079,
	"x" : -0.23391177409892791,
	"y" : 0.02812388421106897,
	"yaw" : -1.193051095107428,
	"z" : -0.14064093418945228
}
