{
	"pitch" : 1.4562614328197925,
	"roll" : -0.24574923189042139,
	"x" : -0.23890466926526657,
	"y" : 0.20566754289920791,
	"yaw" : 1.137948970360007,
	"z" : -0.1244701141320585
}
