{
	"pitch" : 1.236070945710912,
	"roll" : -0.069282033774182142,
	"x" : -0.24361380870680568,
	"y" : 0.19097707166653718,
	"yaw" : 1.3181569947350344,
	"z" : -0.055497897059276657
}
