{
	"pitch" : 1.4775854485110138,
	"roll" : 0.17796504968268118,
	"x" : -0.24504880542368793,
	"y" : 0.038274154167578775,
	"yaw" : 1.4672449684364883,
	"z" : -0.11798447452461541
}
