{
	"pitch" : 1.0212655069058845,
	"roll" : -0.13286069923904964,
	"x" : -0.26297701653416439,
	"y" : -0.03282896263188665,
	"yaw" : 0.91746811038916132,
	"z" : -0.077707036498719823
}
