{
	"pitch" : 0.98911266688179211,
	"roll" : -0.033659746615544953,
	"x" : -0.2765737282002394,
	"y" : -0.051185521608210584,
	"yaw" : 0.92848954626886071,
	"z" : -0.093262191717762455
}
