{
	"pitch" : 0.91372040050706782,
	"roll" : 0.056402970053576931,
	"x" : -0.24812475001413664,
	"y" : 0.062554822066945764,
	"yaw" : 1.3245279486420931,
	"z" : -0.050342287178425399
}
