{
	"pitch" : 1.5056005382652236,
	"roll" : -2.3652857681823947,
	"x" : -0.23598410159419347,
	"y" : 0.026763266134789104,
	"yaw" : -1.0891643106647146,
	"z" : -0.15742672054707879
}
