{
	"pitch" : 1.475646709672791,
	"roll" : -2.434991798946788,
	"x" : -0.22862686271077401,
	"y" : 0.029448769085103244,
	"yaw" : -1.1406018738683459,
	"z" : -0.14261872326775696
}
