{
	"pitch" : 1.3987334654742614,
	"roll" : -0.66673004509781575,
	"x" : -0.24269162284036239,
	"y" : 0.013142956044193965,
	"yaw" : 0.56747386995437499,
	"z" : -0.13195560181018506
}
