{
	"pitch" : 1.1171138440125765,
	"roll" : -0.15617480305044076,
	"x" : -0.25567226649386932,
	"y" : -0.020903068586934571,
	"yaw" : 0.93172126422777279,
	"z" : -0.082495283247878637
}
