{
	"pitch" : 1.4508907985439843,
	"roll" : -0.57307076676821,
	"x" : -0.2324411927175668,
	"y" : 0.20768462616367692,
	"yaw" : 0.79381956373007767,
	"z" : -0.12957790534971858
}
