{
	"pitch" : 1.3600217483071346,
	"roll" : -0.069008644938261421,
	"x" : -0.24057965352676408,
	"y" : 0.18308632013210507,
	"yaw" : 1.2712531233137383,
	"z" : -0.11119974326533531
}
