{
	"pitch" : 0.97860816833282882,
	"roll" : 0.098558236497640173,
	"x" : -0.2592479967555944,
	"y" : 0.08199625876075943,
	"yaw" : 1.316329706016049,
	"z" : 0.00010638991548531096
}
