{
	"pitch" : 1.4800542969261192,
	"roll" : -2.3180377689656391,
	"x" : -0.22890549392670517,
	"y" : 0.03119298607498483,
	"yaw" : -1.0341128347214235,
	"z" : -0.14559874823885652
}
