{
	"pitch" : 0.97807247544299247,
	"roll" : 0.096089713411814603,
	"x" : -0.25968717983691758,
	"y" : 0.081810341855255014,
	"yaw" : 1.3140053172771051,
	"z" : -0.0022850605761744469
}
