{
	"pitch" : 1.0581981810539609,
	"roll" : 0.022632665835118287,
	"x" : -0.24327325368334471,
	"y" : 0.111493164105401,
	"yaw" : 1.3533157681642674,
	"z" : -0.05528805689834837
}
