{
	"pitch" : 1.1498864038508658,
	"roll" : -0.17662586040802736,
	"x" : -0.25443551871521092,
	"y" : -0.017309183963557212,
	"yaw" : 0.92790843467096717,
	"z" : -0.087338380011043368
}
