{
	"pitch" : 1.245652335066026,
	"roll" : -0.077591023488928712,
	"x" : -0.24344967155697433,
	"y" : 0.19242757107654734,
	"yaw" : 1.3110526057830252,
	"z" : -0.059155962664080769
}
