{
	"pitch" : 1.2879015898530373,
	"roll" : -0.096330384747061307,
	"x" : -0.24288822810303654,
	"y" : 0.19702020781463331,
	"yaw" : 1.2972665721518817,
	"z" : -0.07121515995457757
}
