{
	"pitch" : 1.4939781130783369,
	"roll" : 0.049025682313434654,
	"x" : -0.24331063161934013,
	"y" : 0.03843555927285458,
	"yaw" : 1.3430528448929324,
	"z" : -0.12078055515177032
}
