{
	"pitch" : 1.4454111507595946,
	"roll" : -0.20061721917094341,
	"x" : -0.23301140032441953,
	"y" : 0.20234472192225178,
	"yaw" : 1.1544911028904534,
	"z" : -0.11559333641387443
}
