{
	"pitch" : 1.4766396924830261,
	"roll" : -2.4228725648903633,
	"x" : -0.22823574709697975,
	"y" : 0.029503893443317927,
	"yaw" : -1.1289200532976014,
	"z" : -0.14261265824786479
}
