{
	"pitch" : 1.0337687985092969,
	"roll" : 0.15233469210917663,
	"x" : -0.25178480659461661,
	"y" : 0.064234694999079356,
	"yaw" : 1.3141675885618649,
	"z" : -0.043203795252505145
}
