{
	"pitch" : 0.97148333454688396,
	"roll" : -0.057500598702528286,
	"x" : -0.27719635965303646,
	"y" : -0.044418188420416317,
	"yaw" : 0.95396466786493761,
	"z" : -0.085914324272614168
}
