{
	"pitch" : 1.0816148789771416,
	"roll" : 0.035483058811097978,
	"x" : -0.25246333841383933,
	"y" : 0.14887042549456317,
	"yaw" : 1.3757786211099936,
	"z" : -0.020779681578483949
}
