{
	"pitch" : 1.4801706046853405,
	"roll" : -0.60398195534354182,
	"x" : -0.23323438947760422,
	"y" : 0.20518575387550583,
	"yaw" : 0.74918402115449512,
	"z" : -0.13381617624428283
}
