{
	"pitch" : 0.94299692732698059,
	"roll" : 0.08858829745631705,
	"x" : -0.2585946263043496,
	"y" : 0.016419646451762186,
	"yaw" : 1.3136208186939575,
	"z" : -0.06935750107604774
}
