{
	"pitch" : 1.2217591380239134,
	"roll" : -0.05881537855623669,
	"x" : -0.24399738217112485,
	"y" : 0.18861816221887123,
	"yaw" : 1.3271710186631998,
	"z" : -0.051694710464842142
}
