{
	"pitch" : 0.98059202733004325,
	"roll" : 0.086934038433422525,
	"x" : -0.26200096496883768,
	"y" : 0.08075527248727879,
	"yaw" : 1.3031174754327661,
	"z" : -0.009655476504248639
}
