{
	"pitch" : 1.4484727502564638,
	"roll" : -0.24935967233977976,
	"x" : -0.23406520243189824,
	"y" : 0.20305245025390689,
	"yaw" : 1.1075070248906056,
	"z" : -0.11954528056736943
}
