{
	"pitch" : 1.5286959384580003,
	"roll" : -1.5334520110084624,
	"x" : -0.23649822317899549,
	"y" : 0.036559931128267512,
	"yaw" : -0.23101757715921234,
	"z" : -0.13498957308563547
}
