{
	"pitch" : 1.0215354637884415,
	"roll" : 0.1458435311043714,
	"x" : -0.26107793981014071,
	"y" : 0.017818178321375805,
	"yaw" : 1.3924755279360752,
	"z" : -0.074624554145115873
}
