{
	"pitch" : 1.4598812725134427,
	"roll" : -0.69740339060729872,
	"x" : -0.23160366003471528,
	"y" : 0.2055480372933346,
	"yaw" : 0.66611898890363352,
	"z" : -0.13155018475654787
}
