{
	"pitch" : 1.4802904009650184,
	"roll" : -0.56055851864156114,
	"x" : -0.23641046391663439,
	"y" : 0.20526539187326065,
	"yaw" : 0.78787927833704174,
	"z" : -0.1341193742934377
}
