{
	"pitch" : 1.5005445916731643,
	"roll" : -2.4780247841154859,
	"x" : -0.23389289048762468,
	"y" : 0.028065065747189921,
	"yaw" : -1.2023393942616878,
	"z" : -0.13995230428988067
}
