{
	"pitch" : 1.0230067673004553,
	"roll" : -0.13310138686533396,
	"x" : -0.26247412174287282,
	"y" : -0.032514580884724489,
	"yaw" : 0.91647500362246881,
	"z" : -0.076789785553340179
}
