{
	"pitch" : 1.0354965627574202,
	"roll" : 0.14402208075082681,
	"x" : -0.25215572910076373,
	"y" : 0.064097538064915666,
	"yaw" : 1.3051072102652983,
	"z" : -0.042167160437267148
}
