{
	"pitch" : 1.1642911219129266,
	"roll" : 0.20641352455372758,
	"x" : -0.25356290856042002,
	"y" : 0.030008252647319725,
	"yaw" : 1.4434137768678017,
	"z" : -0.081317217304518852
}
