{
	"pitch" : 1.5055478084878324,
	"roll" : -2.3401979829299489,
	"x" : -0.2357215551747503,
	"y" : 0.026458130232781651,
	"yaw" : -1.0636331020165575,
	"z" : -0.15639484157573375
}
