{
	"pitch" : 1.4259272124218165,
	"roll" : -0.87891364201054056,
	"x" : -0.2382232705383916,
	"y" : 0.021041758870711538,
	"yaw" : 0.37388491299146903,
	"z" : -0.13702861949103301
}
