{
	"pitch" : 1.4847758191238272,
	"roll" : -2.4792387467005002,
	"x" : -0.22823951589648364,
	"y" : 0.031917207686119331,
	"yaw" : -1.1853549156822178,
	"z" : -0.13608834484549137
}
