{
	"pitch" : 1.0007213340589558,
	"roll" : 0.10999228163905389,
	"x" : -0.27358312819172492,
	"y" : 0.069697905083921485,
	"yaw" : 1.2852093155033328,
	"z" : -0.038514604839537697
}
