{
	"pitch" : 0.97716436577974108,
	"roll" : 0.0076350485142023189,
	"x" : -0.26183665351463986,
	"y" : 0.076065568815275791,
	"yaw" : 1.2060341544057886,
	"z" : -0.022677403494644671
}
