{
	"pitch" : 1.0583281363880024,
	"roll" : 0.026397810982272167,
	"x" : -0.27360383042086395,
	"y" : -0.055480751600647735,
	"yaw" : 0.95373024508955784,
	"z" : -0.082385004513614246
}
