{
	"pitch" : 1.2059760983915175,
	"roll" : -0.21036433123382123,
	"x" : -0.25400574865340952,
	"y" : -0.013425671883847402,
	"yaw" : 0.92733898668342529,
	"z" : -0.096149118474083278
}
