{
	"pitch" : 1.4658932599732584,
	"roll" : -0.55783559906214408,
	"x" : -0.2339877518601195,
	"y" : 0.20775144844298965,
	"yaw" : 0.78580686507953346,
	"z" : -0.13061874004178636
}
