{
	"pitch" : 1.5041254590234492,
	"roll" : -2.1990881306416346,
	"x" : -0.23466689132219404,
	"y" : 0.026418854170616207,
	"yaw" : -0.92069358290860259,
	"z" : -0.15555240006140902
}
