{
	"pitch" : 1.1076804268471709,
	"roll" : 0.20305567996857446,
	"x" : -0.25614344970366426,
	"y" : 0.026123972337982842,
	"yaw" : 1.4367270756170885,
	"z" : -0.076721936025123408
}
