{
	"pitch" : 1.4848127183884321,
	"roll" : -2.5239589505508242,
	"x" : -0.22916999371757435,
	"y" : 0.031759482279598919,
	"yaw" : -1.2295671809325168,
	"z" : -0.13613955965677352
}
