{
	"pitch" : 1.2649992892424808,
	"roll" : -0.0006628956966333976,
	"x" : -0.24491976251859576,
	"y" : 0.15889339028649782,
	"yaw" : 1.3499641069745185,
	"z" : -0.094997005512994434
}
