{
	"pitch" : 1.4745234657545745,
	"roll" : -1.1627130281786695,
	"x" : -0.23450563797412194,
	"y" : 0.027412982645846254,
	"yaw" : 0.10188655657760196,
	"z" : -0.14331781521894327
}
