{
	"pitch" : 1.0141998637066234,
	"roll" : 0.14590462339615773,
	"x" : -0.26180327319390412,
	"y" : 0.017129242835265561,
	"yaw" : 1.3906056903542219,
	"z" : -0.074562101357460941
}
