{
	"pitch" : 1.002607988901971,
	"roll" : 0.038496633957013374,
	"x" : -0.24372511678599326,
	"y" : 0.094869091322787577,
	"yaw" : 1.3422960310194234,
	"z" : -0.048755166947221595
}
