{
	"pitch" : 1.0560510671422987,
	"roll" : 0.021918063349879485,
	"x" : -0.27296626547985547,
	"y" : -0.055897433458560374,
	"yaw" : 0.94395736874371627,
	"z" : -0.081598465543965562
}
