{
	"pitch" : 1.5025045060485511,
	"roll" : -1.8238968038757826,
	"x" : -0.2337545340381329,
	"y" : 0.028527364685378753,
	"yaw" : -0.54546681098716943,
	"z" : -0.1520729316119929
}
