{
	"pitch" : 1.4945877397418155,
	"roll" : -2.0555196963648048,
	"x" : -0.22789598040894843,
	"y" : 0.0329166041266616,
	"yaw" : -0.75557943588847132,
	"z" : -0.13340784161839853
}
