{
	"pitch" : 1.4687723123835119,
	"roll" : -0.29743668164642811,
	"x" : -0.23885714613490533,
	"y" : 0.20695045018041899,
	"yaw" : 1.0859693593126771,
	"z" : -0.12865726368987823
}
