{
	"pitch" : 1.4470085304544169,
	"roll" : -0.24888216351285408,
	"x" : -0.23974367478102906,
	"y" : 0.20477234061692098,
	"yaw" : 1.1400421340105196,
	"z" : -0.11968021824574435
}
