{
	"pitch" : 1.2109131984312322,
	"roll" : 0.22030604169374873,
	"x" : -0.2514240550279801,
	"y" : 0.034422929300247679,
	"yaw" : 1.4586074747003344,
	"z" : -0.084870160312887744
}
