{
	"pitch" : 1.421071998125002,
	"roll" : -0.038410741010986731,
	"x" : -0.22912993836028456,
	"y" : 0.19746919221229065,
	"yaw" : 1.3120581904231057,
	"z" : -0.096868143651869118
}
