{
	"pitch" : 1.4784107674179385,
	"roll" : -2.3930828472245356,
	"x" : -0.22680532949953619,
	"y" : 0.028147745129995697,
	"yaw" : -1.1008312512453104,
	"z" : -0.1546708464378084
}
