{
	"pitch" : 0.97524165817477482,
	"roll" : 0.099430366245011517,
	"x" : -0.26270122868774703,
	"y" : 0.08403960818508803,
	"yaw" : 1.320038312654493,
	"z" : -0.0072762276745931276
}
