{
	"pitch" : 1.4088535723058564,
	"roll" : 0.29478149149800759,
	"x" : -0.24817379783505983,
	"y" : 0.039220699288818509,
	"yaw" : 1.5706701533162861,
	"z" : -0.10642163837385624
}
