{
	"pitch" : 0.96666541687428098,
	"roll" : 0.13349419408065161,
	"x" : -0.26042610156439877,
	"y" : 0.01181370927702172,
	"yaw" : 1.364966864692281,
	"z" : -0.052949403596883771
}
