{
	"pitch" : 0.9723211976301217,
	"roll" : 0.13149257838939837,
	"x" : -0.26559295690691248,
	"y" : 0.012920539802594874,
	"yaw" : 1.366703378280351,
	"z" : -0.075667155404531936
}
