{
	"pitch" : 1.2354956735398388,
	"roll" : -0.0031066900574782791,
	"x" : -0.24497177549918581,
	"y" : 0.15494028627245707,
	"yaw" : 1.3471132570789417,
	"z" : -0.090145538196955879
}
