{
	"pitch" : 1.4728710342066587,
	"roll" : -0.29601467568880108,
	"x" : -0.2387311053405119,
	"y" : 0.20591833036203672,
	"yaw" : 1.0875860236986863,
	"z" : -0.12941644276765038
}
