{
	"pitch" : 1.517412000919671,
	"roll" : -0.33432547136505664,
	"x" : -0.24099841931724814,
	"y" : 0.03845941113317998,
	"yaw" : 0.96425980451606497,
	"z" : -0.12734907774991924
}
