{
	"pitch" : 1.3771228358106555,
	"roll" : -0.50297550495029497,
	"x" : -0.24535899970765998,
	"y" : 0.0090227735127962685,
	"yaw" : 0.70965105466050404,
	"z" : -0.12108349616617642
}
