{
	"pitch" : 1.4497569573035867,
	"roll" : -0.26554408561073611,
	"x" : -0.23438167971514376,
	"y" : 0.20321081277300024,
	"yaw" : 1.0917612292426306,
	"z" : -0.12039091867999183
}
