{
	"pitch" : 0.94815668127263952,
	"roll" : 0.03001401447479218,
	"x" : -0.27031614565914364,
	"y" : 0.099137568747999116,
	"yaw" : 1.3090725617155985,
	"z" : -0.019836890421686515
}
