{
	"pitch" : 1.4658368773299977,
	"roll" : -0.56061442912853809,
	"x" : -0.23400377328667149,
	"y" : 0.20769739927159822,
	"yaw" : 0.78324299536889075,
	"z" : -0.13115391060681725
}
