{
	"pitch" : 1.0588583947423691,
	"roll" : 0.028176032442335359,
	"x" : -0.27375694834538711,
	"y" : -0.05564425150762585,
	"yaw" : 0.95277425455180909,
	"z" : -0.082145615515021836
}
