{
	"pitch" : 1.378371874194211,
	"roll" : -0.066329378532422489,
	"x" : -0.24038867797684504,
	"y" : 0.18854950997708161,
	"yaw" : 1.2734353621327033,
	"z" : -0.11444652120954878
}
