{
	"pitch" : 1.4700384435710057,
	"roll" : -0.48769503077963305,
	"x" : -0.23657299671809448,
	"y" : 0.20577391531118588,
	"yaw" : 0.85888599858175563,
	"z" : -0.13332454622510354
}
