{
	"pitch" : 1.5021484710807624,
	"roll" : -2.141567183240582,
	"x" : -0.23404936472036275,
	"y" : 0.026830055903850028,
	"yaw" : -0.8594891295976228,
	"z" : -0.15408173344580797
}
