{
	"pitch" : 1.4769759927682626,
	"roll" : -0.69236885494439782,
	"x" : -0.2328938124290012,
	"y" : 0.20439866820691815,
	"yaw" : 0.66562479756648851,
	"z" : -0.13481244846565044
}
