{
	"pitch" : 0.95719340137690856,
	"roll" : 0.1041910013119416,
	"x" : -0.25946262269797715,
	"y" : 0.013472390653343064,
	"yaw" : 1.3214847124254414,
	"z" : -0.06871036241469268
}
