{
	"pitch" : 1.466761769616173,
	"roll" : -0.52545373985788946,
	"x" : -0.23734634004721472,
	"y" : 0.20530583102697569,
	"yaw" : 0.82616839726943259,
	"z" : -0.13345555852225288
}
