{
	"pitch" : 1.485540537078567,
	"roll" : -2.520307090796293,
	"x" : -0.22917605557733114,
	"y" : 0.031910237402147018,
	"yaw" : -1.2263385134514162,
	"z" : -0.13614060770419834
}
