{
	"pitch" : 1.5005109912074988,
	"roll" : -2.4763217841485101,
	"x" : -0.23387676716148648,
	"y" : 0.028076797737461037,
	"yaw" : -1.2007517124293261,
	"z" : -0.13991723774570042
}
