{
	"pitch" : 0.97450834932144748,
	"roll" : 0.08877476129016619,
	"x" : -0.26651445623601017,
	"y" : 0.082830846015297194,
	"yaw" : 1.3094856060897915,
	"z" : -0.015754686580347843
}
