{
	"pitch" : 0.9789840044875765,
	"roll" : 0.096129923463307246,
	"x" : -0.27694772358287151,
	"y" : 0.081009853072141036,
	"yaw" : 1.3225607888559934,
	"z" : -0.033185286962513438
}
