{
	"pitch" : 1.4854250681205738,
	"roll" : -2.4991174977757655,
	"x" : -0.2286952619583025,
	"y" : 0.031943929845908547,
	"yaw" : -1.2054988419165855,
	"z" : -0.1360736578905351
}
