{
	"pitch" : 1.4996968702472471,
	"roll" : -2.4730777097763599,
	"x" : -0.23378900503977312,
	"y" : 0.028115171602746319,
	"yaw" : -1.1969214193678739,
	"z" : -0.14125817618556122
}
