{
	"pitch" : 1.0566184795560929,
	"roll" : 0.028170711234407803,
	"x" : -0.27345543844568526,
	"y" : -0.055450930720002414,
	"yaw" : 0.94983580704423465,
	"z" : -0.081859688529420882
}
