{
	"pitch" : 1.4669858183932794,
	"roll" : -0.52110660402243758,
	"x" : -0.23457771716120052,
	"y" : 0.20770389950041745,
	"yaw" : 0.8214089645626379,
	"z" : -0.13033247424592265
}
