{
	"pitch" : 0.97871047619389995,
	"roll" : 0.093984233792565888,
	"x" : -0.27689368646141788,
	"y" : 0.0811379568875846,
	"yaw" : 1.3229545732711268,
	"z" : -0.033633337632747201
}
