{
	"pitch" : 1.4430962156497054,
	"roll" : 0.28066797757130613,
	"x" : -0.24706211803192041,
	"y" : 0.038669539558283582,
	"yaw" : 1.5610487815460805,
	"z" : -0.11144922513333967
}
