{
	"pitch" : 1.1357690090511461,
	"roll" : 0.20369584384292946,
	"x" : -0.25458480761871016,
	"y" : 0.028276498655831532,
	"yaw" : 1.4353449278690769,
	"z" : -0.079247217640423764
}
