{
	"pitch" : 1.4654476773707343,
	"roll" : -0.57327422863342781,
	"x" : -0.23380424945263964,
	"y" : 0.2076407706456761,
	"yaw" : 0.77178287520523425,
	"z" : -0.13114828618537369
}
