{
	"pitch" : 1.0754023675763404,
	"roll" : -0.14917977212380312,
	"x" : -0.25798525862790317,
	"y" : -0.026107446833746155,
	"yaw" : 0.91730691749774773,
	"z" : -0.079443540076253844
}
