{
	"pitch" : 0.96664594352737132,
	"roll" : -0.048976848440313143,
	"x" : -0.27462285040294143,
	"y" : -0.050204816669999784,
	"yaw" : 0.92746434883201501,
	"z" : -0.091464465455919935
}
