{
	"pitch" : 0.95440259993761611,
	"roll" : 0.089530591574477292,
	"x" : -0.26773557453431762,
	"y" : 0.010159756598570824,
	"yaw" : 1.3202358695573746,
	"z" : -0.077602913123709552
}
