{
	"pitch" : 1.4578666187644496,
	"roll" : -0.65967994228328153,
	"x" : -0.23208313597123614,
	"y" : 0.20602673432164353,
	"yaw" : 0.70537834022685741,
	"z" : -0.13191957310769689
}
