{
	"pitch" : 1.0290192070103825,
	"roll" : 0.048167788418558052,
	"x" : -0.26164630481314921,
	"y" : 0.12241073589383208,
	"yaw" : 1.363626097516683,
	"z" : -0.017985708080274249
}
