{
	"pitch" : 1.475576435692127,
	"roll" : -2.3336202270317261,
	"x" : -0.22835061255078146,
	"y" : 0.028291741397531905,
	"yaw" : -1.0427439462597452,
	"z" : -0.15885914646033009
}
