{
	"pitch" : 1.0271218399833071,
	"roll" : 0.047454150599758722,
	"x" : -0.24414776392716686,
	"y" : 0.099978734644139575,
	"yaw" : 1.3552892744369325,
	"z" : -0.050333170198420513
}
