{
	"pitch" : 1.369194929127485,
	"roll" : 0.26197462426054552,
	"x" : -0.24813798903257994,
	"y" : 0.03947118902963969,
	"yaw" : 1.5293151181328251,
	"z" : -0.10094945590659676
}
