{
	"pitch" : 1.5042393242363321,
	"roll" : -2.3818997699614126,
	"x" : -0.23591494705141947,
	"y" : 0.026643119298242951,
	"yaw" : -1.1062707915523058,
	"z" : -0.15766566288733846
}
