{
	"pitch" : 0.9996117512761985,
	"roll" : 0.052438956543522403,
	"x" : -0.26859135298106079,
	"y" : 0.069554683404964041,
	"yaw" : 1.2073531120929006,
	"z" : -0.037463980493029708
}
