{
	"pitch" : 1.4851679112328058,
	"roll" : -2.5218989272356809,
	"x" : -0.22916756972602276,
	"y" : 0.031835802569744512,
	"yaw" : -1.227713634497406,
	"z" : -0.13613797100673014
}
