{
	"pitch" : 1.110692047006651,
	"roll" : -0.15330273573839906,
	"x" : -0.25614449136604522,
	"y" : -0.021740559205228299,
	"yaw" : 0.93078570127495186,
	"z" : -0.082446482106806537
}
