{
	"pitch" : 1.4605306270777445,
	"roll" : -0.39270629647762328,
	"x" : -0.23577858147823091,
	"y" : 0.20772431627693391,
	"yaw" : 0.97952608819951115,
	"z" : -0.12879826489206761
}
