{
	"pitch" : 1.5031147965879472,
	"roll" : -2.4459607001793908,
	"x" : -0.23339402127521064,
	"y" : 0.029069604882454858,
	"yaw" : -1.1721118085745936,
	"z" : -0.13951767811031149
}
