{
	"pitch" : 1.0367120712055826,
	"roll" : 0.010768580452185194,
	"x" : -0.27234133885369544,
	"y" : -0.054045168141669479,
	"yaw" : 0.94338605847661794,
	"z" : -0.08479754071704973
}
