{
	"pitch" : 1.3666371550379031,
	"roll" : 0.25923634454752936,
	"x" : -0.24788128685699826,
	"y" : 0.039448424165885815,
	"yaw" : 1.5262634337072543,
	"z" : -0.099718365150338023
}
