{
	"pitch" : 1.0194520761111319,
	"roll" : -0.0010611760061050373,
	"x" : -0.27424764373301147,
	"y" : -0.052969173315052437,
	"yaw" : 0.94660362798916498,
	"z" : -0.088683824057143174
}
