{
	"pitch" : 0.98390856814988525,
	"roll" : 0.14300970043248928,
	"x" : -0.26426458499498812,
	"y" : 0.014855214460367659,
	"yaw" : 1.3812927493981351,
	"z" : -0.074819023473368787
}
