{
	"pitch" : 1.4768086109728304,
	"roll" : -1.2272370340336771,
	"x" : -0.23357940334170413,
	"y" : 0.028067787818445294,
	"yaw" : 0.040533723639338146,
	"z" : -0.14294093288442722
}
