{
	"pitch" : 1.4722413307817301,
	"roll" : -0.32664712667679668,
	"x" : -0.23819621160973239,
	"y" : 0.20504426426102493,
	"yaw" : 1.059768014906965,
	"z" : -0.12918397182534286
}
