{
	"pitch" : 1.3474185216539389,
	"roll" : -0.41032128591972017,
	"x" : -0.24749730836714046,
	"y" : 0.0049925827339670353,
	"yaw" : 0.78898665332189388,
	"z" : -0.11668046099018493
}
