{
	"pitch" : 1.4727992159118564,
	"roll" : -0.70588535802143482,
	"x" : -0.23235111715549348,
	"y" : 0.20447198988138951,
	"yaw" : 0.65357750267994685,
	"z" : -0.13356474031704335
}
