{
	"pitch" : 1.085045420503074,
	"roll" : -0.14719087256874205,
	"x" : -0.25792119005019648,
	"y" : -0.024980607742134227,
	"yaw" : 0.92384727796315236,
	"z" : -0.081628387638749481
}
