{
	"pitch" : 1.4130533130508258,
	"roll" : -0.024796024496190835,
	"x" : -0.2287867122193589,
	"y" : 0.19503147660252884,
	"yaw" : 1.3226043267123211,
	"z" : -0.091429638668120108
}
