{
	"pitch" : 1.0320660146697962,
	"roll" : 0.048307633781136491,
	"x" : -0.24414086025125187,
	"y" : 0.10133065155156105,
	"yaw" : 1.3579872056130915,
	"z" : -0.050494773304486762
}
