{
	"pitch" : 1.4521062766921118,
	"roll" : -0.56798604359602511,
	"x" : -0.23224950035234079,
	"y" : 0.20732704302692154,
	"yaw" : 0.79988424117548929,
	"z" : -0.12985713526606985
}
