{
	"pitch" : 1.3630713793186113,
	"roll" : -0.15532673012671905,
	"x" : -0.24154842916480518,
	"y" : 0.20154151313919511,
	"yaw" : 1.2430661919878669,
	"z" : -0.092932800644118255
}
