{
	"pitch" : 1.5056640084286541,
	"roll" : -2.3389118352895544,
	"x" : -0.23563147100073817,
	"y" : 0.026518513549100731,
	"yaw" : -1.0623766264964027,
	"z" : -0.15581662248579592
}
