{
	"pitch" : 1.0576394064037788,
	"roll" : 0.028135577155681681,
	"x" : -0.27360857796276827,
	"y" : -0.05547391930290025,
	"yaw" : 0.95237493289176522,
	"z" : -0.082093073231329125
}
