{
	"pitch" : 1.265909663781724,
	"roll" : -0.28221473993325008,
	"x" : -0.25149626320543117,
	"y" : -0.0054401619531746701,
	"yaw" : 0.88098985958740472,
	"z" : -0.10502077680529241
}
