{
	"pitch" : 1.5155365839601729,
	"roll" : -0.25321201090777196,
	"x" : -0.24163271877381559,
	"y" : 0.038329698352832633,
	"yaw" : 1.0440501039324712,
	"z" : -0.12684968154662829
}
