{
	"pitch" : 0.96851807180108052,
	"roll" : 0.11727123731929592,
	"x" : -0.25815238819986719,
	"y" : 0.011416768183793634,
	"yaw" : 1.3424980497440202,
	"z" : -0.053221866751033992
}
