{
	"pitch" : 0.9688260341532049,
	"roll" : 0.11697291239768555,
	"x" : -0.25814507519553376,
	"y" : 0.011430241880129664,
	"yaw" : 1.3421491546778679,
	"z" : -0.053398198755986892
}
