{
	"pitch" : 1.4637271857551923,
	"roll" : -0.61747604522777977,
	"x" : -0.2331189439652458,
	"y" : 0.2067139520210442,
	"yaw" : 0.7306862098799336,
	"z" : -0.13152916435150444
}
