{
	"pitch" : 1.5221939622484726,
	"roll" : -1.6331090246108688,
	"x" : -0.23504466492785056,
	"y" : 0.036078838169060365,
	"yaw" : -0.33189336049065854,
	"z" : -0.13552899819804778
}
