{
	"pitch" : 1.050346375327885,
	"roll" : 0.043856014815633067,
	"x" : -0.24431080856493342,
	"y" : 0.10785417704710533,
	"yaw" : 1.3649358369232927,
	"z" : -0.052781706706246184
}
