{
	"pitch" : 1.0105157899012793,
	"roll" : 0.14515231633119999,
	"x" : -0.26224802190523122,
	"y" : 0.016555425773775646,
	"yaw" : 1.3888253049215755,
	"z" : -0.074727084331341509
}
