{
	"pitch" : 1.4205016737494089,
	"roll" : 0.29920278609474837,
	"x" : -0.24802002504810827,
	"y" : 0.038999874766390857,
	"yaw" : 1.5764988666856958,
	"z" : -0.10811319207669719
}
