{
	"pitch" : 1.11480718023741,
	"roll" : 0.027235787475032715,
	"x" : -0.24899826776922071,
	"y" : 0.16229644025690684,
	"yaw" : 1.3818665826889456,
	"z" : -0.025355396023559268
}
