{
	"pitch" : 0.97017943258159289,
	"roll" : 0.12731497664397179,
	"x" : -0.26663483053788006,
	"y" : 0.011311074195865307,
	"yaw" : 1.3603575303932913,
	"z" : -0.076881721854316326
}
