{
	"pitch" : 0.97582027354231105,
	"roll" : 0.087150792458738274,
	"x" : -0.26751187567997203,
	"y" : 0.082324743926844218,
	"yaw" : 1.3080957055529181,
	"z" : -0.016848609678693893
}
