{
	"pitch" : 0.96299686346661539,
	"roll" : 0.12681545893639778,
	"x" : -0.26008113346419326,
	"y" : 0.0127523120836565,
	"yaw" : 1.3615798136980335,
	"z" : -0.05432044575161285
}
