{
	"pitch" : 1.3096713182852742,
	"roll" : -0.36154403641982047,
	"x" : -0.24855893170918847,
	"y" : 0.00068969961748752834,
	"yaw" : 0.82183974846406083,
	"z" : -0.11127885645361116
}
