{
	"pitch" : 1.4670068474597073,
	"roll" : -1.0674534598015186,
	"x" : -0.23533741185261256,
	"y" : 0.026682218873941219,
	"yaw" : 0.19371863756320093,
	"z" : -0.14093542916186519
}
