{
	"pitch" : 0.97710224479932473,
	"roll" : 0.086578635176293078,
	"x" : -0.26800037072298522,
	"y" : 0.082202918228212116,
	"yaw" : 1.3075602937890489,
	"z" : -0.018726244087294702
}
