{
	"pitch" : 1.0430854541149479,
	"roll" : 0.013284804513239053,
	"x" : -0.27229040099474977,
	"y" : -0.0545981928453921,
	"yaw" : 0.9452539645407747,
	"z" : -0.083638198512408085
}
