{
	"pitch" : 1.0641333206963965,
	"roll" : 0.049731868483782575,
	"x" : -0.25588843605321676,
	"y" : 0.14069458832445006,
	"yaw" : 1.3809235185649804,
	"z" : -0.019588356274393759
}
