{
	"pitch" : 1.4484491358509919,
	"roll" : -0.56437233922604513,
	"x" : -0.23186252026125986,
	"y" : 0.20790670962122354,
	"yaw" : 0.803514125226366,
	"z" : -0.1289020534498499
}
