{
	"pitch" : 1.4621861263775535,
	"roll" : -1.0281689936483349,
	"x" : -0.23575118354730062,
	"y" : 0.026159735622966501,
	"yaw" : 0.23221592815916797,
	"z" : -0.14030666800156361
}
