{
	"pitch" : 1.0142668012618719,
	"roll" : 0.046396702967354861,
	"x" : -0.26391860579274196,
	"y" : 0.11726965221886965,
	"yaw" : 1.35737501889922,
	"z" : -0.018882046401656721
}
