{
	"pitch" : 1.4799363151207099,
	"roll" : -0.56689271520634876,
	"x" : -0.23627943972918844,
	"y" : 0.2050912555309431,
	"yaw" : 0.78199379212939435,
	"z" : -0.13350154142427806
}
