{
	"pitch" : 1.1304382426598933,
	"roll" : -0.014400934038302816,
	"x" : -0.24287422297123584,
	"y" : 0.13441525258188924,
	"yaw" : 1.3344707794874868,
	"z" : -0.069625389972044385
}
