{
	"pitch" : 1.220845253137895,
	"roll" : -0.00098781209055421541,
	"x" : -0.24507650748294191,
	"y" : 0.15294158734016505,
	"yaw" : 1.3493665192397959,
	"z" : -0.087591295010368081
}
