{
	"pitch" : 0.97557845873791205,
	"roll" : 0.084242200076207585,
	"x" : -0.26615012109567721,
	"y" : 0.0076905074592330952,
	"yaw" : 1.3371898769497359,
	"z" : -0.07848101013887479
}
