{
	"pitch" : 1.479179860289229,
	"roll" : -0.58002229964086227,
	"x" : -0.23330017752119464,
	"y" : 0.20545930327086193,
	"yaw" : 0.77125551206197895,
	"z" : -0.13339541495375984
}
