{
	"pitch" : 0.96258397893261682,
	"roll" : 0.054368649654271066,
	"x" : -0.26645806222942292,
	"y" : 0.0082531731246114348,
	"yaw" : 1.3123530175551723,
	"z" : -0.080453969922808219
}
