{
	"pitch" : 1.4798605839932126,
	"roll" : -2.3310177460047696,
	"x" : -0.23147991307284055,
	"y" : 0.030545635469880511,
	"yaw" : -1.0436688599884281,
	"z" : -0.15026068305885307
}
