{
	"pitch" : 1.5004958939758677,
	"roll" : -2.4759168689590569,
	"x" : -0.23389859114193792,
	"y" : 0.028070702459984748,
	"yaw" : -1.2005100350099938,
	"z" : -0.13995787144103827
}
