{
	"pitch" : 1.0570694063083605,
	"roll" : 0.15757957855384622,
	"x" : -0.25829312810925342,
	"y" : 0.021430619265136171,
	"yaw" : 1.4029647326629786,
	"z" : -0.075828757033140765
}
