{
	"pitch" : 1.503901331240695,
	"roll" : -2.3857129678469287,
	"x" : -0.23583723063086282,
	"y" : 0.026659785974652808,
	"yaw" : -1.1100556033421789,
	"z" : -0.15741007334459078
}
