{
	"pitch" : 0.95378411469055768,
	"roll" : 0.039814312556915428,
	"x" : -0.2720743419451721,
	"y" : 0.093910085893356671,
	"yaw" : 1.307650186708764,
	"z" : -0.024211792316497699
}
