{
	"pitch" : 1.1814471453606556,
	"roll" : -0.18062421020328329,
	"x" : -0.25430949074431564,
	"y" : -0.014779928887170741,
	"yaw" : 0.93732869463442769,
	"z" : -0.091125442716180741
}
