{
	"pitch" : 1.2495999578870167,
	"roll" : -0.25078005895987943,
	"x" : -0.25320202582525564,
	"y" : -0.0094628003184772536,
	"yaw" : 0.90111371571204602,
	"z" : -0.10090498313139895
}
