{
	"pitch" : 1.2767580370958638,
	"roll" : -0.30854452599709131,
	"x" : -0.2502796917453024,
	"y" : -0.0036249527782008864,
	"yaw" : 0.86086274120811812,
	"z" : -0.10732104456286304
}
