{
	"pitch" : 1.1848330517316452,
	"roll" : 0.21041965667920567,
	"x" : -0.25301459408643867,
	"y" : 0.031424946464260209,
	"yaw" : 1.4496059896074955,
	"z" : -0.083399339662195884
}
