{
	"pitch" : 1.5009221881478239,
	"roll" : -2.4677289752810627,
	"x" : -0.23385002682503506,
	"y" : 0.028162981630518474,
	"yaw" : -1.1922504699637873,
	"z" : -0.14020826593398117
}
