{
	"pitch" : 0.97310712451740733,
	"roll" : 0.089990854376689272,
	"x" : -0.27543334797098973,
	"y" : 0.085280215107973775,
	"yaw" : 1.3313563446807128,
	"z" : -0.029598139124606959
}
