{
	"pitch" : 1.028309894387305,
	"roll" : -0.13602559241412582,
	"x" : -0.26193031580440784,
	"y" : -0.031718260695046248,
	"yaw" : 0.91409632689656983,
	"z" : -0.076989207284423142
}
