{
	"pitch" : 0.9045027579425462,
	"roll" : 0.062227949544449025,
	"x" : -0.25373155871051262,
	"y" : 0.041007496147510952,
	"yaw" : 1.3167981963269304,
	"z" : -0.056318877316592381
}
