{
	"pitch" : 1.3860616845420506,
	"roll" : -0.18888533527444437,
	"x" : -0.24109130961867445,
	"y" : 0.20232792410988562,
	"yaw" : 1.2104510332930429,
	"z" : -0.099604767761160631
}
