{
	"pitch" : 1.0024102872129901,
	"roll" : 0.060914465144151782,
	"x" : -0.26871003269178512,
	"y" : 0.068499536993300733,
	"yaw" : 1.2161503510400442,
	"z" : -0.037563948838961719
}
