{
	"pitch" : 1.0094842767543151,
	"roll" : 0.14514861853663258,
	"x" : -0.26210750186108484,
	"y" : 0.016422741045517296,
	"yaw" : 1.3885280814484307,
	"z" : -0.073722032779126492
}
