{
	"pitch" : 0.99826432862237613,
	"roll" : -0.020521567909015187,
	"x" : -0.27621637788040393,
	"y" : -0.051487680351410714,
	"yaw" : 0.93736213881150854,
	"z" : -0.092615855499456681
}
