{
	"pitch" : 1.5043453124398161,
	"roll" : -2.3646592638775608,
	"x" : -0.23574338333541767,
	"y" : 0.026658594388381668,
	"yaw" : -1.0877153314655079,
	"z" : -0.15607914256887276
}
