{
	"pitch" : 1.2816848125168487,
	"roll" : 0.0010417750604790551,
	"x" : -0.24504302105818662,
	"y" : 0.1616873785000697,
	"yaw" : 1.3516383484046626,
	"z" : -0.09938239555139193
}
