{
	"pitch" : 1.0792267218925233,
	"roll" : 0.17730285755131861,
	"x" : -0.2570078008328745,
	"y" : 0.024217148008550508,
	"yaw" : 1.4106548164005084,
	"z" : -0.076356624635391446
}
