{
	"pitch" : 1.4047879002787389,
	"roll" : -0.2253696951436574,
	"x" : -0.24010000626525876,
	"y" : 0.20334549341959765,
	"yaw" : 1.1725144047655343,
	"z" : -0.10473402788444679
}
