{
	"pitch" : 1.0000364014494327,
	"roll" : 0.14340666732544954,
	"x" : -0.26291036081992392,
	"y" : 0.015684760970996477,
	"yaw" : 1.3850205190876286,
	"z" : -0.074115897225565858
}
