{
	"pitch" : 0.98929353915958063,
	"roll" : -0.011950239996118814,
	"x" : -0.26286720196152907,
	"y" : 0.072055211276035702,
	"yaw" : 1.1576325871562478,
	"z" : -0.030285517833769593
}
