{
	"pitch" : 1.5008112538110141,
	"roll" : -2.4821456690344204,
	"x" : -0.23394958733662957,
	"y" : 0.02812580925674403,
	"yaw" : -1.2061768475496726,
	"z" : -0.14054450049677736
}
