{
	"pitch" : 1.3689059223709532,
	"roll" : -0.47096802761958978,
	"x" : -0.2459473665709779,
	"y" : 0.0082174783996949857,
	"yaw" : 0.73884685129421535,
	"z" : -0.11973236871557172
}
