{
	"pitch" : 0.97800480702275683,
	"roll" : 0.10491439758559575,
	"x" : -0.26276693106964205,
	"y" : 0.083854233202198369,
	"yaw" : 1.3267794960149004,
	"z" : -0.0063734587981703061
}
