{
	"pitch" : 0.96866906043598877,
	"roll" : 0.12475921239308632,
	"x" : -0.25911867762301088,
	"y" : 0.011262088682477585,
	"yaw" : 1.3501306935192305,
	"z" : -0.05282290996699715
}
