{
	"pitch" : 1.4444887603264056,
	"roll" : -0.93843879910205297,
	"x" : -0.23703275786465283,
	"y" : 0.023837588608974974,
	"yaw" : 0.31872982146025919,
	"z" : -0.13837760868760396
}
