{
	"pitch" : 0.9835792613665939,
	"roll" : -0.017419873653505513,
	"x" : -0.26172656226262059,
	"y" : 0.073149484174290264,
	"yaw" : 1.1549002484526179,
	"z" : -0.028570535792070612
}
