{
	"pitch" : 1.051708074718565,
	"roll" : 0.020355137523171727,
	"x" : -0.27240751696247634,
	"y" : -0.055360199578447164,
	"yaw" : 0.94394336764536335,
	"z" : -0.081444831405070389
}
