{
	"pitch" : 1.4560570576950458,
	"roll" : -0.60507341713681206,
	"x" : -0.2327496050065602,
	"y" : 0.20693167247627678,
	"yaw" : 0.76065055328400899,
	"z" : -0.13034408875013104
}
