{
	"pitch" : 1.10771907460425,
	"roll" : 0.031505507436595755,
	"x" : -0.24986957317292446,
	"y" : 0.15967649544816148,
	"yaw" : 1.3833322192327948,
	"z" : -0.024641156524185109
}
