{
	"pitch" : 0.97103964180859226,
	"roll" : -0.05568954847954756,
	"x" : -0.27706188877342119,
	"y" : -0.04443755372424632,
	"yaw" : 0.9547208454535554,
	"z" : -0.085465286978072486
}
