{
	"pitch" : 1.011651348115155,
	"roll" : -0.12896583690421634,
	"x" : -0.26726041553277463,
	"y" : -0.03833297333399046,
	"yaw" : 0.91141552295307415,
	"z" : -0.079858357964560631
}
