{
	"pitch" : 1.0574140926234197,
	"roll" : 0.025819390036550253,
	"x" : -0.27338080498946171,
	"y" : -0.055741862768628039,
	"yaw" : 0.94830687819710602,
	"z" : -0.081839695594841
}
