{
	"pitch" : 1.4709635414561533,
	"roll" : -0.33204974648793356,
	"x" : -0.23775706548190853,
	"y" : 0.20520106552700174,
	"yaw" : 1.0544482659329353,
	"z" : -0.12830176222418976
}
