{
	"pitch" : 1.0232828371633858,
	"roll" : 0.14597910585224722,
	"x" : -0.2607229225545184,
	"y" : 0.017977329458978352,
	"yaw" : 1.3927770563464523,
	"z" : -0.073972083900791089
}
