{
	"pitch" : 1.2339854323620194,
	"roll" : 0.24331097573289373,
	"x" : -0.25076604617361387,
	"y" : 0.035714150348881701,
	"yaw" : 1.4833430527734315,
	"z" : -0.085507980518080354
}
