{
	"pitch" : 1.4826385771247577,
	"roll" : -2.4422412942537086,
	"x" : -0.22855146810817425,
	"y" : 0.026717851452264879,
	"yaw" : -1.1355337803717171,
	"z" : -0.14221912182650442
}
