{
	"pitch" : 0.96650664175117029,
	"roll" : 0.098915894833272677,
	"x" : -0.27537997903660238,
	"y" : 0.083826478788004713,
	"yaw" : 1.3285735026744245,
	"z" : -0.029833355827472818
}
