{
	"pitch" : 1.4803069785891805,
	"roll" : -0.55462772427738538,
	"x" : -0.23646498258902171,
	"y" : 0.20541068146810565,
	"yaw" : 0.79333859507978988,
	"z" : -0.13355597622061241
}
