{
	"pitch" : 1.4588607861719143,
	"roll" : -0.35495382695691219,
	"x" : -0.23713005021421768,
	"y" : 0.20411049891943245,
	"yaw" : 1.0043912910189539,
	"z" : -0.12760874748597464
}
