{
	"pitch" : 1.4567996353156603,
	"roll" : -0.24857849375612828,
	"x" : -0.23870562108863649,
	"y" : 0.20573694175827739,
	"yaw" : 1.1349776691930442,
	"z" : -0.12420029363153653
}
