{
	"pitch" : 1.4051459599133609,
	"roll" : -0.7393688943597343,
	"x" : -0.24112978165855639,
	"y" : 0.015827670384112792,
	"yaw" : 0.5030832316699021,
	"z" : -0.13582966492126053
}
