{
	"pitch" : 0.99955617916286887,
	"roll" : 0.038370679211959774,
	"x" : -0.24365540064568383,
	"y" : 0.094257416650120912,
	"yaw" : 1.3416141308985847,
	"z" : -0.04789625110927978
}
