{
	"pitch" : 1.3846228937527201,
	"roll" : -0.069043896467573432,
	"x" : -0.2401744919486915,
	"y" : 0.18969504668306789,
	"yaw" : 1.2706778468453153,
	"z" : -0.11489836942267406
}
