{
	"pitch" : 0.92716389987302306,
	"roll" : 0.052466069091768673,
	"x" : -0.24640392988131851,
	"y" : 0.072983652741066857,
	"yaw" : 1.3307984736270924,
	"z" : -0.048083329416455906
}
