{
	"pitch" : 0.9783817849640829,
	"roll" : 0.12993354008454755,
	"x" : -0.2632502439601288,
	"y" : 0.014677335521653425,
	"yaw" : 1.3715691036205926,
	"z" : -0.073219207051655869
}
