{
	"pitch" : 0.97971711940372652,
	"roll" : 0.096781356993441953,
	"x" : -0.27646797616912822,
	"y" : 0.08141742479024075,
	"yaw" : 1.3236083313135303,
	"z" : -0.031719174374491205
}
