{
	"pitch" : 1.4752710902721062,
	"roll" : -0.69882084679737966,
	"x" : -0.23253013095358208,
	"y" : 0.20446108590500112,
	"yaw" : 0.65993653564540633,
	"z" : -0.13357955002478841
}
