{
	"pitch" : 0.98418469392758845,
	"roll" : 0.035106369883615034,
	"x" : -0.26236007851841403,
	"y" : 0.077405314246480963,
	"yaw" : 1.2450927821371134,
	"z" : -0.019594005861871489
}
