{
	"pitch" : 0.94356604526213295,
	"roll" : 0.089200380874811039,
	"x" : -0.25842339321699792,
	"y" : 0.016150997441032777,
	"yaw" : 1.3139745147406379,
	"z" : -0.068907099246269726
}
