{
	"pitch" : 1.4761464180470001,
	"roll" : -1.2190647745230208,
	"x" : -0.23379781400448399,
	"y" : 0.027903714271563573,
	"yaw" : 0.048426839190191161,
	"z" : -0.14357043427259414
}
