{
	"pitch" : 1.4841469377562035,
	"roll" : -2.54023996072873,
	"x" : -0.22740284378860839,
	"y" : 0.031453761628035579,
	"yaw" : -1.2385403457789039,
	"z" : -0.13321304995725008
}
