{
	"pitch" : 1.1279998067403656,
	"roll" : -0.16355452165417439,
	"x" : -0.25573740112829402,
	"y" : -0.020009732086312786,
	"yaw" : 0.93087158657974334,
	"z" : -0.085362291373719076
}
