{
	"pitch" : 1.2650719897746407,
	"roll" : -0.27960716980010597,
	"x" : -0.25142745884119189,
	"y" : -0.0054934405146134235,
	"yaw" : 0.88290572836786341,
	"z" : -0.10413210933694639
}
