{
	"pitch" : 1.0514273778944025,
	"roll" : 0.021380046971321592,
	"x" : -0.27245575711638192,
	"y" : -0.055259212452228222,
	"yaw" : 0.94485671984380293,
	"z" : -0.081437555704503589
}
