{
	"pitch" : 1.4661073368676161,
	"roll" : -0.53470398660330198,
	"x" : -0.23434294320639681,
	"y" : 0.20783878439416684,
	"yaw" : 0.80798959302537621,
	"z" : -0.1304301314407092
}
