{
	"pitch" : 1.3946293284151272,
	"roll" : -0.20627176425612373,
	"x" : -0.24067540750477939,
	"y" : 0.20274746460023305,
	"yaw" : 1.1926380453707761,
	"z" : -0.10203440739412217
}
