{
	"pitch" : 0.96067979976984008,
	"roll" : 0.10247187235601136,
	"x" : -0.25889049606719128,
	"y" : 0.013035383062735825,
	"yaw" : 1.3212363679333705,
	"z" : -0.066216614933034434
}
