{
	"pitch" : 1.0571107827998989,
	"roll" : 0.028189481650570402,
	"x" : -0.27355215956130646,
	"y" : -0.055386603373572874,
	"yaw" : 0.95241187919923287,
	"z" : -0.082081343293137571
}
