{
	"pitch" : 0.97946903516493367,
	"roll" : 0.095810359024757152,
	"x" : -0.27671045012140122,
	"y" : 0.081449270241720634,
	"yaw" : 1.3230306725950878,
	"z" : -0.033106465330299845
}
