{
	"pitch" : 0.97703291672244552,
	"roll" : 0.071250131941864442,
	"x" : -0.26565613545359079,
	"y" : 0.0076506695734524302,
	"yaw" : 1.3295713413909658,
	"z" : -0.079732333620419427
}
