{
	"pitch" : 0.93008409918844759,
	"roll" : 0.050148487035771031,
	"x" : -0.24590616803390841,
	"y" : 0.074545951552550907,
	"yaw" : 1.3291936959169177,
	"z" : -0.047583508509054906
}
