{
	"pitch" : 1.3263692474477122,
	"roll" : 0.0023125701352490783,
	"x" : -0.24430578889826784,
	"y" : 0.1719346129551097,
	"yaw" : 1.3485051384719402,
	"z" : -0.1093878244300848
}
