{
	"pitch" : 1.4413913533218115,
	"roll" : -0.2473668472122374,
	"x" : -0.2398192994736931,
	"y" : 0.20455095466154066,
	"yaw" : 1.1445833584110954,
	"z" : -0.11688956428277922
}
