{
	"pitch" : 1.4489971448120618,
	"roll" : -0.25574692074162231,
	"x" : -0.23421218798068555,
	"y" : 0.2030686260529993,
	"yaw" : 1.1013180819331014,
	"z" : -0.12027969571557795
}
