{
	"pitch" : 0.98234199208203188,
	"roll" : 0.086895515385287322,
	"x" : -0.27668781070821113,
	"y" : 0.080150328860507838,
	"yaw" : 1.3172273961100767,
	"z" : -0.034058978763794684
}
