{
	"pitch" : 0.96939861407045536,
	"roll" : 0.11030142385686394,
	"x" : -0.25752763927845673,
	"y" : 0.011646940184666943,
	"yaw" : 1.3344018410275633,
	"z" : -0.054967170828201295
}
