{
	"pitch" : 0.9793469350004792,
	"roll" : 0.098259455795804959,
	"x" : -0.25947618438401054,
	"y" : 0.082023846723475624,
	"yaw" : 1.3162907236600399,
	"z" : 0.00065452080442290894
}
