{
	"pitch" : 1.0585467389830483,
	"roll" : 0.026244720863024731,
	"x" : -0.27361560408982383,
	"y" : -0.055562576153767085,
	"yaw" : 0.95354376662514884,
	"z" : -0.08233619017156675
}
