{
	"pitch" : 1.4550000988861398,
	"roll" : -0.24229429826233229,
	"x" : -0.23908269501814194,
	"y" : 0.20563979221384945,
	"yaw" : 1.1415250005835722,
	"z" : -0.12373226080407379
}
