{
	"pitch" : 1.4795120746491919,
	"roll" : -1.2628141991536279,
	"x" : -0.23352758060136952,
	"y" : 0.028215288225327539,
	"yaw" : 0.0060812678243866002,
	"z" : -0.14441214252866252
}
