{
	"pitch" : 1.3344305405161248,
	"roll" : 0.27143739300111402,
	"x" : -0.24850748619929755,
	"y" : 0.039397097882244783,
	"yaw" : 1.5311335275269211,
	"z" : -0.09537088763420748
}
