{
	"pitch" : 1.4886364179043339,
	"roll" : -1.4112862929650865,
	"x" : -0.23323065335404486,
	"y" : 0.028672888461109963,
	"yaw" : -0.13926755144204003,
	"z" : -0.14669749846888155
}
