{
	"pitch" : 1.457177279499682,
	"roll" : -0.64157869875630547,
	"x" : -0.23218199641091447,
	"y" : 0.20641883700332953,
	"yaw" : 0.72380196205747704,
	"z" : -0.13040353041937205
}
