{
	"pitch" : 0.98150282116571386,
	"roll" : -0.012483952573715946,
	"x" : -0.26123278128206034,
	"y" : 0.073723157922363308,
	"yaw" : 1.1632679750029651,
	"z" : -0.026927753401220222
}
