{
	"pitch" : 1.5042485194293698,
	"roll" : -2.3662590818109406,
	"x" : -0.23581971664352916,
	"y" : 0.026686088712573219,
	"yaw" : -1.0893713997625634,
	"z" : -0.15646837325766044
}
