{
	"pitch" : 1.4656900110552304,
	"roll" : -0.60130173021159539,
	"x" : -0.2333795077291928,
	"y" : 0.20731221537130479,
	"yaw" : 0.74608044827014064,
	"z" : -0.1303628274773756
}
