{
	"pitch" : 1.148053718049548,
	"roll" : 0.2058923988447042,
	"x" : -0.25431149122147156,
	"y" : 0.029635098434052688,
	"yaw" : 1.4370043532019949,
	"z" : -0.080973829508980424
}
