{
	"pitch" : 1.4771513478230518,
	"roll" : -2.406614107605332,
	"x" : -0.22463292608633148,
	"y" : 0.02703590816146742,
	"yaw" : -1.1006265268531481,
	"z" : -0.14890839248279092
}
