{
	"pitch" : 1.055535495842423,
	"roll" : 0.022288191995359818,
	"x" : -0.27293592595152294,
	"y" : -0.055796805520790638,
	"yaw" : 0.94424633748174425,
	"z" : -0.081588395751044152
}
