{
	"pitch" : 1.29977933590094,
	"roll" : 0.27839958570318213,
	"x" : -0.2495312928369679,
	"y" : 0.038016667305311246,
	"yaw" : 1.5320458526128486,
	"z" : -0.092026913834005727
}
