{
	"pitch" : 1.5036407675575942,
	"roll" : -2.1437998252208255,
	"x" : -0.23426891195093408,
	"y" : 0.027044094436546817,
	"yaw" : -0.86276313908751412,
	"z" : -0.1541492308452341
}
