{
	"pitch" : 1.4627636348061055,
	"roll" : -0.4845613083259046,
	"x" : -0.23455011675410395,
	"y" : 0.20681493891036645,
	"yaw" : 0.88399714914783933,
	"z" : -0.13019096557295726
}
