{
	"pitch" : 1.5023724375322991,
	"roll" : -2.4462119284715125,
	"x" : -0.23347350651478813,
	"y" : 0.028836956917366471,
	"yaw" : -1.1724974014697893,
	"z" : -0.13954689390927166
}
