{
	"pitch" : 1.2180371266577594,
	"roll" : -0.22297095854328522,
	"x" : -0.25382845892793088,
	"y" : -0.013023805311587235,
	"yaw" : 0.91743692546711597,
	"z" : -0.097067128554502405
}
