{
	"pitch" : 0.94480089900333641,
	"roll" : 0.088791400016304284,
	"x" : -0.25882602380079184,
	"y" : 0.015606787121946013,
	"yaw" : 1.3150170777665153,
	"z" : -0.070036069219274161
}
