{
	"pitch" : 1.5300313462128758,
	"roll" : -0.53166962361034054,
	"x" : -0.24071112892593555,
	"y" : 0.038208097698866419,
	"yaw" : 0.7708891637862969,
	"z" : -0.13062324096588396
}
