{
	"pitch" : 1.4682530480646172,
	"roll" : -0.50344775247730389,
	"x" : -0.23712993176398972,
	"y" : 0.20557345900080676,
	"yaw" : 0.84580919370854535,
	"z" : -0.13324918846121847
}
