{
	"pitch" : 1.5077421417850629,
	"roll" : -2.3121170066579628,
	"x" : -0.23550543670177224,
	"y" : 0.026521667272188604,
	"yaw" : -1.035434564619591,
	"z" : -0.15552883533622003
}
