{
	"pitch" : 0.90389887453753914,
	"roll" : 0.06411134860159215,
	"x" : -0.25476897757197842,
	"y" : 0.036129576266930627,
	"yaw" : 1.3133706876628568,
	"z" : -0.057808962916194584
}
