{
	"pitch" : 0.95652017936226863,
	"roll" : 0.09062166047920428,
	"x" : -0.26660910767335055,
	"y" : 0.0096965448959006086,
	"yaw" : 1.3221578440847215,
	"z" : -0.076020147335727858
}
