{
	"pitch" : 1.4499217279604921,
	"roll" : -0.57352074526515762,
	"x" : -0.2324839432399379,
	"y" : 0.20762730939084711,
	"yaw" : 0.79359606260777515,
	"z" : -0.13099855928610787
}
