{
	"pitch" : 1.0763220401078017,
	"roll" : 0.0058471918117022192,
	"x" : -0.24248080440367437,
	"y" : 0.11768911707249016,
	"yaw" : 1.3450481523159823,
	"z" : -0.058785357246278758
}
