{
	"pitch" : 1.5030034649898456,
	"roll" : -2.4415599999464113,
	"x" : -0.23338005904387263,
	"y" : 0.029003134118967447,
	"yaw" : -1.1678346418637728,
	"z" : -0.13955431297148693
}
