{
	"pitch" : 1.4780804020149152,
	"roll" : -2.4116455267918435,
	"x" : -0.22820866803767623,
	"y" : 0.029746446222421258,
	"yaw" : -1.1179346822374281,
	"z" : -0.14443791144845852
}
