{
	"pitch" : 1.1161000336527176,
	"roll" : 0.20321056974123991,
	"x" : -0.25595009986138112,
	"y" : 0.026391240264307704,
	"yaw" : 1.4370519860882134,
	"z" : -0.07852115214362948
}
