{
	"pitch" : 1.4465291408685341,
	"roll" : -0.21632784083628726,
	"x" : -0.23338672590386111,
	"y" : 0.20257092998693807,
	"yaw" : 1.1395474159465686,
	"z" : -0.11770135270197957
}
