{
	"pitch" : 1.1665281435245725,
	"roll" : 0.20710115381104974,
	"x" : -0.25333299394944381,
	"y" : 0.030227454839307472,
	"yaw" : 1.4443372072689458,
	"z" : -0.080809676984742285
}
