{
	"pitch" : 1.3527380492809615,
	"roll" : -0.41840584009130521,
	"x" : -0.24706566378568984,
	"y" : 0.0058830581622837941,
	"yaw" : 0.78356427528357964,
	"z" : -0.11625931107754156
}
