{
	"pitch" : 1.0641211836785771,
	"roll" : 0.015769123583817064,
	"x" : -0.27353200239742187,
	"y" : -0.05637921082761875,
	"yaw" : 0.94497414652996892,
	"z" : -0.083977896301759974
}
