{
	"pitch" : 1.4550790505446927,
	"roll" : -0.28129240119631371,
	"x" : -0.23822369482753078,
	"y" : 0.20919967928390415,
	"yaw" : 1.1010700707454291,
	"z" : -0.12663720294763134
}
