{
	"pitch" : 1.4631321104868227,
	"roll" : -0.25704789850958304,
	"x" : -0.23933644021525016,
	"y" : 0.20810652442240613,
	"yaw" : 1.1279443381039442,
	"z" : -0.12770516187692688
}
