{
	"pitch" : 0.96126042218468344,
	"roll" : 0.053750280976002984,
	"x" : -0.27324573691842663,
	"y" : 0.092390627637232603,
	"yaw" : 1.3160472570643984,
	"z" : -0.025408356725056841
}
