{
	"pitch" : 1.476171241631377,
	"roll" : -2.4432176987394087,
	"x" : -0.22882345200275703,
	"y" : 0.029501384589461874,
	"yaw" : -1.1485788545279909,
	"z" : -0.14317594349419863
}
