{
	"pitch" : 1.4689087580709523,
	"roll" : -0.50337307977630785,
	"x" : -0.23646059332185324,
	"y" : 0.20573495689216412,
	"yaw" : 0.84400343268414302,
	"z" : -0.13316259502746078
}
