{
	"pitch" : 1.4220481244908583,
	"roll" : -0.24530031656522486,
	"x" : -0.23987745781470957,
	"y" : 0.20414641053019439,
	"yaw" : 1.1510634655573078,
	"z" : -0.11041882463986452
}
