{
	"pitch" : 1.476776053889048,
	"roll" : -0.52417530940368184,
	"x" : -0.23602213756455398,
	"y" : 0.2062325189427055,
	"yaw" : 0.82027485850760751,
	"z" : -0.13161952600270035
}
