{
	"pitch" : 1.4736683580401964,
	"roll" : -0.32526749500804825,
	"x" : -0.23839670053796955,
	"y" : 0.2051148473261053,
	"yaw" : 1.0608563969509852,
	"z" : -0.12933676695778129
}
