{
	"pitch" : 1.45879966202485,
	"roll" : -0.57956423389379086,
	"x" : -0.23323809043033775,
	"y" : 0.20668122930334676,
	"yaw" : 0.78768971228462692,
	"z" : -0.13198513697138481
}
