{
	"pitch" : 1.0572504287114353,
	"roll" : 0.019531285316337826,
	"x" : -0.27291796403970053,
	"y" : -0.056147325763764987,
	"yaw" : 0.94348270258574829,
	"z" : -0.081749052987856979
}
