{
	"pitch" : 1.0487905748946935,
	"roll" : 0.14214902723240322,
	"x" : -0.25350694944911112,
	"y" : 0.065115178863550782,
	"yaw" : 1.3038590148426694,
	"z" : -0.046655476556016762
}
