{
	"pitch" : 1.5017883831904919,
	"roll" : -2.4463521368046468,
	"x" : -0.23351255936630816,
	"y" : 0.028708495800457881,
	"yaw" : -1.1726044013640164,
	"z" : -0.13956896678338931
}
