{
	"pitch" : 1.4596171614855138,
	"roll" : -0.38226593011157201,
	"x" : -0.23584809612843516,
	"y" : 0.20792657114549656,
	"yaw" : 0.99037457491486003,
	"z" : -0.128297768350631
}
