{
	"pitch" : 1.0835658788510887,
	"roll" : 0.18001853661825756,
	"x" : -0.25681870604420054,
	"y" : 0.024653090108560032,
	"yaw" : 1.4128172822930303,
	"z" : -0.076769900079981593
}
