{
	"pitch" : 1.4745544640425143,
	"roll" : -2.4307682909155286,
	"x" : -0.22848156094609004,
	"y" : 0.029175579296184626,
	"yaw" : -1.1366449510602941,
	"z" : -0.14206579019849078
}
