{
	"pitch" : 1.4213672326123863,
	"roll" : -0.85922397363148539,
	"x" : -0.2385664126555895,
	"y" : 0.020093136264222933,
	"yaw" : 0.39106275603493951,
	"z" : -0.13519919404514058
}
