{
	"pitch" : 1.2234474509868822,
	"roll" : -0.00092243189051629756,
	"x" : -0.24526559520895416,
	"y" : 0.15329896447183441,
	"yaw" : 1.3494357866440485,
	"z" : -0.088763987446455805
}
