{
	"pitch" : 1.0583010114010385,
	"roll" : 0.025708571455247659,
	"x" : -0.27354628854947138,
	"y" : -0.055497452833632041,
	"yaw" : 0.95312056163779724,
	"z" : -0.082454448724317647
}
