{
	"pitch" : 0.96477556119177732,
	"roll" : -0.050348711943601042,
	"x" : -0.27780719884907507,
	"y" : -0.045382462204395103,
	"yaw" : 0.95347253379233976,
	"z" : -0.088157212236760402
}
