{
	"pitch" : 0.98137922776325215,
	"roll" : 0.0336488462126837,
	"x" : -0.2680813121745072,
	"y" : 0.10576010445149495,
	"yaw" : 1.3283020709653026,
	"z" : -0.019093611495789475
}
