{
	"pitch" : 0.96700345768735985,
	"roll" : -0.071822147804608036,
	"x" : -0.27569390698453689,
	"y" : -0.043172930462683279,
	"yaw" : 0.94629420800557862,
	"z" : -0.084974934673278268
}
