{
	"pitch" : 1.0562009525931686,
	"roll" : 0.02059341512706294,
	"x" : -0.27287123696592325,
	"y" : -0.055973528746262026,
	"yaw" : 0.9428106854590359,
	"z" : -0.081622633318823759
}
