{
	"pitch" : 1.3972663340867735,
	"roll" : 0.2834932049384396,
	"x" : -0.24828279243860402,
	"y" : 0.03930820312907285,
	"yaw" : 1.5569160755851637,
	"z" : -0.10501862015711774
}
