{
	"pitch" : 1.1214174323803205,
	"roll" : 0.203010826939379,
	"x" : -0.25526791008054756,
	"y" : 0.026884226095883826,
	"yaw" : 1.4363386027452685,
	"z" : -0.077525132144880993
}
