{
	"pitch" : 1.2784116646108556,
	"roll" : -0.31141138694230502,
	"x" : -0.24986338533725741,
	"y" : -0.0031617258394802325,
	"yaw" : 0.85846104503066623,
	"z" : -0.10633682070936719
}
