{
	"pitch" : 1.3675076424218078,
	"roll" : -0.46407737562760321,
	"x" : -0.24595197101797794,
	"y" : 0.00819875870639767,
	"yaw" : 0.74500541694152989,
	"z" : -0.11884290529474623
}
