{
	"pitch" : 1.462479678062629,
	"roll" : 0.24440434998679553,
	"x" : -0.24608546299924422,
	"y" : 0.038395678305654372,
	"yaw" : 1.5291503275251579,
	"z" : -0.11442159283193165
}
