{
	"pitch" : 1.4911580204545063,
	"roll" : 0.071461908589216999,
	"x" : -0.24383021966765259,
	"y" : 0.038314519414515254,
	"yaw" : 1.3650506255005668,
	"z" : -0.12138745096272797
}
