{
	"pitch" : 1.4774096821486451,
	"roll" : -0.54314846156361341,
	"x" : -0.23648880661004207,
	"y" : 0.20512508792760858,
	"yaw" : 0.80502042495615023,
	"z" : -0.13425112869210551
}
