{
	"pitch" : 1.2008094573048291,
	"roll" : -0.0079114350585729361,
	"x" : -0.24468510838308313,
	"y" : 0.14936338536722121,
	"yaw" : 1.3448214542541146,
	"z" : -0.08443780552498098
}
