{
	"pitch" : 1.4765333324258583,
	"roll" : -2.4466520438034172,
	"x" : -0.22900890421602493,
	"y" : 0.029528191612006177,
	"yaw" : -1.1517033798746268,
	"z" : -0.14398535513053473
}
