{
	"pitch" : 1.2955433435646031,
	"roll" : 0.27996433272669691,
	"x" : -0.24959233899815589,
	"y" : 0.037812610252201534,
	"yaw" : 1.5324459445129743,
	"z" : -0.091086714586380083
}
