{
	"pitch" : 1.4825139119220543,
	"roll" : -2.2179596270059974,
	"x" : -0.2253369667141164,
	"y" : 0.031548184132100421,
	"yaw" : -0.91628153350446651,
	"z" : -0.13360539878577701
}
