{
	"pitch" : 1.303943141253785,
	"roll" : 0.27817099823073277,
	"x" : -0.24940204791435508,
	"y" : 0.038260008256724029,
	"yaw" : 1.5322504691066703,
	"z" : -0.092850975179120415
}
