{
	"pitch" : 1.4978343796631912,
	"roll" : -1.6232414210717128,
	"x" : -0.23319670121465091,
	"y" : 0.028699237859612786,
	"yaw" : -0.3463966890740337,
	"z" : -0.14729452969891901
}
