{
	"pitch" : 1.2848088857146991,
	"roll" : 0.27864723988472345,
	"x" : -0.2498520983962659,
	"y" : 0.037501910684346378,
	"yaw" : 1.5274898110527149,
	"z" : -0.089991297862028002
}
