{
	"pitch" : 0.96655230516896395,
	"roll" : 0.025491152855945179,
	"x" : -0.26882842027984416,
	"y" : 0.10207037468000504,
	"yaw" : 1.3093297985793559,
	"z" : -0.019465755261412643
}
