{
	"pitch" : 1.4022868054959958,
	"roll" : -0.22118988999122727,
	"x" : -0.24028091724383202,
	"y" : 0.20317097352275776,
	"yaw" : 1.1769638770319204,
	"z" : -0.10438691305863085
}
