{
	"pitch" : 1.3667483042996962,
	"roll" : -0.072318225243551595,
	"x" : -0.24045923659713347,
	"y" : 0.18500551368574286,
	"yaw" : 1.2676554171671426,
	"z" : -0.11216379129794805
}
