{
	"pitch" : 0.96671364351737166,
	"roll" : 0.13280354390896473,
	"x" : -0.2603479204500827,
	"y" : 0.011790259492544652,
	"yaw" : 1.3643603182948956,
	"z" : -0.052956521395222944
}
