{
	"pitch" : 1.4693722061836756,
	"roll" : 0.21541971070421381,
	"x" : -0.2456846720361652,
	"y" : 0.038291538438119124,
	"yaw" : 1.5025081697330935,
	"z" : -0.11640106353769232
}
