{
	"pitch" : 1.3581323464633932,
	"roll" : 0.25919896811295545,
	"x" : -0.24808639575417019,
	"y" : 0.039397563231017764,
	"yaw" : 1.5241824838634046,
	"z" : -0.099497477712785609
}
