{
	"pitch" : 1.0546241128140004,
	"roll" : 0.028212357376137247,
	"x" : -0.27322114662227709,
	"y" : -0.05510418999098797,
	"yaw" : 0.94958244286588189,
	"z" : -0.081863109973177861
}
