{
	"pitch" : 0.99989011449191101,
	"roll" : -0.11973255644209006,
	"x" : -0.2680957504458002,
	"y" : -0.038390498013760731,
	"yaw" : 0.91766663322594011,
	"z" : -0.079543903729294221
}
