{
	"pitch" : 1.350948960049219,
	"roll" : -0.41570506539504998,
	"x" : -0.24727009700546826,
	"y" : 0.0054268204656168911,
	"yaw" : 0.78543581894945591,
	"z" : -0.11688776292515499
}
