{
	"pitch" : 1.4604945316143993,
	"roll" : -0.24941481074769253,
	"x" : -0.23936178332229013,
	"y" : 0.20859414200906951,
	"yaw" : 1.1363106778903502,
	"z" : -0.12728695991976638
}
