{
	"pitch" : 0.96924028690683894,
	"roll" : -0.076262852846853579,
	"x" : -0.27482461904700123,
	"y" : -0.04247833069288659,
	"yaw" : 0.94535880654256099,
	"z" : -0.083614459198573576
}
