{
	"pitch" : 0.97930045291373846,
	"roll" : 0.090718912448659941,
	"x" : -0.26116759084718633,
	"y" : 0.08125962792482877,
	"yaw" : 1.3079826960698058,
	"z" : -0.0062985352983917775
}
