{
	"pitch" : 1.0075353485063692,
	"roll" : -0.1305305099822873,
	"x" : -0.26562606738248579,
	"y" : -0.036926148002031089,
	"yaw" : 0.91420383804382666,
	"z" : -0.078209885909228505
}
