{
	"pitch" : 0.98382241485426247,
	"roll" : 0.017254552340653016,
	"x" : -0.26166320606661297,
	"y" : 0.076553042340866906,
	"yaw" : 1.2241047648146761,
	"z" : -0.020696438301178233
}
