{
	"pitch" : 1.2029917067107747,
	"roll" : -0.0059541586334833198,
	"x" : -0.24418285439620169,
	"y" : 0.14988884089162782,
	"yaw" : 1.3464480583336975,
	"z" : -0.082684501873203434
}
