{
	"pitch" : 1.4609664942825227,
	"roll" : -0.5318440435018611,
	"x" : -0.2337021824291777,
	"y" : 0.20679246336483822,
	"yaw" : 0.83559854991302462,
	"z" : -0.12987269818491951
}
