{
	"pitch" : 1.0457830596569773,
	"roll" : 0.050011500579723277,
	"x" : -0.2444666103897111,
	"y" : 0.10602711295149239,
	"yaw" : 1.3645076031698922,
	"z" : -0.053271688494340635
}
