{
	"pitch" : 1.5010090571058989,
	"roll" : -2.4825435041895059,
	"x" : -0.23395597804954865,
	"y" : 0.028126725823302959,
	"yaw" : -1.2066147875149615,
	"z" : -0.14027674204866475
}
