{
	"pitch" : 1.2917328280717426,
	"roll" : 0.28043635707960762,
	"x" : -0.25003058268103912,
	"y" : 0.037545560777851643,
	"yaw" : 1.5317680290002302,
	"z" : -0.091876940911630289
}
