{
	"pitch" : 0.9696023369669714,
	"roll" : 0.11611412673205002,
	"x" : -0.25809301436725995,
	"y" : 0.011465786380057824,
	"yaw" : 1.3410665922220331,
	"z" : -0.053892284290860015
}
