{
	"pitch" : 1.5051524312652964,
	"roll" : -2.0717658683263038,
	"x" : -0.23407633375254869,
	"y" : 0.027873015583678801,
	"yaw" : -0.79310719423579201,
	"z" : -0.15294937538194342
}
