{
	"pitch" : 1.0572544341599817,
	"roll" : 0.021289395998213313,
	"x" : -0.27304610815443986,
	"y" : -0.05603321563990122,
	"yaw" : 0.94496741657673489,
	"z" : -0.081765564663316581
}
