{
	"pitch" : 1.4716874661643249,
	"roll" : -0.29726859573834569,
	"x" : -0.23872797300209872,
	"y" : 0.20633074691987741,
	"yaw" : 1.0858128573197583,
	"z" : -0.12860562997722327
}
