{
	"pitch" : 0.97666703957214807,
	"roll" : 0.086799414120208876,
	"x" : -0.26783758564227828,
	"y" : 0.08224432350948141,
	"yaw" : 1.3077759416058761,
	"z" : -0.018093873982689329
}
