{
	"pitch" : 1.4754271784072084,
	"roll" : -2.4233961220943812,
	"x" : -0.22843956349088101,
	"y" : 0.029451416943889822,
	"yaw" : -1.1291962178620791,
	"z" : -0.14225665035417628
}
