{
	"pitch" : 1.0526863061876306,
	"roll" : 0.15754230848905132,
	"x" : -0.25910800349688701,
	"y" : 0.02099525521568742,
	"yaw" : 1.4031741505705322,
	"z" : -0.077024275106596166
}
