{
	"pitch" : 1.4663900418406985,
	"roll" : -0.28485297065738413,
	"x" : -0.23905813665179682,
	"y" : 0.20737745073695538,
	"yaw" : 1.0988134605513893,
	"z" : -0.12885078035006264
}
