{
	"pitch" : 0.96211244432251097,
	"roll" : 0.056108855267485457,
	"x" : -0.26452363087455211,
	"y" : 0.0085225306678141169,
	"yaw" : 1.3145004464479979,
	"z" : -0.077560306080901226
}
