{
	"pitch" : 0.96936979716749239,
	"roll" : 0.11018425867026393,
	"x" : -0.25756884170640959,
	"y" : 0.011695773563679335,
	"yaw" : 1.3342378951196134,
	"z" : -0.055236827346812761
}
