{
	"pitch" : 1.0321254013998731,
	"roll" : 0.002167670986114248,
	"x" : -0.27324305263676085,
	"y" : -0.053955384206311768,
	"yaw" : 0.9460158205794631,
	"z" : -0.086784973195347698
}
