{
	"pitch" : 0.94955879165459511,
	"roll" : 0.092655135605028791,
	"x" : -0.25877358567489922,
	"y" : 0.013996442675865275,
	"yaw" : 1.3186622004818174,
	"z" : -0.069081658067236262
}
