{
	"pitch" : 1.5062701372100695,
	"roll" : -0.10657515559144413,
	"x" : -0.24209379743652976,
	"y" : 0.038503069803496257,
	"yaw" : 1.1892431922607765,
	"z" : -0.12366378178105508
}
