{
	"pitch" : 1.1431637585929855,
	"roll" : -0.019814903155463002,
	"x" : -0.24250027349976977,
	"y" : 0.137176722014416,
	"yaw" : 1.329468848701117,
	"z" : -0.070489138300529802
}
