{
	"pitch" : 1.0783436288661712,
	"roll" : 0.005750869703590864,
	"x" : -0.24266697904513718,
	"y" : 0.11825379153722818,
	"yaw" : 1.3455711660047345,
	"z" : -0.059819160446742015
}
