{
	"pitch" : 1.4777636491877493,
	"roll" : -2.4225020530483565,
	"x" : -0.22822347996157746,
	"y" : 0.029657122583230167,
	"yaw" : -1.1285328215695409,
	"z" : -0.14300468842820116
}
