{
	"pitch" : 1.4528780847566332,
	"roll" : -0.24310681524176608,
	"x" : -0.23920756684519684,
	"y" : 0.20542672895339878,
	"yaw" : 1.1415457889807499,
	"z" : -0.12183990703525086
}
