{
	"pitch" : 0.96750680310115911,
	"roll" : 0.12327999793671059,
	"x" : -0.25889336983666694,
	"y" : 0.011414717450294751,
	"yaw" : 1.3492950106466408,
	"z" : -0.052693264875392637
}
