{
	"pitch" : 1.3058841807847965,
	"roll" : 0.27732441885302939,
	"x" : -0.24918545719422608,
	"y" : 0.03836988681307698,
	"yaw" : 1.5319884849427716,
	"z" : -0.092467623019341028
}
