{
	"pitch" : 1.4575534055846566,
	"roll" : -0.26628250363766492,
	"x" : -0.23887885104921325,
	"y" : 0.20889408387942432,
	"yaw" : 1.1182496250158529,
	"z" : -0.1269506961052948
}
