{
	"pitch" : 1.1802883935812196,
	"roll" : 0.21023908676098338,
	"x" : -0.25309223452018781,
	"y" : 0.031052402922072057,
	"yaw" : 1.4488657508875811,
	"z" : -0.08268288959595152
}
