{
	"pitch" : 0.90501495559988732,
	"roll" : 0.062008416323513185,
	"x" : -0.25323603634923864,
	"y" : 0.042405220527442611,
	"yaw" : 1.3173085267688738,
	"z" : -0.055491097453611526
}
