{
	"pitch" : 0.9925274068606168,
	"roll" : -0.032309355552518744,
	"x" : -0.276254351556246,
	"y" : -0.051318025417374888,
	"yaw" : 0.92858670571227075,
	"z" : -0.093498067795165729
}
