{
	"pitch" : 1.0171242241035752,
	"roll" : 0.047468084264276331,
	"x" : -0.24409612213448445,
	"y" : 0.09740023798627398,
	"yaw" : 1.352078965193898,
	"z" : -0.048622949638822854
}
