{
	"pitch" : 1.4444564499330097,
	"roll" : -0.18363608894585196,
	"x" : -0.23238104450616276,
	"y" : 0.20194752527843896,
	"yaw" : 1.171081499349574,
	"z" : -0.11487866391180145
}
