{
	"pitch" : 0.96397857652825025,
	"roll" : 0.12863816079665757,
	"x" : -0.25991813963782284,
	"y" : 0.012384875951227725,
	"yaw" : 1.3616999613576433,
	"z" : -0.053379459043340016
}
