{
	"pitch" : 1.4759298295660825,
	"roll" : -2.4180579158137592,
	"x" : -0.22822058527755421,
	"y" : 0.029465013297658507,
	"yaw" : -1.1241854963788596,
	"z" : -0.14242972260504422
}
