{
	"pitch" : 1.4689167942995687,
	"roll" : -0.45559349952634459,
	"x" : -0.23905887815302707,
	"y" : 0.20409919283655348,
	"yaw" : 0.90208350879123622,
	"z" : -0.13266817477965384
}
