{
	"pitch" : 1.359730470733358,
	"roll" : -0.15046291131844544,
	"x" : -0.24144989548770224,
	"y" : 0.20144509346007963,
	"yaw" : 1.2475983654940126,
	"z" : -0.091215959326745796
}
