{
	"pitch" : 1.2289525030999264,
	"roll" : -0.23709677904420659,
	"x" : -0.25369681746765571,
	"y" : -0.012082902470534559,
	"yaw" : 0.90720580484965008,
	"z" : -0.098983469271023139
}
