{
	"pitch" : 1.4803521973591096,
	"roll" : -2.3318675009231851,
	"x" : -0.23025933262286824,
	"y" : 0.030986236204750967,
	"yaw" : -1.0455503637221382,
	"z" : -0.14793368311142061
}
