{
	"pitch" : 1.4999227465114684,
	"roll" : -2.4748186362120355,
	"x" : -0.23383314425163709,
	"y" : 0.028115719524187455,
	"yaw" : -1.1987414264266896,
	"z" : -0.14115248549475057
}
