{
	"pitch" : 1.3345204755012297,
	"roll" : -0.12177745756713255,
	"x" : -0.2421730899590015,
	"y" : 0.20005988971872296,
	"yaw" : 1.273924722926618,
	"z" : -0.084275229745118058
}
