{
	"pitch" : 0.97233886986695317,
	"roll" : 0.090367274066992589,
	"x" : -0.27546730197476332,
	"y" : 0.084963801553280399,
	"yaw" : 1.329703006535605,
	"z" : -0.030897371827852904
}
