{
	"pitch" : 0.96684057415903313,
	"roll" : 0.059822923523406187,
	"x" : -0.27393985825490164,
	"y" : 0.091348301985432978,
	"yaw" : 1.3201631222234906,
	"z" : -0.027504987977749445
}
