{
	"pitch" : 0.97569455224432966,
	"roll" : 0.0790175154288109,
	"x" : -0.26763021727763181,
	"y" : 0.007588714721450774,
	"yaw" : 1.3344121963318856,
	"z" : -0.081838094021348493
}
