{
	"pitch" : 1.1780274069872845,
	"roll" : -0.17970498097979748,
	"x" : -0.25437464821408617,
	"y" : -0.015092461871906994,
	"yaw" : 0.93690049745389536,
	"z" : -0.090997022841811562
}
