{
	"pitch" : 0.96091733022195003,
	"roll" : -0.051832977732158836,
	"x" : -0.27708542156896238,
	"y" : -0.04604457385823818,
	"yaw" : 0.94549034323856262,
	"z" : -0.08832539772121209
}
