{
	"pitch" : 1.2516392043313425,
	"roll" : -0.078801128028146983,
	"x" : -0.24341269979629063,
	"y" : 0.19299357997283084,
	"yaw" : 1.3108705285187363,
	"z" : -0.060979949432777403
}
