{
	"pitch" : 0.96757271505578168,
	"roll" : 0.11798747523469012,
	"x" : -0.2582546750767612,
	"y" : 0.011381685069647044,
	"yaw" : 1.3442863528616886,
	"z" : -0.052847986133731706
}
