{
	"pitch" : 1.1891887566577504,
	"roll" : -0.18273722013352622,
	"x" : -0.25450682289765386,
	"y" : -0.014187627837993022,
	"yaw" : 0.93538596967059606,
	"z" : -0.092542551113435817
}
