{
	"pitch" : 0.98261563710874977,
	"roll" : 0.078860642412105331,
	"x" : -0.2638030562912454,
	"y" : 0.079386088717932318,
	"yaw" : 1.2949074592015812,
	"z" : -0.01511387346844989
}
