{
	"pitch" : 1.4620672280265277,
	"roll" : -0.63035024047161881,
	"x" : -0.23241619360177734,
	"y" : 0.20638543580209315,
	"yaw" : 0.71854962846443748,
	"z" : -0.13124732484167834
}
