{
	"pitch" : 1.4517373775948763,
	"roll" : -0.97777866426251725,
	"x" : -0.23658390001474724,
	"y" : 0.024557875977951893,
	"yaw" : 0.28047095090576701,
	"z" : -0.13891197740119665
}
