{
	"pitch" : 0.97321288422356234,
	"roll" : 0.070897159745133234,
	"x" : -0.27121134558029547,
	"y" : 0.080989270640815444,
	"yaw" : 1.2984770288487921,
	"z" : -0.024421324321339727
}
