{
	"pitch" : 1.401858550440797,
	"roll" : -0.69557248396698346,
	"x" : -0.24197033867855738,
	"y" : 0.01425861849610445,
	"yaw" : 0.54299981124728458,
	"z" : -0.13476985516149792
}
