{
	"pitch" : 1.5023217826448279,
	"roll" : -2.446194536992631,
	"x" : -0.23347046396031032,
	"y" : 0.028828420995867562,
	"yaw" : -1.1724823003650962,
	"z" : -0.13954520373252649
}
