{
	"pitch" : 1.4862283405938137,
	"roll" : -2.5170691211888006,
	"x" : -0.22916985964026743,
	"y" : 0.032037178419593068,
	"yaw" : -1.2235401873358784,
	"z" : -0.13615440623054112
}
