{
	"pitch" : 1.4662572438508585,
	"roll" : -0.38191775231678671,
	"x" : -0.23868843180588437,
	"y" : 0.2040329713865548,
	"yaw" : 0.97667276651002477,
	"z" : -0.13040768990964596
}
