{
	"pitch" : 0.96554081970935846,
	"roll" : 0.057717978637030827,
	"x" : -0.27372249451689784,
	"y" : 0.091591996062412473,
	"yaw" : 1.3186919348732473,
	"z" : -0.026534785989967558
}
