{
	"pitch" : 1.5355909389403573,
	"roll" : -1.2413147198485386,
	"x" : -0.23866761204497228,
	"y" : 0.037002665013590674,
	"yaw" : 0.062724059573348576,
	"z" : -0.13468366625138839
}
