{
	"pitch" : 1.4802249507897902,
	"roll" : -2.3112931659052718,
	"x" : -0.22862450046470792,
	"y" : 0.031266416588707366,
	"yaw" : -1.0275075070588575,
	"z" : -0.14508528450934691
}
