{
	"pitch" : 0.95991188059174182,
	"roll" : -0.056209718978782977,
	"x" : -0.27657174625457431,
	"y" : -0.047510457993701745,
	"yaw" : 0.93372117434502977,
	"z" : -0.090639560502189909
}
