{
	"pitch" : 1.4759427745816527,
	"roll" : -2.3429585536842725,
	"x" : -0.2280284480179417,
	"y" : 0.028201848489670084,
	"yaw" : -1.0517629337161889,
	"z" : -0.15924936898471936
}
