{
	"pitch" : 1.1334400708759855,
	"roll" : 0.20251608095733711,
	"x" : -0.25447169074428755,
	"y" : 0.028162472942195076,
	"yaw" : 1.4344843032627095,
	"z" : -0.078240617766785786
}
