{
	"pitch" : 1.0452245736208197,
	"roll" : 0.13720361350307994,
	"x" : -0.2527618541802184,
	"y" : 0.064250448135645039,
	"yaw" : 1.2990505866378141,
	"z" : -0.044742473215217654
}
