{
	"pitch" : 1.4616169352399282,
	"roll" : -0.63733714457328483,
	"x" : -0.23264075134230985,
	"y" : 0.2061656057500654,
	"yaw" : 0.71121267363863305,
	"z" : -0.13250045171849451
}
