{
	"pitch" : 1.4651090068459434,
	"roll" : -0.37152304184957513,
	"x" : -0.23838009891425507,
	"y" : 0.2041718929785262,
	"yaw" : 0.98747737237791322,
	"z" : -0.12950376597469374
}
