{
	"pitch" : 1.4799388113268692,
	"roll" : -2.3348908290839838,
	"x" : -0.23181733010310052,
	"y" : 0.03052200645972547,
	"yaw" : -1.0472968711240669,
	"z" : -0.15048057654028016
}
