{
	"pitch" : 1.3344046790086499,
	"roll" : -0.012210485444993084,
	"x" : -0.24309791759729077,
	"y" : 0.17593588230993473,
	"yaw" : 1.3288197394443086,
	"z" : -0.1093788742318676
}
