{
	"pitch" : 1.3353943525864267,
	"roll" : -0.013628284871974235,
	"x" : -0.24318936590654575,
	"y" : 0.17621012016078541,
	"yaw" : 1.3273037866904946,
	"z" : -0.11026096366332593
}
