{
	"pitch" : 1.5007714117391258,
	"roll" : -2.4613513242007889,
	"x" : -0.23343910600731685,
	"y" : 0.028301891101324028,
	"yaw" : -1.1846782184093705,
	"z" : -0.13956957083916269
}
