{
	"pitch" : 0.94630654348737486,
	"roll" : 0.033440692026075122,
	"x" : -0.27119163572801119,
	"y" : 0.096898748754617403,
	"yaw" : 1.3059470316828534,
	"z" : -0.022435866810051247
}
