{
	"pitch" : 1.2558539172615311,
	"roll" : 0.26147167455695874,
	"x" : -0.25079969125725704,
	"y" : 0.036315087742668312,
	"yaw" : 1.5057591151539997,
	"z" : -0.088629522717532883
}
