{
	"pitch" : 0.96364502122525608,
	"roll" : 0.12924061262836462,
	"x" : -0.26008336235455676,
	"y" : 0.012521183504324865,
	"yaw" : 1.3627541764194955,
	"z" : -0.053631959467446005
}
