{
	"pitch" : 1.4708333211013489,
	"roll" : -0.49470177400550513,
	"x" : -0.23870264555688697,
	"y" : 0.20464313118006874,
	"yaw" : 0.86179418964186227,
	"z" : -0.13292506302258403
}
