{
	"pitch" : 1.4512525009062807,
	"roll" : -0.57344869207219529,
	"x" : -0.2324197044865095,
	"y" : 0.20768672529668381,
	"yaw" : 0.79342225017575707,
	"z" : -0.12912865719555375
}
