{
	"pitch" : 0.92716276838160749,
	"roll" : 0.082674607804652245,
	"x" : -0.25837283910308645,
	"y" : 0.02143785835039733,
	"yaw" : 1.3141272427012212,
	"z" : -0.066946514501897453
}
