{
	"pitch" : 1.4992695019221034,
	"roll" : -2.4696921848230673,
	"x" : -0.23372096608652576,
	"y" : 0.028112363587609851,
	"yaw" : -1.1933426948632853,
	"z" : -0.14154558354653618
}
