{
	"pitch" : 0.92437895980564144,
	"roll" : 0.081955902792836238,
	"x" : -0.25810598653629657,
	"y" : 0.022396637913204575,
	"yaw" : 1.3144703206537811,
	"z" : -0.06593127723773054
}
