{
	"pitch" : 1.4710207758801754,
	"roll" : -0.71070374621374299,
	"x" : -0.23216541478076161,
	"y" : 0.20457876462239472,
	"yaw" : 0.64923168677633258,
	"z" : -0.13322981279486595
}
