{
	"pitch" : 1.4685137655636811,
	"roll" : -0.28925928202172063,
	"x" : -0.23802367042038108,
	"y" : 0.20568801847513266,
	"yaw" : 1.0944587946594975,
	"z" : -0.12694781293212826
}
