{
	"pitch" : 0.97043875458865647,
	"roll" : 0.12777602782117023,
	"x" : -0.2678233078690484,
	"y" : 0.010997393433975062,
	"yaw" : 1.3607425822581947,
	"z" : -0.079923674679339154
}
