{
	"pitch" : 1.2910939551749407,
	"roll" : -0.33276661280066416,
	"x" : -0.24933778692554606,
	"y" : -0.0014853536950359333,
	"yaw" : 0.8431271289579515,
	"z" : -0.10866994494691792
}
