{
	"pitch" : 0.99339867793612124,
	"roll" : -0.029857401844567463,
	"x" : -0.27580804866540465,
	"y" : -0.051865820849161262,
	"yaw" : 0.92939934454139272,
	"z" : -0.091973595715904619
}
