{
	"pitch" : 1.4677186640949371,
	"roll" : -0.60060185049712933,
	"x" : -0.2325526240635736,
	"y" : 0.20627753918726188,
	"yaw" : 0.74993304694287155,
	"z" : -0.1315292996824288
}
