{
	"pitch" : 1.50512157447741,
	"roll" : -2.0621278078277099,
	"x" : -0.23410513718367407,
	"y" : 0.027927901762495613,
	"yaw" : -0.78381986786388114,
	"z" : -0.15305546454915447
}
