{
	"pitch" : 0.97423461498798802,
	"roll" : 0.08995326416674404,
	"x" : -0.27568763368553378,
	"y" : 0.086056004284894225,
	"yaw" : 1.3324638504622979,
	"z" : -0.030797628405961119
}
