{
	"pitch" : 0.98871886875300585,
	"roll" : 0.14197477456550295,
	"x" : -0.26394360804731648,
	"y" : 0.015192307498025366,
	"yaw" : 1.3820478432037495,
	"z" : -0.075405734108796849
}
