{
	"pitch" : 1.4767851159184946,
	"roll" : -2.4345190580285943,
	"x" : -0.22586010135218021,
	"y" : 0.027477151060879418,
	"yaw" : -1.1385094982878288,
	"z" : -0.15157299810850228
}
