{
	"pitch" : 0.97798277210573004,
	"roll" : -0.083736858736187664,
	"x" : -0.27326009776568683,
	"y" : -0.040959290210266362,
	"yaw" : 0.94492339701464367,
	"z" : -0.08234875379977831
}
