{
	"pitch" : 1.1257689803066093,
	"roll" : -0.012103678274441651,
	"x" : -0.24300534951830219,
	"y" : 0.13336620034394514,
	"yaw" : 1.3365362245917682,
	"z" : -0.06914657163777306
}
