{
	"pitch" : 0.96562454841632883,
	"roll" : -0.051026093851763626,
	"x" : -0.27809620753988379,
	"y" : -0.045340903276672062,
	"yaw" : 0.95403789732292332,
	"z" : -0.08865216796159775
}
