{
	"pitch" : 1.47403358372391,
	"roll" : -0.33308674978746378,
	"x" : -0.2383108754257971,
	"y" : 0.20508703443629156,
	"yaw" : 1.0522085105539194,
	"z" : -0.12925421782928087
}
