{
	"pitch" : 0.97795769383965081,
	"roll" : 0.084900225056511708,
	"x" : -0.26868263446065094,
	"y" : 0.081817670248710408,
	"yaw" : 1.3057701239424462,
	"z" : -0.019036869839501036
}
