{
	"pitch" : 0.97911198224247498,
	"roll" : 0.093847760331258315,
	"x" : -0.27704216020576489,
	"y" : 0.081113137423648118,
	"yaw" : 1.3229371565572552,
	"z" : -0.03439110441080892
}
