{
	"pitch" : 0.97845012753257909,
	"roll" : 0.094981079381527958,
	"x" : -0.2598659131413944,
	"y" : 0.081853296750826282,
	"yaw" : 1.313251972206571,
	"z" : -0.001218205378568038
}
