{
	"pitch" : 1.2539576875530225,
	"roll" : -0.080302523052367278,
	"x" : -0.2433048896829714,
	"y" : 0.19329145112470519,
	"yaw" : 1.3098289276273811,
	"z" : -0.061206786738909918
}
