{
	"pitch" : 0.99970058936991457,
	"roll" : 0.13429007930078893,
	"x" : -0.2737236689318065,
	"y" : 0.070174212784004417,
	"yaw" : 1.316586100756723,
	"z" : -0.041009705775625627
}
