{
	"pitch" : 1.4659131362248776,
	"roll" : -0.61527759385875713,
	"x" : -0.23251901066485622,
	"y" : 0.20619969217124356,
	"yaw" : 0.73453800256373947,
	"z" : -0.13185593544688742
}
