{
	"pitch" : 1.4155146159021015,
	"roll" : -0.83008598792841137,
	"x" : -0.23940260474741465,
	"y" : 0.018673804320055123,
	"yaw" : 0.41608872502438848,
	"z" : -0.13346169900725541
}
