{
	"pitch" : 0.98727046472572488,
	"roll" : 0.11285375178793967,
	"x" : -0.26276582659272002,
	"y" : 0.082990543094396574,
	"yaw" : 1.338784104870524,
	"z" : -0.0020092137088577877
}
