{
	"pitch" : 1.5051327012494915,
	"roll" : -2.3484724285512435,
	"x" : -0.23581886441155481,
	"y" : 0.026523393259543365,
	"yaw" : -1.0717711689504545,
	"z" : -0.15667486859637925
}
