{
	"pitch" : 0.96502467192243402,
	"roll" : -0.049205499582043059,
	"x" : -0.27514083678817619,
	"y" : -0.049854040761262729,
	"yaw" : 0.92865033530486651,
	"z" : -0.091328456334440297
}
