{
	"pitch" : 1.2010561378589906,
	"roll" : -0.052663780612251201,
	"x" : -0.24393421167425483,
	"y" : 0.18515517293447656,
	"yaw" : 1.3292826789800056,
	"z" : -0.046571252138918301
}
