{
	"pitch" : 1.301074253439539,
	"roll" : -0.0015797973160755336,
	"x" : -0.24533937849021439,
	"y" : 0.16492498204682485,
	"yaw" : 1.3472132593002344,
	"z" : -0.10554762311579648
}
