{
	"pitch" : 0.9986497621253495,
	"roll" : 0.053129292649530493,
	"x" : -0.26767734784781255,
	"y" : 0.069923290354312218,
	"yaw" : 1.2093300533423892,
	"z" : -0.035837178896401922
}
