{
	"pitch" : 0.96719794103427259,
	"roll" : 0.10192279444808709,
	"x" : -0.25774014515485955,
	"y" : 0.012261843878342345,
	"yaw" : 1.3224848592077121,
	"z" : -0.060278562073711517
}
