{
	"pitch" : 1.4766857551708534,
	"roll" : -2.4360183602874934,
	"x" : -0.22603533772834083,
	"y" : 0.027502050125729705,
	"yaw" : -1.1401713516204337,
	"z" : -0.15101968630989068
}
