{
	"pitch" : 1.0108623705570676,
	"roll" : -0.12848831273480726,
	"x" : -0.2671391429951307,
	"y" : -0.038357229131689242,
	"yaw" : 0.91177205097121428,
	"z" : -0.079285974112079521
}
