{
	"pitch" : 1.051635560603448,
	"roll" : 0.020174030204914931,
	"x" : -0.27256803171700816,
	"y" : -0.055488423849856729,
	"yaw" : 0.94533201638771036,
	"z" : -0.081669523230930852
}
