{
	"pitch" : 1.0406505853903298,
	"roll" : -0.14014865000262131,
	"x" : -0.2613887398700725,
	"y" : -0.030444268381911943,
	"yaw" : 0.91277996573533338,
	"z" : -0.078238050150631525
}
