{
	"pitch" : 1.2365143788601058,
	"roll" : 0.24614553898610508,
	"x" : -0.25106967424479315,
	"y" : 0.035672652351246142,
	"yaw" : 1.4865333924128232,
	"z" : -0.086831599471592719
}
