{
	"pitch" : 1.4754030095985049,
	"roll" : -2.300121270143404,
	"x" : -0.22990989698775174,
	"y" : 0.028543757704503403,
	"yaw" : -1.0110113365025897,
	"z" : -0.1614348254194124
}
