{
	"pitch" : 1.5171504475522541,
	"roll" : -1.8273567146932268,
	"x" : -0.23307858146932281,
	"y" : 0.035359046135270286,
	"yaw" : -0.52769105243668324,
	"z" : -0.13501409670686904
}
