{
	"pitch" : 1.0737025255586712,
	"roll" : 0.04213603295084279,
	"x" : -0.25406355257810265,
	"y" : 0.14524634038480633,
	"yaw" : 1.3772281348240014,
	"z" : -0.020709264882669359
}
