{
	"pitch" : 0.9658665921822791,
	"roll" : -0.05105237256867181,
	"x" : -0.27567703250661491,
	"y" : -0.04980662705433881,
	"yaw" : 0.92741399277735226,
	"z" : -0.093511122280794667
}
