{
	"pitch" : 0.99722651072027191,
	"roll" : 0.052191415670187764,
	"x" : -0.26763133559963276,
	"y" : 0.07036369706328266,
	"yaw" : 1.2100755571797543,
	"z" : -0.035444596977903586
}
