{
	"pitch" : 1.4733964162580198,
	"roll" : -0.32426056647356299,
	"x" : -0.23847106138900817,
	"y" : 0.20508200058517165,
	"yaw" : 1.0619808688414032,
	"z" : -0.12984238180258764
}
