{
	"pitch" : 0.97634182565146987,
	"roll" : -0.08321856174850259,
	"x" : -0.27369792592383108,
	"y" : -0.041436200662707832,
	"yaw" : 0.94480771167194244,
	"z" : -0.082755944810462695
}
