{
	"pitch" : 1.4603130397909976,
	"roll" : -0.70057931274837071,
	"x" : -0.23169627498546377,
	"y" : 0.20539091919187885,
	"yaw" : 0.66244760619400567,
	"z" : -0.13233390105294918
}
