{
	"pitch" : 0.97230852448396732,
	"roll" : 0.070410128434775482,
	"x" : -0.27181375384800888,
	"y" : 0.080842833175218481,
	"yaw" : 1.2982028107348429,
	"z" : -0.025602326806197701
}
