{
	"pitch" : 1.1659543191452446,
	"roll" : -0.028680655656205954,
	"x" : -0.24468899323834009,
	"y" : 0.17699980935993501,
	"yaw" : 1.3440835237546782,
	"z" : -0.037304095133116832
}
