{
	"pitch" : 0.98249139289003928,
	"roll" : 0.079233177520832559,
	"x" : -0.26372568953622516,
	"y" : 0.079453697559795283,
	"yaw" : 1.2954729094631354,
	"z" : -0.014496350633213112
}
