{
	"pitch" : 1.5004367526827738,
	"roll" : -2.0339305610046434,
	"x" : -0.22946622507334324,
	"y" : 0.033375545364984882,
	"yaw" : -0.73369394773199481,
	"z" : -0.13355886566405628
}
