{
	"pitch" : 0.9604218113006151,
	"roll" : 0.052215125916664877,
	"x" : -0.27316085229272402,
	"y" : 0.09272659077546222,
	"yaw" : 1.314881138898939,
	"z" : -0.026372829925642827
}
