{
	"pitch" : 1.4359669307065903,
	"roll" : -0.90638166877812676,
	"x" : -0.23778334085596237,
	"y" : 0.022554322214863212,
	"yaw" : 0.34944024047573258,
	"z" : -0.14012115061579933
}
