{
	"pitch" : 1.4616583743033316,
	"roll" : -0.36339033221973271,
	"x" : -0.23763997197668091,
	"y" : 0.2042220686389386,
	"yaw" : 0.99598646133775459,
	"z" : -0.12823157929828952
}
