{
	"pitch" : 0.99585626342147171,
	"roll" : 0.049632028478202535,
	"x" : -0.26789152353381379,
	"y" : 0.07068897509249733,
	"yaw" : 1.2096063068948513,
	"z" : -0.035461461502841213
}
