{
	"pitch" : 1.3846898808608195,
	"roll" : -0.55569504400874259,
	"x" : -0.24436346065773731,
	"y" : 0.010467601375002779,
	"yaw" : 0.66424110491041444,
	"z" : -0.12498172201295675
}
