{
	"pitch" : 1.4685176390952941,
	"roll" : -0.50078344378833983,
	"x" : -0.23677134998059232,
	"y" : 0.20569760998582687,
	"yaw" : 0.84755184410899143,
	"z" : -0.13278453323291894
}
