{
	"pitch" : 0.99252742969496832,
	"roll" : 0.02154406415104481,
	"x" : -0.26528868499126462,
	"y" : 0.071778510758420719,
	"yaw" : 1.192562178877121,
	"z" : -0.031883412868899064
}
