{
	"pitch" : 1.4997174547995036,
	"roll" : -1.6939685466543379,
	"x" : -0.23335224459067747,
	"y" : 0.028615288723081209,
	"yaw" : -0.41638432839519268,
	"z" : -0.14817124342106616
}
