{
	"pitch" : 0.92295805436885447,
	"roll" : 0.081074726187053234,
	"x" : -0.25827666623487011,
	"y" : 0.022867195834017112,
	"yaw" : 1.314321616056884,
	"z" : -0.066242495932538045
}
