{
	"pitch" : 0.96818980364692941,
	"roll" : 0.10230052018946893,
	"x" : -0.25761370897162317,
	"y" : 0.01218967865617997,
	"yaw" : 1.3229126937802052,
	"z" : -0.059507180724733627
}
