{
	"pitch" : 1.3651764113438696,
	"roll" : -0.45910518538899442,
	"x" : -0.24615430560906001,
	"y" : 0.0077778274338941994,
	"yaw" : 0.74962959067919999,
	"z" : -0.11949556171861293
}
