{
	"pitch" : 1.5237337552470294,
	"roll" : -0.50797716882151123,
	"x" : -0.24024468742390587,
	"y" : 0.038559749009671143,
	"yaw" : 0.79235226500519951,
	"z" : -0.12901057711926442
}
