{
	"pitch" : 1.4677315904661643,
	"roll" : -0.51229160746293489,
	"x" : -0.23708023714929205,
	"y" : 0.20554454068199068,
	"yaw" : 0.83763263307851876,
	"z" : -0.13248283188713489
}
