{
	"pitch" : 1.4643749608507906,
	"roll" : -0.62872569225212016,
	"x" : -0.23246561413531591,
	"y" : 0.2060976131368738,
	"yaw" : 0.72094955388817406,
	"z" : -0.1322995377743813
}
