{
	"pitch" : 0.94429391013201924,
	"roll" : 0.089059620016081587,
	"x" : -0.25858766859452537,
	"y" : 0.016034835155896817,
	"yaw" : 1.313801952369908,
	"z" : -0.069521589116793292
}
