{
	"pitch" : 1.2601782105336454,
	"roll" : -0.26619728968439343,
	"x" : -0.25189421272354739,
	"y" : -0.0065648661025327869,
	"yaw" : 0.89303733060405799,
	"z" : -0.10212477335295855
}
