{
	"pitch" : 1.0564564380185566,
	"roll" : 0.028483390224871934,
	"x" : -0.27347335335951728,
	"y" : -0.055308810810433866,
	"yaw" : 0.95125173700518439,
	"z" : -0.082008905104644134
}
