{
	"pitch" : 1.4746376072100167,
	"roll" : -2.3899532034793327,
	"x" : -0.22423437423002171,
	"y" : 0.027066194700252108,
	"yaw" : -1.0852656691842577,
	"z" : -0.15040841719746709
}
