{
	"pitch" : 0.98483887249663049,
	"roll" : 0.085321712072319852,
	"x" : -0.27702848425237153,
	"y" : 0.079391108961903711,
	"yaw" : 1.3184636364043387,
	"z" : -0.034840958070813416
}
