{
	"pitch" : 0.9630290753584605,
	"roll" : -0.049161478543683954,
	"x" : -0.27581916397535072,
	"y" : -0.049314823852584302,
	"yaw" : 0.9303701581119993,
	"z" : -0.091506905139365782
}
