{
	"pitch" : 1.0593611948425086,
	"roll" : 0.15764867963376386,
	"x" : -0.25788953899852862,
	"y" : 0.021647164792454446,
	"yaw" : 1.4027719084094723,
	"z" : -0.075255671112318623
}
