{
	"pitch" : 1.4735107734783877,
	"roll" : -0.29882451291273204,
	"x" : -0.23882648215954211,
	"y" : 0.20566766556594662,
	"yaw" : 1.0849938957996978,
	"z" : -0.1305880157079844
}
