{
	"pitch" : 1.0525176303889232,
	"roll" : 0.022918998354356734,
	"x" : -0.27269710778901896,
	"y" : -0.05537516925961649,
	"yaw" : 0.94495828594389275,
	"z" : -0.081365200963616088
}
