{
	"pitch" : 1.4010198369537634,
	"roll" : -0.68832096010129395,
	"x" : -0.24201257563070863,
	"y" : 0.014071342212101545,
	"yaw" : 0.54880974392868953,
	"z" : -0.13295700945336345
}
