{
	"pitch" : 0.9602564989759873,
	"roll" : -0.053424756075110671,
	"x" : -0.27701298142938163,
	"y" : -0.04649165778190497,
	"yaw" : 0.94252021250119022,
	"z" : -0.088906103708187578
}
