{
	"pitch" : 1.0069586471902132,
	"roll" : 0.045628797351516551,
	"x" : -0.26486391777800483,
	"y" : 0.11495242920121787,
	"yaw" : 1.355302416281118,
	"z" : -0.017703376758841566
}
