{
	"pitch" : 1.2589264602273538,
	"roll" : -0.083242579602902073,
	"x" : -0.24329259930810884,
	"y" : 0.1939011002843142,
	"yaw" : 1.3077049274114074,
	"z" : -0.062865490135340138
}
