{
	"pitch" : 1.0554776533609882,
	"roll" : 0.028817928313248482,
	"x" : -0.27338658493608442,
	"y" : -0.055133905476285737,
	"yaw" : 0.95148974219395421,
	"z" : -0.081987536687431653
}
