{
	"pitch" : 0.94542381854813595,
	"roll" : 0.089118895237029053,
	"x" : -0.25863592588519263,
	"y" : 0.015343683777729482,
	"yaw" : 1.3151737153838245,
	"z" : -0.069542987905251152
}
