{
	"pitch" : 1.1689052149541659,
	"roll" : 0.20766630026833774,
	"x" : -0.25349933864336027,
	"y" : 0.030235024242692452,
	"yaw" : 1.4452394571763985,
	"z" : -0.081881339639884976
}
