{
	"pitch" : 1.190706085755606,
	"roll" : -0.01089018608157097,
	"x" : -0.24378028752859016,
	"y" : 0.14778319736071782,
	"yaw" : 1.3415436757760366,
	"z" : -0.07991500438459502
}
