{
	"pitch" : 1.2163722786158546,
	"roll" : 0.22470326822077394,
	"x" : -0.25132130274377129,
	"y" : 0.034674685270885325,
	"yaw" : 1.4633119254869487,
	"z" : -0.085378051247453082
}
