{
	"pitch" : 1.0081913292079396,
	"roll" : 0.14460994587308137,
	"x" : -0.26241147080514599,
	"y" : 0.016230700089266564,
	"yaw" : 1.3877296226013631,
	"z" : -0.074395486586391057
}
