{
	"pitch" : 0.99065922943247431,
	"roll" : 0.004087462880679198,
	"x" : -0.26386454446026336,
	"y" : 0.072010890479550643,
	"yaw" : 1.1756645786617037,
	"z" : -0.031010436360180249
}
