{
	"pitch" : 0.98430136465303142,
	"roll" : 0.035170897558059792,
	"x" : -0.24379984847528705,
	"y" : 0.090823133273051443,
	"yaw" : 1.3357850785948919,
	"z" : -0.049002225641832792
}
