{
	"pitch" : 1.516279821006784,
	"roll" : -1.8563492935464034,
	"x" : -0.23264692749404789,
	"y" : 0.035220187596413086,
	"yaw" : -0.55697595821240875,
	"z" : -0.13497420514820468
}
