{
	"pitch" : 1.4705003459774482,
	"roll" : -1.122517471756914,
	"x" : -0.23479483219504699,
	"y" : 0.027024854008028537,
	"yaw" : 0.14102161735028718,
	"z" : -0.14253570004742905
}
