{
	"pitch" : 1.264379608383069,
	"roll" : 0.26666809988779244,
	"x" : -0.25057574306568176,
	"y" : 0.03650118161182523,
	"yaw" : 1.5134220028560816,
	"z" : -0.08896450587511448
}
