{
	"pitch" : 1.1737592180012253,
	"roll" : 0.20877538235175355,
	"x" : -0.25343612491295353,
	"y" : 0.030538346497228211,
	"yaw" : 1.4468655173283733,
	"z" : -0.082561124361395594
}
