{
	"pitch" : 1.5052034305009612,
	"roll" : -2.0911036190755516,
	"x" : -0.23410010965624886,
	"y" : 0.027713380052203834,
	"yaw" : -0.81174384956575663,
	"z" : -0.15285707485407032
}
