{
	"pitch" : 0.97769241907913551,
	"roll" : 0.0086513952300546291,
	"x" : -0.26199092047692674,
	"y" : 0.076254732505422793,
	"yaw" : 1.2092256735764388,
	"z" : -0.022690536664924099
}
