{
	"pitch" : 1.4628195641215476,
	"roll" : -0.71180574310938205,
	"x" : -0.23160837132761367,
	"y" : 0.20513973701771249,
	"yaw" : 0.64948990250780025,
	"z" : -0.13201361941619078
}
