{
	"pitch" : 1.4985649325960826,
	"roll" : -2.4877103459508021,
	"x" : -0.23346833289999749,
	"y" : 0.028743688326451258,
	"yaw" : -1.2097492040602107,
	"z" : -0.14140131918983234
}
