{
	"pitch" : 1.1780961181079985,
	"roll" : 0.20998463224905495,
	"x" : -0.25293417867592399,
	"y" : 0.03102531712764689,
	"yaw" : 1.4483431699313225,
	"z" : -0.081573590973550103
}
