{
	"pitch" : 0.97622875870814529,
	"roll" : 0.0869895547013078,
	"x" : -0.26767453523078677,
	"y" : 0.082286602272778231,
	"yaw" : 1.3079546779860827,
	"z" : -0.01746702451079532
}
