{
	"pitch" : 1.4561303940796277,
	"roll" : -0.32110725723152,
	"x" : -0.23718348116439009,
	"y" : 0.208702412311357,
	"yaw" : 1.0561130496770215,
	"z" : -0.12796522523901196
}
