{
	"pitch" : 1.4843073377053007,
	"roll" : -2.5384468657248025,
	"x" : -0.2273727653112704,
	"y" : 0.031541031018809257,
	"yaw" : -1.2369828581766418,
	"z" : -0.13320539841169385
}
