{
	"pitch" : 1.0846891457993777,
	"roll" : 0.0026974969066714425,
	"x" : -0.24247109308427947,
	"y" : 0.12014274542860849,
	"yaw" : 1.3452619894083948,
	"z" : -0.059775063577523019
}
