{
	"pitch" : 1.0566174821047722,
	"roll" : 0.01906953988357192,
	"x" : -0.27280992107657548,
	"y" : -0.056085762275385871,
	"yaw" : 0.94274297010613839,
	"z" : -0.081714944578619955
}
