{
	"pitch" : 1.4583991238752856,
	"roll" : -0.67590442976217879,
	"x" : -0.23185689766115408,
	"y" : 0.20577677544527473,
	"yaw" : 0.68884298876978201,
	"z" : -0.13191457516735983
}
