{
	"pitch" : 1.2808621705466676,
	"roll" : 0.27781350766744384,
	"x" : -0.25029430724834306,
	"y" : 0.037219173875713045,
	"yaw" : 1.5258376015074331,
	"z" : -0.090792960604780135
}
