{
	"pitch" : 1.4547108634214958,
	"roll" : -0.57650031531710411,
	"x" : -0.23269481908846787,
	"y" : 0.20630553616931591,
	"yaw" : 0.79212226557385379,
	"z" : -0.13254229233631221
}
