{
	"pitch" : 1.0585998447235301,
	"roll" : 0.028043760090139015,
	"x" : -0.27371148386317767,
	"y" : -0.055632056147224239,
	"yaw" : 0.95230405511140281,
	"z" : -0.082115395937384372
}
