{
	"pitch" : 0.97276986069671745,
	"roll" : 0.070983493725856925,
	"x" : -0.27132378334990448,
	"y" : 0.08094868412719633,
	"yaw" : 1.2986669517634557,
	"z" : -0.024276369494629912
}
