{
	"pitch" : 1.1953343628985775,
	"roll" : -0.18603491061225594,
	"x" : -0.25487998258848621,
	"y" : -0.013950450759197609,
	"yaw" : 0.93288307498961742,
	"z" : -0.094666408161948865
}
