{
	"pitch" : 1.4887638610971836,
	"roll" : 0.099519281043651361,
	"x" : -0.24400351579528787,
	"y" : 0.038375043326973189,
	"yaw" : 1.3921972207599553,
	"z" : -0.120311259815318
}
