{
	"pitch" : 1.5012448717893934,
	"roll" : -2.5059336278480959,
	"x" : -0.23400961015241109,
	"y" : 0.028916791214761553,
	"yaw" : -1.2314198347488163,
	"z" : -0.14035113285374104
}
