{
	"pitch" : 0.97519977785315159,
	"roll" : 0.13129416973288616,
	"x" : -0.26357152369701153,
	"y" : 0.01426276812963076,
	"yaw" : 1.3709701200807183,
	"z" : -0.072893286521951595
}
