{
	"pitch" : 1.18853051566432,
	"roll" : 0.21165335010015271,
	"x" : -0.25249681882837993,
	"y" : 0.031959432727287899,
	"yaw" : 1.4510498539580794,
	"z" : -0.082435337133245218
}
