{
	"pitch" : 1.0277277628561847,
	"roll" : 0.15430723323814979,
	"x" : -0.26103186901094061,
	"y" : 0.018804013937289449,
	"yaw" : 1.3972961849131296,
	"z" : -0.075036018092168921
}
