{
	"pitch" : 1.4793775892189549,
	"roll" : -0.5855662716018728,
	"x" : -0.23318631134356763,
	"y" : 0.2055037330301081,
	"yaw" : 0.76591447258266465,
	"z" : -0.13280759698725825
}
