{
	"pitch" : 1.0526910803395728,
	"roll" : 0.019610448163182366,
	"x" : -0.27245286220912868,
	"y" : -0.05553737099821475,
	"yaw" : 0.94325605421127956,
	"z" : -0.081488571061553813
}
