{
	"pitch" : 0.96582052962700249,
	"roll" : 0.10108780168630657,
	"x" : -0.2580348570472234,
	"y" : 0.012453836534405079,
	"yaw" : 1.3217048090080097,
	"z" : -0.061897251666161196
}
