{
	"pitch" : 0.90578791320240271,
	"roll" : 0.05716368692333805,
	"x" : -0.25092098952622627,
	"y" : 0.048915105799366802,
	"yaw" : 1.3147200045623706,
	"z" : -0.052752428394893469
}
