{
	"pitch" : 1.493982631543759,
	"roll" : -1.5345831973148678,
	"x" : -0.23309388286868868,
	"y" : 0.028744866413702982,
	"yaw" : -0.26080671566929087,
	"z" : -0.14668665939337761
}
