{
	"pitch" : 1.1720097668790772,
	"roll" : -0.018835327771502482,
	"x" : -0.24370493865604201,
	"y" : 0.14431431563184521,
	"yaw" : 1.3330259750880096,
	"z" : -0.078584555622414509
}
