{
	"pitch" : 1.13996610696922,
	"roll" : -0.17203259175994032,
	"x" : -0.25449542715743823,
	"y" : -0.018203144702983565,
	"yaw" : 0.92722472909433096,
	"z" : -0.085418916483602392
}
