{
	"pitch" : 1.4681107178688197,
	"roll" : -0.52311908217365843,
	"x" : -0.23487962092979309,
	"y" : 0.20728126857840198,
	"yaw" : 0.81942021240532914,
	"z" : -0.13106209042157543
}
