{
	"pitch" : 1.47693011955493,
	"roll" : -2.3671816982287397,
	"x" : -0.22729913442461502,
	"y" : 0.028062377929915672,
	"yaw" : -1.0754064133997405,
	"z" : -0.15852437918349543
}
