{
	"pitch" : 1.536851602280304,
	"roll" : -1.1442278883951111,
	"x" : -0.23886811423493154,
	"y" : 0.037251772965211608,
	"yaw" : 0.16004162639401376,
	"z" : -0.13351557048667739
}
