{
	"pitch" : 1.2580052915664288,
	"roll" : 0.26414164719769573,
	"x" : -0.25062175413918508,
	"y" : 0.036494117704378673,
	"yaw" : 1.5087348825759992,
	"z" : -0.088224581403337443
}
