{
	"pitch" : 1.0475218461522131,
	"roll" : 0.12684903622039059,
	"x" : -0.25706218310195839,
	"y" : 0.066340992250418424,
	"yaw" : 1.286027966428652,
	"z" : -0.045213292957177048
}
