{
	"pitch" : 1.3393973135750836,
	"roll" : 0.26979340686215669,
	"x" : -0.24843603112455667,
	"y" : 0.03934809874870749,
	"yaw" : 1.5303802604340238,
	"z" : -0.096203965717213791
}
