{
	"pitch" : 0.97529833789909592,
	"roll" : 0.085355542702236345,
	"x" : -0.26740416963038971,
	"y" : 0.0077039800555662036,
	"yaw" : 1.3379444933364131,
	"z" : -0.080607919545568063
}
