{
	"pitch" : 1.0562010745663348,
	"roll" : 0.019977579912398839,
	"x" : -0.27282779639169163,
	"y" : -0.055994693480276671,
	"yaw" : 0.94273064828868103,
	"z" : -0.081653810266556617
}
