{
	"pitch" : 0.979588340488042,
	"roll" : 0.093671127069241009,
	"x" : -0.27718638771433207,
	"y" : 0.08108116050196644,
	"yaw" : 1.322836482455493,
	"z" : -0.035163914487448239
}
