{
	"pitch" : 1.4731069700409407,
	"roll" : -1.1471827531173224,
	"x" : -0.23441662515030232,
	"y" : 0.027400815202041934,
	"yaw" : 0.11696019263778784,
	"z" : -0.14180972315910259
}
