{
	"pitch" : 1.5008897156387175,
	"roll" : -2.480567994310646,
	"x" : -0.23392385623052969,
	"y" : 0.028109402726707783,
	"yaw" : -1.2047462474851958,
	"z" : -0.14008331088183884
}
