{
	"pitch" : 0.99006599189101796,
	"roll" : 0.14204368397365502,
	"x" : -0.26362281713337138,
	"y" : 0.01527709990905253,
	"yaw" : 1.3823154153272361,
	"z" : -0.0747259733652271
}
