{
	"pitch" : 1.330336337697176,
	"roll" : -0.012303924672370424,
	"x" : -0.24374484376931571,
	"y" : 0.17450669969937929,
	"yaw" : 1.3293041198542634,
	"z" : -0.11031898541337233
}
