{
	"pitch" : 1.5285330285001224,
	"roll" : -1.540868871629119,
	"x" : -0.23651016134348821,
	"y" : 0.036498676570763056,
	"yaw" : -0.23917760257398255,
	"z" : -0.13537124652707799
}
