{
	"pitch" : 0.96841010962988361,
	"roll" : 0.10277389445738562,
	"x" : -0.25742405929081336,
	"y" : 0.012053941953090046,
	"yaw" : 1.323431253278567,
	"z" : -0.058652715279191803
}
