{
	"pitch" : 1.249490989780305,
	"roll" : 0.25798887715161234,
	"x" : -0.25090771016950703,
	"y" : 0.036225993046138175,
	"yaw" : 1.5002889572542457,
	"z" : -0.087988266982733876
}
