{
	"pitch" : 1.0996829880289762,
	"roll" : 0.0021841639371397367,
	"x" : -0.24298444447451176,
	"y" : 0.12427388208509275,
	"yaw" : 1.347646932126165,
	"z" : -0.063762340183425192
}
