{
	"pitch" : 1.1938542825326199,
	"roll" : -0.18460696308914795,
	"x" : -0.2547197960454457,
	"y" : -0.013930156382365756,
	"yaw" : 0.93360987210602342,
	"z" : -0.09376437830181672
}
