{
	"pitch" : 0.9162183716375214,
	"roll" : 0.056257890126136925,
	"x" : -0.24785036901652552,
	"y" : 0.064633367349570106,
	"yaw" : 1.327054741543497,
	"z" : -0.050279268026503843
}
