{
	"pitch" : 1.4708619301164505,
	"roll" : -0.49626523501005448,
	"x" : -0.23879624576602446,
	"y" : 0.20460919391749513,
	"yaw" : 0.86017427310612271,
	"z" : -0.13354017913973126
}
