{
	"pitch" : 1.0542712543877168,
	"roll" : 0.018962204296209786,
	"x" : -0.27258373807666375,
	"y" : -0.055819633449381185,
	"yaw" : 0.94275547561418505,
	"z" : -0.081518859003568117
}
