{
	"pitch" : 1.059315807963249,
	"roll" : 0.027805148597102376,
	"x" : -0.27378895676430159,
	"y" : -0.055710116518516026,
	"yaw" : 0.95307163193976263,
	"z" : -0.082188832348228227
}
