{
	"pitch" : 1.3702472685120952,
	"roll" : -0.47803224550317741,
	"x" : -0.24593741224028379,
	"y" : 0.0082354425283702043,
	"yaw" : 0.73253223343992768,
	"z" : -0.1206360177090868
}
