{
	"pitch" : 0.9842235185197723,
	"roll" : 0.084760012370105747,
	"x" : -0.27668092490084589,
	"y" : 0.07947640828876977,
	"yaw" : 1.3178709379982443,
	"z" : -0.033412555149532924
}
