{
	"pitch" : 1.0179304638132993,
	"roll" : -0.13309825582028056,
	"x" : -0.26329712905172947,
	"y" : -0.033531028691150364,
	"yaw" : 0.91718463689790908,
	"z" : -0.077686474814254822
}
