{
	"pitch" : 1.2408823449709887,
	"roll" : -0.073272755326158595,
	"x" : -0.24349135404115047,
	"y" : 0.19175073815307783,
	"yaw" : 1.3146847888606719,
	"z" : -0.057289314773911498
}
