{
	"pitch" : 1.4544978376109756,
	"roll" : -0.576650029778496,
	"x" : -0.23259933000509037,
	"y" : 0.20642379724812157,
	"yaw" : 0.7919301473687278,
	"z" : -0.13196527406528596
}
