{
	"pitch" : 1.3171512101756697,
	"roll" : 0.27682196279323024,
	"x" : -0.24886348528751884,
	"y" : 0.038934489502822189,
	"yaw" : 1.5327792839153345,
	"z" : -0.093389579892337232
}
