{
	"pitch" : 0.97596223983608721,
	"roll" : 0.086137377262708287,
	"x" : -0.27566625477026813,
	"y" : 0.087023125228279735,
	"yaw" : 1.3345116058858706,
	"z" : -0.029820795016406443
}
