{
	"pitch" : 1.2126558264679506,
	"roll" : -0.0042002898746893282,
	"x" : -0.2450002587623045,
	"y" : 0.15143165000542511,
	"yaw" : 1.3483391243147038,
	"z" : -0.087268166264121386
}
