{
	"pitch" : 1.3957686196930041,
	"roll" : -0.64051105418000642,
	"x" : -0.24343276881297896,
	"y" : 0.012330152962455571,
	"yaw" : 0.59035551580731638,
	"z" : -0.131319669527068
}
