{
	"pitch" : 1.0588931442316112,
	"roll" : 0.026098344086444302,
	"x" : -0.27364236037710477,
	"y" : -0.055659072211401407,
	"yaw" : 0.95336247684482012,
	"z" : -0.082304776699749865
}
