{
	"pitch" : 1.0938427638330863,
	"roll" : 0.033997608362295845,
	"x" : -0.25137014723556134,
	"y" : 0.15454808992671931,
	"yaw" : 1.378958985602492,
	"z" : -0.023299249275687939
}
