{
	"pitch" : 1.0266976292288639,
	"roll" : 0.047637207088620064,
	"x" : -0.26208874036912833,
	"y" : 0.12151877507873642,
	"yaw" : 1.3621403773746443,
	"z" : -0.01868632773037851
}
