{
	"pitch" : 0.97952547642666588,
	"roll" : 0.07107268971733198,
	"x" : -0.26647821022333951,
	"y" : 0.0072147691289698793,
	"yaw" : 1.3364175229945543,
	"z" : -0.081690207678745713
}
