{
	"pitch" : 1.4753371800820323,
	"roll" : -2.3258911032879808,
	"x" : -0.22872279813101884,
	"y" : 0.028389259591569335,
	"yaw" : -1.0353882237192815,
	"z" : -0.15914974846948157
}
