{
	"pitch" : 0.99328434657093823,
	"roll" : 0.036943720324837635,
	"x" : -0.24391791631074605,
	"y" : 0.092863763878155467,
	"yaw" : 1.3397833880010828,
	"z" : -0.049772777454255401
}
