{
	"pitch" : 1.0009100056551936,
	"roll" : 0.1371403426760705,
	"x" : -0.27509916411800822,
	"y" : 0.070231002615741639,
	"yaw" : 1.3182202835134385,
	"z" : -0.039522897656527806
}
