{
	"pitch" : 1.4323507353782292,
	"roll" : -0.89915193444439956,
	"x" : -0.23762557664928158,
	"y" : 0.022250165630073898,
	"yaw" : 0.35578758340265326,
	"z" : -0.1375591501639736
}
