{
	"pitch" : 1.4696257554739047,
	"roll" : -0.52680959423927709,
	"x" : -0.23516269365019538,
	"y" : 0.20692516820637014,
	"yaw" : 0.81552830661465103,
	"z" : -0.13183869775099577
}
