{
	"pitch" : 0.96940457075182951,
	"roll" : 0.11636292552438939,
	"x" : -0.25813654586579104,
	"y" : 0.011461300310463132,
	"yaw" : 1.341454478958588,
	"z" : -0.05378512534171484
}
