{
	"pitch" : 1.0525252352338648,
	"roll" : 0.019552522831970755,
	"x" : -0.27257052081527444,
	"y" : -0.055636588254682089,
	"yaw" : 0.94447111811857454,
	"z" : -0.081551624304547474
}
