{
	"pitch" : 1.2053739161638071,
	"roll" : -0.0054769239498989233,
	"x" : -0.24438409059116203,
	"y" : 0.15028375549605483,
	"yaw" : 1.3469662737000945,
	"z" : -0.083810073354258635
}
