{
	"pitch" : 0.97338255013407371,
	"roll" : 0.07441724563526414,
	"x" : -0.27498790559248054,
	"y" : 0.089209306746500891,
	"yaw" : 1.3300916212378704,
	"z" : -0.028226268763523715
}
