{
	"pitch" : 1.2538111972596355,
	"roll" : -0.25383617049673901,
	"x" : -0.25312298139097911,
	"y" : -0.0089268766336715356,
	"yaw" : 0.90008840472263574,
	"z" : -0.10175699926902559
}
