{
	"pitch" : 1.3102877067164209,
	"roll" : -0.0015127251394374561,
	"x" : -0.24485014047667203,
	"y" : 0.16728266424157096,
	"yaw" : 1.3466396694803477,
	"z" : -0.10632351297101311
}
