{
	"pitch" : 1.2295291376320008,
	"roll" : 0.23793949797819713,
	"x" : -0.25114203882991321,
	"y" : 0.035278800359634474,
	"yaw" : 1.4775738206448474,
	"z" : -0.086315086704603736
}
