{
	"pitch" : 1.4471229297764838,
	"roll" : -0.22661915789381257,
	"x" : -0.23359349780358185,
	"y" : 0.2027589815065452,
	"yaw" : 1.1295528719587047,
	"z" : -0.11789376719710944
}
