{
	"pitch" : 0.98739629265395523,
	"roll" : 0.1132473885885294,
	"x" : -0.26262493346608123,
	"y" : 0.082961723764427536,
	"yaw" : 1.3390529480339477,
	"z" : -0.0022320907294040016
}
