{
	"pitch" : 0.98718845086165785,
	"roll" : 0.11388113862261642,
	"x" : -0.26249471555138715,
	"y" : 0.083054025995029646,
	"yaw" : 1.3397165246850424,
	"z" : -0.0014886408457719935
}
