{
	"pitch" : 1.1234297453731632,
	"roll" : -0.011104814666315898,
	"x" : -0.24283834698186757,
	"y" : 0.13285465455088386,
	"yaw" : 1.3372358816660697,
	"z" : -0.068002617481965205
}
