{
	"pitch" : 1.4654764290443332,
	"roll" : -0.58489769308815154,
	"x" : -0.2336501770805178,
	"y" : 0.20751915042057234,
	"yaw" : 0.76109693224271413,
	"z" : -0.13122142599871675
}
