{
	"pitch" : 1.0881158291113777,
	"roll" : 0.18243066505263611,
	"x" : -0.25668583513151999,
	"y" : 0.025170436158790412,
	"yaw" : 1.4149248582177683,
	"z" : -0.077338458203314295
}
