{
	"pitch" : 0.98342138146428526,
	"roll" : 0.073217026350942141,
	"x" : -0.26445820629457906,
	"y" : 0.07874336150792291,
	"yaw" : 1.2887376997326685,
	"z" : -0.017669038140113419
}
