{
	"pitch" : 1.3246037801669597,
	"roll" : -0.38372509613538042,
	"x" : -0.2476202653940365,
	"y" : 0.0026430608699527652,
	"yaw" : 0.80599132268433649,
	"z" : -0.11209791589775456
}
