{
	"pitch" : 0.97224844268133992,
	"roll" : 0.034603874304002774,
	"x" : -0.24355855996669554,
	"y" : 0.08833477612899919,
	"yaw" : 1.3290594755171237,
	"z" : -0.047443288102020004
}
