{
	"pitch" : 1.0051478970257268,
	"roll" : 0.11357863896184624,
	"x" : -0.26971883253525031,
	"y" : 0.069057754662411486,
	"yaw" : 1.2849786567047186,
	"z" : -0.041358224330535681
}
