{
	"pitch" : 1.4860876487668095,
	"roll" : 0.12341167937529553,
	"x" : -0.24423256740086741,
	"y" : 0.038377620158386631,
	"yaw" : 1.41517740222351,
	"z" : -0.11938276328345201
}
