{
	"pitch" : 1.5045951871922123,
	"roll" : -2.0267660933650302,
	"x" : -0.230767526235958,
	"y" : 0.033707229861629787,
	"yaw" : -0.72614797713102086,
	"z" : -0.13371351537133591
}
