{
	"pitch" : 0.9744480493344988,
	"roll" : 0.089461820047224874,
	"x" : -0.27563898750029991,
	"y" : 0.086235206808622844,
	"yaw" : 1.3329816307237325,
	"z" : -0.030102997573685841
}
