{
	"pitch" : 1.1120393899113523,
	"roll" : -0.15430405160291807,
	"x" : -0.25633279718304192,
	"y" : -0.021709131734997937,
	"yaw" : 0.93077108772106221,
	"z" : -0.083323569579375034
}
