{
	"pitch" : 1.4541942171642903,
	"roll" : -0.30681432940877607,
	"x" : -0.23558862060604469,
	"y" : 0.20363262380423777,
	"yaw" : 1.0513914283702217,
	"z" : -0.12329792748364189
}
