{
	"pitch" : 1.0743524431689322,
	"roll" : 0.0060099731629008257,
	"x" : -0.24230277116107773,
	"y" : 0.11711668939199352,
	"yaw" : 1.3445726395694078,
	"z" : -0.057770443190021892
}
