{
	"pitch" : 1.3991341750257111,
	"roll" : -0.67160997961225932,
	"x" : -0.24265952049765044,
	"y" : 0.013212353122422305,
	"yaw" : 0.56340440649448142,
	"z" : -0.13285705725133273
}
