{
	"pitch" : 0.96596864786852121,
	"roll" : 0.13072808229983354,
	"x" : -0.26015309921232144,
	"y" : 0.0119788890819763,
	"yaw" : 1.3630200980842746,
	"z" : -0.053199368624456067
}
