{
	"pitch" : 1.0966518908698819,
	"roll" : -0.14641229416022958,
	"x" : -0.25733795267151338,
	"y" : -0.023572083208692092,
	"yaw" : 0.93063093173556422,
	"z" : -0.082193786625080117
}
