{
	"pitch" : 1.123171554077699,
	"roll" : -0.16021095333943436,
	"x" : -0.25581281120655674,
	"y" : -0.020438765378902199,
	"yaw" : 0.93151752713540703,
	"z" : -0.084349162542396383
}
