{
	"pitch" : 0.96104470476385273,
	"roll" : -0.054542796946459263,
	"x" : -0.27653699373219554,
	"y" : -0.047187158934117138,
	"yaw" : 0.93732377462739225,
	"z" : -0.089048139914644706
}
