{
	"pitch" : 1.4419674446896971,
	"roll" : -0.14584542309413517,
	"x" : -0.23134503332953732,
	"y" : 0.20110454158836544,
	"yaw" : 1.2073277905987552,
	"z" : -0.11134072684441657
}
