{
	"pitch" : 1.4697898919063015,
	"roll" : -0.48534332215767961,
	"x" : -0.23886372913117979,
	"y" : 0.20438303200446131,
	"yaw" : 0.87189755563075788,
	"z" : -0.13320371905288952
}
