{
	"pitch" : 1.4784559993874471,
	"roll" : -0.57006066150609025,
	"x" : -0.23327457661678755,
	"y" : 0.20565709636407353,
	"yaw" : 0.78157927461237797,
	"z" : -0.13292840456913801
}
