{
	"pitch" : 0.99950041314946692,
	"roll" : 0.041812134952185206,
	"x" : -0.2661385639470486,
	"y" : 0.11266189601066193,
	"yaw" : 1.3505294740439584,
	"z" : -0.02001370797312918
}
