{
	"pitch" : 0.97153703432957339,
	"roll" : 0.0702006462894703,
	"x" : -0.27463920516218449,
	"y" : 0.0901823931564711,
	"yaw" : 1.3266538763690694,
	"z" : -0.028764771799609928
}
