{
	"pitch" : 0.97643383190499622,
	"roll" : 0.074920871622568344,
	"x" : -0.27016915234362565,
	"y" : 0.081306239830572807,
	"yaw" : 1.3004418164727609,
	"z" : -0.022887432725403861
}
