{
	"pitch" : 1.4678711925420678,
	"roll" : -0.52128652231675687,
	"x" : -0.23491029574926311,
	"y" : 0.20730249953097596,
	"yaw" : 0.82130175346352163,
	"z" : -0.13154265918306299
}
