{
	"pitch" : 0.90427203615583285,
	"roll" : 0.062879596448348882,
	"x" : -0.25370713876303297,
	"y" : 0.040403155827664163,
	"yaw" : 1.3168413777415149,
	"z" : -0.055875148545583342
}
