{
	"pitch" : 1.4742522389223816,
	"roll" : -0.3271498874502628,
	"x" : -0.23849668299767504,
	"y" : 0.2053649003654541,
	"yaw" : 1.0569577319770398,
	"z" : -0.12986276041747505
}
