{
	"pitch" : 1.3131103276765217,
	"roll" : -0.10578976232303096,
	"x" : -0.24254677156352944,
	"y" : 0.19860309851880767,
	"yaw" : 1.289354438729007,
	"z" : -0.077796945263829728
}
