{
	"pitch" : 1.3713420195340649,
	"roll" : 0.26237400265841587,
	"x" : -0.2479956041972082,
	"y" : 0.039497163651569016,
	"yaw" : 1.5303417381155442,
	"z" : -0.10061590600373982
}
