{
	"pitch" : 0.90411477172741206,
	"roll" : 0.063494409251345529,
	"x" : -0.25530170648263667,
	"y" : 0.035525182256892954,
	"yaw" : 1.3121024581934326,
	"z" : -0.059186352939583395
}
