{
	"pitch" : 0.90790656097389399,
	"roll" : 0.056996063417564261,
	"x" : -0.24910944784903394,
	"y" : 0.056344014962012051,
	"yaw" : 1.318525368880713,
	"z" : -0.050803120190211382
}
