{
	"pitch" : 1.4401338841034341,
	"roll" : -0.9192561232246832,
	"x" : -0.23761891338456637,
	"y" : 0.023058934719112037,
	"yaw" : 0.33720348027269942,
	"z" : -0.14039054747626742
}
