{
	"pitch" : 0.96925522356873728,
	"roll" : 0.10954111438190738,
	"x" : -0.25780101655958088,
	"y" : 0.011919856800048971,
	"yaw" : 1.3334220226301463,
	"z" : -0.056816205988110657
}
