{
	"pitch" : 1.4801626369689325,
	"roll" : -2.2765309396847826,
	"x" : -0.22522284790298247,
	"y" : 0.031451438273232227,
	"yaw" : -0.97417293301302466,
	"z" : -0.13385240570924772
}
