{
	"pitch" : 1.0545563655451278,
	"roll" : -0.14521512644288731,
	"x" : -0.25950246479655426,
	"y" : -0.028469037738979582,
	"yaw" : 0.91366153418916463,
	"z" : -0.077822434967020168
}
