{
	"pitch" : 1.5191285318388765,
	"roll" : -1.7491337772948448,
	"x" : -0.23395805286501245,
	"y" : 0.035534476918404126,
	"yaw" : -0.44900016316216446,
	"z" : -0.13545232435086704
}
