{
	"pitch" : 1.4864064659705662,
	"roll" : -1.3671615605626373,
	"x" : -0.23316734336459743,
	"y" : 0.028702267333344356,
	"yaw" : -0.095625171860687044,
	"z" : -0.14595341456205452
}
