{
	"pitch" : 1.4769862909680695,
	"roll" : -2.3980296099968372,
	"x" : -0.22564129236631841,
	"y" : 0.027725588862661507,
	"yaw" : -1.103165857802936,
	"z" : -0.15516374442675077
}
