{
	"pitch" : 1.0385043071219007,
	"roll" : 0.12040005655705588,
	"x" : -0.26464678902419286,
	"y" : 0.066608349254564853,
	"yaw" : 1.2593680024024054,
	"z" : -0.04394164012473431
}
