{
	"pitch" : 1.0589755416844961,
	"roll" : 0.026532674947003541,
	"x" : -0.27368693723899629,
	"y" : -0.055652790759490339,
	"yaw" : 0.95375143460960754,
	"z" : -0.082285553877206846
}
