{
	"pitch" : 0.98183515101390306,
	"roll" : 0.082638836576394495,
	"x" : -0.26305784481600342,
	"y" : 0.080039092532370598,
	"yaw" : 1.2986539874925327,
	"z" : -0.013671150195416759
}
