{
	"pitch" : 1.4670442404113655,
	"roll" : -0.52444988297442152,
	"x" : -0.23721582218804418,
	"y" : 0.20540034614591815,
	"yaw" : 0.82679770168938427,
	"z" : -0.13263212897966853
}
