{
	"pitch" : 1.2738991376483459,
	"roll" : -0.089877148522136352,
	"x" : -0.24306479394896535,
	"y" : 0.19572363819480443,
	"yaw" : 1.3028071302113757,
	"z" : -0.067022324689446411
}
