{
	"pitch" : 1.4754307532162689,
	"roll" : -2.425522119749516,
	"x" : -0.22845770972798221,
	"y" : 0.029445784147948059,
	"yaw" : -1.1313076029467297,
	"z" : -0.14230600480631836
}
