{
	"pitch" : 1.4720735271854422,
	"roll" : -0.32798486888884409,
	"x" : -0.23803081772685084,
	"y" : 0.20507443755081389,
	"yaw" : 1.0583551432391975,
	"z" : -0.12838717991859475
}
