{
	"pitch" : 1.1702552689672532,
	"roll" : -0.17872237120367993,
	"x" : -0.25437806248825484,
	"y" : -0.015779268350541831,
	"yaw" : 0.93463299479401851,
	"z" : -0.089864379682203316
}
