{
	"pitch" : 1.5031708798770174,
	"roll" : -2.4430144312908042,
	"x" : -0.23336333193490835,
	"y" : 0.029092389782215275,
	"yaw" : -1.1691591773904748,
	"z" : -0.13953275939691026
}
