{
	"pitch" : 0.94240612566209458,
	"roll" : 0.087920931865824642,
	"x" : -0.25876849064961294,
	"y" : 0.016693580082241796,
	"yaw" : 1.3132347936292537,
	"z" : -0.069807308677179769
}
