{
	"pitch" : 1.4636123270304877,
	"roll" : -0.46091302028670172,
	"x" : -0.23491235240851299,
	"y" : 0.2070495886171535,
	"yaw" : 0.90866395971908709,
	"z" : -0.12916732339591874
}
