{
	"pitch" : 1.4768173140226519,
	"roll" : -2.3989480224140691,
	"x" : -0.22594337809093301,
	"y" : 0.027815691614009194,
	"yaw" : -1.1045103766750846,
	"z" : -0.15340513008191475
}
