{
	"pitch" : 1.2751221732496396,
	"roll" : 0.0029369923218954706,
	"x" : -0.24470675525654551,
	"y" : 0.16074979191285396,
	"yaw" : 1.3535953011715818,
	"z" : -0.096024689496492885
}
