{
	"pitch" : 1.0514662356027877,
	"roll" : 0.022955443647481397,
	"x" : -0.27257465765366429,
	"y" : -0.055195764972481902,
	"yaw" : 0.94516186186162976,
	"z" : -0.081381824390382107
}
