{
	"pitch" : 1.3499341938415956,
	"roll" : -0.13959673766677688,
	"x" : -0.24176907614004928,
	"y" : 0.2010007673764069,
	"yaw" : 1.2572463901726989,
	"z" : -0.088784912790582718
}
