{
	"pitch" : 1.3871643915590532,
	"roll" : -0.57308804430554738,
	"x" : -0.24432226725009959,
	"y" : 0.010647732361340381,
	"yaw" : 0.64985584851699374,
	"z" : -0.1277694698495318
}
