{
	"pitch" : 1.0584353773501456,
	"roll" : -0.14664399685116802,
	"x" : -0.25929629881347505,
	"y" : -0.028049224884975625,
	"yaw" : 0.91380915559506437,
	"z" : -0.078434725941196839
}
