{
	"pitch" : 1.4731423843564639,
	"roll" : -0.52468229588133719,
	"x" : -0.23568212536205052,
	"y" : 0.20648932119584579,
	"yaw" : 0.81840695743164082,
	"z" : -0.13217767488975421
}
