{
	"pitch" : 0.92479476819684714,
	"roll" : 0.054199432206875391,
	"x" : -0.24674774484698822,
	"y" : 0.071378513888856021,
	"yaw" : 1.3317334284663889,
	"z" : -0.04851493772518356
}
