{
	"pitch" : 0.97461996990262634,
	"roll" : 0.08887201685795891,
	"x" : -0.27557983347542875,
	"y" : 0.086419887855881714,
	"yaw" : 1.3334029584864027,
	"z" : -0.029409358577221989
}
