{
	"pitch" : 1.3356483549836089,
	"roll" : -0.3980958509994979,
	"x" : -0.24749307450970881,
	"y" : 0.0038893748749979432,
	"yaw" : 0.79673122169646515,
	"z" : -0.11443781974842084
}
