{
	"pitch" : 1.5012818690961951,
	"roll" : -1.8131988950921611,
	"x" : -0.23371408101622654,
	"y" : 0.028312333273223772,
	"yaw" : -0.534231401698954,
	"z" : -0.15162465949305248
}
