{
	"pitch" : 0.9745112400240713,
	"roll" : 0.071867415771300069,
	"x" : -0.27037473656383609,
	"y" : 0.081200830764745741,
	"yaw" : 1.2988152402851176,
	"z" : -0.022687114254538787
}
