{
	"pitch" : 1.2729202359367549,
	"roll" : 0.0034149986260777494,
	"x" : -0.24459074571025502,
	"y" : 0.16042388169897789,
	"yaw" : 1.3540835942734757,
	"z" : -0.094918688237479731
}
