{
	"pitch" : 1.4602166797272889,
	"roll" : -0.35936265343409751,
	"x" : -0.23735887754418228,
	"y" : 0.20418363020882407,
	"yaw" : 1.0000509093437073,
	"z" : -0.12787623869249232
}
