{
	"pitch" : 1.4458056067315139,
	"roll" : -0.94449245239382473,
	"x" : -0.23708067738375968,
	"y" : 0.023872602329417111,
	"yaw" : 0.31284941387004156,
	"z" : -0.13917809312112708
}
