{
	"pitch" : 0.9603620361268842,
	"roll" : 0.1025188784411276,
	"x" : -0.25902585147024315,
	"y" : 0.013149531021382235,
	"yaw" : 1.3211082562954231,
	"z" : -0.066790714837263607
}
