{
	"pitch" : 1.4514182111769598,
	"roll" : -0.56724444104386307,
	"x" : -0.2321417536217476,
	"y" : 0.20747340991331498,
	"yaw" : 0.80059206571900432,
	"z" : -0.12931385487971001
}
