{
	"pitch" : 1.0918290891657354,
	"roll" : -0.14603233362591458,
	"x" : -0.25742344180214133,
	"y" : -0.023981115707262524,
	"yaw" : 0.92841485630959564,
	"z" : -0.081439035575524218
}
