{
	"pitch" : 1.0395681247762236,
	"roll" : -0.13915049928198725,
	"x" : -0.26120439044125521,
	"y" : -0.03046028158467743,
	"yaw" : 0.91320087926905835,
	"z" : -0.077483530653645022
}
