{
	"pitch" : 1.472615630043409,
	"roll" : -0.29522930149450471,
	"x" : -0.23868315369179743,
	"y" : 0.2060353868642088,
	"yaw" : 1.0882681250459878,
	"z" : -0.12883933648383983
}
