{
	"pitch" : 0.94540150575708515,
	"roll" : 0.032308142558543133,
	"x" : -0.27091796737886664,
	"y" : 0.097909038793407691,
	"yaw" : 1.3080222899158584,
	"z" : -0.021484912474644152
}
