{
	"pitch" : 1.4843936495351129,
	"roll" : -2.5156044140577651,
	"x" : -0.22778330205095823,
	"y" : 0.031129248196737916,
	"yaw" : -1.2129346332755429,
	"z" : -0.13343061972798342
}
