{
	"pitch" : 1.5043549293571308,
	"roll" : -2.2029093828635196,
	"x" : -0.23462892007777775,
	"y" : 0.026500112532659423,
	"yaw" : -0.92463451646304251,
	"z" : -0.15479958865493415
}
