{
	"pitch" : 1.4775717154825347,
	"roll" : -2.4074304402291737,
	"x" : -0.22531600763769985,
	"y" : 0.027108953646677245,
	"yaw" : -1.1015533920589189,
	"z" : -0.14738323679862297
}
