{
	"pitch" : 1.4681651424779567,
	"roll" : -0.29591225855603559,
	"x" : -0.23880761536762707,
	"y" : 0.20711467413793383,
	"yaw" : 1.0875720012863368,
	"z" : -0.12803439935511557
}
