{
	"pitch" : 1.4298736791341859,
	"roll" : -0.89073796697152341,
	"x" : -0.23834596405754602,
	"y" : 0.021435819284606569,
	"yaw" : 0.36364077121534205,
	"z" : -0.14048331366630371
}
