{
	"pitch" : 1.324076584252899,
	"roll" : 0.0035810952761750909,
	"x" : -0.24412049064316182,
	"y" : 0.17132592566539978,
	"yaw" : 1.3499967814512208,
	"z" : -0.10750304475327779
}
