{
	"pitch" : 1.0573464320897397,
	"roll" : 0.023942419795048471,
	"x" : -0.2732445690534393,
	"y" : -0.055867709260011097,
	"yaw" : 0.94703756315256316,
	"z" : -0.081801472131942388
}
