{
	"pitch" : 1.06446493321721,
	"roll" : 0.018441725822091491,
	"x" : -0.27381314919570188,
	"y" : -0.056660860813914506,
	"yaw" : 0.94747447687611441,
	"z" : -0.083058116814825778
}
