{
	"pitch" : 1.5029560756128038,
	"roll" : -2.4652126278259616,
	"x" : -0.23365961677074729,
	"y" : 0.02921518495808148,
	"yaw" : -1.1928757994764667,
	"z" : -0.13962976761393864
}
