{
	"pitch" : 1.3964999901747326,
	"roll" : -0.09061199518673059,
	"x" : -0.24016873855735096,
	"y" : 0.19121809617926283,
	"yaw" : 1.249813053956597,
	"z" : -0.11875055536236265
}
