{
	"pitch" : 1.4715758302606912,
	"roll" : -0.33102299043167827,
	"x" : -0.23791840520517002,
	"y" : 0.20503890563162097,
	"yaw" : 1.0552382449926705,
	"z" : -0.1285361868517591
}
