{
	"pitch" : 1.44927853900811,
	"roll" : -0.24723277242431607,
	"x" : -0.23941463047260619,
	"y" : 0.20500060220153049,
	"yaw" : 1.140121290432013,
	"z" : -0.11963344873967036
}
