{
	"pitch" : 1.470047905780222,
	"roll" : -0.7124985609782637,
	"x" : -0.23218171383790842,
	"y" : 0.20458542423487872,
	"yaw" : 0.64764588244173882,
	"z" : -0.13367889307228956
}
