{
	"pitch" : 1.4686839363195625,
	"roll" : -0.5051387194116852,
	"x" : -0.23653970863243326,
	"y" : 0.20572559709515764,
	"yaw" : 0.84262030103218422,
	"z" : -0.13281835028809064
}
