{
	"pitch" : 1.0258620374235177,
	"roll" : -0.1347864525803795,
	"x" : -0.26221352348042942,
	"y" : -0.032063038811698294,
	"yaw" : 0.91503914499827033,
	"z" : -0.07709373149745459
}
