{
	"pitch" : 1.4682017993042278,
	"roll" : -0.53579038547438929,
	"x" : -0.23794038793143862,
	"y" : 0.20482247066853543,
	"yaw" : 0.81766472792675327,
	"z" : -0.13329841800073139
}
