{
	"pitch" : 1.291074450038348,
	"roll" : -0.0010430826043369204,
	"x" : -0.24507904799724509,
	"y" : 0.16318235864059988,
	"yaw" : 1.3493228080382274,
	"z" : -0.1019622926453999
}
