{
	"pitch" : 0.99298410125152814,
	"roll" : 0.036426938243752476,
	"x" : -0.26694709000622968,
	"y" : 0.071643518681239984,
	"yaw" : 1.2040782751133221,
	"z" : -0.033594720396097177
}
