{
	"pitch" : 1.0561578121359791,
	"roll" : 0.021709536123657509,
	"x" : -0.27295226954790208,
	"y" : -0.055905575311597212,
	"yaw" : 0.9437200457456133,
	"z" : -0.081619344000023381
}
