{
	"pitch" : 1.3999157011150121,
	"roll" : -0.093756010792179198,
	"x" : -0.23956315852109522,
	"y" : 0.19185619759105216,
	"yaw" : 1.2468405316755253,
	"z" : -0.11737395259119819
}
