{
	"pitch" : 1.4715781479122225,
	"roll" : -0.29751371400530235,
	"x" : -0.23882572730369347,
	"y" : 0.20629951504636015,
	"yaw" : 1.0855115601948566,
	"z" : -0.12940691270325974
}
