{
	"pitch" : 1.0471614564928471,
	"roll" : 0.15831535484571441,
	"x" : -0.25923486684445662,
	"y" : 0.020834275037662598,
	"yaw" : 1.4028863163183825,
	"z" : -0.074949664929363266
}
