{
	"pitch" : 0.96766783729376182,
	"roll" : 0.10728238011837754,
	"x" : -0.25755791359908931,
	"y" : 0.01220346226712038,
	"yaw" : 1.3290437394768999,
	"z" : -0.05747655512642047
}
