{
	"pitch" : 1.0234633990579678,
	"roll" : 0.002696038947211279,
	"x" : -0.27413919721488139,
	"y" : -0.052612221619632374,
	"yaw" : 0.94969566768771085,
	"z" : -0.088876069263707322
}
