{
	"pitch" : 1.4694610330304823,
	"roll" : -0.52442596729583546,
	"x" : -0.23827830818590809,
	"y" : 0.20473460569386531,
	"yaw" : 0.8302542353084138,
	"z" : -0.13298956042112739
}
