{
	"pitch" : 1.4664614007094794,
	"roll" : -0.52515876362296754,
	"x" : -0.23448355536378274,
	"y" : 0.20775313981231899,
	"yaw" : 0.81737861191744932,
	"z" : -0.13048329849646065
}
