{
	"pitch" : 1.1543547829716954,
	"roll" : -0.022004398848176239,
	"x" : -0.24278748171179956,
	"y" : 0.13999274613371798,
	"yaw" : 1.328302461889892,
	"z" : -0.0729260048354195
}
