{
	"pitch" : 1.4796347504639551,
	"roll" : -2.3330118518190197,
	"x" : -0.22994442025712752,
	"y" : 0.030888633300390211,
	"yaw" : -1.0473294568530593,
	"z" : -0.1475596103361099
}
