{
	"pitch" : 1.4694007330264776,
	"roll" : -0.4443493210106545,
	"x" : -0.23936387306337348,
	"y" : 0.20392585547765391,
	"yaw" : 0.91374332720799256,
	"z" : -0.13353363851301953
}
