{
	"pitch" : 0.96316913733313336,
	"roll" : 0.12875135852940048,
	"x" : -0.26014448267195911,
	"y" : 0.01269638089978492,
	"yaw" : 1.3630401160391561,
	"z" : -0.053941406289678084
}
