{
	"pitch" : 1.3601790848181086,
	"roll" : 0.25830485273058068,
	"x" : -0.24791210399341049,
	"y" : 0.039429738828193714,
	"yaw" : 1.523897834930857,
	"z" : -0.099146844068218026
}
