{
	"pitch" : 1.2664426126089099,
	"roll" : 0.26890256374987553,
	"x" : -0.25038815239627449,
	"y" : 0.036668961886804387,
	"yaw" : 1.516001228633892,
	"z" : -0.088564500848775762
}
