{
	"pitch" : 1.3128869967523589,
	"roll" : 0.27864351390947362,
	"x" : -0.2492734870082936,
	"y" : 0.038783754640024259,
	"yaw" : 1.5334422705764821,
	"z" : -0.094135955694981649
}
