{
	"pitch" : 1.3473531713652607,
	"roll" : -0.070535370513712406,
	"x" : -0.24030238461566641,
	"y" : 0.18135358054062703,
	"yaw" : 1.268385526202467,
	"z" : -0.10965232893705663
}
