{
	"pitch" : 1.25949813277152,
	"roll" : -0.26428057706428454,
	"x" : -0.25182588814580542,
	"y" : -0.006645914263159837,
	"yaw" : 0.89443769717410759,
	"z" : -0.10126243132797921
}
