{
	"pitch" : 1.4527467817958133,
	"roll" : -0.56845187223241544,
	"x" : -0.23235618850434786,
	"y" : 0.20718871755909832,
	"yaw" : 0.79946895780605465,
	"z" : -0.13041698778268082
}
