{
	"pitch" : 1.4749995233211892,
	"roll" : -2.3875174890434865,
	"x" : -0.22440813623738701,
	"y" : 0.027158082492255334,
	"yaw" : -1.0828818635677959,
	"z" : -0.14989960550846174
}
