{
	"pitch" : 1.5056118555394464,
	"roll" : -2.3773947779578757,
	"x" : -0.23591259040227755,
	"y" : 0.026907783769470547,
	"yaw" : -1.1013847633884539,
	"z" : -0.15671855952873678
}
