{
	"pitch" : 0.98690935502192079,
	"roll" : 0.11469061192551809,
	"x" : -0.26229256688450814,
	"y" : 0.083138957093848678,
	"yaw" : 1.3404684290315967,
	"z" : -0.0010014828336709081
}
