{
	"pitch" : 1.2034897554792243,
	"roll" : -0.053603399019297358,
	"x" : -0.24386317173776528,
	"y" : 0.18559916337189925,
	"yaw" : 1.3290205918419511,
	"z" : -0.046696347682391032
}
