{
	"pitch" : 1.0140423419379765,
	"roll" : -0.13350056756100992,
	"x" : -0.26340000687914672,
	"y" : -0.034108713143231065,
	"yaw" : 0.91657522273456216,
	"z" : -0.077457750054716099
}
