{
	"pitch" : 1.0046785709415083,
	"roll" : -0.12498429019202018,
	"x" : -0.26777025887994127,
	"y" : -0.03854163177939917,
	"yaw" : 0.9131991995553127,
	"z" : -0.07980269808361376
}
