{
	"pitch" : 1.4390344508308102,
	"roll" : -0.1124284175516551,
	"x" : -0.23050585921506711,
	"y" : 0.20033309750993333,
	"yaw" : 1.2393432187753015,
	"z" : -0.1084140997930253
}
