{
	"pitch" : 0.91505016221217572,
	"roll" : 0.076556066506077117,
	"x" : -0.25760923562964183,
	"y" : 0.026283613235356249,
	"yaw" : 1.314009584763242,
	"z" : -0.063699530234032464
}
