{
	"pitch" : 1.4798980511756692,
	"roll" : -2.3257552116041573,
	"x" : -0.22933678108517719,
	"y" : 0.03106375280370223,
	"yaw" : -1.0414987397258035,
	"z" : -0.14643444442837553
}
