{
	"pitch" : 0.98008252452502331,
	"roll" : 0.094106119849245218,
	"x" : -0.27691069860620604,
	"y" : 0.080709847357563883,
	"yaw" : 1.322649626079446,
	"z" : -0.033217531139592721
}
