{
	"pitch" : 0.98749104602776183,
	"roll" : 0.11359191544654117,
	"x" : -0.26247805351090475,
	"y" : 0.082935094512279012,
	"yaw" : 1.3392448541141881,
	"z" : -0.0024627219564128389
}
