{
	"pitch" : 1.5006582497474144,
	"roll" : -2.5132017108727216,
	"x" : -0.23405283641867822,
	"y" : 0.028855672139029842,
	"yaw" : -1.2382501539700672,
	"z" : -0.14049123438473549
}
