{
	"pitch" : 1.4848327796880405,
	"roll" : -1.3482879090107125,
	"x" : -0.23328838753833239,
	"y" : 0.028532305889339943,
	"yaw" : -0.077104355748483913,
	"z" : -0.14591640450427174
}
