{
	"pitch" : 0.98364209798451352,
	"roll" : 0.07404828022107432,
	"x" : -0.26442234120408536,
	"y" : 0.078781603747853646,
	"yaw" : 1.2895945228257402,
	"z" : -0.017046571541962124
}
