{
	"pitch" : 1.5022295695099532,
	"roll" : -1.8213771312758344,
	"x" : -0.23363370131454378,
	"y" : 0.028571490329770355,
	"yaw" : -0.54298444308593741,
	"z" : -0.15141728175978145
}
