{
	"pitch" : 1.4431013397562609,
	"roll" : -0.93114571130081658,
	"x" : -0.23733918657337569,
	"y" : 0.023465830733067156,
	"yaw" : 0.32574784034293669,
	"z" : -0.13975553647655448
}
