{
	"pitch" : 1.4555039350325008,
	"roll" : -0.57947028395070488,
	"x" : -0.23277839754527033,
	"y" : 0.20633970897175652,
	"yaw" : 0.78899536904884471,
	"z" : -0.13233474924380295
}
