{
	"pitch" : 1.5212744507350764,
	"roll" : -0.44262170127675782,
	"x" : -0.24051588086450323,
	"y" : 0.038577304626327066,
	"yaw" : 0.85702386352735815,
	"z" : -0.12849359192675339
}
