{
	"pitch" : 1.4195751305652959,
	"roll" : -0.24513929613680685,
	"x" : -0.23998049954377976,
	"y" : 0.20402596994591898,
	"yaw" : 1.1515512848696923,
	"z" : -0.11017563311109188
}
