{
	"pitch" : 0.99970694371855562,
	"roll" : 0.12203983672493787,
	"x" : -0.27391240419981577,
	"y" : 0.069994053192422551,
	"yaw" : 1.3012206740482284,
	"z" : -0.037945285826399278
}
