{
	"pitch" : 1.4773865609718766,
	"roll" : -1.2351822558167438,
	"x" : -0.23364349707314888,
	"y" : 0.028074202141692803,
	"yaw" : 0.032854266001766018,
	"z" : -0.14368653589783612
}
