{
	"pitch" : 1.5029505045420479,
	"roll" : -2.4529205869243782,
	"x" : -0.23346393705674373,
	"y" : 0.029010453598534519,
	"yaw" : -1.1790780531258007,
	"z" : -0.13948030593333449
}
