{
	"pitch" : 1.0000540311954402,
	"roll" : 0.12998807559340089,
	"x" : -0.27420818942622155,
	"y" : 0.070150354066399884,
	"yaw" : 1.3104045768314132,
	"z" : -0.037779196520045438
}
