{
	"pitch" : 1.4702389096548554,
	"roll" : -0.48637301401278993,
	"x" : -0.23648216312346509,
	"y" : 0.2058112705769396,
	"yaw" : 0.86016810624052609,
	"z" : -0.1325457653936627
}
