{
	"pitch" : 0.96437346643449573,
	"roll" : 0.024930459297680715,
	"x" : -0.26905424488508822,
	"y" : 0.10169495886985902,
	"yaw" : 1.3080533157864669,
	"z" : -0.020235177601767851
}
