{
	"pitch" : 1.3902813439779433,
	"roll" : -0.59702228126896495,
	"x" : -0.24387944258682662,
	"y" : 0.011474342645254876,
	"yaw" : 0.62852607805371408,
	"z" : -0.12829489936721314
}
