{
	"pitch" : 1.5323662510420166,
	"roll" : -1.3960293171971521,
	"x" : -0.23762569490055238,
	"y" : 0.036834207465766655,
	"yaw" : -0.092954547666629361,
	"z" : -0.13498169125216244
}
