{
	"pitch" : 1.4652650529853557,
	"roll" : -1.0531839903519673,
	"x" : -0.2353030218557442,
	"y" : 0.026647656220617016,
	"yaw" : 0.20781480061799285,
	"z" : -0.13940136949002585
}
