{
	"pitch" : 1.4834454056164306,
	"roll" : 0.14643706124684544,
	"x" : -0.24438616657505252,
	"y" : 0.038430667004499985,
	"yaw" : 1.4372284544339342,
	"z" : -0.11833928051594345
}
