{
	"pitch" : 1.45352352550007,
	"roll" : -0.98682272634566304,
	"x" : -0.23660595457226102,
	"y" : 0.024671372701743591,
	"yaw" : 0.27183340727103977,
	"z" : -0.14049838516282948
}
