{
	"pitch" : 0.93471755820464708,
	"roll" : 0.085834898935225279,
	"x" : -0.25833661122760654,
	"y" : 0.01899166815785662,
	"yaw" : 1.3137444004175698,
	"z" : -0.067829343552922569
}
