{
	"pitch" : 1.5368516151895069,
	"roll" : -1.1050202005519083,
	"x" : -0.23911086473797868,
	"y" : 0.037246209391922872,
	"yaw" : 0.1992543078191738,
	"z" : -0.13376096908305313
}
