{
	"pitch" : 1.5016620147288744,
	"roll" : -2.1487666938570853,
	"x" : -0.23402701508839308,
	"y" : 0.026638088234556448,
	"yaw" : -0.86664473283128585,
	"z" : -0.15449190771098606
}
