{
	"pitch" : 1.0005104873250015,
	"roll" : 0.12999942114853588,
	"x" : -0.27249151503429497,
	"y" : 0.069919282533635913,
	"yaw" : 1.3098371896638472,
	"z" : -0.040984395649922262
}
