{
	"pitch" : 0.96766224750112639,
	"roll" : 0.10722047729146503,
	"x" : -0.25764778737624733,
	"y" : 0.012258468924659982,
	"yaw" : 1.3289563004761702,
	"z" : -0.057858634237463957
}
