{
	"pitch" : 1.4562538856349427,
	"roll" : -0.61033765521202521,
	"x" : -0.23263938519656144,
	"y" : 0.20688758191067319,
	"yaw" : 0.75524569834396227,
	"z" : -0.12992872976681971
}
