{
	"pitch" : 1.2570643419838916,
	"roll" : -0.00069354186659208639,
	"x" : -0.24485865799377574,
	"y" : 0.15776312776585874,
	"yaw" : 1.3498772400476422,
	"z" : -0.093110864386554582
}
