{
	"pitch" : 0.98504599902204804,
	"roll" : 0.032840008222162285,
	"x" : -0.26678688372435588,
	"y" : 0.10881234079633129,
	"yaw" : 1.3353060505658305,
	"z" : -0.017620045647649463
}
