{
	"pitch" : 1.3767411554778888,
	"roll" : -0.17503268208845321,
	"x" : -0.24109758017031269,
	"y" : 0.20198934694709153,
	"yaw" : 1.2246069567530591,
	"z" : -0.095868962491092641
}
