{
	"pitch" : 1.0773815248263054,
	"roll" : 0.039945749311826935,
	"x" : -0.2531392899531813,
	"y" : 0.14718909426760263,
	"yaw" : 1.376508740585509,
	"z" : -0.019878196837087581
}
