{
	"pitch" : 1.5047654704666658,
	"roll" : -2.1178276831693315,
	"x" : -0.23434099257358493,
	"y" : 0.02732207180978391,
	"yaw" : -0.83763728481700228,
	"z" : -0.15388431767448807
}
