{
	"pitch" : 1.4692334543578105,
	"roll" : -0.52659079175231516,
	"x" : -0.23497661740230791,
	"y" : 0.20709418376516525,
	"yaw" : 0.81574782388127409,
	"z" : -0.13102017543852124
}
