{
	"pitch" : 0.96145727454330498,
	"roll" : -0.051909095532698582,
	"x" : -0.27741056401553593,
	"y" : -0.045947037621034387,
	"yaw" : 0.9467382180561722,
	"z" : -0.088804489307258386
}
