{
	"pitch" : 1.3374190265183434,
	"roll" : -0.40048804636579649,
	"x" : -0.24760960568524976,
	"y" : 0.0039529063639690346,
	"yaw" : 0.79512546157724306,
	"z" : -0.11538520976951495
}
