{
	"pitch" : 1.2614829753193957,
	"roll" : -0.27033253062555523,
	"x" : -0.25202624202487556,
	"y" : -0.0064044600232209675,
	"yaw" : 0.89004558539194167,
	"z" : -0.10388125411096301
}
