{
	"pitch" : 1.2601267871956423,
	"roll" : 0.26670251632602093,
	"x" : -0.25044614806791388,
	"y" : 0.036673013035691267,
	"yaw" : 1.5116211613828381,
	"z" : -0.087830811283534954
}
