{
	"pitch" : 1.0058417185973461,
	"roll" : -0.13207562428027522,
	"x" : -0.26486846297280664,
	"y" : -0.036003985840002369,
	"yaw" : 0.91536636184589393,
	"z" : -0.078029076365885588
}
