{
	"pitch" : 0.91709484377947414,
	"roll" : 0.056396623987276483,
	"x" : -0.24763937740829839,
	"y" : 0.0652383781699266,
	"yaw" : 1.3283975786903686,
	"z" : -0.049199964682568542
}
