{
	"pitch" : 1.4396058765976882,
	"roll" : -0.11563830082566481,
	"x" : -0.23052819893108706,
	"y" : 0.20044867053058446,
	"yaw" : 1.2362988849662215,
	"z" : -0.10903048710829188
}
