{
	"pitch" : 1.46096883409165,
	"roll" : -0.24834727607245388,
	"x" : -0.23947828401599686,
	"y" : 0.20848945720562867,
	"yaw" : 1.1372716463544879,
	"z" : -0.1279129937688411
}
