{
	"pitch" : 1.4111125727064453,
	"roll" : 0.29679662036190924,
	"x" : -0.24802259090226672,
	"y" : 0.039224031508589802,
	"yaw" : 1.5730207279594923,
	"z" : -0.10611846906280523
}
