{
	"pitch" : 1.5047638857697623,
	"roll" : -1.9045468271349366,
	"x" : -0.23351578865521599,
	"y" : 0.028543294660111782,
	"yaw" : -0.62622077800428444,
	"z" : -0.15220752159168943
}
