{
	"pitch" : 1.4569003133911478,
	"roll" : -0.62276811744311833,
	"x" : -0.23260418940051528,
	"y" : 0.20654537163311343,
	"yaw" : 0.74293799917055781,
	"z" : -0.13162627012678171
}
