{
	"pitch" : 1.4119945193143209,
	"roll" : -0.23809172182182883,
	"x" : -0.24008671983858776,
	"y" : 0.20365223178053193,
	"yaw" : 1.1592372630274923,
	"z" : -0.10813052097743375
}
