{
	"pitch" : 1.4753447032100313,
	"roll" : -2.3279602271258915,
	"x" : -0.22864602929693639,
	"y" : 0.028415864561509616,
	"yaw" : -1.0374832408531662,
	"z" : -0.15854336738843097
}
