{
	"pitch" : 0.96665103158538856,
	"roll" : -0.069976622559020707,
	"x" : -0.2755665645763285,
	"y" : -0.043195170041340221,
	"yaw" : 0.94700789091755477,
	"z" : -0.084515167801551425
}
