{
	"pitch" : 1.4365647186713044,
	"roll" : -0.083083374795270684,
	"x" : -0.22997267870030791,
	"y" : 0.19973279057472593,
	"yaw" : 1.2680425084455373,
	"z" : -0.10607775094534939
}
