{
	"pitch" : 0.98703210468061331,
	"roll" : -0.018345199911527915,
	"x" : -0.26175340760853533,
	"y" : 0.072380950138630329,
	"yaw" : 1.1528963452094498,
	"z" : -0.028944526084536681
}
