{
	"pitch" : 1.1829928947079316,
	"roll" : -0.18149964757951653,
	"x" : -0.25448850237747855,
	"y" : -0.014772922508477004,
	"yaw" : 0.93720148913228574,
	"z" : -0.092035835593405418
}
