{
	"pitch" : 1.1965411131644734,
	"roll" : -0.1953161789833753,
	"x" : -0.25426770031881835,
	"y" : -0.013970930984675908,
	"yaw" : 0.93254815388300516,
	"z" : -0.094030336296981598
}
