{
	"pitch" : 1.3456898407253146,
	"roll" : -0.069083628449707765,
	"x" : -0.24056696574143738,
	"y" : 0.18080690410232059,
	"yaw" : 1.269968118675096,
	"z" : -0.11026478296568233
}
