{
	"pitch" : 1.443119700520084,
	"roll" : -0.24653073549990837,
	"x" : -0.23968043256239138,
	"y" : 0.20465525491938766,
	"yaw" : 1.1446330012360679,
	"z" : -0.11696673650606952
}
