{
	"pitch" : 1.4874495263420699,
	"roll" : -2.1130265974077949,
	"x" : -0.22632515486317278,
	"y" : 0.032219655422985993,
	"yaw" : -0.81232342770067623,
	"z" : -0.13342918198006223
}
