{
	"pitch" : 1.4742387384295583,
	"roll" : -2.3919660662503399,
	"x" : -0.22387507368403958,
	"y" : 0.026922116229059739,
	"yaw" : -1.0870612837469431,
	"z" : -0.15146245066945796
}
