{
	"pitch" : 1.454770963683806,
	"roll" : -0.28566297640301985,
	"x" : -0.23817353635710389,
	"y" : 0.20908270623147984,
	"yaw" : 1.0958030327224335,
	"z" : -0.12777942876985227
}
