{
	"pitch" : 1.0510916734901889,
	"roll" : 0.022235881263964731,
	"x" : -0.27247305142302491,
	"y" : -0.055169355373800709,
	"yaw" : 0.94476385070396673,
	"z" : -0.081401536300543961
}
