{
	"pitch" : 1.4792476461463908,
	"roll" : -0.67001133266189228,
	"x" : -0.23282571549834521,
	"y" : 0.20480292175820847,
	"yaw" : 0.68562637243077718,
	"z" : -0.13327507816937867
}
