{
	"pitch" : 1.463133125586044,
	"roll" : -1.0344123104595564,
	"x" : -0.23577799149884368,
	"y" : 0.026186401146617064,
	"yaw" : 0.22607990606928197,
	"z" : -0.14109552918153576
}
