{
	"pitch" : 1.5048429223287823,
	"roll" : -1.8988134902408442,
	"x" : -0.23341214786875389,
	"y" : 0.028648947462103114,
	"yaw" : -0.62049494954140594,
	"z" : -0.1515772804144003
}
