{
	"pitch" : 1.48043242747425,
	"roll" : -0.55854621616342548,
	"x" : -0.23639036302235789,
	"y" : 0.20540707075239759,
	"yaw" : 0.78958732135658549,
	"z" : -0.13304855253433223
}
