{
	"pitch" : 1.0014752784663623,
	"roll" : 0.12181617882122266,
	"x" : -0.27489235477025065,
	"y" : 0.069748593199356099,
	"yaw" : 1.2989749306177008,
	"z" : -0.039112843881198428
}
