{
	"pitch" : 0.98622153795563139,
	"roll" : -0.09299243340715356,
	"x" : -0.27216264337242713,
	"y" : -0.040883665909274614,
	"yaw" : 0.93750451344876184,
	"z" : -0.081262035791437356
}
