{
	"pitch" : 0.96775469952790016,
	"roll" : 0.033957062058507591,
	"x" : -0.24361793162258361,
	"y" : 0.087904247210856878,
	"yaw" : 1.3263498102883633,
	"z" : -0.048371644372844969
}
