{
	"pitch" : 1.4799628011677857,
	"roll" : -2.3336812300163272,
	"x" : -0.23237024847182361,
	"y" : 0.030308696521894718,
	"yaw" : -1.0460050070404412,
	"z" : -0.15166820973227024
}
