{
	"pitch" : 1.0571442586643709,
	"roll" : 0.020924968566217662,
	"x" : -0.27300481120059678,
	"y" : -0.056036719686418483,
	"yaw" : 0.9445991774239767,
	"z" : -0.08176422085240248
}
