{
	"pitch" : 1.4783824496846398,
	"roll" : -2.3929963339614733,
	"x" : -0.22674346338117785,
	"y" : 0.028105221573249656,
	"yaw" : -1.1006722356249228,
	"z" : -0.15525093407135068
}
