{
	"pitch" : 0.97324811498631203,
	"roll" : 0.1313459057017666,
	"x" : -0.26491062194764176,
	"y" : 0.01341665410694437,
	"yaw" : 1.3685678158409313,
	"z" : -0.074725315404836679
}
