{
	"pitch" : 1.3112113218793433,
	"roll" : -0.36449511506244697,
	"x" : -0.24864304191886688,
	"y" : 0.00074485463478303482,
	"yaw" : 0.81957224383814753,
	"z" : -0.11225337542753606
}
