{
	"pitch" : 1.4624832867332547,
	"roll" : -0.25286685157401423,
	"x" : -0.23931120362612857,
	"y" : 0.20828295137234079,
	"yaw" : 1.1323182180024169,
	"z" : -0.1270828194664291
}
