{
	"pitch" : 0.97952386101646927,
	"roll" : 0.094375590529508765,
	"x" : -0.27678785712793685,
	"y" : 0.080765796102256829,
	"yaw" : 1.3229394345422174,
	"z" : -0.032471975726373697
}
