{
	"pitch" : 1.5024748395883452,
	"roll" : -2.474655182881718,
	"x" : -0.23373486020925902,
	"y" : 0.029106005758455233,
	"yaw" : -1.2017897516096048,
	"z" : -0.13976731044668061
}
