{
	"pitch" : 1.0115964696595983,
	"roll" : -0.0074588330881925468,
	"x" : -0.27525022213183048,
	"y" : -0.052148862100829363,
	"yaw" : 0.94476041299947344,
	"z" : -0.09082935974857731
}
