{
	"pitch" : 1.1251416442497044,
	"roll" : -0.16083105153520086,
	"x" : -0.2554099136533402,
	"y" : -0.02005875643400552,
	"yaw" : 0.93184002644952202,
	"z" : -0.083566876095375303
}
