{
	"pitch" : 1.3860966396913768,
	"roll" : 0.27583808701125978,
	"x" : -0.24836198093828804,
	"y" : 0.039371758077741854,
	"yaw" : 1.5467127872097362,
	"z" : -0.10345271691823615
}
