{
	"pitch" : 1.4569620252918472,
	"roll" : -1.0028090000649239,
	"x" : -0.23613953627832054,
	"y" : 0.025427175609998964,
	"yaw" : 0.25669422380933687,
	"z" : -0.14008324740903688
}
