{
	"pitch" : 1.0318972954062382,
	"roll" : -0.13674022997453156,
	"x" : -0.2616842377614369,
	"y" : -0.03119474024184711,
	"yaw" : 0.91408449427544058,
	"z" : -0.077251855895647537
}
