{
	"pitch" : 0.95581006359385801,
	"roll" : 0.047485236522519965,
	"x" : -0.27254702846999068,
	"y" : 0.093583931721583274,
	"yaw" : 1.3118930274514202,
	"z" : -0.023407277453397324
}
