{
	"pitch" : 1.5043740907840131,
	"roll" : -2.3817155668283259,
	"x" : -0.23585457145035096,
	"y" : 0.026738133218034671,
	"yaw" : -1.1060650477876144,
	"z" : -0.15710206820183131
}
