{
	"pitch" : 1.4580517165380975,
	"roll" : -0.26276008053783639,
	"x" : -0.23904962479703443,
	"y" : 0.20880487900233008,
	"yaw" : 1.1220497391667645,
	"z" : -0.12756462822561968
}
