{
	"pitch" : 1.4675043645770098,
	"roll" : -0.2835179953234746,
	"x" : -0.23819950479931465,
	"y" : 0.20557469404799336,
	"yaw" : 1.0993767777797225,
	"z" : -0.12740917276725416
}
