{
	"pitch" : 1.468025888041655,
	"roll" : -0.71640326513622876,
	"x" : -0.23194168590372749,
	"y" : 0.20467731775587678,
	"yaw" : 0.64409636762092348,
	"z" : -0.13316619235676896
}
