{
	"pitch" : 1.4753738263559233,
	"roll" : -2.4188530646788013,
	"x" : -0.22840922837657504,
	"y" : 0.029448708323747186,
	"yaw" : -1.124759059489016,
	"z" : -0.14214585513988665
}
