{
	"pitch" : 1.0526247863509672,
	"roll" : 0.022774162259093466,
	"x" : -0.27270216803888969,
	"y" : -0.055400570398338546,
	"yaw" : 0.94495828267319193,
	"z" : -0.081371045274735085
}
