{
	"pitch" : 1.1133785945360399,
	"roll" : 0.20295809267495432,
	"x" : -0.25627982600134602,
	"y" : 0.026147123770482367,
	"yaw" : 1.4370270572476509,
	"z" : -0.079039874945536687
}
