{
	"pitch" : 0.98249322923745419,
	"roll" : -0.087418937503557184,
	"x" : -0.27289690722974302,
	"y" : -0.040804731241104238,
	"yaw" : 0.94311486155782565,
	"z" : -0.082345482023828701
}
