{
	"pitch" : 1.4515433453549149,
	"roll" : -0.24724064159801212,
	"x" : -0.23951786687312657,
	"y" : 0.20517971236127408,
	"yaw" : 1.1383088064398936,
	"z" : -0.12211185519614082
}
