{
	"pitch" : 1.1958925679980066,
	"roll" : -0.050626764127059541,
	"x" : -0.24397218054578906,
	"y" : 0.18420375045076107,
	"yaw" : 1.3299450719955161,
	"z" : -0.045061999506199518
}
