{
	"pitch" : 0.97850155206501865,
	"roll" : 0.093308557393616001,
	"x" : -0.26042536678137362,
	"y" : 0.081641801619125348,
	"yaw" : 1.3110187853405726,
	"z" : -0.0046028880035704767
}
