{
	"pitch" : 1.4756383530835806,
	"roll" : -2.3044477020853096,
	"x" : -0.22954876181096934,
	"y" : 0.028639244155032467,
	"yaw" : -1.0154665739579316,
	"z" : -0.15959055619728313
}
