{
	"pitch" : 1.4759281417568124,
	"roll" : -0.52964170276516997,
	"x" : -0.23640544246605588,
	"y" : 0.2053409914558979,
	"yaw" : 0.81793472884497276,
	"z" : -0.13318539099059898
}
