{
	"pitch" : 1.4221833463499276,
	"roll" : -0.8625349353332572,
	"x" : -0.23857948693316328,
	"y" : 0.020210538282290483,
	"yaw" : 0.38826020772894465,
	"z" : -0.13604323429585394
}
