{
	"pitch" : 1.5318404137672594,
	"roll" : -0.58324735752448498,
	"x" : -0.24029749773666137,
	"y" : 0.03825953098489511,
	"yaw" : 0.7196449139067197,
	"z" : -0.13010470189405043
}
