{
	"pitch" : 0.96848271896364391,
	"roll" : 0.11378685059701928,
	"x" : -0.25775117344299908,
	"y" : 0.011819452737307879,
	"yaw" : 1.336914562515914,
	"z" : -0.054408767083287818
}
