{
	"pitch" : 1.4114551714225325,
	"roll" : -0.78638219557339173,
	"x" : -0.24037542621956012,
	"y" : 0.017288929787019694,
	"yaw" : 0.45866615971314789,
	"z" : -0.13389461931902125
}
