{
	"pitch" : 1.424796224705011,
	"roll" : -0.87258184497502034,
	"x" : -0.23863467873703015,
	"y" : 0.020527713922849813,
	"yaw" : 0.3796170306964301,
	"z" : -0.13862368608693471
}
