{
	"pitch" : 1.2430612456618835,
	"roll" : -0.075261684504968562,
	"x" : -0.24335354229512904,
	"y" : 0.19208980508751525,
	"yaw" : 1.313026346325892,
	"z" : -0.057509243406954041
}
