{
	"pitch" : 1.0516953526814488,
	"roll" : 0.015437684362612683,
	"x" : -0.27244582822590313,
	"y" : -0.055767444644043776,
	"yaw" : 0.94727744565115002,
	"z" : -0.081883388157195217
}
