{
	"pitch" : 1.4547704851793146,
	"roll" : -0.31740424091734609,
	"x" : -0.23591514117136261,
	"y" : 0.20362963385141059,
	"yaw" : 1.0411726990233159,
	"z" : -0.12479898056818936
}
