{
	"pitch" : 1.5051717518378169,
	"roll" : -2.0802429998673801,
	"x" : -0.2340954247370276,
	"y" : 0.027782363475187255,
	"yaw" : -0.80124738398098549,
	"z" : -0.15292308409216682
}
