{
	"pitch" : 1.2297336223212723,
	"roll" : -0.0031191645631125902,
	"x" : -0.24459660332632308,
	"y" : 0.15430292683928534,
	"yaw" : 1.3469354113629615,
	"z" : -0.087825843230686734
}
