{
	"pitch" : 1.3144494966102598,
	"roll" : 0.00070157342626144112,
	"x" : -0.24420930084448,
	"y" : 0.16864915768322181,
	"yaw" : 1.3483917982297207,
	"z" : -0.10433565669905195
}
