{
	"pitch" : 0.96941957291707581,
	"roll" : 0.10955309741546596,
	"x" : -0.25773312128224901,
	"y" : 0.011838882502449591,
	"yaw" : 1.3334476237591246,
	"z" : -0.056484302874244219
}
