{
	"pitch" : 1.4576187941630117,
	"roll" : -0.65368480473175972,
	"x" : -0.23221092752861899,
	"y" : 0.20608312961522973,
	"yaw" : 0.71148069125292701,
	"z" : -0.13233952838119023
}
