{
	"pitch" : 0.90545649730939681,
	"roll" : 0.059220250551687809,
	"x" : -0.25204789579794212,
	"y" : 0.045304636990992214,
	"yaw" : 1.3150878111761257,
	"z" : -0.053923896584810393
}
