{
	"pitch" : 1.4617029499941925,
	"roll" : -0.63022024832953649,
	"x" : -0.23277983601286478,
	"y" : 0.20633443977127877,
	"yaw" : 0.71812584768150545,
	"z" : -0.13165475400572493
}
