{
	"pitch" : 1.4308608890789662,
	"roll" : -0.052011721857204894,
	"x" : -0.22973645649279373,
	"y" : 0.19884573769888356,
	"yaw" : 1.2985530974464834,
	"z" : -0.10200222659046151
}
