{
	"pitch" : 1.0311755221740613,
	"roll" : 0.11140337753304233,
	"x" : -0.26597575497465259,
	"y" : 0.066943461207902441,
	"yaw" : 1.2579671143204547,
	"z" : -0.044723519882910651
}
