{
	"pitch" : 0.98038914836907443,
	"roll" : -0.086371267423197312,
	"x" : -0.27348042058527161,
	"y" : -0.041002414174472125,
	"yaw" : 0.94384930567583247,
	"z" : -0.083493153045397228
}
