{
	"pitch" : 1.4682494459315829,
	"roll" : -0.50147790458433128,
	"x" : -0.23707172106997762,
	"y" : 0.20559123933262599,
	"yaw" : 0.8474740264881313,
	"z" : -0.13348088173213135
}
