{
	"pitch" : 1.0290855288944996,
	"roll" : 0.01387379073172635,
	"x" : -0.2727784481827783,
	"y" : -0.053054656096057459,
	"yaw" : 0.94865491576529259,
	"z" : -0.085983685880486257
}
