{
	"pitch" : 1.4893000073656728,
	"roll" : -1.4276340739893176,
	"x" : -0.23335652653910072,
	"y" : 0.02857952648082171,
	"yaw" : -0.15541183652584775,
	"z" : -0.14741814489997782
}
