{
	"pitch" : 1.465959085303534,
	"roll" : -0.55238919474458559,
	"x" : -0.23412480673993558,
	"y" : 0.20773980534632933,
	"yaw" : 0.79092456872636585,
	"z" : -0.13088521159639491
}
