{
	"pitch" : 1.4769746413523652,
	"roll" : -2.3685629448324876,
	"x" : -0.22730201934595895,
	"y" : 0.028107115523808443,
	"yaw" : -1.0768288579059047,
	"z" : -0.15790615728290167
}
