{
	"pitch" : 1.3997506889738838,
	"roll" : -0.21660637675924208,
	"x" : -0.24047298582425708,
	"y" : 0.20298964961917576,
	"yaw" : 1.1818183502696105,
	"z" : -0.10403554342524264
}
