{
	"pitch" : 1.0457865855638577,
	"roll" : 0.055552476541943348,
	"x" : -0.25937564503985311,
	"y" : 0.13088256775542573,
	"yaw" : 1.3766369984013254,
	"z" : -0.018874015198361044
}
