{
	"pitch" : 1.2936440932872173,
	"roll" : 0.28026160262435607,
	"x" : -0.24981041036329069,
	"y" : 0.037679461668253797,
	"yaw" : 1.5321529080495642,
	"z" : -0.091475509144796241
}
