{
	"pitch" : 1.5136355995994246,
	"roll" : -0.21194807024128992,
	"x" : -0.2417328785605701,
	"y" : 0.038405476509726824,
	"yaw" : 1.0848091682350218,
	"z" : -0.12600356764118958
}
