{
	"pitch" : 0.96913267654598789,
	"roll" : 0.11666479556579777,
	"x" : -0.25813986170161296,
	"y" : 0.011443400465352874,
	"yaw" : 1.3417983456703877,
	"z" : -0.053586805815267424
}
