{
	"pitch" : 1.5035343490698303,
	"roll" : -1.8404866053668516,
	"x" : -0.23349885164416853,
	"y" : 0.028719071718173089,
	"yaw" : -0.56203250874926225,
	"z" : -0.15118958552025474
}
