{
	"pitch" : 1.4662448320760035,
	"roll" : -0.52624428329663864,
	"x" : -0.23439487665571793,
	"y" : 0.20785109051990289,
	"yaw" : 0.81618919341122964,
	"z" : -0.13023023553134011
}
