{
	"pitch" : 1.5002032717370051,
	"roll" : -1.7456719452232543,
	"x" : -0.23352149242734718,
	"y" : 0.028414751154182447,
	"yaw" : -0.4676292126415667,
	"z" : -0.14957852518936823
}
