{
	"pitch" : 1.4657210258084499,
	"roll" : -0.59772121927710331,
	"x" : -0.23348234172540333,
	"y" : 0.20734361560126369,
	"yaw" : 0.74937142547893143,
	"z" : -0.13059582915713785
}
