{
	"pitch" : 0.9545029421765947,
	"roll" : 0.094418038435189575,
	"x" : -0.26661278684292422,
	"y" : 0.0096399323886298613,
	"yaw" : 1.3281362587536765,
	"z" : -0.075766120633872266
}
