{
	"pitch" : 1.4689622466004508,
	"roll" : -0.30806778686859193,
	"x" : -0.23785924307539158,
	"y" : 0.20567413756697395,
	"yaw" : 1.0766187088948922,
	"z" : -0.12763653877196462
}
