{
	"pitch" : 1.4999758523630666,
	"roll" : -1.7198505667117718,
	"x" : -0.23357936578915028,
	"y" : 0.028441533489318244,
	"yaw" : -0.44205475442890768,
	"z" : -0.14956991545490689
}
