{
	"pitch" : 1.5000590966408309,
	"roll" : -2.5177317112542088,
	"x" : -0.23407011133390909,
	"y" : 0.028824052657471178,
	"yaw" : -1.2423801209734671,
	"z" : -0.14065207394587576
}
