{
	"pitch" : 1.2748392791928271,
	"roll" : -0.3033622061612487,
	"x" : -0.25015086741777448,
	"y" : -0.003751998071105489,
	"yaw" : 0.86470650472231092,
	"z" : -0.1054867373513655
}
