{
	"pitch" : 0.99084106310603393,
	"roll" : 0.00051258246015359744,
	"x" : -0.26323883286824068,
	"y" : 0.072024813057462486,
	"yaw" : 1.1715737285342873,
	"z" : -0.030197282726285885
}
