{
	"pitch" : 1.3969830241509056,
	"roll" : -0.65269537242614362,
	"x" : -0.24339362550323632,
	"y" : 0.012405489695456309,
	"yaw" : 0.5799949954855198,
	"z" : -0.13315805735302749
}
