{
	"pitch" : 1.4273096923861146,
	"roll" : 0.29936709186432692,
	"x" : -0.24760693767187811,
	"y" : 0.038902166916317031,
	"yaw" : 1.577199021394504,
	"z" : -0.10866055989856753
}
