{
	"pitch" : 1.4796485378862958,
	"roll" : -2.33035278581072,
	"x" : -0.22967911880723052,
	"y" : 0.030997239157446746,
	"yaw" : -1.044871102429149,
	"z" : -0.14697873536821729
}
