{
	"pitch" : 1.2325754935263773,
	"roll" : -0.0031331191568779383,
	"x" : -0.24478078790329225,
	"y" : 0.15462967958128435,
	"yaw" : 1.3469980985195733,
	"z" : -0.088980692766365152
}
