{
	"pitch" : 1.4766451506195313,
	"roll" : -2.3995655573497801,
	"x" : -0.22604601754183942,
	"y" : 0.027830453498810956,
	"yaw" : -1.1053042394276948,
	"z" : -0.15282914616764245
}
