{
	"pitch" : 1.4688228933324838,
	"roll" : -0.50132065895562139,
	"x" : -0.23662615089312455,
	"y" : 0.20574286164589464,
	"yaw" : 0.84674781377338715,
	"z" : -0.13247119702900245
}
