{
	"pitch" : 1.1603174735886661,
	"roll" : -0.17860378400604554,
	"x" : -0.25458870179407878,
	"y" : -0.016542245964826421,
	"yaw" : 0.9307242417718965,
	"z" : -0.089386553365850538
}
