{
	"pitch" : 1.048952370465601,
	"roll" : 0.13923666745521035,
	"x" : -0.25416543759608945,
	"y" : 0.065134898804180275,
	"yaw" : 1.30176126925951,
	"z" : -0.045865131902205897
}
