{
	"pitch" : 1.4803021960684015,
	"roll" : -0.61172500215038961,
	"x" : -0.23312821392947961,
	"y" : 0.20522226579265979,
	"yaw" : 0.74185289598195625,
	"z" : -0.13316107545434891
}
