{
	"pitch" : 0.98191970297699138,
	"roll" : 0.08098218891068297,
	"x" : -0.26339634743929857,
	"y" : 0.079766277242937861,
	"yaw" : 1.2971149432779521,
	"z" : -0.014065291620911052
}
