{
	"pitch" : 0.98268755320077961,
	"roll" : 0.071651628542529489,
	"x" : -0.26451478916117377,
	"y" : 0.078703833276422747,
	"yaw" : 1.2867666518459027,
	"z" : -0.018886576936576888
}
