{
	"pitch" : 0.98162994173564222,
	"roll" : 0.082901230035668377,
	"x" : -0.26299111656958041,
	"y" : 0.080101980125746458,
	"yaw" : 1.2990329083779537,
	"z" : -0.013057396616928785
}
