{
	"pitch" : 1.482721062376849,
	"roll" : -2.4899635251646237,
	"x" : -0.23164030831529275,
	"y" : 0.031109196943056971,
	"yaw" : -1.2022052016717784,
	"z" : -0.14242189020891058
}
