{
	"pitch" : 1.4549280505795228,
	"roll" : -0.57680914244926973,
	"x" : -0.23286626616232292,
	"y" : 0.20607272125146192,
	"yaw" : 0.79182953632523623,
	"z" : -0.13371843593412658
}
