{
	"pitch" : 1.0635914536238869,
	"roll" : 0.0087744836065142863,
	"x" : -0.24233704182657584,
	"y" : 0.11304444620481874,
	"yaw" : 1.3446506106154861,
	"z" : -0.055314103313248375
}
