{
	"pitch" : 0.9675122383465582,
	"roll" : 0.11829369603279936,
	"x" : -0.25827895742627838,
	"y" : 0.011344876584051956,
	"yaw" : 1.3446249579056697,
	"z" : -0.052742576489488796
}
