{
	"pitch" : 1.4751731255575993,
	"roll" : -0.56341279700396241,
	"x" : -0.23323134618635696,
	"y" : 0.20592373453795301,
	"yaw" : 0.78933369048113833,
	"z" : -0.13327542344782511
}
