{
	"pitch" : 1.3928753944098411,
	"roll" : -0.61651823700757158,
	"x" : -0.24386739284266215,
	"y" : 0.011569494525090325,
	"yaw" : 0.61179833082345092,
	"z" : -0.13108225498048176
}
