{
	"pitch" : 1.4791473398306927,
	"roll" : -0.67579379129681949,
	"x" : -0.23289651547957993,
	"y" : 0.20468616391553415,
	"yaw" : 0.68013964744962807,
	"z" : -0.13381115045127126
}
