{
	"pitch" : 1.4751352023143582,
	"roll" : -2.4268418816093633,
	"x" : -0.22829219193941003,
	"y" : 0.029257471290911011,
	"yaw" : -1.1328951903599132,
	"z" : -0.14229700313501525
}
