{
	"pitch" : 1.029015411319474,
	"roll" : -0.13648807881471289,
	"x" : -0.26211650730592606,
	"y" : -0.031652512809681226,
	"yaw" : 0.91409510011956485,
	"z" : -0.077688167711444309
}
