{
	"pitch" : 1.3421258612230502,
	"roll" : -0.028443847706972059,
	"x" : -0.24248528440040171,
	"y" : 0.17849662352543016,
	"yaw" : 1.3116983329197325,
	"z" : -0.11149000275513066
}
