{
	"pitch" : 1.3541161141003617,
	"roll" : -0.42169639971604977,
	"x" : -0.24712902040982113,
	"y" : 0.0059556831448011674,
	"yaw" : 0.78107695967868851,
	"z" : -0.11718177114546703
}
