{
	"pitch" : 1.0378019909742029,
	"roll" : 0.14522326402809999,
	"x" : -0.25173360464349515,
	"y" : 0.064078735755125571,
	"yaw" : 1.3060444325799212,
	"z" : -0.043524824146002783
}
