{
	"pitch" : 1.2238842378191019,
	"roll" : -0.23033886211191196,
	"x" : -0.25374104250165641,
	"y" : -0.012642248989694904,
	"yaw" : 0.91225404263808674,
	"z" : -0.09800444356610051
}
