{
	"pitch" : 1.3412331574094176,
	"roll" : -0.055993705486483976,
	"x" : -0.24071784203070418,
	"y" : 0.17940129907255825,
	"yaw" : 1.2838852029369161,
	"z" : -0.10882566099160519
}
