{
	"pitch" : 1.4653395243138443,
	"roll" : -0.57864044748581811,
	"x" : -0.23371816675678692,
	"y" : 0.20761535631118153,
	"yaw" : 0.7668510029929031,
	"z" : -0.13089611155700578
}
