{
	"pitch" : 1.3817181489009285,
	"roll" : 0.27373327778298728,
	"x" : -0.24827617963396778,
	"y" : 0.039416445247391581,
	"yaw" : 1.543817931935539,
	"z" : -0.10247168966554125
}
