{
	"pitch" : 1.0108331725844855,
	"roll" : -0.13369061306247201,
	"x" : -0.26378902738204607,
	"y" : -0.034602761485156307,
	"yaw" : 0.91689514955466456,
	"z" : -0.078047426308640977
}
