{
	"pitch" : 1.3715630211928427,
	"roll" : -0.48525625345315193,
	"x" : -0.24592815379801289,
	"y" : 0.0082462514213274829,
	"yaw" : 0.72610010942179171,
	"z" : -0.12155034240819611
}
