{
	"pitch" : 0.96672253118441798,
	"roll" : 0.10443281846343554,
	"x" : -0.27660777487705285,
	"y" : 0.082416013230481172,
	"yaw" : 1.3329136700400968,
	"z" : -0.033049295306005422
}
