{
	"pitch" : 1.5050405280741919,
	"roll" : -0.090870933100153414,
	"x" : -0.24235551852607229,
	"y" : 0.038449655089241336,
	"yaw" : 1.2047853308956322,
	"z" : -0.12394566941329332
}
