{
	"pitch" : 1.101376327913403,
	"roll" : 0.0008931704277402873,
	"x" : -0.24235159168381354,
	"y" : 0.12523337575004129,
	"yaw" : 1.3456755132611686,
	"z" : -0.061572173422794335
}
