{
	"pitch" : 1.0404246098042993,
	"roll" : 0.11810754334823892,
	"x" : -0.26345779955086779,
	"y" : 0.066583863100503515,
	"yaw" : 1.2547513530958425,
	"z" : -0.043003600817725668
}
