{
	"pitch" : 1.466096687150281,
	"roll" : -0.71962339446996793,
	"x" : -0.23175708371638759,
	"y" : 0.20482022321846044,
	"yaw" : 0.64108280518471683,
	"z" : -0.13280063267155945
}
