{
	"pitch" : 1.4641628071553552,
	"roll" : -0.72075159744961537,
	"x" : -0.23180526682532329,
	"y" : 0.20487385839158767,
	"yaw" : 0.64023572157033914,
	"z" : -0.13367670575735985
}
