{
	"pitch" : 1.4170009185692969,
	"roll" : -0.24110278365941229,
	"x" : -0.23983810394235655,
	"y" : 0.20392766661694006,
	"yaw" : 1.1557023445191288,
	"z" : -0.10868797081143219
}
