{
	"pitch" : 1.434698138683423,
	"roll" : -0.90365333762622646,
	"x" : -0.23772382100274733,
	"y" : 0.022463524956528258,
	"yaw" : 0.35189255611732184,
	"z" : -0.13925918935655113
}
