{
	"pitch" : 1.5053299278000076,
	"roll" : -2.3792803043157611,
	"x" : -0.23594789289948254,
	"y" : 0.026826686043932735,
	"yaw" : -1.1034026644642265,
	"z" : -0.1570392532984535
}
