{
	"pitch" : 1.4790676212831257,
	"roll" : -0.56310027169592602,
	"x" : -0.23635512401624559,
	"y" : 0.20500926539554434,
	"yaw" : 0.78545595773287069,
	"z" : -0.13421932069636167
}
