{
	"pitch" : 1.3531256250249297,
	"roll" : -0.14307054546734554,
	"x" : -0.24177311708401822,
	"y" : 0.20112613416225605,
	"yaw" : 1.2541292734420932,
	"z" : -0.090393355629230274
}
