{
	"pitch" : 1.4476212514898443,
	"roll" : -0.56947353566945347,
	"x" : -0.23189667731893282,
	"y" : 0.20779937785297481,
	"yaw" : 0.79846860707861933,
	"z" : -0.13042358909463414
}
