{
	"pitch" : 1.4676970906801721,
	"roll" : -0.40380285524946985,
	"x" : -0.23899306810080806,
	"y" : 0.20394250170863307,
	"yaw" : 0.95430802147112281,
	"z" : -0.13145997537735246
}
