{
	"pitch" : 1.1298425383600665,
	"roll" : 0.014532918601077303,
	"x" : -0.24737008669815899,
	"y" : 0.16692566757056021,
	"yaw" : 1.3732864851862068,
	"z" : -0.028781782069688178
}
