{
	"pitch" : 0.97664691289444427,
	"roll" : 0.072351375634577747,
	"x" : -0.26696135660842918,
	"y" : 0.0076532709728175663,
	"yaw" : 1.3301957626846337,
	"z" : -0.081946977644783037
}
