{
	"pitch" : 0.90636486166762975,
	"roll" : 0.055994484040907608,
	"x" : -0.25086377452103559,
	"y" : 0.05026933612367513,
	"yaw" : 1.3145971307224478,
	"z" : -0.053705896602547126
}
