{
	"pitch" : 1.4743754903353936,
	"roll" : -2.3911762351510988,
	"x" : -0.22405083020328331,
	"y" : 0.026988593310738218,
	"yaw" : -1.0863865823194574,
	"z" : -0.15093019495408408
}
