{
	"pitch" : 1.0418218620340509,
	"roll" : 0.052529591019045876,
	"x" : -0.25969263053829345,
	"y" : 0.12834293655638335,
	"yaw" : 1.3733862072035761,
	"z" : -0.017154440260924775
}
