{
	"pitch" : 1.474598457533485,
	"roll" : -2.2908795641079718,
	"x" : -0.23059653417228368,
	"y" : 0.028668411149592662,
	"yaw" : -1.0016407180159128,
	"z" : -0.16153440217895546
}
