{
	"pitch" : 0.97295367786217757,
	"roll" : 0.095198466071869367,
	"x" : -0.26410927623058583,
	"y" : 0.083767218597281867,
	"yaw" : 1.3151156344222465,
	"z" : -0.011346952918430436
}
