{
	"pitch" : 1.3930687270837347,
	"roll" : 0.28164817045976426,
	"x" : -0.24821578620262263,
	"y" : 0.03935513334186734,
	"yaw" : 1.5541766724309753,
	"z" : -0.10403758915668958
}
