{
	"pitch" : 1.5033887365300986,
	"roll" : -2.1632048918395577,
	"x" : -0.23433376536779107,
	"y" : 0.026665083140271703,
	"yaw" : -0.88401512553447392,
	"z" : -0.15443370328850847
}
