{
	"pitch" : 1.0697025065283916,
	"roll" : -0.14949319049174342,
	"x" : -0.25869692213618412,
	"y" : -0.026971814601566994,
	"yaw" : 0.91473918507988916,
	"z" : -0.079813530519569936
}
