{
	"pitch" : 0.96907021217504308,
	"roll" : 0.12411195652431309,
	"x" : -0.25906621230138371,
	"y" : 0.011168011842926581,
	"yaw" : 1.3496453897474687,
	"z" : -0.052843888750796708
}
