{
	"pitch" : 1.4428863309923752,
	"roll" : -0.1542532869711507,
	"x" : -0.23147004421449818,
	"y" : 0.20131275349495742,
	"yaw" : 1.19938268439967,
	"z" : -0.11263425861909905
}
