{
	"pitch" : 1.5055506355695891,
	"roll" : -2.3682816000724833,
	"x" : -0.23586121887056941,
	"y" : 0.026894753031828575,
	"yaw" : -1.0921656004791342,
	"z" : -0.15663630277865187
}
