{
	"pitch" : 0.92567903469988955,
	"roll" : 0.08185222582847794,
	"x" : -0.25855239574883493,
	"y" : 0.021895405853526742,
	"yaw" : 1.3139943593185177,
	"z" : -0.067266566102626685
}
