{
	"pitch" : 1.4797827870406244,
	"roll" : -0.59198138719271542,
	"x" : -0.23330750205329964,
	"y" : 0.20530073434996127,
	"yaw" : 0.760132095246564,
	"z" : -0.13404401400416199
}
