{
	"pitch" : 0.97900569506061585,
	"roll" : 0.096121522582279087,
	"x" : -0.27649736690096388,
	"y" : 0.080876756259505911,
	"yaw" : 1.3219309181469066,
	"z" : -0.031218063764229864
}
