{
	"pitch" : 1.4434384105273503,
	"roll" : -0.16973035545917983,
	"x" : -0.23209759039735031,
	"y" : 0.20162590508010109,
	"yaw" : 1.1842996901619953,
	"z" : -0.11286890550961835
}
