{
	"pitch" : 1.5019301443896553,
	"roll" : -1.8186533103239455,
	"x" : -0.23351189276753681,
	"y" : 0.028612480054531916,
	"yaw" : -0.540315519134272,
	"z" : -0.15076829107617204
}
