{
	"pitch" : 0.97603626429949208,
	"roll" : 0.082501661877407276,
	"x" : -0.2755833426979919,
	"y" : 0.087649736503535192,
	"yaw" : 1.3343448629267149,
	"z" : -0.030294958903090502
}
