{
	"pitch" : 0.93584386427039268,
	"roll" : 0.085570274850704647,
	"x" : -0.2586011737491547,
	"y" : 0.0186514196108401,
	"yaw" : 1.3130781700415488,
	"z" : -0.068739173328385875
}
