{
	"pitch" : 0.96401611501909112,
	"roll" : 0.12899172068854547,
	"x" : -0.26002949956398985,
	"y" : 0.012394151182862991,
	"yaw" : 1.3624074454852981,
	"z" : -0.053492225829676554
}
