{
	"pitch" : 0.98739114839982001,
	"roll" : 0.033686310310573495,
	"x" : -0.26715191401168309,
	"y" : 0.10925597860374314,
	"yaw" : 1.3381863025968361,
	"z" : -0.020304335106578447
}
