{
	"pitch" : 1.4698132055704993,
	"roll" : -0.2983364307232324,
	"x" : -0.23897777450390645,
	"y" : 0.20664804341174361,
	"yaw" : 1.0849159362971794,
	"z" : -0.1299349566595524
}
