{
	"pitch" : 0.99547486964755261,
	"roll" : 0.049531197997602451,
	"x" : -0.26743667117636305,
	"y" : 0.070840990324952988,
	"yaw" : 1.2103895092008889,
	"z" : -0.034618309599700053
}
