{
	"pitch" : 0.97447353517456459,
	"roll" : 0.13151955323223655,
	"x" : -0.26426421358267954,
	"y" : 0.014051894970225291,
	"yaw" : 1.3708776327570449,
	"z" : -0.074293538652804136
}
