{
	"pitch" : 1.4334923202748298,
	"roll" : -0.90130176588385558,
	"x" : -0.23767106298270912,
	"y" : 0.022360411649075956,
	"yaw" : 0.35394944184564858,
	"z" : -0.13840447629555289
}
