{
	"pitch" : 1.4542315543833202,
	"roll" : -0.57653729392930209,
	"x" : -0.23250569730344861,
	"y" : 0.20654769535100717,
	"yaw" : 0.79196282598007584,
	"z" : -0.13139633336117842
}
