{
	"pitch" : 0.97628050465988869,
	"roll" : 0.0056240637931890365,
	"x" : -0.26190697018179859,
	"y" : 0.076062034448705518,
	"yaw" : 1.2018999218206678,
	"z" : -0.023328232041194358
}
