{
	"pitch" : 1.4706731673926048,
	"roll" : -0.32926440714448846,
	"x" : -0.23783852093691296,
	"y" : 0.2051885347352472,
	"yaw" : 1.0572317726519778,
	"z" : -0.12878201420011368
}
