{
	"pitch" : 0.9764128365416197,
	"roll" : 0.075788727435145711,
	"x" : -0.26972932770169183,
	"y" : 0.081404506299641105,
	"yaw" : 1.3010899262995519,
	"z" : -0.021595078566957332
}
