{
	"pitch" : 0.99909338505215062,
	"roll" : 0.052798142526531901,
	"x" : -0.26812225555580393,
	"y" : 0.069747862510808528,
	"yaw" : 1.2082694321963563,
	"z" : -0.036648813218257581
}
