{
	"pitch" : 0.94967742462996563,
	"roll" : 0.0289518483144235,
	"x" : -0.27025570924543657,
	"y" : 0.099461522786430223,
	"yaw" : 1.3085512279421041,
	"z" : -0.020639024244543835
}
