{
	"pitch" : 1.5007735731815699,
	"roll" : -2.4649693637831316,
	"x" : -0.23348762911657625,
	"y" : 0.028286360902424701,
	"yaw" : -1.1883117512712329,
	"z" : -0.13958139746046777
}
