{
	"pitch" : 1.4594018266969648,
	"roll" : -0.25191216017657025,
	"x" : -0.23924209407183789,
	"y" : 0.20870851758763007,
	"yaw" : 1.1335426634642307,
	"z" : -0.12746094767406718
}
