{
	"pitch" : 1.4378849329588685,
	"roll" : -0.10632900479581647,
	"x" : -0.23047013970213898,
	"y" : 0.20008589368587251,
	"yaw" : 1.2451896973252383,
	"z" : -0.10719882756961086
}
