{
	"pitch" : 1.4756660237005583,
	"roll" : -0.5592889999678412,
	"x" : -0.23319912217715535,
	"y" : 0.20592638341169672,
	"yaw" : 0.79338914534852167,
	"z" : -0.13254214945692494
}
