{
	"pitch" : 1.0147779957671899,
	"roll" : -0.13375974182451289,
	"x" : -0.26359855676725508,
	"y" : -0.034098023232996169,
	"yaw" : 0.91651805653856,
	"z" : -0.0780784136643978
}
