{
	"pitch" : 1.4411224959399391,
	"roll" : 0.28253816333484411,
	"x" : -0.24726780258484996,
	"y" : 0.038641377134039076,
	"yaw" : 1.562634561140565,
	"z" : -0.11176226371160584
}
