{
	"pitch" : 1.4653422645264116,
	"roll" : -0.57648716983718118,
	"x" : -0.23369117744836029,
	"y" : 0.20767814025718867,
	"yaw" : 0.76879249247901882,
	"z" : -0.13035574053963161
}
