{
	"pitch" : 1.2015953364628851,
	"roll" : -0.20708168608490218,
	"x" : -0.25418023756894342,
	"y" : -0.013804513667564241,
	"yaw" : 0.92935818001281212,
	"z" : -0.096158256838422523
}
