{
	"pitch" : 1.1867336446277152,
	"roll" : 0.2110259304358505,
	"x" : -0.25275473627606576,
	"y" : 0.03168655673116879,
	"yaw" : 1.4503122095292253,
	"z" : -0.082911372606668185
}
