{
	"pitch" : 1.4819513716359192,
	"roll" : 0.15364961542041303,
	"x" : -0.2446212375015587,
	"y" : 0.038366306315420158,
	"yaw" : 1.4441098554308331,
	"z" : -0.11863937645757926
}
