{
	"pitch" : 0.97812686724067055,
	"roll" : 0.095699593667461363,
	"x" : -0.25974519539806845,
	"y" : 0.081828581398800476,
	"yaw" : 1.3137538236820814,
	"z" : -0.0019130353006816814
}
