{
	"pitch" : 1.0059047812446755,
	"roll" : -0.13441625633421628,
	"x" : -0.26439959281070902,
	"y" : -0.03543722053422893,
	"yaw" : 0.91519919755955514,
	"z" : -0.078146188127452346
}
