{
	"pitch" : 1.4689184381165441,
	"roll" : -0.50344661512251987,
	"x" : -0.23640492256712947,
	"y" : 0.2057832016823401,
	"yaw" : 0.8439954911897255,
	"z" : -0.13254579601333294
}
