{
	"pitch" : 0.96494923610588901,
	"roll" : 0.10096651848669803,
	"x" : -0.25815022648753116,
	"y" : 0.01250774015856666,
	"yaw" : 1.3216074784435088,
	"z" : -0.062609034100193778
}
