{
	"pitch" : 1.5354682683124323,
	"roll" : -0.8355377039467381,
	"x" : -0.24014560375828312,
	"y" : 0.037506828988467245,
	"yaw" : 0.4683624899401902,
	"z" : -0.13351374671141084
}
