{
	"pitch" : 1.4028291329116076,
	"roll" : -0.72539299814545921,
	"x" : -0.241063676549061,
	"y" : 0.015654969779483059,
	"yaw" : 0.51478059875753124,
	"z" : -0.13318499893164404
}
