{
	"pitch" : 1.3524365917369141,
	"roll" : 0.25986544080592322,
	"x" : -0.24825262733518083,
	"y" : 0.039270173309776196,
	"yaw" : 1.5237318006059661,
	"z" : -0.09897605254392694
}
