{
	"pitch" : 1.5076564234198457,
	"roll" : -2.3012604197978579,
	"x" : -0.23551323427166246,
	"y" : 0.026519395240711868,
	"yaw" : -1.0243822000118914,
	"z" : -0.15569528224326151
}
