{
	"pitch" : 1.4584740376403886,
	"roll" : -0.58478525451892505,
	"x" : -0.23297424667318903,
	"y" : 0.20679595903406983,
	"yaw" : 0.78239604894857784,
	"z" : -0.13093122816598851
}
