{
	"pitch" : 1.0489565412113804,
	"roll" : 0.13105311244324935,
	"x" : -0.25641752679769031,
	"y" : 0.066334692470741918,
	"yaw" : 1.2907512405736328,
	"z" : -0.046232634348946949
}
