{
	"pitch" : 1.4787680715413736,
	"roll" : -0.57373093640127848,
	"x" : -0.23334963561936942,
	"y" : 0.2055329016892356,
	"yaw" : 0.7775826745808806,
	"z" : -0.13354187456120847
}
