{
	"pitch" : 1.4500742545472369,
	"roll" : -0.56035428557869316,
	"x" : -0.23219089123022457,
	"y" : 0.20759686130138427,
	"yaw" : 0.8077879451254224,
	"z" : -0.1305521464346466
}
