{
	"pitch" : 1.2971269733834792,
	"roll" : -0.099435845495015704,
	"x" : -0.24270724560057605,
	"y" : 0.19764919657210966,
	"yaw" : 1.294830494034604,
	"z" : -0.073466485865479395
}
