{
	"pitch" : 1.0127013587872251,
	"roll" : 0.042469511334065013,
	"x" : -0.2439507494697688,
	"y" : 0.096754854633157666,
	"yaw" : 1.347276291838315,
	"z" : -0.04943893707535929
}
