{
	"pitch" : 1.484147387463747,
	"roll" : -2.4165758989498451,
	"x" : -0.2281801756635462,
	"y" : 0.026728186469413051,
	"yaw" : -1.1055523937589968,
	"z" : -0.14218170131942176
}
