{
	"pitch" : 0.9543889231687509,
	"roll" : 0.088718952492522291,
	"x" : -0.26860096917143178,
	"y" : 0.0099392260578533773,
	"yaw" : 1.3193928953261853,
	"z" : -0.079010486272507549
}
