{
	"pitch" : 0.96905982066479457,
	"roll" : 0.10966125681430126,
	"x" : -0.25763475896886723,
	"y" : 0.011827432429074313,
	"yaw" : 1.333435215209035,
	"z" : -0.055963188171592654
}
