{
	"pitch" : 1.4584291989310194,
	"roll" : -0.35267555733950434,
	"x" : -0.23691781020119473,
	"y" : 0.20414126621034162,
	"yaw" : 1.0066582999998008,
	"z" : -0.12686255185776985
}
