{
	"pitch" : 0.9701902908325204,
	"roll" : 0.12744670440322847,
	"x" : -0.26693496510026499,
	"y" : 0.01123462280844658,
	"yaw" : 1.3605250179380206,
	"z" : -0.077622468976128456
}
