{
	"pitch" : 1.0561589212975042,
	"roll" : 0.021638651539113676,
	"x" : -0.27295700940665407,
	"y" : -0.055929563282027639,
	"yaw" : 0.94372921045571911,
	"z" : -0.081601017358073943
}
