{
	"pitch" : 0.98121861200305927,
	"roll" : 0.083358779875239014,
	"x" : -0.26285754040576409,
	"y" : 0.080221530272132247,
	"yaw" : 1.2997003184811009,
	"z" : -0.011850430194034839
}
