{
	"pitch" : 1.5073853105400945,
	"roll" : -0.12701657926800033,
	"x" : -0.24215829096487718,
	"y" : 0.038441549649494797,
	"yaw" : 1.1690807879773253,
	"z" : -0.12468520632112584
}
