{
	"pitch" : 1.4745769632628369,
	"roll" : -0.3300894852436469,
	"x" : -0.23837230947376797,
	"y" : 0.20538783066094707,
	"yaw" : 1.0542537113369617,
	"z" : -0.12904801357778473
}
