{
	"pitch" : 1.4670175202798457,
	"roll" : -0.39424010407479604,
	"x" : -0.23896479160878042,
	"y" : 0.20389207999589165,
	"yaw" : 0.96398827079457983,
	"z" : -0.13142170415444976
}
