{
	"pitch" : 1.0018153698455674,
	"roll" : 0.12271129714549556,
	"x" : -0.27120192823914779,
	"y" : 0.069548788084622726,
	"yaw" : 1.2986064385907248,
	"z" : -0.041173010887463835
}
