{
	"pitch" : 1.4666143364734574,
	"roll" : -0.53419087800747722,
	"x" : -0.23749326608696542,
	"y" : 0.20513340066072383,
	"yaw" : 0.81848519104112949,
	"z" : -0.13330183442540411
}
