{
	"pitch" : 1.5052607864130048,
	"roll" : -2.3638515023706486,
	"x" : -0.2359596030454478,
	"y" : 0.026755283980576292,
	"yaw" : -1.0875180979539114,
	"z" : -0.15754549958562392
}
