{
	"pitch" : 1.0484664090894922,
	"roll" : 0.014879372780679667,
	"x" : -0.27234140166332177,
	"y" : -0.055366449355364007,
	"yaw" : 0.94601981433030169,
	"z" : -0.082371008328929268
}
