{
	"pitch" : 1.2562917768936037,
	"roll" : -0.081673182417962495,
	"x" : -0.24320265656249115,
	"y" : 0.19358918122498719,
	"yaw" : 1.308922260791459,
	"z" : -0.061448059240211989
}
