{
	"pitch" : 1.4682627507840011,
	"roll" : -0.50456313213146675,
	"x" : -0.23706499712186069,
	"y" : 0.20560507869508776,
	"yaw" : 0.84480204588991736,
	"z" : -0.13267380048184857
}
