{
	"pitch" : 1.4598952367825633,
	"roll" : -0.55950354946340441,
	"x" : -0.23343611892180943,
	"y" : 0.20678638819180711,
	"yaw" : 0.80761100893521365,
	"z" : -0.13080433186313692
}
