{
	"pitch" : 1.2664512097118445,
	"roll" : -0.086388785771127685,
	"x" : -0.24317458140197584,
	"y" : 0.19482274201611965,
	"yaw" : 1.3055689276465812,
	"z" : -0.06482978685805281
}
