{
	"pitch" : 1.0660210866911142,
	"roll" : 0.048403936877326505,
	"x" : -0.25537783927045332,
	"y" : 0.1416593762273676,
	"yaw" : 1.3803647140253301,
	"z" : -0.019096563669742245
}
