{
	"pitch" : 1.0142398182257493,
	"roll" : -0.0049100926880971101,
	"x" : -0.27493891633133116,
	"y" : -0.052355382682078726,
	"yaw" : 0.94576457457019825,
	"z" : -0.090156867650849487
}
