{
	"pitch" : 1.2412468040988867,
	"roll" : 0.25205287311833413,
	"x" : -0.2510685823437428,
	"y" : 0.035883064803473988,
	"yaw" : 1.4929513495005844,
	"z" : -0.08763099616691683
}
