{
	"pitch" : 1.4777170665424799,
	"roll" : -0.68944006840754402,
	"x" : -0.23286143886471602,
	"y" : 0.20443769345430321,
	"yaw" : 0.66822899876855535,
	"z" : -0.13429009018282481
}
