{
	"pitch" : 1.464351707113092,
	"roll" : 0.24193561454988086,
	"x" : -0.2458935324197408,
	"y" : 0.038435647545051507,
	"yaw" : 1.5269699690420373,
	"z" : -0.11411893995536534
}
