{
	"pitch" : 1.0576304005546182,
	"roll" : 0.023838990476470638,
	"x" : -0.273269074556164,
	"y" : -0.055918227575219817,
	"yaw" : 0.94696296818411929,
	"z" : -0.081806898153873014
}
