{
	"pitch" : 0.98672582064423453,
	"roll" : 0.1141357538748175,
	"x" : -0.26244600262255141,
	"y" : 0.08316872158988789,
	"yaw" : 1.3399378442325689,
	"z" : -0.00080779734964767091
}
