{
	"pitch" : 1.4469532224882351,
	"roll" : -0.57598208742368351,
	"x" : -0.23189057047483297,
	"y" : 0.2077743030064686,
	"yaw" : 0.7916047519836561,
	"z" : -0.13082483756046895
}
