{
	"pitch" : 1.2004569754958256,
	"roll" : -0.20615111755881796,
	"x" : -0.25402444755519454,
	"y" : -0.013902638535939862,
	"yaw" : 0.92954504241524527,
	"z" : -0.095243809481171587
}
