{
	"pitch" : 0.978128100519013,
	"roll" : 0.092574838831243969,
	"x" : -0.26046828549477113,
	"y" : 0.081700930424567386,
	"yaw" : 1.3107486132457837,
	"z" : -0.0037256592488640605
}
