{
	"pitch" : 1.0363586842692369,
	"roll" : 0.049240912745911143,
	"x" : -0.24434131425976255,
	"y" : 0.10260627846150756,
	"yaw" : 1.3607168936415324,
	"z" : -0.052202328919552177
}
