{
	"pitch" : 1.5034854616002762,
	"roll" : -2.1725069142413647,
	"x" : -0.23454892044370101,
	"y" : 0.026468956639885563,
	"yaw" : -0.89336934698349391,
	"z" : -0.15558100171793568
}
