{
	"pitch" : 0.98321107811159436,
	"roll" : 0.085856998809832691,
	"x" : -0.27675210244578791,
	"y" : 0.079797718442732563,
	"yaw" : 1.3177200238136364,
	"z" : -0.034100898283423164
}
