{
	"pitch" : 1.4919435582679277,
	"roll" : -2.0735181073664299,
	"x" : -0.22741553168906586,
	"y" : 0.03276155656008499,
	"yaw" : -0.77356931610003465,
	"z" : -0.13338529796987836
}
