{
	"pitch" : 0.9783944885342355,
	"roll" : 0.094286957822656378,
	"x" : -0.27649388245757744,
	"y" : 0.081322683367130402,
	"yaw" : 1.3222064716443902,
	"z" : -0.032068443676222719
}
