{
	"pitch" : 1.4570975306940781,
	"roll" : -0.63483221996541561,
	"x" : -0.23233295721249636,
	"y" : 0.20646911897906811,
	"yaw" : 0.7306404369160785,
	"z" : -0.13079829139820798
}
