{
	"pitch" : 0.93346385841407198,
	"roll" : 0.085063790826953659,
	"x" : -0.25851385954415185,
	"y" : 0.019362715132757266,
	"yaw" : 1.3135492889775757,
	"z" : -0.068174435174845435
}
