{
	"pitch" : 1.4559367682321496,
	"roll" : -0.32986868159156518,
	"x" : -0.23609785891635338,
	"y" : 0.20391991238437215,
	"yaw" : 1.0290631307346194,
	"z" : -0.12448826748038747
}
