{
	"pitch" : 1.4759242380109818,
	"roll" : -2.3451303356018469,
	"x" : -0.22798693528016922,
	"y" : 0.028230483535709186,
	"yaw" : -1.0539679721476265,
	"z" : -0.15862669289669803
}
