{
	"pitch" : 1.0221769537470942,
	"roll" : 0.047317250009729854,
	"x" : -0.24416230374559136,
	"y" : 0.098684377609142754,
	"yaw" : 1.353418359841241,
	"z" : -0.050338359106193192
}
