{
	"pitch" : 1.2167082903929562,
	"roll" : -0.056616962269394028,
	"x" : -0.24395652264577208,
	"y" : 0.18778396097492672,
	"yaw" : 1.3285961677329599,
	"z" : -0.050058512674384326
}
