{
	"pitch" : 0.96068701528261569,
	"roll" : -0.050988156383070596,
	"x" : -0.2764059064762141,
	"y" : -0.048510952383952026,
	"yaw" : 0.92939643852118048,
	"z" : -0.092184792759615358
}
