{
	"pitch" : 1.474692200125699,
	"roll" : 0.1973491346089272,
	"x" : -0.24523160000329619,
	"y" : 0.038299539812870133,
	"yaw" : 1.4857499047467724,
	"z" : -0.11697826439221026
}
