{
	"pitch" : 1.484438647253401,
	"roll" : -2.5256289530973395,
	"x" : -0.22918897810881128,
	"y" : 0.031686904964616347,
	"yaw" : -1.2309445325640884,
	"z" : -0.1361576658269941
}
