{
	"pitch" : 0.98004670356384715,
	"roll" : -0.011967040266851959,
	"x" : -0.2613440000023789,
	"y" : 0.074094293385955065,
	"yaw" : 1.166507480952893,
	"z" : -0.026899499787506748
}
