{
	"pitch" : 1.0888462305885207,
	"roll" : 0.032733605151022069,
	"x" : -0.25123295083178682,
	"y" : 0.15283028154445416,
	"yaw" : 1.3765060933983868,
	"z" : -0.020913175005301071
}
