{
	"pitch" : 1.5197717843429752,
	"roll" : -1.7357252126681901,
	"x" : -0.23413370481329085,
	"y" : 0.035715581697673734,
	"yaw" : -0.43551224788368859,
	"z" : -0.13531728210140789
}
