{
	"pitch" : 0.90655506782829953,
	"roll" : 0.06709080035486828,
	"x" : -0.25611242141922635,
	"y" : 0.031888750402264084,
	"yaw" : 1.3115183749024755,
	"z" : -0.060416241270342605
}
