{
	"pitch" : 1.0687960633547406,
	"roll" : 0.0066899706781187954,
	"x" : -0.24273372943871865,
	"y" : 0.11481315894842388,
	"yaw" : 1.3444244821879838,
	"z" : -0.058246745298598912
}
