{
	"pitch" : 1.4799305053537339,
	"roll" : -2.3309493616249015,
	"x" : -0.2311445551270325,
	"y" : 0.030693234864559493,
	"yaw" : -1.0437846231860857,
	"z" : -0.14953168076535531
}
