{
	"pitch" : 1.0994753662987637,
	"roll" : 0.19977464896279723,
	"x" : -0.25696646522164091,
	"y" : 0.025454256379354157,
	"yaw" : 1.4336097246292239,
	"z" : -0.078291218917940969
}
