{
	"pitch" : 0.96303821829509961,
	"roll" : 0.1290900005208786,
	"x" : -0.26017659188386183,
	"y" : 0.012733410541041684,
	"yaw" : 1.3633477137656558,
	"z" : -0.053920226499587887
}
