{
	"pitch" : 1.4983104385792132,
	"roll" : -1.6367964210503407,
	"x" : -0.23333576597877115,
	"y" : 0.028636485592316033,
	"yaw" : -0.35975388631723165,
	"z" : -0.14800679372585362
}
