{
	"pitch" : 1.4782174322122996,
	"roll" : -0.5280111704215551,
	"x" : -0.23621916438276921,
	"y" : 0.20604204835678336,
	"yaw" : 0.81723286737493395,
	"z" : -0.13195636675765782
}
