{
	"pitch" : 0.97420620894626764,
	"roll" : 0.088850459870284254,
	"x" : -0.26637784870321729,
	"y" : 0.082857501216563878,
	"yaw" : 1.3095643358604856,
	"z" : -0.015159458827230132
}
