{
	"pitch" : 1.0642829134391478,
	"roll" : 0.015315793939561378,
	"x" : -0.27348832634394027,
	"y" : -0.055638848625356736,
	"yaw" : 0.94378924828982524,
	"z" : -0.086449482912237821
}
