{
	"pitch" : 0.99481913323202598,
	"roll" : -0.11040896223832222,
	"x" : -0.27063586602063239,
	"y" : -0.040226223301017772,
	"yaw" : 0.92708110512648179,
	"z" : -0.081391922716122667
}
