{
	"pitch" : 1.0517974036030397,
	"roll" : -0.14463681343525225,
	"x" : -0.25982879408285381,
	"y" : -0.028845393277085102,
	"yaw" : 0.91318709618233684,
	"z" : -0.07789252637918162
}
