{
	"pitch" : 1.4803334186164401,
	"roll" : -2.3330202306985042,
	"x" : -0.23055017531706726,
	"y" : 0.030865898265017247,
	"yaw" : -1.046436002250104,
	"z" : -0.14857696170359577
}
