{
	"pitch" : 1.402543868277546,
	"roll" : -0.099949707941496824,
	"x" : -0.23973809655941083,
	"y" : 0.19209783528759666,
	"yaw" : 1.2408585880485601,
	"z" : -0.11909012633354084
}
