{
	"pitch" : 1.0561845374498833,
	"roll" : 0.021396995290163021,
	"x" : -0.27293131431333872,
	"y" : -0.055926826035680804,
	"yaw" : 0.94346926763710093,
	"z" : -0.081620521623856454
}
