{
	"pitch" : 1.5327872552144259,
	"roll" : -1.3690040888792836,
	"x" : -0.23789665701240112,
	"y" : 0.036816375623959161,
	"yaw" : -0.065800136932971584,
	"z" : -0.13523260829661454
}
