{
	"pitch" : 0.95411303168638306,
	"roll" : 0.091072070670535646,
	"x" : -0.26745569356444193,
	"y" : 0.0095464338508591852,
	"yaw" : 1.3244486703579041,
	"z" : -0.077346700083412948
}
