{
	"pitch" : 1.0298237117274924,
	"roll" : 0.047902169905119737,
	"x" : -0.24405012962875838,
	"y" : 0.10068729371024455,
	"yaw" : 1.3566628127823961,
	"z" : -0.049655447732248947
}
