{
	"pitch" : 1.3831730079207449,
	"roll" : -0.18733866627873974,
	"x" : -0.24098665231523653,
	"y" : 0.20222035127320037,
	"yaw" : 1.212551348365243,
	"z" : -0.097971058670551128
}
