{
	"pitch" : 0.95717678224840141,
	"roll" : -0.055339264867717883,
	"x" : -0.27581979352213853,
	"y" : -0.048092461361752541,
	"yaw" : 0.93033844470335836,
	"z" : -0.090550776359272889
}
