{
	"pitch" : 0.95889405287541019,
	"roll" : 0.1034079954894818,
	"x" : -0.25922012842523962,
	"y" : 0.013291059878637247,
	"yaw" : 1.3212932865471225,
	"z" : -0.067756527248601608
}
