{
	"pitch" : 1.5048471111549966,
	"roll" : -1.8895360793045193,
	"x" : -0.2335506916842556,
	"y" : 0.028590332241738306,
	"yaw" : -0.6112155657412448,
	"z" : -0.15224993398308423
}
