{
	"pitch" : 0.96275453343503181,
	"roll" : 0.053722052198596867,
	"x" : -0.27328298988800553,
	"y" : 0.092105685525165737,
	"yaw" : 1.3158605587848942,
	"z" : -0.024610642008599498
}
