{
	"pitch" : 1.4800673075250228,
	"roll" : -2.3305159001554459,
	"x" : -0.23083240269264241,
	"y" : 0.030782546872543268,
	"yaw" : -1.0436373687733753,
	"z" : -0.14903442805961342
}
