{
	"pitch" : 0.97235175681349162,
	"roll" : 0.13091332790127344,
	"x" : -0.26588294703065046,
	"y" : 0.012810296964362415,
	"yaw" : 1.3659542079023566,
	"z" : -0.076422734719396368
}
