{
	"pitch" : 0.96739684985618268,
	"roll" : -0.073619369854434652,
	"x" : -0.27582951000327854,
	"y" : -0.043150152459608786,
	"yaw" : 0.94564579186962949,
	"z" : -0.085447671197604172
}
