{
	"pitch" : 1.417429149901215,
	"roll" : -0.84016974275278589,
	"x" : -0.23890186132198252,
	"y" : 0.019290309267631846,
	"yaw" : 0.40746220219698881,
	"z" : -0.13303064284014296
}
