{
	"pitch" : 1.3256396736772982,
	"roll" : -0.0093744548471225431,
	"x" : -0.24328849911490144,
	"y" : 0.17337519754751515,
	"yaw" : 1.3324834721596386,
	"z" : -0.10671018830354388
}
