{
	"pitch" : 0.9666052620148079,
	"roll" : 0.10281533912405762,
	"x" : -0.27565604313608871,
	"y" : 0.083562296269103248,
	"yaw" : 1.3311097758038748,
	"z" : -0.02999496993861242
}
