{
	"pitch" : 0.98645251039740445,
	"roll" : 0.10855467068559263,
	"x" : -0.26281666366369549,
	"y" : 0.08276177297131225,
	"yaw" : 1.3333710930448068,
	"z" : -0.005183646893627103
}
