{
	"pitch" : 1.0807257498929044,
	"roll" : -0.14808060140165752,
	"x" : -0.25798225670406866,
	"y" : -0.025521492047362589,
	"yaw" : 0.92064169088125591,
	"z" : -0.080775618047934705
}
