{
	"pitch" : 1.5050406002065697,
	"roll" : -2.3526847665056705,
	"x" : -0.23569175459437708,
	"y" : 0.026653037096440305,
	"yaw" : -1.0759315798692783,
	"z" : -0.15592239666899321
}
