{
	"pitch" : 1.4260924648199382,
	"roll" : -0.051144997305948993,
	"x" : -0.22904158143767528,
	"y" : 0.19826808493975162,
	"yaw" : 1.2990736366046682,
	"z" : -0.099670405812647245
}
