{
	"pitch" : 0.9037943433503024,
	"roll" : 0.063408613936657629,
	"x" : -0.25483727339459789,
	"y" : 0.036732744877378265,
	"yaw" : 1.3135046783987163,
	"z" : -0.058223155794733528
}
