{
	"pitch" : 0.97850191250223473,
	"roll" : 0.010303161358707178,
	"x" : -0.26188384164240147,
	"y" : 0.076248325758834667,
	"yaw" : 1.2124842516549568,
	"z" : -0.022104415058256999
}
