{
	"pitch" : 1.4798919796658485,
	"roll" : -2.3327675724156154,
	"x" : -0.23329461117325825,
	"y" : 0.030103232333163171,
	"yaw" : -1.0444565895998608,
	"z" : -0.15309740990953402
}
