{
	"pitch" : 1.1584976963880866,
	"roll" : -0.022418843093379055,
	"x" : -0.24478242107836404,
	"y" : 0.17505595797844842,
	"yaw" : 1.3479329173990349,
	"z" : -0.034265001597929806
}
