{
	"pitch" : 1.15867235355569,
	"roll" : -0.021273172165083919,
	"x" : -0.24323462596137879,
	"y" : 0.14098280785808981,
	"yaw" : 1.3297460122775016,
	"z" : -0.075153698700910904
}
