{
	"pitch" : 1.4564789269906542,
	"roll" : -0.33732083196179996,
	"x" : -0.23646886243936174,
	"y" : 0.20391154604847983,
	"yaw" : 1.0218990728665653,
	"z" : -0.12598482219026802
}
