{
	"pitch" : 1.5065552878750046,
	"roll" : -2.2579593073531257,
	"x" : -0.23519447841122518,
	"y" : 0.026427824646072531,
	"yaw" : -0.98000488382419293,
	"z" : -0.15586781831918201
}
