{
	"pitch" : 0.97089580050348279,
	"roll" : 0.026583271089951059,
	"x" : -0.26861484504416272,
	"y" : 0.10293576949995634,
	"yaw" : 1.3127950418268755,
	"z" : -0.019619059027109087
}
