{
	"pitch" : 1.5073389261665797,
	"roll" : -2.2766494945818052,
	"x" : -0.23547018179526216,
	"y" : 0.026427414075000336,
	"yaw" : -0.99929189825490106,
	"z" : -0.15631448824224931
}
