{
	"pitch" : 1.4875725960874291,
	"roll" : 0.11447060371988659,
	"x" : -0.24398669373145809,
	"y" : 0.038436897069820883,
	"yaw" : 1.4065346411882123,
	"z" : -0.11908208587437952
}
