{
	"pitch" : 1.3175075942608685,
	"roll" : -0.37166209083734025,
	"x" : -0.24812220716781022,
	"y" : 0.0016144206682736084,
	"yaw" : 0.81453692922317034,
	"z" : -0.11162841415468555
}
