{
	"pitch" : 1.3441866326152656,
	"roll" : -0.40473202167599504,
	"x" : -0.24731439434798561,
	"y" : 0.0048641632273538071,
	"yaw" : 0.79298692802783655,
	"z" : -0.11481218522087303
}
