{
	"pitch" : 0.96803687372034375,
	"roll" : 0.10204970394773817,
	"x" : -0.25771238814300668,
	"y" : 0.012262996737566111,
	"yaw" : 1.3226432218289237,
	"z" : -0.059950634230555674
}
