{
	"pitch" : 1.5245113170407525,
	"roll" : -1.5523904334283669,
	"x" : -0.2359720089232637,
	"y" : 0.036240019472339055,
	"yaw" : -0.25054139123929825,
	"z" : -0.13595898437087345
}
