{
	"pitch" : 1.5363559147071828,
	"roll" : -0.91512162197965674,
	"x" : -0.23967256215049176,
	"y" : 0.037515568572325728,
	"yaw" : 0.38887450120443401,
	"z" : -0.13298828726563355
}
