{
	"pitch" : 1.1046423664545924,
	"roll" : -0.14847106828560983,
	"x" : -0.25699647730906122,
	"y" : -0.022748362807265873,
	"yaw" : 0.93297146584474488,
	"z" : -0.082965312475617503
}
