{
	"pitch" : 0.97502644178169862,
	"roll" : 0.071775400116501575,
	"x" : -0.270186307105232,
	"y" : 0.08120317474267727,
	"yaw" : 1.2985450718688532,
	"z" : -0.022722220676091948
}
