{
	"pitch" : 0.98635060391484208,
	"roll" : 0.11295392012033266,
	"x" : -0.26274318635350896,
	"y" : 0.083221877472108463,
	"yaw" : 1.3387289717553086,
	"z" : -0.00044071384034102823
}
