{
	"pitch" : 1.088447774299284,
	"roll" : -0.14640785131493331,
	"x" : -0.25759138988524527,
	"y" : -0.024409038272117229,
	"yaw" : 0.92634856604531957,
	"z" : -0.081402111417728282
}
