{
	"pitch" : 0.94434246793912957,
	"roll" : 0.037213598604800412,
	"x" : -0.2442683354836252,
	"y" : 0.080148956176736008,
	"yaw" : 1.3191656953985536,
	"z" : -0.047551789114403636
}
