{
	"pitch" : 0.9642126032588032,
	"roll" : 0.082710652322551009,
	"x" : -0.26746088476974639,
	"y" : 0.009193139079604843,
	"yaw" : 1.349316037892218,
	"z" : -0.082880480990374775
}
