{
	"pitch" : 1.0014385476382759,
	"roll" : 0.069468206345333169,
	"x" : -0.26947628929534384,
	"y" : 0.068766339460128501,
	"yaw" : 1.2292643599753765,
	"z" : -0.037851821148826376
}
