{
	"pitch" : 1.4749471729321888,
	"roll" : -2.4292493990488859,
	"x" : -0.2284260479198979,
	"y" : 0.02922744518159523,
	"yaw" : -1.1353027910408457,
	"z" : -0.14221175059612978
}
