{
	"pitch" : 0.98273326930053773,
	"roll" : 0.078137048064106387,
	"x" : -0.26395407872015947,
	"y" : 0.07925853768365218,
	"yaw" : 1.2937019910438012,
	"z" : -0.016362195411991576
}
