{
	"pitch" : 1.051138914858829,
	"roll" : 0.020478871745287355,
	"x" : -0.27256769529101493,
	"y" : -0.055409802128041759,
	"yaw" : 0.9457659472997848,
	"z" : -0.08173969046007841
}
