{
	"pitch" : 1.4669420522369718,
	"roll" : -0.28953445947866896,
	"x" : -0.23905942076581732,
	"y" : 0.20720872725430578,
	"yaw" : 1.0940295707961079,
	"z" : -0.12951488151072951
}
