{
	"pitch" : 1.4552151008589203,
	"roll" : -0.99627457411690623,
	"x" : -0.23609568312139323,
	"y" : 0.025278420008625541,
	"yaw" : 0.26281422809320204,
	"z" : -0.13850909681117313
}
