{
	"pitch" : 1.5349940028634634,
	"roll" : -1.3059228697505221,
	"x" : -0.23814507134787991,
	"y" : 0.037033984550655916,
	"yaw" : -0.0021471350140537904,
	"z" : -0.1341892855398111
}
