{
	"pitch" : 0.97945838258006779,
	"roll" : 0.071174886253355676,
	"x" : -0.26689448361233137,
	"y" : 0.0072042693324403731,
	"yaw" : 1.3363584446338754,
	"z" : -0.082462325849880877
}
