{
	"pitch" : 1.4714605377244045,
	"roll" : -0.57809201628985962,
	"x" : -0.23286701150341563,
	"y" : 0.20618714634642421,
	"yaw" : 0.77365013482461353,
	"z" : -0.13226013353170701
}
