{
	"pitch" : 1.503503674118859,
	"roll" : -2.3901946793054698,
	"x" : -0.23588067677018976,
	"y" : 0.026536037004075502,
	"yaw" : -1.1144807902883132,
	"z" : -0.15773583078193892
}
