{
	"pitch" : 1.4860329235262766,
	"roll" : -2.5134556397262342,
	"x" : -0.22903750377946339,
	"y" : 0.032003218438080294,
	"yaw" : -1.2200022224771299,
	"z" : -0.13610297341194363
}
