{
	"pitch" : 1.0368243083669046,
	"roll" : 0.15588768208417456,
	"x" : -0.26037627689448023,
	"y" : 0.019546639680420006,
	"yaw" : 1.399805085242767,
	"z" : -0.075324800134128178
}
