{
	"pitch" : 0.99900807341343301,
	"roll" : -0.018499903140559517,
	"x" : -0.27597881991821027,
	"y" : -0.051845643664071621,
	"yaw" : 0.9383465009363039,
	"z" : -0.091635118214261069
}
