{
	"pitch" : 1.1506650758425307,
	"roll" : -0.015987015628213874,
	"x" : -0.24519241828600125,
	"y" : 0.17330422471730045,
	"yaw" : 1.3510040692993948,
	"z" : -0.032760387018044373
}
