{
	"pitch" : 0.96865093427404469,
	"roll" : 0.1091681339871978,
	"x" : -0.27614937267758105,
	"y" : 0.082914524801111458,
	"yaw" : 1.3343452381508822,
	"z" : -0.030055395528327894
}
