{
	"pitch" : 1.0464165843926712,
	"roll" : -0.14368098602413593,
	"x" : -0.26065349932687198,
	"y" : -0.02962465072774207,
	"yaw" : 0.91237888395799904,
	"z" : -0.078274623905202428
}
