{
	"pitch" : 1.5048831995885421,
	"roll" : -2.2126287949649495,
	"x" : -0.23489087704354261,
	"y" : 0.026371644122766491,
	"yaw" : -0.93439444364200464,
	"z" : -0.15595165028092994
}
