{
	"pitch" : 0.97218287402377379,
	"roll" : 0.12672030825622829,
	"x" : -0.26625555077350671,
	"y" : 0.011898739103331564,
	"yaw" : 1.3605874958839943,
	"z" : -0.07730472403801561
}
