{
	"pitch" : 1.0497226596318547,
	"roll" : 0.13985227668511177,
	"x" : -0.25550477373263181,
	"y" : 0.065633203620931946,
	"yaw" : 1.3011693984103243,
	"z" : -0.045555809580480722
}
