{
	"pitch" : 1.3275607984374334,
	"roll" : 0.27441157188467719,
	"x" : -0.24868619803233299,
	"y" : 0.039323666641094469,
	"yaw" : 1.5324582482747857,
	"z" : -0.094836378454003861
}
