{
	"pitch" : 1.2517391572187757,
	"roll" : 0.26072420742658997,
	"x" : -0.25073052061054335,
	"y" : 0.036405776208889899,
	"yaw" : 1.5032942647506518,
	"z" : -0.08758841766439214
}
