{
	"pitch" : 1.1198471389121987,
	"roll" : -0.15846709566927841,
	"x" : -0.25602642664786507,
	"y" : -0.020835245710612339,
	"yaw" : 0.9314135616564978,
	"z" : -0.084264645275626882
}
