{
	"pitch" : 1.2673295592873006,
	"roll" : -0.28447389114690436,
	"x" : -0.25105926701178072,
	"y" : -0.0050694569724686958,
	"yaw" : 0.87918832218951681,
	"z" : -0.10411577372267121
}
