{
	"pitch" : 1.0584482145520231,
	"roll" : 0.024898564516078314,
	"x" : -0.27350026967737245,
	"y" : -0.055532537740202427,
	"yaw" : 0.95240196594416127,
	"z" : -0.082589363388396189
}
