{
	"pitch" : 0.97522376594760785,
	"roll" : 0.085577549882216802,
	"x" : -0.26782582605250477,
	"y" : 0.0077132771590933367,
	"yaw" : 1.3380508514532878,
	"z" : -0.081340593995650495
}
