{
	"pitch" : 1.4779567935924276,
	"roll" : -0.55781738546977788,
	"x" : -0.23646267541480964,
	"y" : 0.20499794482928779,
	"yaw" : 0.79057211429779495,
	"z" : -0.13474185938525718
}
