{
	"pitch" : 0.96127807079674588,
	"roll" : 0.10204251724787194,
	"x" : -0.25890198029109907,
	"y" : 0.013063203440236787,
	"yaw" : 1.3210807739766561,
	"z" : -0.066192282247803866
}
