{
	"pitch" : 0.97765686625090076,
	"roll" : 0.12983560094923507,
	"x" : -0.26357602373830463,
	"y" : 0.014580659869177871,
	"yaw" : 1.3711349316431574,
	"z" : -0.073905831613426731
}
