{
	"pitch" : 1.4860600517772766,
	"roll" : -2.1401540527977563,
	"x" : -0.22587324143301624,
	"y" : 0.031926679201950761,
	"yaw" : -0.83909109418334216,
	"z" : -0.13342610863827026
}
