{
	"pitch" : 1.4677922319444712,
	"roll" : -0.28468424377215035,
	"x" : -0.23811749069017982,
	"y" : 0.20562034323148995,
	"yaw" : 1.0984436183223421,
	"z" : -0.12698236056605378
}
