{
	"pitch" : 1.0723515171006688,
	"roll" : 0.1752572444866623,
	"x" : -0.25755907377492021,
	"y" : 0.023372570726933481,
	"yaw" : 1.4089259786154453,
	"z" : -0.076436395970696625
}
