{
	"pitch" : 1.5007906813526313,
	"roll" : -1.8003845468770423,
	"x" : -0.233409759132368,
	"y" : 0.028466777883650735,
	"yaw" : -0.52177597058922054,
	"z" : -0.14963329277037696
}
