{
	"pitch" : 1.476290967892276,
	"roll" : -0.53245904403867417,
	"x" : -0.23648607391799967,
	"y" : 0.20524685220915895,
	"yaw" : 0.81528933136611359,
	"z" : -0.13382713913950911
}
