{
	"pitch" : 1.5007440569369335,
	"roll" : -2.457772436579309,
	"x" : -0.23339018293714894,
	"y" : 0.028313561434014256,
	"yaw" : -1.1810874407359944,
	"z" : -0.13956397855614966
}
