{
	"pitch" : 0.99467705715292509,
	"roll" : 0.047581610075823524,
	"x" : -0.26779526183130115,
	"y" : 0.071039562545628598,
	"yaw" : 1.2095065957548004,
	"z" : -0.034962505277581102
}
