{
	"pitch" : 1.2401766661872164,
	"roll" : -0.24462269590711375,
	"x" : -0.25320682451899312,
	"y" : -0.010612455784299837,
	"yaw" : 0.90332589335450331,
	"z" : -0.099027000064759729
}
