{
	"pitch" : 1.0471384516528852,
	"roll" : 0.13856527034328639,
	"x" : -0.25193435300521305,
	"y" : 0.064760259553987023,
	"yaw" : 1.3006480572645573,
	"z" : -0.047153763896291973
}
