{
	"pitch" : 1.476697680380967,
	"roll" : -0.55897219565021417,
	"x" : -0.2332245403953887,
	"y" : 0.20589189495072813,
	"yaw" : 0.7938307118701472,
	"z" : -0.13251473783558984
}
