{
	"pitch" : 1.5042081918669561,
	"roll" : -1.851330940139212,
	"x" : -0.23343108106097699,
	"y" : 0.028769113121008508,
	"yaw" : -0.57295816912799835,
	"z" : -0.15110201140326152
}
