{
	"pitch" : 0.96039439885873989,
	"roll" : -0.056406152348654807,
	"x" : -0.27690075552170723,
	"y" : -0.047438836444541527,
	"yaw" : 0.93451617337681514,
	"z" : -0.091147310048454847
}
