{
	"pitch" : 1.455370535873409,
	"roll" : -0.27867274439807171,
	"x" : -0.23842405385241366,
	"y" : 0.20912763846716353,
	"yaw" : 1.1044984152632846,
	"z" : -0.12706077060682924
}
