{
	"pitch" : 1.47989340163613,
	"roll" : -2.3310893695872723,
	"x" : -0.23131092715804788,
	"y" : 0.030619607349262612,
	"yaw" : -1.0438237794606302,
	"z" : -0.14989162041283977
}
