{
	"pitch" : 1.4687838314392176,
	"roll" : -1.1087848121724451,
	"x" : -0.23469847317320902,
	"y" : 0.026982804913428166,
	"yaw" : 0.15445498993801016,
	"z" : -0.14099942422677114
}
