{
	"pitch" : 1.4609034194211545,
	"roll" : -0.39770357404816625,
	"x" : -0.23563724873309602,
	"y" : 0.20766949593332198,
	"yaw" : 0.97426863806083275,
	"z" : -0.12836006458968255
}
