{
	"pitch" : 1.2767745844604153,
	"roll" : -0.090982762350615323,
	"x" : -0.24312056880155261,
	"y" : 0.19605116290188823,
	"yaw" : 1.3018180284961749,
	"z" : -0.068630189710864695
}
