{
	"pitch" : 1.5205484999140644,
	"roll" : -0.41990355669851309,
	"x" : -0.2404223817634486,
	"y" : 0.038601925234843654,
	"yaw" : 0.87947723581558468,
	"z" : -0.12760089479275266
}
