{
	"pitch" : 1.0642235454914939,
	"roll" : 0.015152231700066016,
	"x" : -0.27346539439971262,
	"y" : -0.055863609490742726,
	"yaw" : 0.94358841333564802,
	"z" : -0.085839571951143251
}
