{
	"pitch" : 1.0572455478847242,
	"roll" : 0.021152804922639289,
	"x" : -0.27303433752055728,
	"y" : -0.056039696652607461,
	"yaw" : 0.94482537773841724,
	"z" : -0.081765611936119073
}
