{
	"pitch" : 1.4809667487532188,
	"roll" : -0.54329594402224379,
	"x" : -0.23654615502376841,
	"y" : 0.20555959302947507,
	"yaw" : 0.8036910635556892,
	"z" : -0.13291081475752625
}
