{
	"pitch" : 0.93128390686613727,
	"roll" : 0.08462100450487138,
	"x" : -0.25831878043981604,
	"y" : 0.020184531389268325,
	"yaw" : 1.3142645886104714,
	"z" : -0.067346555844031167
}
