{
	"pitch" : 0.97170228862866814,
	"roll" : 0.072336420062118878,
	"x" : -0.27473292217063139,
	"y" : 0.089830614109406043,
	"yaw" : 1.3282200604473791,
	"z" : -0.027959023013991613
}
