{
	"pitch" : 1.4533990429896488,
	"roll" : -0.24268747828156012,
	"x" : -0.23929788168225036,
	"y" : 0.20545778331485701,
	"yaw" : 1.1416757438561276,
	"z" : -0.12298610907001026
}
