{
	"pitch" : 1.1563404187105824,
	"roll" : -0.020185254650625414,
	"x" : -0.24496451669145952,
	"y" : 0.17444380342395441,
	"yaw" : 1.3492972749145848,
	"z" : -0.034245440366150182
}
