{
	"pitch" : 1.4760739644641199,
	"roll" : -1.1711808815370317,
	"x" : -0.23442408315648036,
	"y" : 0.027596903966817993,
	"yaw" : 0.093656959904114018,
	"z" : -0.14258685396735993
}
