{
	"pitch" : 1.168125288163087,
	"roll" : -0.030638997260855279,
	"x" : -0.24453580771510633,
	"y" : 0.17758064530752621,
	"yaw" : 1.3428739438277697,
	"z" : -0.037337242654392672
}
