{
	"pitch" : 1.4798694110763411,
	"roll" : -2.3216196370300302,
	"x" : -0.22911976200367995,
	"y" : 0.031160059981391944,
	"yaw" : -1.0375686481522881,
	"z" : -0.14593561004174976
}
