{
	"pitch" : 1.3982472406945139,
	"roll" : -0.092102911927664247,
	"x" : -0.23983661904555106,
	"y" : 0.19155803833354063,
	"yaw" : 1.2484197878818664,
	"z" : -0.11803549942817229
}
