{
	"pitch" : 1.4595388748715272,
	"roll" : -0.69236389577513269,
	"x" : -0.23172102142450535,
	"y" : 0.20560184085748415,
	"yaw" : 0.67156382875223108,
	"z" : -0.13194909906728811
}
