{
	"pitch" : 0.97479143309481997,
	"roll" : 0.1313781153896573,
	"x" : -0.26391229081549189,
	"y" : 0.014158482599248023,
	"yaw" : 1.3708780970815992,
	"z" : -0.073586092402330452
}
