{
	"pitch" : 1.429535498093754,
	"roll" : 0.29860611150667365,
	"x" : -0.24740771230486761,
	"y" : 0.038906188278041258,
	"yaw" : 1.5765819791456184,
	"z" : -0.10837379965966407
}
