{
	"pitch" : 0.97893357426019589,
	"roll" : 0.03246237239490514,
	"x" : -0.26817140779981041,
	"y" : 0.10523558819820873,
	"yaw" : 1.3243047354854898,
	"z" : -0.018177745954390312
}
