{
	"pitch" : 1.3226290287834435,
	"roll" : -0.11121425316574596,
	"x" : -0.24256978016940473,
	"y" : 0.19920332638864086,
	"yaw" : 1.2841472690006146,
	"z" : -0.081462495357248435
}
