{
	"pitch" : 1.4450431609856882,
	"roll" : 0.27878125127074321,
	"x" : -0.24686209907901321,
	"y" : 0.038699856656971357,
	"yaw" : 1.5594462391522315,
	"z" : -0.11114526845097548
}
