{
	"pitch" : 1.2867059289882956,
	"roll" : 0.00030855694977591962,
	"x" : -0.24485322178373992,
	"y" : 0.16260807632772811,
	"yaw" : 1.3507507476819396,
	"z" : -0.099749803684327634
}
