{
	"pitch" : 0.93902821975652495,
	"roll" : 0.086657547923238584,
	"x" : -0.25860363697308958,
	"y" : 0.017683699831076594,
	"yaw" : 1.3129166108778332,
	"z" : -0.069041961064269644
}
