{
	"pitch" : 1.2132058949199196,
	"roll" : 0.22196228828467385,
	"x" : -0.25120229324572818,
	"y" : 0.034608718311285598,
	"yaw" : 1.4603662944532854,
	"z" : -0.084428134707893177
}
