{
	"pitch" : 1.4479220163140933,
	"roll" : -0.56715156376701115,
	"x" : -0.23199110558206149,
	"y" : 0.20773045108388641,
	"yaw" : 0.80094095916433106,
	"z" : -0.13098746338953143
}
