{
	"pitch" : 1.4548158698119122,
	"roll" : -0.28969468549617705,
	"x" : -0.23784805884325827,
	"y" : 0.20913155258656613,
	"yaw" : 1.0910889703304882,
	"z" : -0.12672236488159991
}
