{
	"pitch" : 1.4826359099447572,
	"roll" : -2.4878522310715332,
	"x" : -0.23165660703959834,
	"y" : 0.031089198111054095,
	"yaw" : -1.2000993063021024,
	"z" : -0.14259951292017448
}
