{
	"pitch" : 1.4770002303591268,
	"roll" : -2.3694543856187229,
	"x" : -0.22730044963967566,
	"y" : 0.028150066461147941,
	"yaw" : -1.0777500381650569,
	"z" : -0.15729711390718279
}
