{
	"pitch" : 1.4770272899540908,
	"roll" : -2.3703888202200796,
	"x" : -0.22730590278051346,
	"y" : 0.028188967895007092,
	"yaw" : -1.0787261038362541,
	"z" : -0.15669436291797498
}
