{
	"pitch" : 0.97583876097597499,
	"roll" : 0.077928426212329038,
	"x" : -0.26671747226235648,
	"y" : 0.0075861216612914603,
	"yaw" : 1.3335505634290568,
	"z" : -0.080376384483291888
}
