{
	"pitch" : 1.0099376347044287,
	"roll" : 0.087564942744005309,
	"x" : -0.26663113830777269,
	"y" : 0.068216954653765316,
	"yaw" : 1.2536209352746472,
	"z" : -0.043261997180674278
}
