{
	"pitch" : 0.9668844628709351,
	"roll" : 0.12227535052053012,
	"x" : -0.25873063115258371,
	"y" : 0.011521271651162505,
	"yaw" : 1.3481754755177053,
	"z" : -0.052685695627038037
}
