{
	"pitch" : 1.4729621305893879,
	"roll" : -0.32177952808462046,
	"x" : -0.23825631771406569,
	"y" : 0.20515600491088085,
	"yaw" : 1.0645856839460737,
	"z" : -0.12857106907850616
}
