{
	"pitch" : 0.96058644233148205,
	"roll" : -0.050462385741089841,
	"x" : -0.27613919805332204,
	"y" : -0.048585582296785473,
	"yaw" : 0.92928941472191506,
	"z" : -0.091657695925418045
}
