{
	"pitch" : 1.0489826398888862,
	"roll" : 0.014955128531188001,
	"x" : -0.27233449184025843,
	"y" : -0.05542733449671261,
	"yaw" : 0.946471939958341,
	"z" : -0.082274768482684876
}
