{
	"pitch" : 1.2465854219852399,
	"roll" : -0.25017097505677105,
	"x" : -0.25337328089664257,
	"y" : -0.010010815920650241,
	"yaw" : 0.90056504106748014,
	"z" : -0.10094364849543352
}
