{
	"pitch" : 1.4590321337678411,
	"roll" : -0.57538542812987681,
	"x" : -0.23340042366913821,
	"y" : 0.20663459868786932,
	"yaw" : 0.79193337621005022,
	"z" : -0.13252212091264465
}
