{
	"pitch" : 1.0564735943408907,
	"roll" : 0.028323407611947841,
	"x" : -0.27345038267299815,
	"y" : -0.055419351066592827,
	"yaw" : 0.94995227666660997,
	"z" : -0.08185695824075051
}
