{
	"pitch" : 1.4773414312311914,
	"roll" : -2.4314749949672176,
	"x" : -0.2255462139068013,
	"y" : 0.0274730958514567,
	"yaw" : -1.1351361735721825,
	"z" : -0.15272827734964847
}
