{
	"pitch" : 1.039784035699292,
	"roll" : 0.011911073326434774,
	"x" : -0.27230391445731078,
	"y" : -0.054251861506877108,
	"yaw" : 0.94431583802313213,
	"z" : -0.084335513336754611
}
