{
	"pitch" : 1.505220759562079,
	"roll" : -2.3461094441421642,
	"x" : -0.23578278702220212,
	"y" : 0.02646832905700354,
	"yaw" : -1.0694425725712551,
	"z" : -0.15680651769598031
}
