{
	"pitch" : 1.008559647110127,
	"roll" : -0.011024094068615693,
	"x" : -0.27570093059731365,
	"y" : -0.051653019912627413,
	"yaw" : 0.94352155359868994,
	"z" : -0.09194067435640374
}
