{
	"pitch" : 1.4707046229171903,
	"roll" : -0.4921145140213829,
	"x" : -0.23849673572663585,
	"y" : 0.20471062745564328,
	"yaw" : 0.86445762516394364,
	"z" : -0.13171149347852618
}
