{
	"pitch" : 1.0639429580551352,
	"roll" : 0.016042795763096883,
	"x" : -0.27354847653590852,
	"y" : -0.056522853662183285,
	"yaw" : 0.94519230677566668,
	"z" : -0.083559763993074604
}
