{
	"pitch" : 0.95309980356455615,
	"roll" : 0.032820112951326405,
	"x" : -0.24359755220721477,
	"y" : 0.083731000000229178,
	"yaw" : 1.3185362818058373,
	"z" : -0.047528883812388789
}
