{
	"pitch" : 1.4781688101008257,
	"roll" : -0.68632630356273872,
	"x" : -0.23279524122387388,
	"y" : 0.20451075714465725,
	"yaw" : 0.67102462280642861,
	"z" : -0.13378865503613863
}
