{
	"pitch" : 1.4655903408060618,
	"roll" : -0.60278519233455263,
	"x" : -0.23339645458154801,
	"y" : 0.20723556113430514,
	"yaw" : 0.74476103338432231,
	"z" : -0.13089000148130006
}
