{
	"pitch" : 1.0556434439820359,
	"roll" : 0.028718167905390751,
	"x" : -0.27338015513138181,
	"y" : -0.055237490509751103,
	"yaw" : 0.95012509554271196,
	"z" : -0.081878476328228186
}
