{
	"pitch" : 0.99548711412414137,
	"roll" : -0.1157518094642225,
	"x" : -0.26956625254864403,
	"y" : -0.039554742367476997,
	"yaw" : 0.92457784767330808,
	"z" : -0.080314498941885873
}
