{
	"pitch" : 1.4759634010566431,
	"roll" : -2.4393746498276649,
	"x" : -0.22877122291086616,
	"y" : 0.029490245106008339,
	"yaw" : -1.1448543250146521,
	"z" : -0.14290268544763762
}
