{
	"pitch" : 0.9797787134035264,
	"roll" : 0.097346613395286288,
	"x" : -0.27635455441301349,
	"y" : 0.081416899007854565,
	"yaw" : 1.3240236558169913,
	"z" : -0.031042845122874169
}
