{
	"pitch" : 1.4755102046216608,
	"roll" : -2.4312211526870691,
	"x" : -0.22858573434188045,
	"y" : 0.029455092182867154,
	"yaw" : -1.1369153415478856,
	"z" : -0.14243690384929344
}
