{
	"pitch" : 1.4238862469378029,
	"roll" : -0.86924831699734051,
	"x" : -0.23861087764008984,
	"y" : 0.020428119408628181,
	"yaw" : 0.38250741456413367,
	"z" : -0.13775619950843496
}
