{
	"pitch" : 1.4824548298113478,
	"roll" : -2.2035320852015761,
	"x" : -0.22554993101682824,
	"y" : 0.031668036781719727,
	"yaw" : -0.90195399265893716,
	"z" : -0.13363611190040742
}
