{
	"pitch" : 0.93499050976871956,
	"roll" : 0.044971833647065543,
	"x" : -0.24531856812868286,
	"y" : 0.076660911901918899,
	"yaw" : 1.3249945888356118,
	"z" : -0.047751901758867621
}
