{
	"pitch" : 1.5018567979586834,
	"roll" : -2.4487407857733579,
	"x" : -0.23355750720059004,
	"y" : 0.028677421133276912,
	"yaw" : -1.1748149850635479,
	"z" : -0.13961297457118449
}
