{
	"pitch" : 0.97539178023065887,
	"roll" : 0.085040035903119635,
	"x" : -0.26698250938344154,
	"y" : 0.0076951282137077345,
	"yaw" : 1.3377495147042233,
	"z" : -0.079887664005773837
}
