{
	"pitch" : 1.2642494660687456,
	"roll" : -0.27707262175698028,
	"x" : -0.25136007816110417,
	"y" : -0.0055513082212118384,
	"yaw" : 0.8847546540499559,
	"z" : -0.10325586299094273
}
