{
	"pitch" : 1.4754666979171276,
	"roll" : -0.52532090424875966,
	"x" : -0.23635061634506779,
	"y" : 0.20533259099188528,
	"yaw" : 0.82225498961168886,
	"z" : -0.13332538004334227
}
