{
	"pitch" : 1.3799521811327804,
	"roll" : -0.18184845069274858,
	"x" : -0.24118389020424466,
	"y" : 0.2020720198875319,
	"yaw" : 1.2180020195282217,
	"z" : -0.097566995976688581
}
