{
	"pitch" : 1.4113813556408543,
	"roll" : -0.060245389002252223,
	"x" : -0.23258509954110732,
	"y" : 0.19456331807840346,
	"yaw" : 1.2840980024673219,
	"z" : -0.099157694932152998
}
