{
	"pitch" : 0.96192121224015537,
	"roll" : -0.054708793513415357,
	"x" : -0.27718145242735442,
	"y" : -0.047010370134715138,
	"yaw" : 0.93941255296104298,
	"z" : -0.090013716129551405
}
