{
	"pitch" : 1.4945615428735666,
	"roll" : -1.5468438515840472,
	"x" : -0.23322888879722878,
	"y" : 0.028690212844102628,
	"yaw" : -0.2727742055617734,
	"z" : -0.14741284181178815
}
