{
	"pitch" : 0.94687733594555468,
	"roll" : 0.088970361304063703,
	"x" : -0.25853509143261327,
	"y" : 0.014716614513341199,
	"yaw" : 1.3172941152071396,
	"z" : -0.069221373054605351
}
