{
	"pitch" : 1.468192949853204,
	"roll" : -0.4199071940615669,
	"x" : -0.23914601278346712,
	"y" : 0.20391245474909903,
	"yaw" : 0.93808252023428118,
	"z" : -0.13224730297046278
}
