{
	"pitch" : 1.5011436404189358,
	"roll" : -2.4707331848181608,
	"x" : -0.23400615854181411,
	"y" : 0.028082272961236929,
	"yaw" : -1.195098097176718,
	"z" : -0.14134225786957047
}
