{
	"pitch" : 1.0932716228183226,
	"roll" : -0.14628463714981216,
	"x" : -0.25764490896132808,
	"y" : -0.023952780057047349,
	"yaw" : 0.9289939463302721,
	"z" : -0.08230493137044563
}
