{
	"pitch" : 0.97067900812686891,
	"roll" : 0.091098702171300422,
	"x" : -0.27516464034151455,
	"y" : 0.084657145021303115,
	"yaw" : 1.3271653659292828,
	"z" : -0.029425840148664562
}
