{
	"pitch" : 1.0442040362321383,
	"roll" : 0.050019896389782388,
	"x" : -0.24439878758578346,
	"y" : 0.10537297341463345,
	"yaw" : 1.3638901884521302,
	"z" : -0.052411425966051528
}
