{
	"pitch" : 0.98741000926462352,
	"roll" : 0.11242404997025821,
	"x" : -0.26256636988427934,
	"y" : 0.08286640298734825,
	"yaw" : 1.3379057556799148,
	"z" : -0.0032191823624033444
}
