{
	"pitch" : 1.1458503237689335,
	"roll" : 0.20587813788007242,
	"x" : -0.25412292192870284,
	"y" : 0.029467430328659956,
	"yaw" : 1.4370949211093091,
	"z" : -0.079773758308832224
}
