{
	"pitch" : 1.4268305201678011,
	"roll" : -0.24716088154386764,
	"x" : -0.23987719577300332,
	"y" : 0.20425791603922505,
	"yaw" : 1.1486233844486773,
	"z" : -0.11207798851629702
}
