{
	"pitch" : 1.3801429270714627,
	"roll" : -0.52349067638833324,
	"x" : -0.24488148485359676,
	"y" : 0.0096018800078276484,
	"yaw" : 0.6916568235596634,
	"z" : -0.12227773070201847
}
