{
	"pitch" : 1.4803159956898289,
	"roll" : -2.3335200790415174,
	"x" : -0.23070110499088459,
	"y" : 0.030801360078943074,
	"yaw" : -1.0467988590651833,
	"z" : -0.14891130058993385
}
