{
	"pitch" : 1.0433524245138543,
	"roll" : 0.10748179092236525,
	"x" : -0.25908743143612667,
	"y" : 0.066452136019878302,
	"yaw" : 1.2603355258827114,
	"z" : -0.043530159044757294
}
