{
	"pitch" : 0.9698087261309174,
	"roll" : -0.077729766389840305,
	"x" : -0.27496322371245874,
	"y" : -0.042443995131451057,
	"yaw" : 0.94505749438363185,
	"z" : -0.084100626674670179
}
