{
	"pitch" : 1.4771260648520095,
	"roll" : -0.53981781653481331,
	"x" : -0.23641938672664761,
	"y" : 0.20521623081157386,
	"yaw" : 0.80822735368817411,
	"z" : -0.13361385406370163
}
