{
	"pitch" : 1.533776292874893,
	"roll" : -0.70303044404734971,
	"x" : -0.24024406420939159,
	"y" : 0.037920374626658912,
	"yaw" : 0.60075609327052759,
	"z" : -0.13202522196974081
}
