{
	"pitch" : 1.4159810701152,
	"roll" : -0.0078531298797132922,
	"x" : -0.225850719523636,
	"y" : 0.19537079486997996,
	"yaw" : 1.3416404088281113,
	"z" : -0.088185488935374118
}
