{
	"pitch" : 1.4651839898556203,
	"roll" : -0.60647041284808079,
	"x" : -0.23329696373371675,
	"y" : 0.20719707529284453,
	"yaw" : 0.74137756656839349,
	"z" : -0.13057412061250337
}
