{
	"pitch" : 1.1712513204250685,
	"roll" : 0.20832229717458506,
	"x" : -0.25326110734694207,
	"y" : 0.030443901256629657,
	"yaw" : 1.4461069909605262,
	"z" : -0.081379291102330276
}
