{
	"pitch" : 1.0591647415667422,
	"roll" : 0.02675737948293708,
	"x" : -0.27372842548832516,
	"y" : -0.055714465671594486,
	"yaw" : 0.95391825681492293,
	"z" : -0.082238761141134917
}
