{
	"pitch" : 1.4811604308508686,
	"roll" : -2.4476623666233768,
	"x" : -0.22842314480660303,
	"y" : 0.026562315477265869,
	"yaw" : -1.1422935035821455,
	"z" : -0.14239727244685413
}
