{
	"pitch" : 1.5049486631747644,
	"roll" : -2.1136603108466487,
	"x" : -0.23424651176651129,
	"y" : 0.027443639236029049,
	"yaw" : -0.83363160461940689,
	"z" : -0.15329106323838862
}
