{
	"pitch" : 1.4533764103776727,
	"roll" : -0.56811671399701391,
	"x" : -0.23247643477886695,
	"y" : 0.20705943680664024,
	"yaw" : 0.79986610108602185,
	"z" : -0.13098466604334177
}
