{
	"pitch" : 1.4373579045991183,
	"roll" : -0.91153249906138656,
	"x" : -0.23748533850566539,
	"y" : 0.022921839926404231,
	"yaw" : 0.34445332036463366,
	"z" : -0.13870115297100288
}
