{
	"pitch" : 1.0559791186647778,
	"roll" : 0.028342913145488799,
	"x" : -0.27339400713388623,
	"y" : -0.055339643283406646,
	"yaw" : 0.94992042833603207,
	"z" : -0.081848627943238605
}
