{
	"pitch" : 0.94236468797885831,
	"roll" : 0.038161391064778692,
	"x" : -0.24452547350988246,
	"y" : 0.079547240838153205,
	"yaw" : 1.319629168370428,
	"z" : -0.048576576895167783
}
