{
	"pitch" : 1.465539996339116,
	"roll" : -0.61892956990380332,
	"x" : -0.23245116375515723,
	"y" : 0.20626120943575654,
	"yaw" : 0.73074898348910422,
	"z" : -0.13128147432917162
}
