{
	"pitch" : 1.5186650013318919,
	"roll" : -1.7723655215349017,
	"x" : -0.23373242615486703,
	"y" : 0.035519553254187319,
	"yaw" : -0.47238742911082104,
	"z" : -0.13527210229220557
}
