{
	"pitch" : 1.2979172246334949,
	"roll" : 0.27898382582561282,
	"x" : -0.24975402361019275,
	"y" : 0.037886956258067282,
	"yaw" : 1.5320047579112561,
	"z" : -0.092420131584367349
}
