{
	"pitch" : 0.99350387188834233,
	"roll" : -0.10942931140474929,
	"x" : -0.27050983071087104,
	"y" : -0.040239799625055174,
	"yaw" : 0.92730940601116829,
	"z" : -0.080809621055102393
}
