{
	"pitch" : 0.98706321924370244,
	"roll" : 0.11081336656909589,
	"x" : -0.26257339363738919,
	"y" : 0.082810255480898043,
	"yaw" : 1.33579438408661,
	"z" : -0.0043175238744748434
}
