{
	"pitch" : 1.1621357437498467,
	"roll" : -0.17827930344079174,
	"x" : -0.25435892918251574,
	"y" : -0.016323269933984367,
	"yaw" : 0.93179030639949068,
	"z" : -0.088623743860629295
}
