{
	"pitch" : 1.2157229822127504,
	"roll" : -0.0012322299810770998,
	"x" : -0.24470061465689683,
	"y" : 0.15222014991188532,
	"yaw" : 1.3490954893304823,
	"z" : -0.085287674620516923
}
