{
	"pitch" : 0.99902439967031198,
	"roll" : 0.13730656317733145,
	"x" : -0.27420815421668221,
	"y" : 0.070459231576674997,
	"yaw" : 1.3197343190057151,
	"z" : -0.03867453594671949
}
