{
	"pitch" : 0.97189133825291474,
	"roll" : 0.1278735558549895,
	"x" : -0.26841691266020218,
	"y" : 0.01053613193537796,
	"yaw" : 1.3603991357337024,
	"z" : -0.081640539616864058
}
