{
	"pitch" : 1.5008327666455583,
	"roll" : -2.4737534305377058,
	"x" : -0.2336347052229982,
	"y" : 0.028240393922819615,
	"yaw" : -1.1971546101263355,
	"z" : -0.13969638459389963
}
