{
	"pitch" : 1.5003673751725419,
	"roll" : -2.4781798285173902,
	"x" : -0.23386810854936879,
	"y" : 0.028137612595076078,
	"yaw" : -1.2021621750364706,
	"z" : -0.14084557535275954
}
