{
	"pitch" : 0.97853478684306616,
	"roll" : 0.10475248209045074,
	"x" : -0.26291870346028245,
	"y" : 0.083856928270111847,
	"yaw" : 1.3268946948733198,
	"z" : -0.0057142763238366145
}
