{
	"pitch" : 0.97314356549387337,
	"roll" : 0.13129366461358122,
	"x" : -0.26525494319293064,
	"y" : 0.013306482485955763,
	"yaw" : 1.3683892315129853,
	"z" : -0.075462083930800422
}
