{
	"pitch" : 1.5179806767866653,
	"roll" : -0.36179855918577825,
	"x" : -0.24117214259511482,
	"y" : 0.03842427744648455,
	"yaw" : 0.93713368524098439,
	"z" : -0.12839986987828633
}
