{
	"pitch" : 1.4150394794077987,
	"roll" : -0.0063976294946906827,
	"x" : -0.22612226361017712,
	"y" : 0.19529009214508464,
	"yaw" : 1.3430516945305357,
	"z" : -0.087859456345225545
}
