{
	"pitch" : 0.96186988327201117,
	"roll" : -0.04897273428568194,
	"x" : -0.27606843826645028,
	"y" : -0.049021197736317176,
	"yaw" : 0.93136635676745916,
	"z" : -0.091589904520880228
}
