{
	"pitch" : 1.4618311003697417,
	"roll" : -0.40939990691337369,
	"x" : -0.23553661614145907,
	"y" : 0.20746805539523738,
	"yaw" : 0.96199773748413775,
	"z" : -0.12875584337318635
}
