{
	"pitch" : 1.4656582387396158,
	"roll" : -0.28127917764904514,
	"x" : -0.23902442657081521,
	"y" : 0.20756115591228591,
	"yaw" : 1.102572969887984,
	"z" : -0.12821251072873047
}
