{
	"pitch" : 1.5070085387359766,
	"roll" : -2.2641487507738582,
	"x" : -0.23520914536745072,
	"y" : 0.026552425138108612,
	"yaw" : -0.98658830239699924,
	"z" : -0.15515904096894809
}
