{
	"pitch" : 1.4842400078623699,
	"roll" : -1.3391655179214923,
	"x" : -0.23320097505726009,
	"y" : 0.028540736807468797,
	"yaw" : -0.068190200508437521,
	"z" : -0.14518769352351671
}
