{
	"pitch" : 1.3391970404856244,
	"roll" : -0.40291482674242635,
	"x" : -0.24773185485294319,
	"y" : 0.0040099424868182201,
	"yaw" : 0.79347132448065816,
	"z" : -0.11634147232007754
}
