{
	"pitch" : 0.98163850872114444,
	"roll" : 0.034344206846870402,
	"x" : -0.24367533911080547,
	"y" : 0.090124024275008818,
	"yaw" : 1.3340667485049633,
	"z" : -0.048173263258470239
}
