{
	"pitch" : 1.0511285053249582,
	"roll" : 0.022462388061239211,
	"x" : -0.2724951659843603,
	"y" : -0.055162389386221124,
	"yaw" : 0.94497764326906009,
	"z" : -0.081401783802470887
}
