{
	"pitch" : 0.97707037418916975,
	"roll" : 0.078322411973101677,
	"x" : -0.26931375258927992,
	"y" : 0.081534578310440364,
	"yaw" : 1.302818034022357,
	"z" : -0.020912412904488642
}
