{
	"pitch" : 1.5234096298339004,
	"roll" : -1.5958149356638056,
	"x" : -0.23541857743812375,
	"y" : 0.036241108501125746,
	"yaw" : -0.29428383471820985,
	"z" : -0.13549841569342325
}
