{
	"pitch" : 1.2973989128337267,
	"roll" : -0.34219627688711868,
	"x" : -0.24876256840466957,
	"y" : -0.00038876845797288645,
	"yaw" : 0.83602728434741425,
	"z" : -0.10782594340528182
}
