{
	"pitch" : 0.97241581225463258,
	"roll" : 0.069565606161497998,
	"x" : -0.27270122506185979,
	"y" : 0.080231494214122873,
	"yaw" : 1.2970336567503522,
	"z" : -0.026480074399440445
}
