{
	"pitch" : 0.94758098279315306,
	"roll" : 0.034633057243294539,
	"x" : -0.27133043470283036,
	"y" : 0.096092667051747613,
	"yaw" : 1.3052195172957002,
	"z" : -0.02266998314026511
}
