{
	"pitch" : 1.0371868234734369,
	"roll" : -0.13917625566515754,
	"x" : -0.26178309612219192,
	"y" : -0.030799025946619665,
	"yaw" : 0.91309728176117266,
	"z" : -0.078559013337179517
}
