{
	"pitch" : 0.96798549248549592,
	"roll" : 0.092927142267161228,
	"x" : -0.27494298190402827,
	"y" : 0.084338274358205262,
	"yaw" : 1.3250112477734022,
	"z" : -0.029296728133725802
}
