{
	"pitch" : 1.1542153911452813,
	"roll" : -0.01783869126822352,
	"x" : -0.24515944952703667,
	"y" : 0.17382268656056532,
	"yaw" : 1.3507431320577477,
	"z" : -0.03424240759186517
}
