{
	"pitch" : 0.96627013041126364,
	"roll" : -0.06669290488434311,
	"x" : -0.27614660710076161,
	"y" : -0.043619212240957342,
	"yaw" : 0.95002288042868943,
	"z" : -0.085218052442489756
}
