{
	"pitch" : 1.0951918336282289,
	"roll" : -0.14601548596350569,
	"x" : -0.25712384717949982,
	"y" : -0.023592744767464431,
	"yaw" : 0.93020068323764038,
	"z" : -0.081330157120387589
}
