{
	"pitch" : 0.95784739893578685,
	"roll" : -0.0562458471782133,
	"x" : -0.27642189511372378,
	"y" : -0.047980154905236244,
	"yaw" : 0.93095295793267652,
	"z" : -0.091580801093451514
}
