{
	"pitch" : 1.4670371864269671,
	"roll" : -0.51970927189518934,
	"x" : -0.2347614027570426,
	"y" : 0.20757416978236487,
	"yaw" : 0.82285987307719077,
	"z" : -0.1313445564661877
}
