{
	"pitch" : 1.2932145098582273,
	"roll" : -0.0017654934726222813,
	"x" : -0.24519238622546635,
	"y" : 0.16346148999199453,
	"yaw" : 1.3485485586374291,
	"z" : -0.10307110639926595
}
