{
	"pitch" : 0.9663052156772759,
	"roll" : -0.068118770641307294,
	"x" : -0.27543992205567247,
	"y" : -0.043215016115894754,
	"yaw" : 0.94775968764120955,
	"z" : -0.084067842186216532
}
