{
	"pitch" : 1.439310335659445,
	"roll" : 0.28633115842435258,
	"x" : -0.24703026619637761,
	"y" : 0.038777994055145176,
	"yaw" : 1.5660883955943663,
	"z" : -0.11037141668403071
}
