{
	"pitch" : 0.96436558683781892,
	"roll" : -0.050437115141466961,
	"x" : -0.2759327207962598,
	"y" : -0.049559372332749679,
	"yaw" : 0.92899137504714324,
	"z" : -0.092854361622150425
}
