{
	"pitch" : 1.2879543248288774,
	"roll" : -0.32785275923308249,
	"x" : -0.24911804016346367,
	"y" : -0.0015899486199659196,
	"yaw" : 0.84628444260296465,
	"z" : -0.10678092074363187
}
