{
	"pitch" : 0.9606811827636923,
	"roll" : -0.05536555168462088,
	"x" : -0.27669401227736096,
	"y" : -0.047333270242891079,
	"yaw" : 0.93596680948365463,
	"z" : -0.090030467738724224
}
