{
	"pitch" : 1.4990961402242091,
	"roll" : -2.4682345090053985,
	"x" : -0.23370377973546452,
	"y" : 0.028108578461999364,
	"yaw" : -1.1917811950462158,
	"z" : -0.1417384897364026
}
