{
	"pitch" : 1.4614091911590874,
	"roll" : -0.25014268115963617,
	"x" : -0.23953513826050804,
	"y" : 0.20836412248997321,
	"yaw" : 1.135376629680803,
	"z" : -0.1285619749961133
}
