{
	"pitch" : 1.4807772145613454,
	"roll" : -0.53994575297192959,
	"x" : -0.23660002839872266,
	"y" : 0.20556347254574739,
	"yaw" : 0.80682019264351368,
	"z" : -0.13339286552375726
}
