{
	"pitch" : 1.465645414223899,
	"roll" : -0.56419114734014231,
	"x" : -0.23389339378909796,
	"y" : 0.20775498233354484,
	"yaw" : 0.77989747645500174,
	"z" : -0.13032998445603527
}
