{
	"pitch" : 1.2608373352616524,
	"roll" : -0.2682368531198831,
	"x" : -0.25196080593840947,
	"y" : -0.0064848098731280154,
	"yaw" : 0.89154726388121919,
	"z" : -0.10299737098584924
}
