{
	"pitch" : 0.9735370307815634,
	"roll" : 0.091093955961313255,
	"x" : -0.26512099736163336,
	"y" : 0.083347145270015952,
	"yaw" : 1.3112368853851279,
	"z" : -0.012773068878526028
}
