{
	"pitch" : 1.0526858834998698,
	"roll" : 0.022803743738653123,
	"x" : -0.27270755074239778,
	"y" : -0.055407832660871924,
	"yaw" : 0.94486854698115452,
	"z" : -0.081368564143347394
}
