{
	"pitch" : 0.98111688038499256,
	"roll" : 0.086687517820225241,
	"x" : -0.26207486254752743,
	"y" : 0.08064645911823061,
	"yaw" : 1.3026174689372689,
	"z" : -0.010805262293881124
}
