{
	"pitch" : 1.5047016149648007,
	"roll" : -1.9214238018967569,
	"x" : -0.23342183294177835,
	"y" : 0.028504888806698839,
	"yaw" : -0.6430693075409234,
	"z" : -0.1520912972462917
}
