{
	"pitch" : 1.1068585165393274,
	"roll" : -0.00056370828011508413,
	"x" : -0.24290448029903478,
	"y" : 0.12688664662811808,
	"yaw" : 1.3456797156720672,
	"z" : -0.064765328598302668
}
