{
	"pitch" : 1.4819297472781185,
	"roll" : -2.4250322749867204,
	"x" : -0.22635641292702927,
	"y" : 0.027031929431004992,
	"yaw" : -1.1189777862227333,
	"z" : -0.1454611151103575
}
