{
	"pitch" : 1.4681545204649111,
	"roll" : -0.41539341441481081,
	"x" : -0.23901633509664169,
	"y" : 0.20398541477227242,
	"yaw" : 0.94260887114521086,
	"z" : -0.13154492207072149
}
