{
	"pitch" : 1.1063004170506852,
	"roll" : -0.1505255265339262,
	"x" : -0.25641672985244701,
	"y" : -0.022300181374410928,
	"yaw" : 0.93118341145093098,
	"z" : -0.08190629175673915
}
