{
	"pitch" : 1.1027996248748202,
	"roll" : 0.032891275747047831,
	"x" : -0.25036593351359843,
	"y" : 0.15784749911835963,
	"yaw" : 1.3828292931261683,
	"z" : -0.023800551955597549
}
