{
	"pitch" : 1.4692786272386595,
	"roll" : -0.49900298867761783,
	"x" : -0.23649910721210524,
	"y" : 0.20572129780351714,
	"yaw" : 0.84808320240444912,
	"z" : -0.13350914484286006
}
