{
	"pitch" : 1.4647182066248206,
	"roll" : -0.62669417320925469,
	"x" : -0.23239583419595566,
	"y" : 0.20619512015893263,
	"yaw" : 0.72301004792964629,
	"z" : -0.13139791193027284
}
