{
	"pitch" : 1.3919099178494103,
	"roll" : -0.20010514831939019,
	"x" : -0.24067833684076348,
	"y" : 0.20267491581989283,
	"yaw" : 1.1989211989286959,
	"z" : -0.10039533089720079
}
