{
	"pitch" : 1.4910399468991242,
	"roll" : -1.4631988611105131,
	"x" : -0.23304462393318928,
	"y" : 0.028794469006672485,
	"yaw" : -0.19077187248315738,
	"z" : -0.14585966777383885
}
