{
	"pitch" : 1.4810239972492907,
	"roll" : -2.4299816843121382,
	"x" : -0.22707041775394485,
	"y" : 0.02692954500485796,
	"yaw" : -1.1244608900456221,
	"z" : -0.14412929264880525
}
