{
	"pitch" : 1.4481990426343028,
	"roll" : -0.24807347288024278,
	"x" : -0.23957937625691433,
	"y" : 0.20488714477231151,
	"yaw" : 1.1400436674107921,
	"z" : -0.11966360570444619
}
