{
	"pitch" : 1.0615166311133277,
	"roll" : 0.15706119542048252,
	"x" : -0.25783772357649604,
	"y" : 0.021551360581584619,
	"yaw" : 1.4026600328508021,
	"z" : -0.076405911746304803
}
