{
	"pitch" : 1.4769554716524289,
	"roll" : -2.4231427483200876,
	"x" : -0.22827265565864555,
	"y" : 0.029556530127801697,
	"yaw" : -1.1291878091516478,
	"z" : -0.14266383855982123
}
