{
	"pitch" : 0.97327740270488616,
	"roll" : 0.095834907192636279,
	"x" : -0.26294291021720345,
	"y" : 0.084132167467971336,
	"yaw" : 1.3157115186566926,
	"z" : -0.008215983677843236
}
