{
	"pitch" : 1.4554994952728526,
	"roll" : -0.57910557214065617,
	"x" : -0.23286281161207809,
	"y" : 0.20624695516851732,
	"yaw" : 0.78934440293571106,
	"z" : -0.13291378992019817
}
