{
	"pitch" : 1.132825026892132,
	"roll" : -0.016591121989793695,
	"x" : -0.2425973560661277,
	"y" : 0.13507670030830574,
	"yaw" : 1.3321187058112509,
	"z" : -0.069146639158014001
}
