{
	"pitch" : 1.4757471781331144,
	"roll" : -2.4356156133058162,
	"x" : -0.22871994508913729,
	"y" : 0.02948509338904029,
	"yaw" : -1.1411966577323829,
	"z" : -0.14266702406392692
}
