{
	"pitch" : 1.4761639414107239,
	"roll" : -2.4200235886837751,
	"x" : -0.22814115135733418,
	"y" : 0.029444961860728425,
	"yaw" : -1.1261021198291306,
	"z" : -0.14255047038950236
}
