{
	"pitch" : 0.97636591023150177,
	"roll" : 0.0036240471523516474,
	"x" : -0.26200504276860159,
	"y" : 0.075923432676911817,
	"yaw" : 1.1976409521956122,
	"z" : -0.024054676156880589
}
