{
	"pitch" : 0.96925170254850679,
	"roll" : 0.092339087645076659,
	"x" : -0.27527347151200304,
	"y" : 0.084337203218827317,
	"yaw" : 1.3258580453091857,
	"z" : -0.031278532230067962
}
