{
	"pitch" : 1.3994327341057964,
	"roll" : 0.28541660619574466,
	"x" : -0.24814621702538325,
	"y" : 0.039316826053505595,
	"yaw" : 1.5592081007604504,
	"z" : -0.10470084959165303
}
