{
	"pitch" : 0.97420082924527873,
	"roll" : 0.076488335483800809,
	"x" : -0.27517149140046332,
	"y" : 0.088963841840422192,
	"yaw" : 1.3311978355944489,
	"z" : -0.029106886017716632
}
