{
	"pitch" : 1.4674434537691365,
	"roll" : -0.51875822303812213,
	"x" : -0.23482923296605343,
	"y" : 0.20746715833375912,
	"yaw" : 0.82387775817259834,
	"z" : -0.13166691608565448
}
