{
	"pitch" : 1.4562171434382154,
	"roll" : -0.27413287780093476,
	"x" : -0.23882399600977228,
	"y" : 0.2089712250205534,
	"yaw" : 1.1096846412278558,
	"z" : -0.12811485034141978
}
