{
	"pitch" : 1.5056723186824017,
	"roll" : -2.2317529597652546,
	"x" : -0.23487660681048581,
	"y" : 0.026492040667383893,
	"yaw" : -0.95355630140755532,
	"z" : -0.15494644550467646
}
