{
	"pitch" : 0.96291490769641419,
	"roll" : -0.049542963754587582,
	"x" : -0.27608368772354608,
	"y" : -0.049227148411130656,
	"yaw" : 0.93049923118145272,
	"z" : -0.092020228916038685
}
