{
	"pitch" : 1.4646517487934714,
	"roll" : -0.36895913367002631,
	"x" : -0.23817133125024881,
	"y" : 0.20424521556307948,
	"yaw" : 0.99007522712262075,
	"z" : -0.12879032624607309
}
