{
	"pitch" : 0.90648805599440874,
	"roll" : 0.055788668177196896,
	"x" : -0.24982869404684879,
	"y" : 0.054121944684404281,
	"yaw" : 1.3161534686508765,
	"z" : -0.05264318746802002
}
