{
	"pitch" : 1.4799435511898367,
	"roll" : -2.3342579888159647,
	"x" : -0.23218459574942255,
	"y" : 0.030378175866861604,
	"yaw" : -1.0466114973041736,
	"z" : -0.15126221839660792
}
