{
	"pitch" : 1.2773212386506543,
	"roll" : 0.0023262543787992977,
	"x" : -0.24481786960160151,
	"y" : 0.16106694146448136,
	"yaw" : 1.3529661359966045,
	"z" : -0.097137584307287528
}
