{
	"pitch" : 1.3458472186012584,
	"roll" : -0.40745032304242496,
	"x" : -0.24741074897042498,
	"y" : 0.0049274018499879599,
	"yaw" : 0.79105468289147896,
	"z" : -0.11574134325535584
}
