{
	"pitch" : 1.480213909140387,
	"roll" : -2.3083928221356889,
	"x" : -0.22854357906545714,
	"y" : 0.031306184046592925,
	"yaw" : -1.0246358652611747,
	"z" : -0.14489152231127539
}
