{
	"pitch" : 1.5025736150674955,
	"roll" : -2.0288090885909402,
	"x" : -0.23012061291367855,
	"y" : 0.033550056045926202,
	"yaw" : -0.72845278982820938,
	"z" : -0.13362609409120635
}
