{
	"pitch" : 0.9797136603761365,
	"roll" : 0.098267986586059314,
	"x" : -0.25960217594375656,
	"y" : 0.082046983825881964,
	"yaw" : 1.3164647835840706,
	"z" : 0.0009103720533237547
}
