{
	"pitch" : 0.9204685505541057,
	"roll" : 0.079742466447021723,
	"x" : -0.25808980561823086,
	"y" : 0.023816035357896649,
	"yaw" : 1.3141050891480086,
	"z" : -0.065379987408205234
}
