{
	"pitch" : 1.0542477851672909,
	"roll" : 0.02880132660800501,
	"x" : -0.27323765378718989,
	"y" : -0.054976984892141027,
	"yaw" : 0.95076825859049352,
	"z" : -0.081911971534792904
}
