{
	"pitch" : 1.4664039700330442,
	"roll" : -0.27753803899016449,
	"x" : -0.23819482250916579,
	"y" : 0.20562789580448715,
	"yaw" : 1.1049111928139306,
	"z" : -0.126155072921181
}
