{
	"pitch" : 1.1381364660328135,
	"roll" : -0.01898993018892282,
	"x" : -0.24289620347385352,
	"y" : 0.13598521500878302,
	"yaw" : 1.3300715334994786,
	"z" : -0.071423067801820617
}
