{
	"pitch" : 1.5046649631381517,
	"roll" : -1.9102738621273112,
	"x" : -0.23362119522070893,
	"y" : 0.028431932122919765,
	"yaw" : -0.63193414594778441,
	"z" : -0.1528449397968297
}
