{
	"pitch" : 0.98013749550473905,
	"roll" : 0.091042238698598149,
	"x" : -0.26117610959939347,
	"y" : 0.081137459717091576,
	"yaw" : 1.3077079746333149,
	"z" : -0.007319701507794929
}
