{
	"pitch" : 1.3938140308947049,
	"roll" : -0.083733632485129453,
	"x" : -0.23999263285046762,
	"y" : 0.19095793046337439,
	"yaw" : 1.2564568812072079,
	"z" : -0.1169986460410341
}
