{
	"pitch" : 1.4744751575450099,
	"roll" : -2.2902923588932316,
	"x" : -0.2307455836620918,
	"y" : 0.028632092023031713,
	"yaw" : -1.0008933524452162,
	"z" : -0.16215483251594709
}
