{
	"pitch" : 1.2625746264602471,
	"roll" : -0.00032427058297185578,
	"x" : -0.24477592302637111,
	"y" : 0.15858368382791199,
	"yaw" : 1.3502414020166338,
	"z" : -0.093863461284096172
}
