{
	"pitch" : 1.3894041200547464,
	"roll" : -0.59076929192920291,
	"x" : -0.2438844548695871,
	"y" : 0.011425637027839691,
	"yaw" : 0.63385092925955822,
	"z" : -0.12737509772549158
}
