{
	"pitch" : 1.47124587397034,
	"roll" : -0.33419245270097053,
	"x" : -0.23768458058871644,
	"y" : 0.20521765987642215,
	"yaw" : 1.0522974744481837,
	"z" : -0.12783019004411411
}
