{
	"pitch" : 1.4555925196914921,
	"roll" : -0.5776948069609612,
	"x" : -0.23305997973485496,
	"y" : 0.20605257808432645,
	"yaw" : 0.79073480875257751,
	"z" : -0.13407235058294548
}
