{
	"pitch" : 1.4824337729181711,
	"roll" : -2.4828624491134956,
	"x" : -0.23172136933793663,
	"y" : 0.031034137176651252,
	"yaw" : -1.1951098097617456,
	"z" : -0.14309454745922964
}
