{
	"pitch" : 1.4134024211079179,
	"roll" : 0.29858679295058738,
	"x" : -0.24786648451159685,
	"y" : 0.039223608568425189,
	"yaw" : 1.5751117825098546,
	"z" : -0.10582566837486189
}
