{
	"pitch" : 0.97691206689264809,
	"roll" : 0.071534713002600045,
	"x" : -0.26607725814003969,
	"y" : 0.0076444646219034212,
	"yaw" : 1.3296972323452627,
	"z" : -0.080462716068329457
}
