{
	"pitch" : 1.4567618642638889,
	"roll" : -0.34066630029531947,
	"x" : -0.23665980150950955,
	"y" : 0.20390041314530089,
	"yaw" : 1.0186503958036803,
	"z" : -0.12674591164342186
}
