{
	"pitch" : 1.5037319501257906,
	"roll" : -1.9886512494577044,
	"x" : -0.23346557631968762,
	"y" : 0.028290164183361804,
	"yaw" : -0.71027051850692846,
	"z" : -0.15229404742566294
}
