{
	"pitch" : 1.4780035759375392,
	"roll" : -1.2435247666662665,
	"x" : -0.23371759631366248,
	"y" : 0.028075244708690189,
	"yaw" : 0.02476700820731818,
	"z" : -0.14443875153944657
}
