{
	"pitch" : 1.05618084055131,
	"roll" : 0.020969199846380293,
	"x" : -0.27289784320769112,
	"y" : -0.055949735244001743,
	"yaw" : 0.9431157064305975,
	"z" : -0.081621427807176947
}
