{
	"pitch" : 1.4763811449935682,
	"roll" : -2.4211374147270655,
	"x" : -0.22818110743408959,
	"y" : 0.029473395234453428,
	"yaw" : -1.1272033575516973,
	"z" : -0.1425792367924954
}
