{
	"pitch" : 1.4925682769543565,
	"roll" : 0.060529708810415417,
	"x" : -0.24357023253625798,
	"y" : 0.03837758757937855,
	"yaw" : 1.3543470037544401,
	"z" : -0.1210778881915114
}
