{
	"pitch" : 0.96959513543805032,
	"roll" : 0.1096107207378286,
	"x" : -0.25767352227105722,
	"y" : 0.011759827547481734,
	"yaw" : 1.3335241996814731,
	"z" : -0.056164909234773824
}
