{
	"pitch" : 0.96903417399891345,
	"roll" : -0.05315465048799075,
	"x" : -0.27782271551680565,
	"y" : -0.044890394717898643,
	"yaw" : 0.95530608945497519,
	"z" : -0.087323210906633197
}
