{
	"pitch" : 1.5027959768039345,
	"roll" : -0.055679390761499241,
	"x" : -0.24247368510876222,
	"y" : 0.038496378787891208,
	"yaw" : 1.239549165622343,
	"z" : -0.12303605793143993
}
