{
	"pitch" : 1.4810317590970417,
	"roll" : -2.4363746096569647,
	"x" : -0.22752929677415146,
	"y" : 0.026683361766344504,
	"yaw" : -1.1306005744833669,
	"z" : -0.14350625698193756
}
