{
	"pitch" : 0.97634837859177892,
	"roll" : 0.0024518634320456448,
	"x" : -0.26159096513273894,
	"y" : 0.075683540538679664,
	"yaw" : 1.1939089293162017,
	"z" : -0.023854720672877944
}
