{
	"pitch" : 1.4507491843180991,
	"roll" : -0.56711783617976075,
	"x" : -0.23202778067497948,
	"y" : 0.20760695550167277,
	"yaw" : 0.80068047001093778,
	"z" : -0.12877790534166991
}
