{
	"pitch" : 1.4655697874174882,
	"roll" : -0.56676532940242519,
	"x" : -0.23391048900425834,
	"y" : 0.20770125206554046,
	"yaw" : 0.77757115900890739,
	"z" : -0.1308654373753812
}
