{
	"pitch" : 1.1086274698623355,
	"roll" : -0.0010817934460061773,
	"x" : -0.24309403810697314,
	"y" : 0.12744185227299643,
	"yaw" : 1.3456756919095607,
	"z" : -0.065861062121739408
}
