{
	"pitch" : 1.4797560664969878,
	"roll" : -2.3322098077068505,
	"x" : -0.2326034749759967,
	"y" : 0.030311080488934702,
	"yaw" : -1.0444081506796159,
	"z" : -0.15181338142561465
}
