{
	"pitch" : 1.4775148371283942,
	"roll" : -2.4305097325563265,
	"x" : -0.22539004662984072,
	"y" : 0.027450192617653968,
	"yaw" : -1.1339632496820891,
	"z" : -0.15331013667821358
}
