{
	"pitch" : 1.4566636635830448,
	"roll" : -0.27127903978369144,
	"x" : -0.238762271639334,
	"y" : 0.20897713725007205,
	"yaw" : 1.1127707105733189,
	"z" : -0.12731613465455011
}
