{
	"pitch" : 1.2793530517168019,
	"roll" : -0.092254296362503777,
	"x" : -0.24299968540924546,
	"y" : 0.19630743413131174,
	"yaw" : 1.3007666704510861,
	"z" : -0.068926406874737792
}
