{
	"pitch" : 0.94161875703243336,
	"roll" : 0.088169993470330429,
	"x" : -0.25848157253149501,
	"y" : 0.016875638155392645,
	"yaw" : 1.3135412203637493,
	"z" : -0.068972739128403251
}
