{
	"pitch" : 0.9796281721412512,
	"roll" : 0.010452032819137759,
	"x" : -0.26203512188923139,
	"y" : 0.076376732016987747,
	"yaw" : 1.2143109300571238,
	"z" : -0.02229245368211405
}
