{
	"pitch" : 1.333325110266296,
	"roll" : -0.010965190181804457,
	"x" : -0.24300308137814827,
	"y" : 0.17566881814350083,
	"yaw" : 1.3301487992454675,
	"z" : -0.10850830689228229
}
