{
	"pitch" : 1.031358818362256,
	"roll" : 0.15533256786781963,
	"x" : -0.26038266440866581,
	"y" : 0.019199042129436399,
	"yaw" : 1.3984646853490164,
	"z" : -0.073749763046377967
}
