{
	"pitch" : 1.4821426737698997,
	"roll" : -1.3052165289200475,
	"x" : -0.23355387702228358,
	"y" : 0.02826119883875472,
	"yaw" : -0.035325996880778823,
	"z" : -0.14594269295499573
}
