{
	"pitch" : 1.4706035618885043,
	"roll" : -0.32232085954619377,
	"x" : -0.23773052834207845,
	"y" : 0.20541221753429253,
	"yaw" : 1.0642028687733289,
	"z" : -0.1281342003511281
}
