{
	"pitch" : 1.3772102540001365,
	"roll" : -0.065505942241550111,
	"x" : -0.24024199606153973,
	"y" : 0.18832406135300678,
	"yaw" : 1.2742231913099413,
	"z" : -0.11359995397451605
}
