{
	"pitch" : 1.4702726555234427,
	"roll" : -0.29978691100680671,
	"x" : -0.23885852658172044,
	"y" : 0.20663316403875237,
	"yaw" : 1.0834418242065214,
	"z" : -0.12917754459332781
}
