{
	"pitch" : 1.3678391990847099,
	"roll" : -0.073199655977436023,
	"x" : -0.24061156163935513,
	"y" : 0.18526243415245669,
	"yaw" : 1.2668292198543329,
	"z" : -0.11298639385731582
}
