{
	"pitch" : 1.4622846537971621,
	"roll" : -0.62995164136067772,
	"x" : -0.23245507747416266,
	"y" : 0.20628490203116406,
	"yaw" : 0.71904387042664231,
	"z" : -0.13180359555186411
}
