{
	"pitch" : 0.97126691754852279,
	"roll" : -0.078845917546513142,
	"x" : -0.27448470398932889,
	"y" : -0.042110064006937266,
	"yaw" : 0.94557803502482973,
	"z" : -0.083419803320598701
}
