{
	"pitch" : 1.4577257535892369,
	"roll" : -0.25694784493147899,
	"x" : -0.23853734608023647,
	"y" : 0.20575157580669695,
	"yaw" : 1.1263396383595443,
	"z" : -0.12493339011398172
}
