{
	"pitch" : 1.3035292497519795,
	"roll" : -0.10191971647576248,
	"x" : -0.24270787785356457,
	"y" : 0.19802110953686436,
	"yaw" : 1.2927490162557016,
	"z" : -0.075446015481636541
}
