{
	"pitch" : 1.5049997473522065,
	"roll" : -2.106316759982477,
	"x" : -0.23439402583385366,
	"y" : 0.02741605055762826,
	"yaw" : -0.82646052342495735,
	"z" : -0.15405319023655814
}
