{
	"pitch" : 1.1931503119717963,
	"roll" : -0.048120552188607481,
	"x" : -0.24389396189646223,
	"y" : 0.18377017978458587,
	"yaw" : 1.3313880208283664,
	"z" : -0.043641468455082766
}
