{
	"pitch" : 1.5247125060933178,
	"roll" : -0.52880266540872722,
	"x" : -0.24003228083082676,
	"y" : 0.038592091786868621,
	"yaw" : 0.77175315414163836,
	"z" : -0.12875455502075422
}
