{
	"pitch" : 1.0824924521948671,
	"roll" : -0.14709984513597013,
	"x" : -0.25749129420856443,
	"y" : -0.02506645858897795,
	"yaw" : 0.92242760435023452,
	"z" : -0.079934059271409605
}
