{
	"pitch" : 1.05420621747223,
	"roll" : 0.035102276661109398,
	"x" : -0.2439915893865528,
	"y" : 0.10965313037944854,
	"yaw" : 1.3616869735918546,
	"z" : -0.053953606337597354
}
