{
	"pitch" : 1.0167268446393827,
	"roll" : 0.046936318519641487,
	"x" : -0.26343845635666219,
	"y" : 0.11809872590428942,
	"yaw" : 1.3583320957823271,
	"z" : -0.018146057592966003
}
