{
	"pitch" : 1.4620438499374917,
	"roll" : -0.25051589923611106,
	"x" : -0.23942873892945798,
	"y" : 0.20831776767405077,
	"yaw" : 1.1348408841964945,
	"z" : -0.12785015045896081
}
