{
	"pitch" : 0.96866784545000661,
	"roll" : 0.026369892728759718,
	"x" : -0.26862360262512863,
	"y" : 0.10248883510082055,
	"yaw" : 1.3110661271606057,
	"z" : -0.018707000777727606
}
