{
	"pitch" : 1.5349010903519409,
	"roll" : -0.77316613160482417,
	"x" : -0.23977221565533421,
	"y" : 0.03795170717815842,
	"yaw" : 0.53064572531809118,
	"z" : -0.13152636558385208
}
