{
	"pitch" : 1.2182759468717919,
	"roll" : -0.0010893864850118234,
	"x" : -0.24488838308892724,
	"y" : 0.15258185074712455,
	"yaw" : 1.3492580396054068,
	"z" : -0.086431753815851387
}
