{
	"pitch" : 1.5056965718375135,
	"roll" : -2.3725613563257419,
	"x" : -0.23595404725095179,
	"y" : 0.026858744824250241,
	"yaw" : -1.0964854853893633,
	"z" : -0.15696779021552212
}
