{
	"pitch" : 1.4548683124119979,
	"roll" : -0.57660881054678292,
	"x" : -0.23278656975557735,
	"y" : 0.2061852910493937,
	"yaw" : 0.79202567986439099,
	"z" : -0.13312446949722914
}
