{
	"pitch" : 1.0640410628666293,
	"roll" : 0.015857304757106071,
	"x" : -0.27353710545990745,
	"y" : -0.056456405613593344,
	"yaw" : 0.94503523580462223,
	"z" : -0.083764058478760256
}
