{
	"pitch" : 0.98055003655570994,
	"roll" : 0.091105560428594551,
	"x" : -0.26117629965753797,
	"y" : 0.081074555275840302,
	"yaw" : 1.3075012224539353,
	"z" : -0.0078476717081859271
}
