{
	"pitch" : 1.4500945854125546,
	"roll" : -0.24793237815350752,
	"x" : -0.2395235628526638,
	"y" : 0.20503352634886429,
	"yaw" : 1.1387790224336831,
	"z" : -0.12088686360996714
}
