{
	"pitch" : 1.294095322848188,
	"roll" : -0.098308257659152049,
	"x" : -0.24281596249659868,
	"y" : 0.19745241510710942,
	"yaw" : 1.2957022533272855,
	"z" : -0.073126169222561738
}
