{
	"pitch" : 0.98286096991547522,
	"roll" : 0.030378111221678623,
	"x" : -0.26699326472091151,
	"y" : 0.10816430064762968,
	"yaw" : 1.3315615141819757,
	"z" : -0.01840102215567721
}
