{
	"pitch" : 1.0642491786708863,
	"roll" : 0.015248359238266151,
	"x" : -0.27347726029306652,
	"y" : -0.055751652068954445,
	"yaw" : 0.94371238504503818,
	"z" : -0.086138924888947532
}
