{
	"pitch" : 1.057019734655045,
	"roll" : 0.019065994498690265,
	"x" : -0.27285600035895829,
	"y" : -0.056148739054884066,
	"yaw" : 0.94275849118961419,
	"z" : -0.081722103019354883
}
