{
	"pitch" : 1.0006411412593741,
	"roll" : 0.12531064050163596,
	"x" : -0.27457099825697473,
	"y" : 0.069959614094803252,
	"yaw" : 1.3059354883860943,
	"z" : -0.038770933890708875
}
