{
	"pitch" : 1.4769410803893011,
	"roll" : -2.398311995048898,
	"x" : -0.22573763096432584,
	"y" : 0.027755589793622415,
	"yaw" : -1.1035554999021799,
	"z" : -0.15456831456949638
}
