{
	"pitch" : 1.4742843080001939,
	"roll" : -1.1970036205163246,
	"x" : -0.23395373289391216,
	"y" : 0.027712764307966722,
	"yaw" : 0.069606599451030468,
	"z" : -0.14271282183074285
}
