{
	"pitch" : 0.98948896047333024,
	"roll" : -0.032305892655723527,
	"x" : -0.27624929184468977,
	"y" : -0.051509718138853779,
	"yaw" : 0.9288776485196415,
	"z" : -0.092244497538840245
}
