{
	"pitch" : 1.2419495236005329,
	"roll" : -0.0020597987891870211,
	"x" : -0.2448740275980256,
	"y" : 0.15577971823081549,
	"yaw" : 1.348321531524117,
	"z" : -0.090718546978693276
}
