{
	"pitch" : 0.97152034311886659,
	"roll" : 0.12501915118755499,
	"x" : -0.26704000582730386,
	"y" : 0.011560683552145446,
	"yaw" : 1.3590347236493439,
	"z" : -0.078957481328248008
}
