{
	"pitch" : 1.4688018545428878,
	"roll" : -0.52467724773702717,
	"x" : -0.23498566052775424,
	"y" : 0.20713083875422872,
	"yaw" : 0.81769291397034338,
	"z" : -0.13148868521476198
}
