{
	"pitch" : 1.4582277302444109,
	"roll" : -0.26200403373148967,
	"x" : -0.23831926151843991,
	"y" : 0.20580386025534697,
	"yaw" : 1.1211823067496283,
	"z" : -0.12463355702162714
}
