{
	"pitch" : 1.473938133820321,
	"roll" : -0.3265749950508362,
	"x" : -0.2383192224868296,
	"y" : 0.20514999991496211,
	"yaw" : 1.0594148305143023,
	"z" : -0.12883792161967556
}
