{
	"pitch" : 1.4775156250634172,
	"roll" : -0.55121995756951869,
	"x" : -0.23632941392580031,
	"y" : 0.2051732404589478,
	"yaw" : 0.79696731436210888,
	"z" : -0.13348664471515734
}
