{
	"pitch" : 0.97374184880774828,
	"roll" : 0.070856954953412016,
	"x" : -0.27111118345134588,
	"y" : 0.08109381762731474,
	"yaw" : 1.2983373257047703,
	"z" : -0.024638055265945369
}
