{
	"pitch" : 0.97464623751643842,
	"roll" : 0.035266444332597048,
	"x" : -0.24366656654788144,
	"y" : 0.089048139737122944,
	"yaw" : 1.3307746443404096,
	"z" : -0.048235430360444753
}
