{
	"pitch" : 1.4531678008587465,
	"roll" : -0.29342038919111213,
	"x" : -0.23531923898041318,
	"y" : 0.20348157132530104,
	"yaw" : 1.0643628490438826,
	"z" : -0.12258872099753189
}
