{
	"pitch" : 1.0867835144074705,
	"roll" : 0.0027732762928216245,
	"x" : -0.24268188064152535,
	"y" : 0.12069827275461327,
	"yaw" : 1.3458589060211312,
	"z" : -0.060820355258591363
}
