{
	"pitch" : 1.4925822641266699,
	"roll" : -1.5057483209359368,
	"x" : -0.23339592368083154,
	"y" : 0.028566229224244302,
	"yaw" : -0.23260799137410126,
	"z" : -0.14803694401716047
}
