{
	"pitch" : 0.90959660097880002,
	"roll" : 0.07037244809000015,
	"x" : -0.25697956783174519,
	"y" : 0.029509508433023933,
	"yaw" : 1.3120084664885754,
	"z" : -0.062356004140980664
}
