{
	"pitch" : 1.5366115251429651,
	"roll" : -1.0256709477053978,
	"x" : -0.23959742325412203,
	"y" : 0.037228007059134677,
	"yaw" : 0.27851212708509238,
	"z" : -0.13427220419249128
}
