{
	"pitch" : 1.0562827627727644,
	"roll" : 0.019634658662907787,
	"x" : -0.27281086170998914,
	"y" : -0.05602636376097167,
	"yaw" : 0.94245269192759262,
	"z" : -0.081655999413868918
}
