{
	"pitch" : 1.4657055065653453,
	"roll" : -0.59946720390713826,
	"x" : -0.23350837282123177,
	"y" : 0.20726023995649462,
	"yaw" : 0.74779782521101035,
	"z" : -0.13112524476318863
}
