{
	"pitch" : 1.2811781369218274,
	"roll" : -0.31704382820960436,
	"x" : -0.24961078902305214,
	"y" : -0.0026429662335932212,
	"yaw" : 0.85408511593365999,
	"z" : -0.10653166997537454
}
