{
	"pitch" : 0.95107074827916172,
	"roll" : 0.036872524595382088,
	"x" : -0.27173091415227657,
	"y" : 0.095074052736757564,
	"yaw" : 1.3051100751565805,
	"z" : -0.023936953193828631
}
