{
	"pitch" : 0.98170092240555695,
	"roll" : 0.013235084837136439,
	"x" : -0.26174196250929066,
	"y" : 0.076299716050276106,
	"yaw" : 1.2195719897061752,
	"z" : -0.021186954438565192
}
