{
	"pitch" : 1.4629495658604375,
	"roll" : -0.47810038785563169,
	"x" : -0.23473751160351466,
	"y" : 0.20681483657092414,
	"yaw" : 0.89066649704395251,
	"z" : -0.13066051650230973
}
