{
	"pitch" : 1.5310997252073297,
	"roll" : -1.4461237736109502,
	"x" : -0.23732185571003353,
	"y" : 0.036661002552984087,
	"yaw" : -0.14324235825479437,
	"z" : -0.13519859891421296
}
