{
	"pitch" : 0.90584748664612036,
	"roll" : 0.056522723147836851,
	"x" : -0.2498696406116433,
	"y" : 0.052708065946003593,
	"yaw" : 1.3156161251809004,
	"z" : -0.051658978697061708
}
