{
	"pitch" : 1.4743078937785767,
	"roll" : -0.33928127112443879,
	"x" : -0.23833290307961835,
	"y" : 0.20504110069408732,
	"yaw" : 1.0455124057990983,
	"z" : -0.12960729277981015
}
