{
	"pitch" : 0.97596359470572769,
	"roll" : 0.10091255925784573,
	"x" : -0.25923879485862744,
	"y" : 0.083089682536020615,
	"yaw" : 1.3183109323993984,
	"z" : 0.0025486512184384469
}
