{
	"pitch" : 1.4798730819429791,
	"roll" : -2.323785167997277,
	"x" : -0.22922525389834839,
	"y" : 0.031110725674818887,
	"yaw" : -1.0396303824432924,
	"z" : -0.14617931639017745
}
