{
	"pitch" : 1.468836361489285,
	"roll" : -0.59008677683637201,
	"x" : -0.23275013060425265,
	"y" : 0.2061770503387641,
	"yaw" : 0.76086949439981311,
	"z" : -0.13272251798788995
}
