{
	"pitch" : 0.91411273432415574,
	"roll" : 0.075178080061217664,
	"x" : -0.2577315956213625,
	"y" : 0.026774170227827382,
	"yaw" : 1.3133773045092787,
	"z" : -0.064037257838145414
}
