{
	"pitch" : 1.1983941507629672,
	"roll" : -0.008552896386771057,
	"x" : -0.24446473820140915,
	"y" : 0.14896013657779683,
	"yaw" : 1.3441414322643466,
	"z" : -0.083289117675767577
}
