{
	"pitch" : 1.0515103150484357,
	"roll" : 0.020899087623725568,
	"x" : -0.2724275282249522,
	"y" : -0.055298997316105228,
	"yaw" : 0.94442546137401406,
	"z" : -0.081440053903027165
}
