{
	"pitch" : 1.1598911883795573,
	"roll" : 0.20531675966539575,
	"x" : -0.25367896317946964,
	"y" : 0.029604915507848974,
	"yaw" : 1.4419305434282179,
	"z" : -0.080717534916053144
}
