{
	"pitch" : 1.0955104768973523,
	"roll" : 0.0028932841905316754,
	"x" : -0.24260475794164482,
	"y" : 0.12322456244935363,
	"yaw" : 1.3475614156287514,
	"z" : -0.061625005721427872
}
