{
	"pitch" : 1.4659810010075993,
	"roll" : -0.2740458132171058,
	"x" : -0.23831891389113211,
	"y" : 0.20559624741027396,
	"yaw" : 1.1082724309167906,
	"z" : -0.1265456839734822
}
