{
	"pitch" : 1.4863653865026603,
	"roll" : -2.1276660139021981,
	"x" : -0.22618535737998263,
	"y" : 0.032138195081975435,
	"yaw" : -0.82686377988845994,
	"z" : -0.13346151182037685
}
