{
	"pitch" : 0.90584383356595233,
	"roll" : 0.057806810466728732,
	"x" : -0.25199662723642824,
	"y" : 0.046623760617159234,
	"yaw" : 1.3146455430011672,
	"z" : -0.054845585990315554
}
