{
	"pitch" : 1.3759959929184884,
	"roll" : 0.26479299461726319,
	"x" : -0.24818039922490426,
	"y" : 0.039482463422271741,
	"yaw" : 1.5336436112506526,
	"z" : -0.10167468474170968
}
