{
	"pitch" : 1.4847262253896687,
	"roll" : -2.5325374178460982,
	"x" : -0.22729705635345565,
	"y" : 0.03172051129756101,
	"yaw" : -1.2315610893515474,
	"z" : -0.1331811170894816
}
