{
	"pitch" : 1.4663142281275048,
	"roll" : -0.6111722923701437,
	"x" : -0.23259183369816433,
	"y" : 0.20614153894882459,
	"yaw" : 0.7388066185140213,
	"z" : -0.13244227565668726
}
