{
	"pitch" : 1.3623749908614724,
	"roll" : 0.25947882206339429,
	"x" : -0.24818770082669558,
	"y" : 0.039397124147323201,
	"yaw" : 1.5252483405021608,
	"z" : -0.10040544011953044
}
