{
	"pitch" : 1.5041672497028058,
	"roll" : -2.3660197164027954,
	"x" : -0.23582602015331147,
	"y" : 0.026585118105940247,
	"yaw" : -1.0890819567278314,
	"z" : -0.1566454486861466
}
