{
	"pitch" : 0.97960125113596075,
	"roll" : 0.096279494691032558,
	"x" : -0.27658745949625319,
	"y" : 0.081430219878975307,
	"yaw" : 1.3232882089899609,
	"z" : -0.032406626399660909
}
