{
	"pitch" : 1.3911588267603101,
	"roll" : -0.60335419944008506,
	"x" : -0.24387687238885872,
	"y" : 0.011515578867188014,
	"yaw" : 0.62311566881428504,
	"z" : -0.12921987162488768
}
