{
	"pitch" : 0.97225359354030938,
	"roll" : 0.12737627274111732,
	"x" : -0.2659884243034627,
	"y" : 0.011990304594600529,
	"yaw" : 1.3612299681198583,
	"z" : -0.076556594333518857
}
