{
	"pitch" : 1.0566113249243649,
	"roll" : 0.018974720390563953,
	"x" : -0.27280279744964869,
	"y" : -0.056102188655608051,
	"yaw" : 0.94234797318691277,
	"z" : -0.081690243356916575
}
