{
	"pitch" : 0.90800270264140981,
	"roll" : 0.06891019203414217,
	"x" : -0.25646932094599406,
	"y" : 0.030723756766179451,
	"yaw" : 1.3118956230245284,
	"z" : -0.061248256161751308
}
