{
	"pitch" : 1.0441087682599108,
	"roll" : -0.14289816822049778,
	"x" : -0.26121000023437613,
	"y" : -0.030047477908410621,
	"yaw" : 0.91198581435440695,
	"z" : -0.078768965388520615
}
