{
	"pitch" : 1.4572434791317013,
	"roll" : -0.33814739993956022,
	"x" : -0.23671523216986357,
	"y" : 0.20850503919458835,
	"yaw" : 1.0378998582242318,
	"z" : -0.12755710528050901
}
