{
	"pitch" : 1.4800097723922836,
	"roll" : -2.33240651494381,
	"x" : -0.23010292724474099,
	"y" : 0.030939816252034638,
	"yaw" : -1.0464011925427454,
	"z" : -0.14774449594213451
}
