{
	"pitch" : 0.97278522893782227,
	"roll" : 0.10634149041522434,
	"x" : -0.27658544664706014,
	"y" : 0.081488176983789101,
	"yaw" : 1.3353230381898946,
	"z" : -0.030806148349247553
}
