{
	"pitch" : 1.5030152379204516,
	"roll" : -2.4492655763620728,
	"x" : -0.23342594410059869,
	"y" : 0.029037922498608856,
	"yaw" : -1.1754231091663123,
	"z" : -0.13949840365811206
}
