{
	"pitch" : 1.0436052317623195,
	"roll" : 0.053127479449867163,
	"x" : -0.25928411832227072,
	"y" : 0.12935286464848217,
	"yaw" : 1.3751952513725525,
	"z" : -0.016523301129957396
}
