{
	"pitch" : 1.149924243911965,
	"roll" : 0.20612858025915926,
	"x" : -0.25405963851331209,
	"y" : 0.029905668773763154,
	"yaw" : 1.4374194072327315,
	"z" : -0.080437179445811247
}
