{
	"pitch" : 0.96786434153086853,
	"roll" : 0.10181047827729693,
	"x" : -0.25781607262783374,
	"y" : 0.012338985922895909,
	"yaw" : 1.3223853104754026,
	"z" : -0.060406262768992219
}
