{
	"pitch" : 1.2480848479820228,
	"roll" : -0.24947732787957602,
	"x" : -0.25305086478227318,
	"y" : -0.0095019022779951282,
	"yaw" : 0.90169486602758331,
	"z" : -0.099995138767002875
}
