{
	"pitch" : 1.0735841493873315,
	"roll" : -0.14972989328938291,
	"x" : -0.25846773820623359,
	"y" : -0.026491121425673746,
	"yaw" : 0.91628245091988469,
	"z" : -0.080348704115607267
}
