{
	"pitch" : 0.96376504618694891,
	"roll" : 0.12482593655784559,
	"x" : -0.26005961900982211,
	"y" : 0.012555466056399948,
	"yaw" : 1.3598584643068135,
	"z" : -0.054797952130279132
}
