{
	"pitch" : 1.2634728936694131,
	"roll" : -0.27466461938156578,
	"x" : -0.25129531407093142,
	"y" : -0.005618530437128233,
	"yaw" : 0.8864860227719098,
	"z" : -0.10239078786059627
}
