{
	"pitch" : 1.5049372248576538,
	"roll" : -2.3816935133930675,
	"x" : -0.23586007034318235,
	"y" : 0.026848799946412649,
	"yaw" : -1.1059205890509878,
	"z" : -0.15678846224201423
}
