{
	"pitch" : 1.459134141645914,
	"roll" : -0.36988828175760402,
	"x" : -0.23600758187714152,
	"y" : 0.20810037812920451,
	"yaw" : 1.0033986784311548,
	"z" : -0.12785631748722109
}
