{
	"pitch" : 1.0854549787544809,
	"roll" : 0.0334617457546421,
	"x" : -0.25197203973201182,
	"y" : 0.15090846123735147,
	"yaw" : 1.3755559880366666,
	"z" : -0.02157472232036442
}
