{
	"pitch" : 0.99594555425715037,
	"roll" : -0.11739700294653885,
	"x" : -0.26864615409763898,
	"y" : -0.039016359272278936,
	"yaw" : 0.92040302176949929,
	"z" : -0.079153352795145987
}
