{
	"pitch" : 1.5200645565469919,
	"roll" : -1.7183581229449016,
	"x" : -0.23423353132053065,
	"y" : 0.035848384275217318,
	"yaw" : -0.41782688715359156,
	"z" : -0.13519131884951366
}
