{
	"pitch" : 1.1923392042552412,
	"roll" : -0.18524672827433333,
	"x" : -0.25485127722936018,
	"y" : -0.014223584152293163,
	"yaw" : 0.93431636055558054,
	"z" : -0.094356275578071677
}
