{
	"pitch" : 1.3964088967581125,
	"roll" : -0.64674816117965661,
	"x" : -0.24341426364729968,
	"y" : 0.012366219178755675,
	"yaw" : 0.58503724727505757,
	"z" : -0.13223498709839443
}
