{
	"pitch" : 1.4352867712367836,
	"roll" : -0.077707915231154709,
	"x" : -0.23003501406093996,
	"y" : 0.19948674610250916,
	"yaw" : 1.2733037508073026,
	"z" : -0.10490093604569116
}
