{
	"pitch" : 1.5002936389063761,
	"roll" : -1.7749677024900894,
	"x" : -0.23362883737876988,
	"y" : 0.028337817057827216,
	"yaw" : -0.496666504052309,
	"z" : -0.15033425978742337
}
