{
	"pitch" : 1.3205773750842948,
	"roll" : -0.3772229321263928,
	"x" : -0.24828632258845731,
	"y" : 0.001735534128373413,
	"yaw" : 0.81052381722340172,
	"z" : -0.11355272999242792
}
