{
	"pitch" : 0.91780526727801703,
	"roll" : 0.056117013123965429,
	"x" : -0.24765247029771062,
	"y" : 0.06596573942099887,
	"yaw" : 1.328877107033098,
	"z" : -0.049748136597507375
}
