{
	"pitch" : 1.463388914206357,
	"roll" : -0.71357421524331732,
	"x" : -0.23171206670511696,
	"y" : 0.20498742151533922,
	"yaw" : 0.64741844127873494,
	"z" : -0.13281585002844473
}
