{
	"pitch" : 0.96911285156175131,
	"roll" : 0.10991000478020171,
	"x" : -0.27642052329581013,
	"y" : 0.082769799938212776,
	"yaw" : 1.3345261535199238,
	"z" : -0.031363544412897737
}
