{
	"pitch" : 1.4827632990849438,
	"roll" : -2.4983140536037767,
	"x" : -0.23177397313159087,
	"y" : 0.031100708203063002,
	"yaw" : -1.2107212949853055,
	"z" : -0.14217078597249394
}
