{
	"pitch" : 1.1114932819073695,
	"roll" : 0.028892048685611883,
	"x" : -0.24916660077840094,
	"y" : 0.16139105721573127,
	"yaw" : 1.3823195177799696,
	"z" : -0.024286876823905734
}
