{
	"pitch" : 1.2613081655970533,
	"roll" : -0.084395957975996888,
	"x" : -0.24319590632784238,
	"y" : 0.19419312435923108,
	"yaw" : 1.3069769478559143,
	"z" : -0.063117990463954193
}
