{
	"pitch" : 1.2317442827420462,
	"roll" : 0.24075730586269381,
	"x" : -0.25096018966706329,
	"y" : 0.035497383873307434,
	"yaw" : 1.4805955289952297,
	"z" : -0.08590403230596011
}
