{
	"pitch" : 1.0248747659488768,
	"roll" : 0.0029501103346068736,
	"x" : -0.27391795314637013,
	"y" : -0.053067500557649964,
	"yaw" : 0.94895226819280187,
	"z" : -0.08810197413848235
}
