{
	"pitch" : 0.94090283785017215,
	"roll" : 0.087408726512009802,
	"x" : -0.25864705626017542,
	"y" : 0.017162230372430164,
	"yaw" : 1.3131076645211064,
	"z" : -0.069396132374141759
}
