{
	"pitch" : 0.97911268473973989,
	"roll" : -0.01116792843093843,
	"x" : -0.26095246086625845,
	"y" : 0.074313620507043626,
	"yaw" : 1.1697434968422147,
	"z" : -0.026103195954750497
}
