{
	"pitch" : 1.5061554880835086,
	"roll" : -2.2438514275918093,
	"x" : -0.23514900045233006,
	"y" : 0.026367680616314698,
	"yaw" : -0.96573751347113079,
	"z" : -0.15609828790845864
}
