{
	"pitch" : 1.5002823005703276,
	"roll" : -1.7664211795539035,
	"x" : -0.2335338630522874,
	"y" : 0.028417563231796325,
	"yaw" : -0.48827229679613848,
	"z" : -0.14965309926907694
}
