{
	"pitch" : 1.4554954885682512,
	"roll" : -0.30229111086156579,
	"x" : -0.23753150323424466,
	"y" : 0.20893468887174693,
	"yaw" : 1.0765381140397272,
	"z" : -0.12729895756242829
}
