{
	"pitch" : 0.97828427973584531,
	"roll" : 0.092957209305667948,
	"x" : -0.26044825139251748,
	"y" : 0.081673748321710399,
	"yaw" : 1.3109106255991423,
	"z" : -0.0041572814402544012
}
