{
	"pitch" : 1.1762617950773633,
	"roll" : -0.17960637305482113,
	"x" : -0.2546068763246796,
	"y" : -0.015381956187518309,
	"yaw" : 0.93617552297599016,
	"z" : -0.091787449433872348
}
