{
	"pitch" : 1.3836191060458138,
	"roll" : -0.54761704869663019,
	"x" : -0.24479505028196655,
	"y" : 0.0098357666162836102,
	"yaw" : 0.67180153940073251,
	"z" : -0.12596368034169392
}
