{
	"pitch" : 1.3256230578281045,
	"roll" : -0.11329838320443121,
	"x" : -0.2424221080903308,
	"y" : 0.19941410647106406,
	"yaw" : 1.2821519988456758,
	"z" : -0.081841327017524695
}
