{
	"pitch" : 1.4814263997481869,
	"roll" : -2.4260685580678194,
	"x" : -0.22655860886038587,
	"y" : 0.026968859885465157,
	"yaw" : -1.1200754078065915,
	"z" : -0.14497964936487534
}
