{
	"pitch" : 1.4848484700877458,
	"roll" : -2.489195859233758,
	"x" : -0.22840205605206726,
	"y" : 0.031876628553590872,
	"yaw" : -1.1953395739187644,
	"z" : -0.13603610462434593
}
