{
	"pitch" : 1.4751476872511349,
	"roll" : -2.2953213059723785,
	"x" : -0.23012636688939009,
	"y" : 0.028631591319480176,
	"yaw" : -1.0063201767021885,
	"z" : -0.1608318311847812
}
