{
	"pitch" : 1.46678242218128,
	"roll" : -0.38465275840045121,
	"x" : -0.2386673037494112,
	"y" : 0.20404195529969876,
	"yaw" : 0.97371148881824576,
	"z" : -0.12999482289930506
}
