{
	"pitch" : 0.99957794501513186,
	"roll" : -0.11924470356545516,
	"x" : -0.26909315272698697,
	"y" : -0.038936000158635395,
	"yaw" : 0.92039957158230279,
	"z" : -0.080883600070811634
}
