{
	"pitch" : 1.0510519487045149,
	"roll" : 0.022941831632998767,
	"x" : -0.27260231394139767,
	"y" : -0.055193464389548169,
	"yaw" : 0.94605624496014906,
	"z" : -0.081486389133948789
}
