{
	"pitch" : 0.90606294323085912,
	"roll" : 0.056559862952785832,
	"x" : -0.2508896199003246,
	"y" : 0.049590186605097342,
	"yaw" : 1.3146281215645759,
	"z" : -0.053222115847590318
}
