{
	"pitch" : 1.3137644493725462,
	"roll" : -0.36521509689007942,
	"x" : -0.24833449815315622,
	"y" : 0.0010979807743088238,
	"yaw" : 0.81945507676882001,
	"z" : -0.11143968423407005
}
