{
	"pitch" : 1.0380594780396935,
	"roll" : 0.05107088990368968,
	"x" : -0.26049801257943922,
	"y" : 0.12636133342479133,
	"yaw" : 1.3695137555370014,
	"z" : -0.018469916642873424
}
