{
	"pitch" : 1.3809161505883285,
	"roll" : -0.068606134092004847,
	"x" : -0.24068757552637249,
	"y" : 0.18894861612379737,
	"yaw" : 1.2712299081555369,
	"z" : -0.11617874288254498
}
