{
	"pitch" : 0.90610442639973121,
	"roll" : 0.056080409978271295,
	"x" : -0.25039699563648388,
	"y" : 0.051026202171653538,
	"yaw" : 1.3150182943805748,
	"z" : -0.052487997729693953
}
