{
	"pitch" : 1.3261918795006147,
	"roll" : -0.3858031304015605,
	"x" : -0.24772235634707132,
	"y" : 0.0027285069055089858,
	"yaw" : 0.80477867863550401,
	"z" : -0.11304619670536975
}
