{
	"pitch" : 1.1695210417999646,
	"roll" : -0.019489576032114216,
	"x" : -0.24347135369794659,
	"y" : 0.14385936220682993,
	"yaw" : 1.3322174942487304,
	"z" : -0.077447160807212187
}
