{
	"pitch" : 0.96725227190658125,
	"roll" : 0.12296053196647996,
	"x" : -0.25881084183696862,
	"y" : 0.011436860379632405,
	"yaw" : 1.3488737219080458,
	"z" : -0.052619126519555193
}
