{
	"pitch" : 1.4014063093804885,
	"roll" : -0.69198482393421856,
	"x" : -0.24198632310330798,
	"y" : 0.014168172314011213,
	"yaw" : 0.54587460076944139,
	"z" : -0.1338584101509577
}
