{
	"pitch" : 1.4678752008043374,
	"roll" : -1.0742702227688841,
	"x" : -0.23535926572934632,
	"y" : 0.026700240601197467,
	"yaw" : 0.18700922106563467,
	"z" : -0.14171601607182466
}
