{
	"pitch" : 0.97896611550288004,
	"roll" : 0.098354283790001093,
	"x" : -0.25935743615538631,
	"y" : 0.082008437484646368,
	"yaw" : 1.3162448073697575,
	"z" : 0.00038648387211129287
}
