{
	"pitch" : 0.95944774598416238,
	"roll" : -0.055953314806533545,
	"x" : -0.27625374424484456,
	"y" : -0.047577694789538681,
	"yaw" : 0.9330264818238313,
	"z" : -0.090139632666587199
}
