{
	"pitch" : 1.5051540826311069,
	"roll" : -2.0843920109414955,
	"x" : -0.23421148241218556,
	"y" : 0.027682390780027627,
	"yaw" : -0.80522088227780941,
	"z" : -0.15352383165503075
}
