{
	"pitch" : 1.5037205402493754,
	"roll" : -2.1851501857552256,
	"x" : -0.2345602281714422,
	"y" : 0.026475800469510216,
	"yaw" : -0.90654752746292999,
	"z" : -0.15519064386118386
}
