{
	"pitch" : 1.4672338282600461,
	"roll" : -0.60570990079041909,
	"x" : -0.23246583416016264,
	"y" : 0.20632194946211707,
	"yaw" : 0.74460180989617786,
	"z" : -0.13094967071455649
}
