{
	"pitch" : 1.2686930994641041,
	"roll" : -0.28722513410360079,
	"x" : -0.25070351894197884,
	"y" : -0.0047042466698701269,
	"yaw" : 0.87695316603644302,
	"z" : -0.10344393469006662
}
