{
	"pitch" : 0.96928635295446108,
	"roll" : 0.11004434623532273,
	"x" : -0.25760932484465887,
	"y" : 0.011752266334885682,
	"yaw" : 1.3340472240744896,
	"z" : -0.055516434088230204
}
