{
	"pitch" : 1.4640781854611689,
	"roll" : -0.63031504469057542,
	"x" : -0.23241780535550557,
	"y" : 0.20618438879508127,
	"yaw" : 0.71927564870625316,
	"z" : -0.13172622083468385
}
