{
	"pitch" : 1.4586522530798949,
	"roll" : -0.58244363482710726,
	"x" : -0.23310347674795079,
	"y" : 0.20673457086842278,
	"yaw" : 0.78475814891103712,
	"z" : -0.13145130910330421
}
