{
	"pitch" : 0.98981690987074622,
	"roll" : 0.035966401238225816,
	"x" : -0.26689148451062999,
	"y" : 0.10990871768224372,
	"yaw" : 1.3414944027753448,
	"z" : -0.019496347364296063
}
