{
	"pitch" : 1.1033179642286586,
	"roll" : -0.14774319822910115,
	"x" : -0.25680302736987726,
	"y" : -0.022775263084767815,
	"yaw" : 0.93280793138127449,
	"z" : -0.082093857729321387
}
