{
	"pitch" : 1.4702392177300698,
	"roll" : -0.52774648987668504,
	"x" : -0.23518246379578339,
	"y" : 0.20688795506595264,
	"yaw" : 0.81463718248534001,
	"z" : -0.13137056086903906
}
