{
	"pitch" : 1.5066811265213338,
	"roll" : -2.3309358705988825,
	"x" : -0.23554423097056992,
	"y" : 0.026511942945891723,
	"yaw" : -1.054406629373416,
	"z" : -0.15547859401123382
}
