{
	"pitch" : 1.4288412282455725,
	"roll" : -0.88798015559428334,
	"x" : -0.23830976282613991,
	"y" : 0.021341997143152894,
	"yaw" : 0.36601380365688063,
	"z" : -0.13960522487793992
}
