{
	"pitch" : 1.3656289938294786,
	"roll" : -0.071537660806941281,
	"x" : -0.24030712534093199,
	"y" : 0.18474538610138233,
	"yaw" : 1.2683851073426307,
	"z" : -0.11135307799017782
}
