{
	"pitch" : 1.4313790202994967,
	"roll" : -0.24940018708231027,
	"x" : -0.23990167145464991,
	"y" : 0.2042989923773666,
	"yaw" : 1.1457191251634888,
	"z" : -0.11371156457974536
}
