{
	"pitch" : 1.3324101910264372,
	"roll" : 0.27275482357351361,
	"x" : -0.24870739714547535,
	"y" : 0.039330326464767279,
	"yaw" : 1.5318104775709092,
	"z" : -0.09572006492427336
}
