{
	"pitch" : 1.14143655052182,
	"roll" : -0.17329373608086621,
	"x" : -0.25466088063328735,
	"y" : -0.018181539554430574,
	"yaw" : 0.92684591230659974,
	"z" : -0.086320826822862864
}
