{
	"pitch" : 1.1534136056984223,
	"roll" : -0.17729184629592062,
	"x" : -0.25435667716028248,
	"y" : -0.016959257390150126,
	"yaw" : 0.9290070869197512,
	"z" : -0.087510993954610955
}
