{
	"pitch" : 1.4754205227982995,
	"roll" : -2.4215163021970456,
	"x" : -0.2284247782295199,
	"y" : 0.029454148208736361,
	"yaw" : -1.1273338106526378,
	"z" : -0.14221348527675587
}
