{
	"pitch" : 1.4809494686197335,
	"roll" : -2.4500708070229162,
	"x" : -0.22791539162364113,
	"y" : 0.02657725910981347,
	"yaw" : -1.1442692415313513,
	"z" : -0.14308247999117324
}
