{
	"pitch" : 1.4959273645971594,
	"roll" : -2.0483917285717226,
	"x" : -0.22815632866235608,
	"y" : 0.032981457654957982,
	"yaw" : -0.74841814568250886,
	"z" : -0.13342927733384047
}
