{
	"pitch" : 0.97220317959450264,
	"roll" : 0.12907088380310658,
	"x" : -0.2658274887981924,
	"y" : 0.012250817047072642,
	"yaw" : 1.3635780949455532,
	"z" : -0.076227874452931499
}
