{
	"pitch" : 1.4693211758979738,
	"roll" : -0.43897373309223409,
	"x" : -0.23909608928388598,
	"y" : 0.20405030867877416,
	"yaw" : 0.9191777418033934,
	"z" : -0.13216275759954699
}
