{
	"pitch" : 0.96940864013133421,
	"roll" : 0.12245777381459333,
	"x" : -0.25893933021618021,
	"y" : 0.011078332082196475,
	"yaw" : 1.3483285597917611,
	"z" : -0.052949088364204339
}
