{
	"pitch" : 0.9637640027813823,
	"roll" : 0.083148482406074489,
	"x" : -0.26627812308995696,
	"y" : 0.0095563910606633329,
	"yaw" : 1.3502502943992676,
	"z" : -0.080469263835462851
}
