{
	"pitch" : 1.503886943389338,
	"roll" : -1.9715278812802763,
	"x" : -0.23344134063004099,
	"y" : 0.028355065142570496,
	"yaw" : -0.69303971229886996,
	"z" : -0.15260693697370242
}
