{
	"pitch" : 1.4798529063873305,
	"roll" : -2.3193871008352458,
	"x" : -0.22901701348786735,
	"y" : 0.031205228635506413,
	"yaw" : -1.0354258322751173,
	"z" : -0.14569769505998373
}
