{
	"pitch" : 1.340127606408231,
	"roll" : -0.024492046818515103,
	"x" : -0.24231179070125947,
	"y" : 0.17798688910081586,
	"yaw" : 1.3158150360856464,
	"z" : -0.10977233889050661
}
