{
	"pitch" : 0.96337138109459908,
	"roll" : 0.12916689389369496,
	"x" : -0.26006185945337162,
	"y" : 0.012573186124469535,
	"yaw" : 1.3626699404963087,
	"z" : -0.053631617904465773
}
