{
	"pitch" : 1.4630281217811039,
	"roll" : -0.62406384413300442,
	"x" : -0.23296643306055967,
	"y" : 0.20654431713519328,
	"yaw" : 0.72401281586028432,
	"z" : -0.13151011241066951
}
