{
	"pitch" : 0.91305355941782651,
	"roll" : 0.056625340497595218,
	"x" : -0.24812290205511459,
	"y" : 0.061840525884324905,
	"yaw" : 1.3241174426254521,
	"z" : -0.049813669946780187
}
