{
	"pitch" : 0.91487518214958163,
	"roll" : 0.056769072718741716,
	"x" : -0.24784087913397418,
	"y" : 0.063185485137962571,
	"yaw" : 1.3261761030919657,
	"z" : -0.049207418855118118
}
