{
	"pitch" : 1.1175541354518093,
	"roll" : -0.0060037190187946735,
	"x" : -0.24316763273441058,
	"y" : 0.13089045504544505,
	"yaw" : 1.341743674237597,
	"z" : -0.067877063042663832
}
