{
	"pitch" : 0.94873678136417039,
	"roll" : 0.092653822211986175,
	"x" : -0.25896363348922946,
	"y" : 0.014230323809324465,
	"yaw" : 1.3187616837885081,
	"z" : -0.069599744117460838
}
