{
	"pitch" : 1.2268500445047335,
	"roll" : -0.061198046397931978,
	"x" : -0.24395328198787067,
	"y" : 0.18946101216256026,
	"yaw" : 1.32522907803607,
	"z" : -0.05332747097910237
}
