{
	"pitch" : 1.4476541643096319,
	"roll" : -0.57866893114488493,
	"x" : -0.23178178398361954,
	"y" : 0.20793234072119629,
	"yaw" : 0.78879310161094529,
	"z" : -0.12875654286461141
}
