{
	"pitch" : 1.5048773063456682,
	"roll" : -1.8839490418541192,
	"x" : -0.2334461331548178,
	"y" : 0.028688679363510355,
	"yaw" : -0.60563045554321582,
	"z" : -0.15161586305312291
}
