{
	"pitch" : 1.4540139085770769,
	"roll" : -0.56848196675862539,
	"x" : -0.2324584507083477,
	"y" : 0.20674921688215886,
	"yaw" : 0.79979373453620795,
	"z" : -0.13084315653425316
}
