{
	"pitch" : 1.4158515946247703,
	"roll" : 0.29930612860082306,
	"x" : -0.24799367328383959,
	"y" : 0.039157038056929383,
	"yaw" : 1.5761134466581534,
	"z" : -0.10706187578860016
}
