{
	"pitch" : 1.5039896077711317,
	"roll" : -1.966180563564401,
	"x" : -0.23333056063080129,
	"y" : 0.028466864486919083,
	"yaw" : -0.68779368375284033,
	"z" : -0.15199620591736845
}
