{
	"pitch" : 0.97410304295738825,
	"roll" : -0.081463029639614076,
	"x" : -0.27420071406386509,
	"y" : -0.04170633429201643,
	"yaw" : 0.94578019911363531,
	"z" : -0.083433863705802913
}
