{
	"pitch" : 1.4622878798776184,
	"roll" : -0.41553295954439007,
	"x" : -0.23560244631794433,
	"y" : 0.20735464378816307,
	"yaw" : 0.95558402739393677,
	"z" : -0.129567536448943
}
