{
	"pitch" : 1.3223889380104561,
	"roll" : 0.27473498126944118,
	"x" : -0.24879355014345839,
	"y" : 0.039137241069995735,
	"yaw" : 1.5318640104571548,
	"z" : -0.094118685046861994
}
