{
	"pitch" : 1.4964820369914509,
	"roll" : -1.5890457109558838,
	"x" : -0.23336356683588391,
	"y" : 0.028649653621726084,
	"yaw" : -0.31403487389911006,
	"z" : -0.14815118028944338
}
