{
	"pitch" : 0.98894549560457035,
	"roll" : -0.034275320270907232,
	"x" : -0.27674172372209815,
	"y" : -0.051018228997468336,
	"yaw" : 0.92835310783332725,
	"z" : -0.093785358482486245
}
