{
	"pitch" : 1.0566670233610014,
	"roll" : -0.14688773033154462,
	"x" : -0.2598730749929497,
	"y" : -0.028429626802349915,
	"yaw" : 0.91334845753332594,
	"z" : -0.079410745407392028
}
