{
	"pitch" : 0.9798098308341382,
	"roll" : 0.097941694606842308,
	"x" : -0.27624525008418072,
	"y" : 0.081422094215655993,
	"yaw" : 1.3245062200725461,
	"z" : -0.030377502904361503
}
