{
	"pitch" : 0.99613182463751859,
	"roll" : -0.11131693671951412,
	"x" : -0.27077033243870019,
	"y" : -0.040213347925284443,
	"yaw" : 0.92692114577601425,
	"z" : -0.081984951913324194
}
