{
	"pitch" : 1.4783759010220516,
	"roll" : -0.56073952705720953,
	"x" : -0.23629365574891123,
	"y" : 0.20506592095662207,
	"yaw" : 0.78764178897935688,
	"z" : -0.13393374920176868
}
