{
	"pitch" : 1.1962344174855395,
	"roll" : 0.21166900053610832,
	"x" : -0.25232918384182662,
	"y" : 0.032737433519162834,
	"yaw" : 1.4522265532015219,
	"z" : -0.083741350211811186
}
