{
	"pitch" : 1.4191178156198516,
	"roll" : -0.036845548613960104,
	"x" : -0.22938877893490339,
	"y" : 0.19716587737423119,
	"yaw" : 1.3136045050228524,
	"z" : -0.095889621171209041
}
