{
	"pitch" : 0.96148183575774304,
	"roll" : -0.054642154863782967,
	"x" : -0.27685649452072275,
	"y" : -0.04710172706891997,
	"yaw" : 0.93833945789800954,
	"z" : -0.089526717715250795
}
