{
	"pitch" : 1.1959142615990874,
	"roll" : -0.0092605295491960116,
	"x" : -0.24424058968490928,
	"y" : 0.14856121798982902,
	"yaw" : 1.3433737775867072,
	"z" : -0.082152730955466435
}
