{
	"pitch" : 0.99268677378731673,
	"roll" : 0.025832972073053156,
	"x" : -0.26606057179766374,
	"y" : 0.071778502054297547,
	"yaw" : 1.1963250831714674,
	"z" : -0.032719429628911556
}
