{
	"pitch" : 1.0933562018230738,
	"roll" : 0.0030966873911562492,
	"x" : -0.24241011949041713,
	"y" : 0.12269712216981907,
	"yaw" : 1.3473679210176612,
	"z" : -0.06057702804257209
}
