{
	"pitch" : 1.2566223659872031,
	"roll" : -0.25995584059192495,
	"x" : -0.25259566216595608,
	"y" : -0.0077127977672036448,
	"yaw" : 0.8979864913607114,
	"z" : -0.10305739369874202
}
