{
	"pitch" : 1.4333796098277887,
	"roll" : 0.2933609292824747,
	"x" : -0.24732224664118302,
	"y" : 0.038805263896486912,
	"yaw" : 1.5720281362106581,
	"z" : -0.10951318590129232
}
