{
	"pitch" : 1.5009085650094294,
	"roll" : -1.8053171449488246,
	"x" : -0.23350550251991378,
	"y" : 0.028410521798617874,
	"yaw" : -0.52658359762918561,
	"z" : -0.15029121056360401
}
