{
	"pitch" : 1.1265702169322274,
	"roll" : -0.16218066516616991,
	"x" : -0.25557256595909988,
	"y" : -0.020033625256334259,
	"yaw" : 0.93138522884016672,
	"z" : -0.084457678891064369
}
