{
	"pitch" : 1.4507230671829425,
	"roll" : -0.56033243301782742,
	"x" : -0.2322958865066557,
	"y" : 0.20746334691872045,
	"yaw" : 0.80786514870863169,
	"z" : -0.13112173540733843
}
