{
	"pitch" : 1.4459530411380397,
	"roll" : -0.24624524751641247,
	"x" : -0.23961552706837846,
	"y" : 0.20477545606587585,
	"yaw" : 1.1433454668706928,
	"z" : -0.118310471212661
}
