{
	"pitch" : 1.2673252328498521,
	"roll" : -0.0010464721583346686,
	"x" : -0.24506088007344567,
	"y" : 0.15920983758664187,
	"yaw" : 1.3496313610847275,
	"z" : -0.096138636178243447
}
