{
	"pitch" : 1.4691444354002452,
	"roll" : -0.49997705984398449,
	"x" : -0.23635792833115302,
	"y" : 0.20582303381662354,
	"yaw" : 0.84716046924110855,
	"z" : -0.13225499113003314
}
