{
	"pitch" : 1.0410152731936499,
	"roll" : 0.14370229519606192,
	"x" : -0.25147215598754624,
	"y" : 0.064213529220872173,
	"yaw" : 1.3044055116507418,
	"z" : -0.045008676165568889
}
