{
	"pitch" : 1.4472987712855874,
	"roll" : -0.57876304119809785,
	"x" : -0.23178012633745587,
	"y" : 0.20790601014921781,
	"yaw" : 0.78867229761699331,
	"z" : -0.12925580910472739
}
