{
	"pitch" : 0.96699602723026634,
	"roll" : 0.095983578082635759,
	"x" : -0.27525950607999,
	"y" : 0.084147345362396209,
	"yaw" : 1.3263834729768758,
	"z" : -0.031111606560215943
}
