{
	"pitch" : 1.0271902816952729,
	"roll" : 0.0035334576240261457,
	"x" : -0.27369177171146025,
	"y" : -0.053233756859223998,
	"yaw" : 0.94927569546225832,
	"z" : -0.087743318431659334
}
