{
	"pitch" : 0.95078311590850995,
	"roll" : 0.09876547735919787,
	"x" : -0.25936166013701467,
	"y" : 0.013881972458385822,
	"yaw" : 1.3208296202199183,
	"z" : -0.0697240261535748
}
