{
	"pitch" : 1.4606020678502813,
	"roll" : 0.24680506382468984,
	"x" : -0.24627934245970609,
	"y" : 0.038354735409164523,
	"yaw" : 1.5312729285988862,
	"z" : -0.11473359100176372
}
