{
	"pitch" : 1.1759415879917035,
	"roll" : 0.20942941689060524,
	"x" : -0.25318784796316018,
	"y" : 0.030781725499099057,
	"yaw" : 1.4476656196255788,
	"z" : -0.082059526015043099
}
