{
	"pitch" : 1.052346107111352,
	"roll" : 0.022892622867878104,
	"x" : -0.2726835120014538,
	"y" : -0.055352476218568494,
	"yaw" : 0.94516569373667791,
	"z" : -0.081375091019731005
}
