{
	"pitch" : 1.4738370460128742,
	"roll" : -1.1549629212166856,
	"x" : -0.2344614476565316,
	"y" : 0.027407815626336721,
	"yaw" : 0.1094012332428954,
	"z" : -0.14255980378371289
}
