{
	"pitch" : 1.1138187432402129,
	"roll" : -0.1546853304514664,
	"x" : -0.25595064669389822,
	"y" : -0.021345139753439789,
	"yaw" : 0.93130117812318614,
	"z" : -0.082531210140629363
}
