{
	"pitch" : 1.4696202639011138,
	"roll" : -0.52145973381241628,
	"x" : -0.23822025360034743,
	"y" : 0.20477028662192237,
	"yaw" : 0.83340043711465728,
	"z" : -0.13240362962821303
}
