{
	"pitch" : 1.1621735652263439,
	"roll" : 0.20579473844479176,
	"x" : -0.25379917448294798,
	"y" : 0.029773844924228524,
	"yaw" : 1.4425510605299818,
	"z" : -0.08183846527435093
}
