{
	"pitch" : 1.00199320962687,
	"roll" : 0.058394105844933757,
	"x" : -0.2689069018388025,
	"y" : 0.068589038978585426,
	"yaw" : 1.2122575621335197,
	"z" : -0.038011999506542743
}
