{
	"pitch" : 0.97677757096663675,
	"roll" : 0.071921256388486732,
	"x" : -0.26651398526199593,
	"y" : 0.0076472274863447834,
	"yaw" : 1.329922922886958,
	"z" : -0.081201034514909967
}
