{
	"pitch" : 1.2450886343392138,
	"roll" : -0.24886200990681487,
	"x" : -0.25321956968467224,
	"y" : -0.010056543489804387,
	"yaw" : 0.90115341063073295,
	"z" : -0.10001746659944594
}
