{
	"pitch" : 0.90521022077707647,
	"roll" : 0.061290932605763945,
	"x" : -0.25323241337386559,
	"y" : 0.043033536616462573,
	"yaw" : 1.3171260103466185,
	"z" : -0.055947124325433889
}
