{
	"pitch" : 1.4771405158533668,
	"roll" : -2.4239380013768987,
	"x" : -0.22816270978540382,
	"y" : 0.029536419053561483,
	"yaw" : -1.1299328858425162,
	"z" : -0.14280903000148856
}
