{
	"pitch" : 0.97626164411995975,
	"roll" : 0.076186749544559812,
	"x" : -0.26950968569121225,
	"y" : 0.081464814295400256,
	"yaw" : 1.3014333782068079,
	"z" : -0.020957513072418665
}
