{
	"pitch" : 0.91049815793191879,
	"roll" : 0.071896232923620629,
	"x" : -0.25689917376278065,
	"y" : 0.028962338531428954,
	"yaw" : 1.3127089404075849,
	"z" : -0.062004908148670157
}
