{
	"pitch" : 1.4577759740549263,
	"roll" : -0.34721532251251691,
	"x" : -0.23659887398619517,
	"y" : 0.20838020608198854,
	"yaw" : 1.0283206702748404,
	"z" : -0.12793293367363412
}
