{
	"pitch" : 1.4683593066275591,
	"roll" : -0.50272520918271235,
	"x" : -0.23695981706070404,
	"y" : 0.20565435762327991,
	"yaw" : 0.8464107163692115,
	"z" : -0.13231779990834311
}
