{
	"pitch" : 1.0902479531773379,
	"roll" : 0.18377294114563639,
	"x" : -0.25639112541292741,
	"y" : 0.025455251569428239,
	"yaw" : 1.4162538369180069,
	"z" : -0.07679286034931683
}
