{
	"pitch" : 1.4765671701953376,
	"roll" : -2.4436635131079392,
	"x" : -0.22896329160347245,
	"y" : 0.029543462566505543,
	"yaw" : -1.1487396653862958,
	"z" : -0.14380880737233934
}
