{
	"pitch" : 1.426865721067315,
	"roll" : -0.8821402729078156,
	"x" : -0.23824616520528349,
	"y" : 0.021143708544038811,
	"yaw" : 0.37107294061073942,
	"z" : -0.1378778445330695
}
