{
	"pitch" : 1.0188274160020425,
	"roll" : -0.0015665302548310328,
	"x" : -0.27435931569997146,
	"y" : -0.052767163488024682,
	"yaw" : 0.94655990573170856,
	"z" : -0.089090035728818781
}
