{
	"pitch" : 0.96634694091283702,
	"roll" : 0.10460110264310378,
	"x" : -0.27616985642614572,
	"y" : 0.082626999461427014,
	"yaw" : 1.333315741287916,
	"z" : -0.030988198618729756
}
