{
	"pitch" : 1.4677123114106148,
	"roll" : -0.51055405831776879,
	"x" : -0.23715274821471513,
	"y" : 0.20552317630387751,
	"yaw" : 0.83921469923110981,
	"z" : -0.13305241296485876
}
