{
	"pitch" : 0.97209227265970233,
	"roll" : 0.13062695446421316,
	"x" : -0.26530763465585505,
	"y" : 0.01248843702859169,
	"yaw" : 1.3653987504814618,
	"z" : -0.0747449136087667
}
