{
	"pitch" : 1.4480195543095138,
	"roll" : -0.57894766858202473,
	"x" : -0.23212738288789786,
	"y" : 0.20774642286718686,
	"yaw" : 0.78862565188540357,
	"z" : -0.13090602695658957
}
