{
	"pitch" : 1.3733276346516481,
	"roll" : -0.16997414461882659,
	"x" : -0.24127562026933161,
	"y" : 0.20186009066894264,
	"yaw" : 1.2294525105441045,
	"z" : -0.095458869890551398
}
