{
	"pitch" : 0.9794219097881266,
	"roll" : 0.094137319434898004,
	"x" : -0.27687547733129431,
	"y" : 0.080762204723689807,
	"yaw" : 1.3199231575869033,
	"z" : -0.033298411194907146
}
