{
	"pitch" : 1.0903755302226159,
	"roll" : -0.14584235718399141,
	"x" : -0.2572036295458604,
	"y" : -0.024010993761276463,
	"yaw" : 0.92777330994945795,
	"z" : -0.080585120958282755
}
