{
	"pitch" : 1.2600621593893779,
	"roll" : -7.4734011119990867e-05,
	"x" : -0.24462813354514945,
	"y" : 0.1582756461109987,
	"yaw" : 1.3504262875236048,
	"z" : -0.092739400702403121
}
