{
	"pitch" : 0.97131859661114128,
	"roll" : 0.09119672895510432,
	"x" : -0.27532157533785151,
	"y" : 0.084698452798307261,
	"yaw" : 1.3282344307777285,
	"z" : -0.030381555744969979
}
