{
	"pitch" : 1.4692732569936124,
	"roll" : -0.31559682925112753,
	"x" : -0.23787216834896283,
	"y" : 0.2055804882586266,
	"yaw" : 1.069641101966303,
	"z" : -0.12810903654419825
}
