{
	"pitch" : 1.5096225592027834,
	"roll" : -0.16671344130675375,
	"x" : -0.24204285551543941,
	"y" : 0.038397508989460233,
	"yaw" : 1.1298782243905521,
	"z" : -0.12555300109471812
}
