{
	"pitch" : 1.2951258993747878,
	"roll" : -0.33866100619198147,
	"x" : -0.24906616417880456,
	"y" : -0.0008891631077654269,
	"yaw" : 0.83883885788115642,
	"z" : -0.10860161513855904
}
