{
	"pitch" : 1.0064419790955064,
	"roll" : -0.13436961225055385,
	"x" : -0.26459818425751652,
	"y" : -0.035401651702825596,
	"yaw" : 0.91549327508666045,
	"z" : -0.078742240657689214
}
