{
	"pitch" : 1.4747686327253253,
	"roll" : -0.33587542962219491,
	"x" : -0.23832203072341698,
	"y" : 0.20517132879969896,
	"yaw" : 1.0486570698875077,
	"z" : -0.12935019264260009
}
