{
	"pitch" : 1.5075784009156934,
	"roll" : -2.3194193067331721,
	"x" : -0.23550216911546082,
	"y" : 0.026555974856691297,
	"yaw" : -1.0429166263070386,
	"z" : -0.15515227444465721
}
