{
	"pitch" : 0.97306637344900904,
	"roll" : 0.094297227738364811,
	"x" : -0.26391237111056881,
	"y" : 0.08378550310270963,
	"yaw" : 1.3144767788436824,
	"z" : -0.0099268078498356005
}
