{
	"pitch" : 1.315946191439515,
	"roll" : -0.36862069475476206,
	"x" : -0.24804887417418944,
	"y" : 0.0015593941352058036,
	"yaw" : 0.81684643097467846,
	"z" : -0.11068337493043411
}
