{
	"pitch" : 1.4692001806371908,
	"roll" : -0.49949058735175372,
	"x" : -0.23642613061098824,
	"y" : 0.20577310929464013,
	"yaw" : 0.84760948219476362,
	"z" : -0.13287522619110237
}
