{
	"pitch" : 1.2291194067924702,
	"roll" : -0.06309695139785497,
	"x" : -0.24382169622816183,
	"y" : 0.18984232489942343,
	"yaw" : 1.3236219593565595,
	"z" : -0.053510019864635133
}
