{
	"pitch" : 1.0551367560293496,
	"roll" : 0.022398209578618253,
	"x" : -0.27289882670221854,
	"y" : -0.055728648959128331,
	"yaw" : 0.94432241023726715,
	"z" : -0.081580970062484701
}
