{
	"pitch" : 1.0437100226190859,
	"roll" : 0.013477621014341854,
	"x" : -0.27228713920250613,
	"y" : -0.054703558339646768,
	"yaw" : 0.94534231964550686,
	"z" : -0.083434663480519602
}
