{
	"pitch" : 1.4965714516559421,
	"roll" : -2.5377206450889251,
	"x" : -0.23413454776979165,
	"y" : 0.028577644927117993,
	"yaw" : -1.2615827913102138,
	"z" : -0.14134648799468866
}
