{
	"pitch" : 1.5033247788592898,
	"roll" : -1.8376423034036218,
	"x" : -0.23338793181970074,
	"y" : 0.028772969816934169,
	"yaw" : -0.5591988594093682,
	"z" : -0.15055478225986643
}
