{
	"pitch" : 1.3890441883186693,
	"roll" : -0.19443495243736386,
	"x" : -0.24088804827787105,
	"y" : 0.20249929317814669,
	"yaw" : 1.2047749811450883,
	"z" : -0.09999827261426858
}
