{
	"pitch" : 1.4994982837502839,
	"roll" : -2.5239258123344803,
	"x" : -0.23414921273550943,
	"y" : 0.02872689387719117,
	"yaw" : -1.2483313267583565,
	"z" : -0.14083584670369936
}
