{
	"pitch" : 0.97590549940036642,
	"roll" : 0.08445864941736661,
	"x" : -0.27561642443638934,
	"y" : 0.087276667361267712,
	"yaw" : 1.3346943487488165,
	"z" : -0.030004475436620492
}
