{
	"pitch" : 0.99388257441204975,
	"roll" : 0.043520337121309427,
	"x" : -0.26793678880875271,
	"y" : 0.071326459553348071,
	"yaw" : 1.2079256628753661,
	"z" : -0.034937664427345999
}
