{
	"pitch" : 1.5062633668520591,
	"roll" : -2.3359541940695268,
	"x" : -0.23551665403262415,
	"y" : 0.026551067344899537,
	"yaw" : -1.0594412406409259,
	"z" : -0.1554006896469515
}
