{
	"pitch" : 1.5037124817930325,
	"roll" : -1.8437652719940449,
	"x" : -0.23361216354545045,
	"y" : 0.028657141061421462,
	"yaw" : -0.56530739309569744,
	"z" : -0.15183135895078956
}
