{
	"pitch" : 0.96248073348461893,
	"roll" : 0.054830373406126245,
	"x" : -0.26596023997702095,
	"y" : 0.0083173651179032221,
	"yaw" : 1.3128989186682511,
	"z" : -0.079715679534206205
}
