{
	"pitch" : 1.1823240749701796,
	"roll" : 0.21081717907629721,
	"x" : -0.25283636232842088,
	"y" : 0.031308219832353934,
	"yaw" : 1.4495380201859898,
	"z" : -0.082198615936643765
}
