{
	"pitch" : 0.96418514919870557,
	"roll" : 0.055687845589403574,
	"x" : -0.27350507713888411,
	"y" : 0.091843098700770454,
	"yaw" : 1.3172598989672171,
	"z" : -0.025570167168592589
}
