{
	"pitch" : 1.4221288719010901,
	"roll" : -0.038955784864790351,
	"x" : -0.22901004446932469,
	"y" : 0.19760338222391738,
	"yaw" : 1.3115122124235332,
	"z" : -0.097363466090122114
}
