{
	"pitch" : 1.1773684663476256,
	"roll" : -0.016140903062487857,
	"x" : -0.24338241329785146,
	"y" : 0.14555605335360872,
	"yaw" : 1.3358855268175143,
	"z" : -0.077366038840624707
}
