{
	"pitch" : 0.9682970148531227,
	"roll" : 0.063526738904959426,
	"x" : -0.27403455886995154,
	"y" : 0.090891096883075451,
	"yaw" : 1.3224787244477667,
	"z" : -0.025975199813741828
}
