{
	"pitch" : 1.2381468891014058,
	"roll" : -0.24411330686554084,
	"x" : -0.25353943652226363,
	"y" : -0.01101763264616647,
	"yaw" : 0.90337606340780452,
	"z" : -0.099885217471327434
}
