{
	"pitch" : 1.4840267614058711,
	"roll" : -2.5280155548543792,
	"x" : -0.22763210149490085,
	"y" : 0.031153843563326372,
	"yaw" : -1.2256985563546994,
	"z" : -0.13334860057302744
}
