{
	"pitch" : 1.0588790389603826,
	"roll" : 0.028076911419710918,
	"x" : -0.2737617838101003,
	"y" : -0.055626891851704274,
	"yaw" : 0.95334778327452696,
	"z" : -0.082171045702443379
}
