{
	"pitch" : 1.4728698664184443,
	"roll" : -0.50376700778956285,
	"x" : -0.23655015416877503,
	"y" : 0.20546125713395186,
	"yaw" : 0.84304521673160715,
	"z" : -0.13400051667235247
}
