{
	"pitch" : 1.5331434073613277,
	"roll" : -0.67032381396423479,
	"x" : -0.24048047114368543,
	"y" : 0.037896625355535257,
	"yaw" : 0.63344855456898586,
	"z" : -0.1322867197879885
}
