{
	"pitch" : 1.2713237811200393,
	"roll" : -0.29537888294482056,
	"x" : -0.2508762519725809,
	"y" : -0.0045393054818873638,
	"yaw" : 0.87085071448592755,
	"z" : -0.10610249935974007
}
