{
	"pitch" : 1.4809119611773534,
	"roll" : -2.4195129307884873,
	"x" : -0.22634570210028401,
	"y" : 0.027223889972194451,
	"yaw" : -1.1141815429942157,
	"z" : -0.14558204786735771
}
