{
	"pitch" : 0.98747349633496984,
	"roll" : -0.015289420298614348,
	"x" : -0.26168579795114288,
	"y" : 0.072348232686542571,
	"yaw" : 1.1549773925786453,
	"z" : -0.028697511388172336
}
