{
	"pitch" : 1.1202212015694517,
	"roll" : 0.023916529216549087,
	"x" : -0.24842993515314027,
	"y" : 0.16378719837994143,
	"yaw" : 1.3808867183640776,
	"z" : -0.026389540767403519
}
