{
	"pitch" : 1.5002683694186536,
	"roll" : -1.7566064072333412,
	"x" : -0.23343581343230721,
	"y" : 0.02850310489291169,
	"yaw" : -0.47860892404435745,
	"z" : -0.14897708596443091
}
