{
	"pitch" : 1.250927171299643,
	"roll" : -0.25091592454032341,
	"x" : -0.25284648615295335,
	"y" : -0.0089865678801802594,
	"yaw" : 0.9016865232820076,
	"z" : -0.099966654943526981
}
