{
	"pitch" : 1.4558000471471089,
	"roll" : -0.31084423274792067,
	"x" : -0.23716116855010916,
	"y" : 0.20890886793574728,
	"yaw" : 1.0671628303294138,
	"z" : -0.12632873657774979
}
