{
	"pitch" : 1.0291590242488242,
	"roll" : 0.0035007779920352058,
	"x" : -0.27356561646848615,
	"y" : -0.053182171941642035,
	"yaw" : 0.94879009622447996,
	"z" : -0.087780522311950701
}
