{
	"pitch" : 1.1075922583746858,
	"roll" : -0.15137537502476692,
	"x" : -0.2566038350094445,
	"y" : -0.022264755290352944,
	"yaw" : 0.93126697368184064,
	"z" : -0.082774924382270354
}
