{
	"pitch" : 1.2732713018446897,
	"roll" : 0.27432579900560994,
	"x" : -0.25011372915985652,
	"y" : 0.037036685872591131,
	"yaw" : 1.5226738566729301,
	"z" : -0.088907414971619858
}
