{
	"pitch" : 1.0512618993404468,
	"roll" : 0.022869174918540611,
	"x" : -0.27254466235474384,
	"y" : -0.055168730260182763,
	"yaw" : 0.94508198031764556,
	"z" : -0.081378154348676679
}
