{
	"pitch" : 1.4781837800352537,
	"roll" : -0.56807268275232803,
	"x" : -0.23319155020105076,
	"y" : 0.20575100072351282,
	"yaw" : 0.78396301046061079,
	"z" : -0.13232055762692213
}
