{
	"pitch" : 0.97937692156481881,
	"roll" : 0.071335165785010646,
	"x" : -0.26732123722925549,
	"y" : 0.007198455659139999,
	"yaw" : 1.3363573439541254,
	"z" : -0.083242061853636765
}
