{
	"pitch" : 0.98296472289894243,
	"roll" : 0.14293557716274091,
	"x" : -0.26457056170057491,
	"y" : 0.014766685825339371,
	"yaw" : 1.3809055039051479,
	"z" : -0.075519916075908827
}
