{
	"pitch" : 0.96635113549477836,
	"roll" : 0.097029915762427879,
	"x" : -0.27522526200115927,
	"y" : 0.084025976507245609,
	"yaw" : 1.3270550888953143,
	"z" : -0.030086762750735768
}
