{
	"pitch" : 0.96154274871142398,
	"roll" : 0.054069574929137949,
	"x" : -0.263946713054729,
	"y" : 0.0085964673308740955,
	"yaw" : 1.3150755701951686,
	"z" : -0.077388115272511521
}
