{
	"pitch" : 1.4802330757035653,
	"roll" : -2.314091044329261,
	"x" : -0.2287089978917638,
	"y" : 0.031224471331418618,
	"yaw" : -1.0302586549117771,
	"z" : -0.14528962042481192
}
