{
	"pitch" : 0.96840498921695195,
	"roll" : 0.125160683641446,
	"x" : -0.25915033364189871,
	"y" : 0.011324452263528031,
	"yaw" : 1.3503880982048102,
	"z" : -0.052810623724601491
}
