{
	"pitch" : 1.3217263965335226,
	"roll" : 0.0044232541217116587,
	"x" : -0.243934576123949,
	"y" : 0.17069794854718112,
	"yaw" : 1.3510155049287262,
	"z" : -0.10563927333324773
}
