{
	"pitch" : 0.9973406416004218,
	"roll" : 0.042164173605924525,
	"x" : -0.26596825192027318,
	"y" : 0.11197791967418458,
	"yaw" : 1.3497899287028705,
	"z" : -0.017162430580340393
}
