{
	"pitch" : 0.97234303221008833,
	"roll" : 0.069303830929695845,
	"x" : -0.27294423859822725,
	"y" : 0.080136652789912471,
	"yaw" : 1.2965755476727741,
	"z" : -0.027164792455521836
}
