{
	"pitch" : 0.97132880139685895,
	"roll" : 0.12501467440383709,
	"x" : -0.26767106424796738,
	"y" : 0.011452594613784454,
	"yaw" : 1.3592369465016372,
	"z" : -0.080512453647443305
}
