{
	"pitch" : 1.499458816953265,
	"roll" : -2.4714115420560323,
	"x" : -0.23376889270215934,
	"y" : 0.028102330055225097,
	"yaw" : -1.1951778961384256,
	"z" : -0.14143165835622196
}
