{
	"pitch" : 0.91940823661530735,
	"roll" : 0.056470177445935132,
	"x" : -0.2473572036541975,
	"y" : 0.066672857036572566,
	"yaw" : 1.3300937539694231,
	"z" : -0.048548905746889998
}
