{
	"pitch" : 1.500494793416425,
	"roll" : -2.4766705868085612,
	"x" : -0.23385912558697053,
	"y" : 0.028072387568907092,
	"yaw" : -1.200967366375179,
	"z" : -0.13990253535071817
}
