{
	"pitch" : 1.4860004774118341,
	"roll" : -2.521091465764755,
	"x" : -0.22710236688410704,
	"y" : 0.032061356391847734,
	"yaw" : -1.2214580310797536,
	"z" : -0.13300205663764905
}
