{
	"pitch" : 1.5364357179514325,
	"roll" : -1.1770878844584591,
	"x" : -0.23888171430414534,
	"y" : 0.037122134336955992,
	"yaw" : 0.12712354598329292,
	"z" : -0.13420784940892183
}
