{
	"pitch" : 1.0015444094835346,
	"roll" : 0.064822991565745613,
	"x" : -0.27004094257426042,
	"y" : 0.068544203500387063,
	"yaw" : 1.2231672186269253,
	"z" : -0.039056797909886309
}
