{
	"pitch" : 0.99334925198453161,
	"roll" : -0.10114006910334797,
	"x" : -0.27163418549464757,
	"y" : -0.040832135227181147,
	"yaw" : 0.93177225506174166,
	"z" : -0.081664229791771459
}
