{
	"pitch" : 0.95379973350477065,
	"roll" : 0.099042344919555977,
	"x" : -0.25925274673447107,
	"y" : 0.013428068575049235,
	"yaw" : 1.3203329846479783,
	"z" : -0.069228532007360843
}
