{
	"pitch" : 1.4663467423876766,
	"roll" : -0.52626555071642789,
	"x" : -0.23450060784014087,
	"y" : 0.2077372990925857,
	"yaw" : 0.81632249505076793,
	"z" : -0.13099324013659769
}
