{
	"pitch" : 1.4556740917516924,
	"roll" : -0.57639135371049688,
	"x" : -0.23317372321572799,
	"y" : 0.20595588399515166,
	"yaw" : 0.79202404837938956,
	"z" : -0.1346620295817679
}
