{
	"pitch" : 0.97377497831168758,
	"roll" : 0.091297542336914311,
	"x" : -0.26533633598666251,
	"y" : 0.08333388619782009,
	"yaw" : 1.3113601885869344,
	"z" : -0.013867759167371263
}
