{
	"pitch" : 1.0007893634285006,
	"roll" : 0.05439611077175513,
	"x" : -0.26834912495565871,
	"y" : 0.069221357456399416,
	"yaw" : 1.2080711286201691,
	"z" : -0.037234183855295477
}
