{
	"pitch" : 1.4859688826532473,
	"roll" : -2.5187289622036833,
	"x" : -0.22919162039924457,
	"y" : 0.031990311167122892,
	"yaw" : -1.2249730950001296,
	"z" : -0.13615558747985279
}
