{
	"pitch" : 1.4559975227458348,
	"roll" : -0.31545197467645708,
	"x" : -0.23716411142058533,
	"y" : 0.20880439548297386,
	"yaw" : 1.0621502365254274,
	"z" : -0.12712479416174216
}
