{
	"pitch" : 1.5043615554761078,
	"roll" : -1.9408241356357929,
	"x" : -0.23333366998666405,
	"y" : 0.028529940088585462,
	"yaw" : -0.66253299561631152,
	"z" : -0.15176135989012832
}
