{
	"pitch" : 1.5016528847669861,
	"roll" : -2.5013848021872458,
	"x" : -0.2339654067369254,
	"y" : 0.028996884944640922,
	"yaw" : -1.2272146217294195,
	"z" : -0.14020303123561309
}
