{
	"pitch" : 1.3082418677194203,
	"roll" : 0.27866179829165849,
	"x" : -0.24937975008334937,
	"y" : 0.038498312472698984,
	"yaw" : 1.5328478429408672,
	"z" : -0.093530833023896906
}
