{
	"pitch" : 1.34924598792783,
	"roll" : -0.073560259141342746,
	"x" : -0.24058320242253842,
	"y" : 0.18186433529175666,
	"yaw" : 1.2653742982528866,
	"z" : -0.11129938771481032
}
