{
	"pitch" : 1.4651140810784047,
	"roll" : -0.26411987943099713,
	"x" : -0.2383847311050121,
	"y" : 0.20562965837350003,
	"yaw" : 1.1180125214532208,
	"z" : -0.12597151963593606
}
