{
	"pitch" : 0.96668431495976626,
	"roll" : 0.13211303905189775,
	"x" : -0.2602659404302044,
	"y" : 0.011782169634712548,
	"yaw" : 1.3637461388564032,
	"z" : -0.052960443904937121
}
