{
	"pitch" : 1.0463272662710241,
	"roll" : 0.015043820866224833,
	"x" : -0.27232399974332133,
	"y" : -0.055018005410020845,
	"yaw" : 0.94653118395232061,
	"z" : -0.082824073659835767
}
