{
	"pitch" : 1.5045788806128646,
	"roll" : -1.9273067698027682,
	"x" : -0.23352425032900601,
	"y" : 0.028387652489280643,
	"yaw" : -0.64890085181121016,
	"z" : -0.15272052795102342
}
