{
	"pitch" : 1.5034471010326318,
	"roll" : -2.1679631198498819,
	"x" : -0.23444281457603111,
	"y" : 0.026567653733040431,
	"yaw" : -0.88879174504147485,
	"z" : -0.15500319608019561
}
