{
	"pitch" : 1.4023736946379,
	"roll" : -0.69900408646689693,
	"x" : -0.24196444408382853,
	"y" : 0.014347146472298969,
	"yaw" : 0.5402698218656421,
	"z" : -0.1356904237770003
}
