{
	"pitch" : 1.0501789135514477,
	"roll" : 0.13670038351336244,
	"x" : -0.25590397174621221,
	"y" : 0.066335061827485498,
	"yaw" : 1.2962879667945939,
	"z" : -0.047194895525378505
}
