{
	"pitch" : 1.500155837309527,
	"roll" : -2.4764153617343312,
	"x" : -0.23385043916359616,
	"y" : 0.028128243353732388,
	"yaw" : -1.2003736869476249,
	"z" : -0.140995615717668
}
