{
	"pitch" : 1.0264138775430145,
	"roll" : -0.13530910874192958,
	"x" : -0.26238111153642996,
	"y" : -0.031998919907623408,
	"yaw" : 0.91489748965586837,
	"z" : -0.077776005795394676
}
