{
	"pitch" : 1.469384350999122,
	"roll" : -0.58725961653163705,
	"x" : -0.23270345036475287,
	"y" : 0.20624758171705349,
	"yaw" : 0.76388982712756648,
	"z" : -0.13189089299641865
}
