{
	"pitch" : 1.0256440396341655,
	"roll" : 0.0029104409362344457,
	"x" : -0.27380202231778544,
	"y" : -0.053295212160785588,
	"yaw" : 0.94840885996481195,
	"z" : -0.087734452076507916
}
