{
	"pitch" : 1.1318797079490461,
	"roll" : 0.010974323133448455,
	"x" : -0.24698540157929805,
	"y" : 0.16766365611633904,
	"yaw" : 1.3704284540029144,
	"z" : -0.028709722602319299
}
