{
	"pitch" : 1.0198768101126656,
	"roll" : 0.14574134542185063,
	"x" : -0.26143825823354822,
	"y" : 0.017655216023541233,
	"yaw" : 1.3921737487899688,
	"z" : -0.075293664209631794
}
