{
	"pitch" : 1.4665358280587504,
	"roll" : -0.52954719984158694,
	"x" : -0.23740096280770012,
	"y" : 0.20523069837472915,
	"yaw" : 0.82273894219857779,
	"z" : -0.13315899370670978
}
