{
	"pitch" : 1.5015049519018377,
	"roll" : -2.1585757286323419,
	"x" : -0.23392759375906902,
	"y" : 0.026513671929393315,
	"yaw" : -0.87645356027686983,
	"z" : -0.15414081740427543
}
