{
	"pitch" : 1.4384498630040707,
	"roll" : -0.10939663911355477,
	"x" : -0.23048477812398588,
	"y" : 0.20021357270716683,
	"yaw" : 1.2422341414405227,
	"z" : -0.1078035520674461
}
