{
	"pitch" : 1.5009311898693571,
	"roll" : -2.4828091253814479,
	"x" : -0.23395109722540516,
	"y" : 0.028135312570796475,
	"yaw" : -1.2068463966167571,
	"z" : -0.14043225013104696
}
