{
	"pitch" : 1.0400119844227222,
	"roll" : 0.051798930700334943,
	"x" : -0.2600943131166783,
	"y" : 0.1273377117841803,
	"yaw" : 1.3714422798070496,
	"z" : -0.017804767817441836
}
