{
	"pitch" : 1.042141383854249,
	"roll" : 0.0128914761192094,
	"x" : -0.27229026093375047,
	"y" : -0.054531848107932254,
	"yaw" : 0.94495731325016397,
	"z" : -0.083759257301589216
}
