{
	"pitch" : 1.4692799575559861,
	"roll" : -0.4358715478755526,
	"x" : -0.23896464409347307,
	"y" : 0.20411137928273781,
	"yaw" : 0.92229605409248916,
	"z" : -0.13148550324168012
}
