{
	"pitch" : 0.95889924195343235,
	"roll" : 0.050507998962879802,
	"x" : -0.27295068931509636,
	"y" : 0.093002877989773775,
	"yaw" : 1.3137265344239422,
	"z" : -0.025375376969553304
}
