{
	"pitch" : 1.2991840728331252,
	"roll" : -0.0008485492850869988,
	"x" : -0.24522905482814952,
	"y" : 0.16465706164284008,
	"yaw" : 1.3480339060415694,
	"z" : -0.10446484678415209
}
