{
	"pitch" : 1.4770649749061138,
	"roll" : -2.3709585842004208,
	"x" : -0.22731311033569215,
	"y" : 0.028229361024255578,
	"yaw" : -1.0793375944799892,
	"z" : -0.15610191334260515
}
