{
	"pitch" : 1.0001318942160786,
	"roll" : 0.08679305335350225,
	"x" : -0.27184057982873822,
	"y" : 0.069248084989992464,
	"yaw" : 1.2535926904434755,
	"z" : -0.039116462534003471
}
