{
	"pitch" : 1.2242323316373369,
	"roll" : 0.23252278833633611,
	"x" : -0.25115421713647273,
	"y" : 0.035052142622337974,
	"yaw" : 1.4717847741726813,
	"z" : -0.085549887832685134
}
