{
	"pitch" : 0.9757111448162743,
	"roll" : 0.081066908532651541,
	"x" : -0.27545561453443373,
	"y" : 0.087873315731017199,
	"yaw" : 1.3338964839442853,
	"z" : -0.029471254946032088
}
