{
	"pitch" : 1.5009885159785019,
	"roll" : -2.4828429043690687,
	"x" : -0.23394261197527727,
	"y" : 0.02813982269744289,
	"yaw" : -1.2068834643939166,
	"z" : -0.14032897704520014
}
