{
	"pitch" : 0.996434665118065,
	"roll" : 0.14263675186165023,
	"x" : -0.26350793237672637,
	"y" : 0.01552303142505292,
	"yaw" : 1.3838406637643974,
	"z" : -0.075453612674566448
}
