{
	"pitch" : 0.90909498063342353,
	"roll" : 0.056684657777994155,
	"x" : -0.24910541352133514,
	"y" : 0.057747841024797145,
	"yaw" : 1.3194363744079973,
	"z" : -0.051831935478233282
}
