{
	"pitch" : 1.4770668884040057,
	"roll" : -2.4326677820768263,
	"x" : -0.22569862270956653,
	"y" : 0.027479791379097618,
	"yaw" : -1.1365080097301223,
	"z" : -0.15214808440666847
}
