{
	"pitch" : 0.96914602638444947,
	"roll" : 0.10955140321730487,
	"x" : -0.25787752245701773,
	"y" : 0.011995374967555494,
	"yaw" : 1.3334147681528223,
	"z" : -0.05716147893539314
}
