{
	"pitch" : 1.4359465013012438,
	"roll" : -0.080317385102383371,
	"x" : -0.23000372006624134,
	"y" : 0.1996090625201819,
	"yaw" : 1.2707499029874101,
	"z" : -0.1054863065860929
}
