{
	"pitch" : 1.310257021962816,
	"roll" : 0.27768907911781521,
	"x" : -0.24916520886001184,
	"y" : 0.038595892375424205,
	"yaw" : 1.5324213128462556,
	"z" : -0.093149280413143853
}
