{
	"pitch" : 1.1608056847144219,
	"roll" : -0.020718328026719485,
	"x" : -0.24346745302355069,
	"y" : 0.14148519734910031,
	"yaw" : 1.3306393388647271,
	"z" : -0.076286250324883703
}
