{
	"pitch" : 0.98183995764138232,
	"roll" : 0.087069085047408484,
	"x" : -0.27655685328209451,
	"y" : 0.080211260042131791,
	"yaw" : 1.3174767448816873,
	"z" : -0.033320328907425312
}
