{
	"pitch" : 1.0402598663278,
	"roll" : 0.1570592979409729,
	"x" : -0.25970254701794149,
	"y" : 0.020030170888803156,
	"yaw" : 1.4011223313718202,
	"z" : -0.074057762889560272
}
