{
	"pitch" : 0.95812060316617953,
	"roll" : 0.10393226275674235,
	"x" : -0.25916420679790841,
	"y" : 0.013194268831732019,
	"yaw" : 1.3214673851909531,
	"z" : -0.067578906457391064
}
