{
	"pitch" : 1.054675238630683,
	"roll" : 0.028339026838265693,
	"x" : -0.27325059223775983,
	"y" : -0.05507140929344867,
	"yaw" : 0.95038897341778539,
	"z" : -0.081923288820161019
}
