{
	"pitch" : 0.98070729670908485,
	"roll" : 0.012290072723446135,
	"x" : -0.26192063210751637,
	"y" : 0.076344230924800985,
	"yaw" : 1.2174508905418144,
	"z" : -0.021734365560396901
}
