{
	"pitch" : 1.4621140283461402,
	"roll" : -0.22590225799771854,
	"x" : -0.23908514290565974,
	"y" : 0.20564421793438054,
	"yaw" : 1.1563687459644121,
	"z" : -0.12546634968601175
}
