{
	"pitch" : 1.468756044491305,
	"roll" : -0.46718381141507276,
	"x" : -0.23878016379982434,
	"y" : 0.20423051424342314,
	"yaw" : 0.89030880241617072,
	"z" : -0.13191923112278253
}
