{
	"pitch" : 1.3100103875146596,
	"roll" : -0.10441025850720115,
	"x" : -0.24266398342998813,
	"y" : 0.19841045984499933,
	"yaw" : 1.2905684561001753,
	"z" : -0.077426338610995224
}
