{
	"pitch" : 1.0131200277906405,
	"roll" : -0.006786016060342597,
	"x" : -0.27513436491769716,
	"y" : -0.051954496738054655,
	"yaw" : 0.94487006721836531,
	"z" : -0.091055376709351682
}
