{
	"pitch" : 0.96545430338516947,
	"roll" : 0.033547268587125582,
	"x" : -0.24352094881818986,
	"y" : 0.087195286686351098,
	"yaw" : 1.3248005830525729,
	"z" : -0.047590500892633336
}
