{
	"pitch" : 1.2530777751736235,
	"roll" : -0.25589312483528787,
	"x" : -0.25250153554910082,
	"y" : -0.008547073197356158,
	"yaw" : 0.90132127170554466,
	"z" : -0.10114158945731942
}
