{
	"pitch" : 1.4661194613926831,
	"roll" : -0.54548658815516105,
	"x" : -0.23423678329450121,
	"y" : 0.20774227401678413,
	"yaw" : 0.79755484103457142,
	"z" : -0.13118052781320233
}
