{
	"pitch" : 0.9732425214380549,
	"roll" : 0.026640592037340299,
	"x" : -0.26862903086082651,
	"y" : 0.10359034157715274,
	"yaw" : 1.3143107038925621,
	"z" : -0.020529844788401641
}
