{
	"pitch" : 1.4534239568794425,
	"roll" : -0.56850609128571961,
	"x" : -0.23234602952705341,
	"y" : 0.206890528414373,
	"yaw" : 0.79966249389102195,
	"z" : -0.13028108396195692
}
