{
	"pitch" : 0.9719284968641575,
	"roll" : 0.12560473435688693,
	"x" : -0.26680644492710404,
	"y" : 0.011744230622768838,
	"yaw" : 1.3595811259358239,
	"z" : -0.078826001104329912
}
