{
	"pitch" : 0.97262413497893463,
	"roll" : 0.10659106552626385,
	"x" : -0.27646137114357489,
	"y" : 0.08154622517785412,
	"yaw" : 1.3356457181381955,
	"z" : -0.030140209602866674
}
