{
	"pitch" : 1.3902034023354253,
	"roll" : 0.27768270078462509,
	"x" : -0.24807082386997206,
	"y" : 0.039431766887882386,
	"yaw" : 1.5493503882293034,
	"z" : -0.1028304526782931
}
