{
	"pitch" : 1.0548456753160311,
	"roll" : 0.15758071157382678,
	"x" : -0.25870279492522796,
	"y" : 0.021213403635818969,
	"yaw" : 1.4031438806575913,
	"z" : -0.076418072556911729
}
