{
	"pitch" : 1.413592797410915,
	"roll" : -0.81556772843335634,
	"x" : -0.23943432821695909,
	"y" : 0.018318618433177405,
	"yaw" : 0.42856753410545184,
	"z" : -0.13100567994792292
}
