{
	"pitch" : 0.98329348050201359,
	"roll" : 0.034852858671923378,
	"x" : -0.26275946712519599,
	"y" : 0.077391249951607149,
	"yaw" : 1.2418701953337148,
	"z" : -0.020757041394155379
}
