{
	"pitch" : 0.98121077129097545,
	"roll" : 0.084947078772483822,
	"x" : -0.262470088162432,
	"y" : 0.080434231420770413,
	"yaw" : 1.3011038673846305,
	"z" : -0.011330968527304586
}
