{
	"pitch" : 1.4638983264938903,
	"roll" : -0.61504359064826963,
	"x" : -0.23312666438453436,
	"y" : 0.20681438262730109,
	"yaw" : 0.73310674022049682,
	"z" : -0.13099255171176433
}
