{
	"pitch" : 1.4604519722945368,
	"roll" : -0.5477041893329232,
	"x" : -0.23381586394600359,
	"y" : 0.20674530672339814,
	"yaw" : 0.81959363842843769,
	"z" : -0.13182953989204127
}
