{
	"pitch" : 1.5019355469699547,
	"roll" : -2.4457286142588202,
	"x" : -0.2334806333133802,
	"y" : 0.028764779442373434,
	"yaw" : -1.172039535432176,
	"z" : -0.13953343092042969
}
