{
	"pitch" : 1.4778192206290928,
	"roll" : -0.56328083251293504,
	"x" : -0.23327315468747789,
	"y" : 0.20571236992052136,
	"yaw" : 0.78907010486121543,
	"z" : -0.13293718086798648
}
