{
	"pitch" : 1.3562848164281187,
	"roll" : 0.25692769775135188,
	"x" : -0.24786703301284715,
	"y" : 0.039369349986380441,
	"yaw" : 1.5219288897981744,
	"z" : -0.098268726289261241
}
