{
	"pitch" : 1.4747149232951695,
	"roll" : -0.33476861254450901,
	"x" : -0.23846814347658615,
	"y" : 0.20516938987728117,
	"yaw" : 1.0497383725424481,
	"z" : -0.13012091485708366
}
