{
	"pitch" : 0.99153073989210005,
	"roll" : 0.14214126022535759,
	"x" : -0.26330739695412092,
	"y" : 0.01535843464060644,
	"yaw" : 1.382605317587535,
	"z" : -0.074059362709341076
}
