{
	"pitch" : 1.4697962412606691,
	"roll" : -0.3234153430642086,
	"x" : -0.23766683292948779,
	"y" : 0.20558291343506391,
	"yaw" : 1.0619597467622255,
	"z" : -0.1271764111099353
}
