{
	"pitch" : 1.4684169337056334,
	"roll" : -0.50195041651223726,
	"x" : -0.23680113926747748,
	"y" : 0.20564957476977075,
	"yaw" : 0.84625461270195512,
	"z" : -0.13338199727781039
}
