{
	"pitch" : 1.282838597410372,
	"roll" : 0.27830894003618839,
	"x" : -0.25007202489770897,
	"y" : 0.037361128683877622,
	"yaw" : 1.5267312705528722,
	"z" : -0.090386874864919128
}
