{
	"pitch" : 1.4747420836331178,
	"roll" : -2.4315107285914985,
	"x" : -0.22844455407324551,
	"y" : 0.029174158219309007,
	"yaw" : -1.1375317714386695,
	"z" : -0.14218103363303142
}
