{
	"pitch" : 0.96393094516050892,
	"roll" : -0.049834895981563529,
	"x" : -0.27750689672139811,
	"y" : -0.045431761411722955,
	"yaw" : 0.95270909152182892,
	"z" : -0.08767125575222165
}
