{
	"pitch" : 0.97649529092804266,
	"roll" : 0.072854546904939643,
	"x" : -0.26742162237214262,
	"y" : 0.0076687757149039165,
	"yaw" : 1.3305508946350884,
	"z" : -0.082699704756014153
}
