{
	"pitch" : 0.97284713461275807,
	"roll" : 0.096495199281697738,
	"x" : -0.26298267645270246,
	"y" : 0.084143649516013302,
	"yaw" : 1.3162403326302747,
	"z" : -0.0090325498585232256
}
