{
	"pitch" : 1.3760790257572622,
	"roll" : -0.49553288712582855,
	"x" : -0.24540633100970144,
	"y" : 0.0089906804190299922,
	"yaw" : 0.716199194285151,
	"z" : -0.12018752994930447
}
