{
	"pitch" : 1.5156864146800186,
	"roll" : -1.871478700002702,
	"x" : -0.23240980556479857,
	"y" : 0.035232187306233856,
	"yaw" : -0.57218995717790555,
	"z" : -0.13484390863034809
}
