{
	"pitch" : 0.98653334768259071,
	"roll" : 0.11353518520388491,
	"x" : -0.26259354047169126,
	"y" : 0.083197151709130696,
	"yaw" : 1.3393325369600859,
	"z" : -0.00062080106807632651
}
