{
	"pitch" : 1.1211649915938044,
	"roll" : -0.010192081600553482,
	"x" : -0.24266473286021276,
	"y" : 0.13233633582050941,
	"yaw" : 1.3377935431344496,
	"z" : -0.066874149039374331
}
