{
	"pitch" : 1.5144150544513117,
	"roll" : -0.23562596114656995,
	"x" : -0.24187893952348055,
	"y" : 0.038277550534175073,
	"yaw" : 1.0614494033052841,
	"z" : -0.12713864366805896
}
