{
	"pitch" : 1.0698622705226495,
	"roll" : 0.045739668710476467,
	"x" : -0.25437965388355299,
	"y" : 0.14358063556383943,
	"yaw" : 1.3791072465215495,
	"z" : -0.018188374483190856
}
