{
	"pitch" : 1.476571172440341,
	"roll" : -0.69357960135602548,
	"x" : -0.23267049756343769,
	"y" : 0.20442209281246415,
	"yaw" : 0.66471477979010363,
	"z" : -0.13385980538475614
}
