{
	"pitch" : 1.1459468137621367,
	"roll" : -0.010065031481550099,
	"x" : -0.24541032253210265,
	"y" : 0.17194779953738731,
	"yaw" : 1.3549270257012687,
	"z" : -0.03123777381868148
}
