{
	"pitch" : 1.4688751232649502,
	"roll" : -0.29811150504504363,
	"x" : -0.23790452600954867,
	"y" : 0.20571496615007784,
	"yaw" : 1.0861883448954806,
	"z" : -0.12688970891063761
}
