{
	"pitch" : 0.95711503442865653,
	"roll" : 0.03249828725762513,
	"x" : -0.24340012092026447,
	"y" : 0.085278709037733325,
	"yaw" : 1.320317952660059,
	"z" : -0.047131363546346949
}
