{
	"pitch" : 1.0302207227711193,
	"roll" : 0.013089349605854719,
	"x" : -0.27267783691824399,
	"y" : -0.05326856495891142,
	"yaw" : 0.94732854231184982,
	"z" : -0.085712596149673345
}
