{
	"pitch" : 1.4731265888441825,
	"roll" : -0.32087724130130174,
	"x" : -0.2383913951265352,
	"y" : 0.20510592750767642,
	"yaw" : 1.0654474090566517,
	"z" : -0.12945310970300167
}
