{
	"pitch" : 1.4679054167286516,
	"roll" : -1.1022270345985223,
	"x" : -0.23465378378532592,
	"y" : 0.026955407594395853,
	"yaw" : 0.16087179087268044,
	"z" : -0.14024005303167272
}
