{
	"pitch" : 1.0086966661149943,
	"roll" : -0.13096220648058091,
	"x" : -0.26592153235214244,
	"y" : -0.036875505772055013,
	"yaw" : 0.91411496358407462,
	"z" : -0.079355218418683537
}
