{
	"pitch" : 1.3717413508379908,
	"roll" : -0.072403166248235909,
	"x" : -0.24012233168349972,
	"y" : 0.18645396655607521,
	"yaw" : 1.2676355045939269,
	"z" : -0.11239909013100675
}
