{
	"pitch" : 1.4126451253085879,
	"roll" : -0.063132357375875886,
	"x" : -0.2324829420183184,
	"y" : 0.19466571232911756,
	"yaw" : 1.2812357810499608,
	"z" : -0.099671450474010034
}
