{
	"pitch" : 1.5029587265304052,
	"roll" : -1.8313805508314416,
	"x" : -0.23354693221961681,
	"y" : 0.028661395565601239,
	"yaw" : -0.55294498983501217,
	"z" : -0.15125837728635774
}
