{
	"pitch" : 1.0489127175095829,
	"roll" : 0.055997161094320777,
	"x" : -0.25850696240450649,
	"y" : 0.13294492106690131,
	"yaw" : 1.3793969597720279,
	"z" : -0.0176069001765983
}
