{
	"pitch" : 1.02592704868764,
	"roll" : 0.15387404164824647,
	"x" : -0.26136129059169333,
	"y" : 0.018616127281462728,
	"yaw" : 1.3967743788800429,
	"z" : -0.075700157314505079
}
