{
	"pitch" : 1.0643142361666849,
	"roll" : 0.01533014140082585,
	"x" : -0.27349624944074785,
	"y" : -0.055526628541507299,
	"yaw" : 0.94380284157012428,
	"z" : -0.086768657657544213
}
