{
	"pitch" : 1.1363533587466303,
	"roll" : -0.16974725033048721,
	"x" : -0.25537681219044711,
	"y" : -0.019248278782885698,
	"yaw" : 0.92869715839751332,
	"z" : -0.086352497410312118
}
