{
	"pitch" : 0.98141710325017528,
	"roll" : 0.083149884415457953,
	"x" : -0.26292456407838216,
	"y" : 0.080164503984272523,
	"yaw" : 1.2993891724954132,
	"z" : -0.012449452585283127
}
