{
	"pitch" : 0.92184555112799205,
	"roll" : 0.055590791522167324,
	"x" : -0.24709697694221255,
	"y" : 0.068942514186032783,
	"yaw" : 1.3313683541882038,
	"z" : -0.048522784692456106
}
