{
	"pitch" : 0.98878459454109502,
	"roll" : -0.095602801865258519,
	"x" : -0.27234899904523863,
	"y" : -0.040905182970764266,
	"yaw" : 0.93629724929314551,
	"z" : -0.082414109828759449
}
