{
	"pitch" : 1.0653001142235212,
	"roll" : 0.0079565104789452619,
	"x" : -0.24245487317713188,
	"y" : 0.11363493183213694,
	"yaw" : 1.3444177395587067,
	"z" : -0.056271903084924219
}
