{
	"pitch" : 0.96199074154804021,
	"roll" : 0.10155035433975076,
	"x" : -0.2588163333518686,
	"y" : 0.013000593046360639,
	"yaw" : 1.3210808810292354,
	"z" : -0.065581348483645996
}
