{
	"pitch" : 1.5035242968560523,
	"roll" : -2.1767078927423595,
	"x" : -0.23443473157394576,
	"y" : 0.026572525885999371,
	"yaw" : -0.89772637622307705,
	"z" : -0.15477780953455628
}
