{
	"pitch" : 1.0575415671205857,
	"roll" : 0.025624538318616639,
	"x" : -0.27337951666083787,
	"y" : -0.055772732659690752,
	"yaw" : 0.94811994921100839,
	"z" : -0.081842817158399542
}
