{
	"pitch" : 0.94589947483721382,
	"roll" : 0.032886226296556166,
	"x" : -0.27102953243010086,
	"y" : 0.097168654889013592,
	"yaw" : 1.3065945910346826,
	"z" : -0.02148909668985724
}
