{
	"pitch" : 0.99044308187032326,
	"roll" : 0.0079773629839969152,
	"x" : -0.26462581236443722,
	"y" : 0.072075377206551328,
	"yaw" : 1.1788834735360711,
	"z" : -0.031814283906771906
}
