{
	"pitch" : 1.3413613085746805,
	"roll" : 0.2679679318381859,
	"x" : -0.24822857023053141,
	"y" : 0.039407372384313404,
	"yaw" : 1.5291572233723965,
	"z" : -0.095862145135856849
}
