{
	"pitch" : 1.2858258961210189,
	"roll" : -0.3242897026505101,
	"x" : -0.2494143732982764,
	"y" : -0.0020987033764816587,
	"yaw" : 0.84912065785606916,
	"z" : -0.10755837255004287
}
