{
	"pitch" : 1.4641322617467107,
	"roll" : -0.2511293338742463,
	"x" : -0.23854585889967944,
	"y" : 0.20565556214045838,
	"yaw" : 1.130924748945179,
	"z" : -0.12542401549749049
}
