{
	"pitch" : 0.97334855639562978,
	"roll" : 0.13133845731274543,
	"x" : -0.26456312028881862,
	"y" : 0.013533010722600949,
	"yaw" : 1.368678221674966,
	"z" : -0.074001104213989519
}
