{
	"pitch" : 1.471164239639801,
	"roll" : 0.2115981645477317,
	"x" : -0.24547467789141572,
	"y" : 0.038341793544134584,
	"yaw" : 1.4989377492481173,
	"z" : -0.11609166277021946
}
