{
	"pitch" : 1.001691143000417,
	"roll" : -0.016551488119152309,
	"x" : -0.27609603936991789,
	"y" : -0.051441050104257535,
	"yaw" : 0.94046059738619969,
	"z" : -0.092634898603526014
}
