{
	"pitch" : 1.0055163490935703,
	"roll" : -0.01248040502769775,
	"x" : -0.27568609882894968,
	"y" : -0.051830968169728819,
	"yaw" : 0.94253309586849432,
	"z" : -0.091607179604767691
}
