{
	"pitch" : 0.97700964118987677,
	"roll" : 0.12976485529606524,
	"x" : -0.26390758532237557,
	"y" : 0.014486761477024983,
	"yaw" : 1.3707506056078254,
	"z" : -0.074606668180141597
}
