{
	"pitch" : 1.4800837326686955,
	"roll" : -0.56739637511867769,
	"x" : -0.23642081638711654,
	"y" : 0.20498899005913968,
	"yaw" : 0.78152395580853329,
	"z" : -0.13464585408984939
}
