{
	"pitch" : 1.4522606357697478,
	"roll" : -0.58375880516104584,
	"x" : -0.23267585293119841,
	"y" : 0.20724517920202637,
	"yaw" : 0.78332963053716476,
	"z" : -0.13079761459908085
}
