{
	"pitch" : 1.3950563957580322,
	"roll" : -0.63410728137616879,
	"x" : -0.24344618065233234,
	"y" : 0.012295588950083272,
	"yaw" : 0.59583101577509323,
	"z" : -0.13041007002652627
}
