{
	"pitch" : 1.3698712513953193,
	"roll" : -0.16504078985559228,
	"x" : -0.24145503178732372,
	"y" : 0.20173604087369212,
	"yaw" : 1.2340791978172465,
	"z" : -0.095056978718845803
}
