{
	"pitch" : 1.437281891808412,
	"roll" : 0.2878177905012686,
	"x" : -0.24722881572562705,
	"y" : 0.038755502081881672,
	"yaw" : 1.567325433601813,
	"z" : -0.11067309710560669
}
