{
	"pitch" : 1.2760141418991446,
	"roll" : 0.27541948309367198,
	"x" : -0.25036893260269177,
	"y" : 0.037034170497483643,
	"yaw" : 1.5234864498546525,
	"z" : -0.090142808657000278
}
