{
	"pitch" : 1.4661288334828797,
	"roll" : -0.5394757326465105,
	"x" : -0.23420750484713224,
	"y" : 0.20784897732056845,
	"yaw" : 0.80337233189630075,
	"z" : -0.13013931601620196
}
