{
	"pitch" : 1.4655433566995995,
	"roll" : -0.26995440980846941,
	"x" : -0.23845653916433499,
	"y" : 0.20556393552260527,
	"yaw" : 1.1122634034141989,
	"z" : -0.12693643181229838
}
