{
	"pitch" : 0.97841239459308238,
	"roll" : 0.094103445905740962,
	"x" : -0.27674360454836167,
	"y" : 0.081151841809047526,
	"yaw" : 1.3229175062999825,
	"z" : -0.032894319698737101
}
