{
	"pitch" : 1.4709049111493433,
	"roll" : -0.30046977729206131,
	"x" : -0.23881641767407819,
	"y" : 0.20649793178894268,
	"yaw" : 1.082652581805905,
	"z" : -0.12900699816276537
}
