{
	"pitch" : 1.4797665737192596,
	"roll" : -0.56487804964919286,
	"x" : -0.23638066026869445,
	"y" : 0.20500364757312464,
	"yaw" : 0.78392747409955599,
	"z" : -0.13446417354469295
}
