{
	"pitch" : 1.44699841056858,
	"roll" : -0.57568940794859769,
	"x" : -0.23165704205405821,
	"y" : 0.20799076743311201,
	"yaw" : 0.79175391409091556,
	"z" : -0.12882611588522205
}
