{
	"pitch" : 1.4932451211707294,
	"roll" : -2.0639002803586406,
	"x" : -0.22764728398182457,
	"y" : 0.032841810913160047,
	"yaw" : -0.76396639946534572,
	"z" : -0.13339169747590138
}
