{
	"pitch" : 0.95644849632209128,
	"roll" : 0.090333699187134561,
	"x" : -0.26701060444172792,
	"y" : 0.0095952020600343288,
	"yaw" : 1.32189238654903,
	"z" : -0.076689491061341736
}
