{
	"pitch" : 1.385497600687148,
	"roll" : -0.56149128386330927,
	"x" : -0.24434479513422058,
	"y" : 0.010533835206534163,
	"yaw" : 0.65946105071159344,
	"z" : -0.12590352981889447
}
