{
	"pitch" : 1.4783552242193594,
	"roll" : -2.3922946864647536,
	"x" : -0.22662812231316209,
	"y" : 0.028027895187267685,
	"yaw" : -1.0998727810939379,
	"z" : -0.15644642230519065
}
