{
	"pitch" : 1.0328620919222387,
	"roll" : -0.13734925232276779,
	"x" : -0.26188466595445381,
	"y" : -0.031152685387610679,
	"yaw" : 0.91400846249080003,
	"z" : -0.077979005870188883
}
