{
	"pitch" : 1.4911957103055895,
	"roll" : -2.5594310426807234,
	"x" : -0.23345089885226011,
	"y" : 0.027728640987971204,
	"yaw" : -1.2766337403972474,
	"z" : -0.14096590907305978
}
