{
	"pitch" : 1.0566406421834236,
	"roll" : 0.023655036275985482,
	"x" : -0.24321033575552248,
	"y" : 0.11088273204976298,
	"yaw" : 1.3539430046762915,
	"z" : -0.054364432581724326
}
