{
	"pitch" : 1.0614913341786889,
	"roll" : 0.010898742167885085,
	"x" : -0.24259818215450313,
	"y" : 0.11233837247073872,
	"yaw" : 1.346123243984827,
	"z" : -0.055851035005774208
}
