{
	"pitch" : 1.2143594526884598,
	"roll" : -0.055595160205284197,
	"x" : -0.24403863577707974,
	"y" : 0.18735824117203814,
	"yaw" : 1.3291060498362572,
	"z" : -0.049902808514508568
}
