{
	"pitch" : 1.4035705362462987,
	"roll" : -0.72979901851963591,
	"x" : -0.2410836665779072,
	"y" : 0.01572375186098475,
	"yaw" : 0.51112922219324197,
	"z" : -0.13405799050839373
}
