{
	"pitch" : 1.0310960234543176,
	"roll" : 0.0026977462864576141,
	"x" : -0.27335231240596569,
	"y" : -0.053700470395605666,
	"yaw" : 0.94702488049238198,
	"z" : -0.087103955723948023
}
