{
	"pitch" : 1.0008549513051321,
	"roll" : 0.078274808374484833,
	"x" : -0.27013975660527495,
	"y" : 0.068996479949293144,
	"yaw" : 1.2411305579298613,
	"z" : -0.037689266865463283
}
