{
	"pitch" : 0.97532787882632599,
	"roll" : 0.087928549660911015,
	"x" : -0.26707882383205156,
	"y" : 0.082558498602292599,
	"yaw" : 1.3087601170145053,
	"z" : -0.016612303034001519
}
