{
	"pitch" : 0.95768677534096158,
	"roll" : 0.10406361514357752,
	"x" : -0.25931221507010616,
	"y" : 0.013326828908469507,
	"yaw" : 1.3214662905778258,
	"z" : -0.068143552712710859
}
