{
	"pitch" : 1.064295904341884,
	"roll" : 0.014860658879981805,
	"x" : -0.27345963907255844,
	"y" : -0.055915554089715054,
	"yaw" : 0.94370078768941001,
	"z" : -0.085623453488234608
}
