{
	"pitch" : 1.4745648901165296,
	"roll" : -2.4326511511011999,
	"x" : -0.2284469981557786,
	"y" : 0.029134451888163188,
	"yaw" : -1.1386479730414898,
	"z" : -0.14215834133962649
}
