{
	"pitch" : 1.4745836925241189,
	"roll" : -0.56617523753231636,
	"x" : -0.23312584576224898,
	"y" : 0.20600997295619436,
	"yaw" : 0.78645253897919587,
	"z" : -0.13265878314763091
}
