{
	"pitch" : 1.3060488136082957,
	"roll" : -0.00042315958338926451,
	"x" : -0.24453674076976967,
	"y" : 0.16631844148967484,
	"yaw" : 1.3479936383293756,
	"z" : -0.10325903250620215
}
