{
	"pitch" : 1.4638152121286789,
	"roll" : -0.36670360463359852,
	"x" : -0.238145436891363,
	"y" : 0.20417510409036504,
	"yaw" : 0.99240623156306762,
	"z" : -0.12921912034157024
}
