{
	"pitch" : 1.0312688101919896,
	"roll" : 0.048783156296877871,
	"x" : -0.26121914788536521,
	"y" : 0.12332465412941888,
	"yaw" : 1.3652782778998966,
	"z" : -0.017303329370214171
}
