{
	"pitch" : 1.5045979849447082,
	"roll" : -2.1263056126488635,
	"x" : -0.2342034337349474,
	"y" : 0.027344029198402231,
	"yaw" : -0.84578447954523317,
	"z" : -0.15315041997878565
}
