{
	"pitch" : 1.4684823978381871,
	"roll" : -0.50041988153327144,
	"x" : -0.23690597264957708,
	"y" : 0.205661866518489,
	"yaw" : 0.84823671707752979,
	"z" : -0.13310816807861275
}
