{
	"pitch" : 0.9042370487014646,
	"roll" : 0.062611245229590037,
	"x" : -0.25412370494067049,
	"y" : 0.039793149421758572,
	"yaw" : 1.3161352668639417,
	"z" : -0.057011900766733792
}
