{
	"pitch" : 1.0543221294835068,
	"roll" : 0.028644325829095572,
	"x" : -0.27323380821163723,
	"y" : -0.054997736859043307,
	"yaw" : 0.95063473048134284,
	"z" : -0.081914441239805291
}
