{
	"pitch" : 1.2582156933249546,
	"roll" : -0.26180879775118782,
	"x" : -0.25217164256489405,
	"y" : -0.0072108550329271909,
	"yaw" : 0.8965477745962851,
	"z" : -0.10208163358812412
}
