{
	"pitch" : 0.90939607205356809,
	"roll" : 0.057038497449612209,
	"x" : -0.24878126024082728,
	"y" : 0.05848424540674331,
	"yaw" : 1.3202391593495433,
	"z" : -0.050613834795130069
}
