{
	"pitch" : 1.4744798548792621,
	"roll" : -2.4325777317434096,
	"x" : -0.22843252656250751,
	"y" : 0.029118927838110514,
	"yaw" : -1.1385211797074295,
	"z" : -0.14214540070090437
}
