{
	"pitch" : 1.0319902539074046,
	"roll" : 0.012407449455415828,
	"x" : -0.27258205906062405,
	"y" : -0.053409552160299377,
	"yaw" : 0.94645659130753401,
	"z" : -0.08562881417649551
}
