{
	"pitch" : 1.4650799479153931,
	"roll" : -0.72030056785746999,
	"x" : -0.23177776535322309,
	"y" : 0.20485007696823213,
	"yaw" : 0.64052170531786645,
	"z" : -0.13323872220475824
}
