{
	"pitch" : 0.97201433315207431,
	"roll" : 0.13134860180997029,
	"x" : -0.26504653908757969,
	"y" : 0.012612987272189589,
	"yaw" : 1.3662905312583693,
	"z" : -0.074016922705874247
}
