{
	"pitch" : 1.434557656186392,
	"roll" : -0.075082447570634619,
	"x" : -0.23006964276846426,
	"y" : 0.19937116054532,
	"yaw" : 1.275874539793302,
	"z" : -0.10432355676645191
}
