{
	"pitch" : 1.0075519680711889,
	"roll" : -0.13339458883866057,
	"x" : -0.26391633660096631,
	"y" : -0.034927991868959653,
	"yaw" : 0.9163041886325386,
	"z" : -0.077671821886380568
}
