{
	"pitch" : 1.1463363547377072,
	"roll" : -0.17579141661568176,
	"x" : -0.25464689275200808,
	"y" : -0.017762389972763748,
	"yaw" : 0.92702818420093136,
	"z" : -0.087316594507232614
}
