{
	"pitch" : 1.4550287547428054,
	"roll" : -0.28218193878227382,
	"x" : -0.23808403845283416,
	"y" : 0.20924089058644008,
	"yaw" : 1.09987770793331,
	"z" : -0.12609821231253834
}
