{
	"pitch" : 1.5061094638699959,
	"roll" : -2.3376432621332044,
	"x" : -0.23560252113458494,
	"y" : 0.026484369119759515,
	"yaw" : -1.061123808592715,
	"z" : -0.15597340001646609
}
