{
	"pitch" : 1.4144963939038822,
	"roll" : -0.23990507610489381,
	"x" : -0.23995526975745132,
	"y" : 0.20379392191356105,
	"yaw" : 1.1571649225420439,
	"z" : -0.10841212552171051
}
