{
	"pitch" : 1.4698630763162532,
	"roll" : -0.4879476768129638,
	"x" : -0.23649816702141507,
	"y" : 0.20583808298690209,
	"yaw" : 0.85860266468974922,
	"z" : -0.13268751455052308
}
