{
	"pitch" : 0.95493463250400823,
	"roll" : 0.032315425771582681,
	"x" : -0.24361941425268852,
	"y" : 0.084463725431089237,
	"yaw" : 1.3190973930301813,
	"z" : -0.048264909661085015
}
