{
	"pitch" : 1.461847230794376,
	"roll" : -0.51394972323862931,
	"x" : -0.23426407867393331,
	"y" : 0.20674945486770308,
	"yaw" : 0.85386522270727239,
	"z" : -0.1313309471599815
}
