{
	"pitch" : 1.4759103064556058,
	"roll" : -2.3472225887352693,
	"x" : -0.2279500321558395,
	"y" : 0.028259526858713163,
	"yaw" : -1.0560959622194017,
	"z" : -0.15801449456605632
}
