{
	"pitch" : 1.1565190280723818,
	"roll" : -0.021707541749743469,
	"x" : -0.24300669389351326,
	"y" : 0.1404866602023902,
	"yaw" : 1.3289602332550616,
	"z" : -0.074033564972023722
}
