{
	"pitch" : 1.5047952529409416,
	"roll" : -2.3815533462872827,
	"x" : -0.23591749360034203,
	"y" : 0.026757470269707512,
	"yaw" : -1.1058418037573816,
	"z" : -0.15734786045605317
}
