{
	"pitch" : 1.4774918771625498,
	"roll" : -2.4234372808849733,
	"x" : -0.22819606153349697,
	"y" : 0.029601917215580434,
	"yaw" : -1.1294408377979486,
	"z" : -0.14289455267482645
}
