{
	"pitch" : 1.1050846624887507,
	"roll" : -7.3995408551054423e-05,
	"x" : -0.24271728386856734,
	"y" : 0.12632959476797556,
	"yaw" : 1.3456619990573893,
	"z" : -0.063685292516056966
}
