{
	"pitch" : 0.98105418272066547,
	"roll" : 0.13964772703755685,
	"x" : -0.26408586174607918,
	"y" : 0.014698384395438802,
	"yaw" : 1.3784312341395895,
	"z" : -0.074220841492707315
}
