{
	"pitch" : 1.4424440805955749,
	"roll" : -0.14990800458157275,
	"x" : -0.23140867201932228,
	"y" : 0.20121054065125876,
	"yaw" : 1.2034936084729986,
	"z" : -0.11198348917255593
}
