{
	"pitch" : 1.4513652154128449,
	"roll" : -0.28894685564767442,
	"x" : -0.23484542045974685,
	"y" : 0.20334379431937211,
	"yaw" : 1.0688824163071931,
	"z" : -0.12198948957649276
}
