{
	"pitch" : 1.1907734885391921,
	"roll" : -0.18393282028462959,
	"x" : -0.25468034935690836,
	"y" : -0.014202629694058303,
	"yaw" : 0.93491638526163756,
	"z" : -0.093445725737272042
}
