{
	"pitch" : 1.5052871337930287,
	"roll" : -2.3448606014504216,
	"x" : -0.23568723360905453,
	"y" : 0.026523075471332425,
	"yaw" : -1.0682213167304389,
	"z" : -0.15622137050152796
}
