{
	"pitch" : 0.9615432042746207,
	"roll" : 0.053995498455876138,
	"x" : -0.26345822662318141,
	"y" : 0.0086479389289510974,
	"yaw" : 1.3151279475735531,
	"z" : -0.076698333317908415
}
