{
	"pitch" : 1.4387306537324722,
	"roll" : -0.91518196042892919,
	"x" : -0.2375501319208263,
	"y" : 0.022995115439475092,
	"yaw" : 0.34105047524558668,
	"z" : -0.13954286401137025
}
