{
	"pitch" : 1.4765119445390238,
	"roll" : -2.4383199286586774,
	"x" : -0.228879709863269,
	"y" : 0.029552384570927612,
	"yaw" : -1.1434347661735393,
	"z" : -0.14347240867105759
}
