{
	"pitch" : 1.4570702652840652,
	"roll" : -0.26909578874952123,
	"x" : -0.23871578869649598,
	"y" : 0.20898529497902352,
	"yaw" : 1.1151967626628898,
	"z" : -0.1263534752803688
}
