{
	"pitch" : 1.4593982027916406,
	"roll" : -0.37450496085492418,
	"x" : -0.23585367773461374,
	"y" : 0.20805625694554186,
	"yaw" : 0.99848601730501485,
	"z" : -0.12742351741849067
}
