{
	"pitch" : 1.4569530639119188,
	"roll" : -0.33317790472582659,
	"x" : -0.23667642293240623,
	"y" : 0.2086215929058555,
	"yaw" : 1.0431704442589738,
	"z" : -0.12654815561329166
}
