{
	"pitch" : 1.5039955117553458,
	"roll" : -2.3667124091451885,
	"x" : -0.23590237009766366,
	"y" : 0.026512523353177664,
	"yaw" : -1.0897851040114344,
	"z" : -0.15722049582352743
}
