{
	"pitch" : 1.1886581083350745,
	"roll" : -0.044934239403480507,
	"x" : -0.2441176241093421,
	"y" : 0.18280237037491862,
	"yaw" : 1.3333105618014078,
	"z" : -0.043435689455678383
}
