{
	"pitch" : 0.98255095369322021,
	"roll" : 0.015658824322127406,
	"x" : -0.26177524401955632,
	"y" : 0.076631883480783911,
	"yaw" : 1.2222174652950519,
	"z" : -0.021218884683962547
}
