{
	"pitch" : 1.2161439245753625,
	"roll" : -0.22015109029357763,
	"x" : -0.25369117698855237,
	"y" : -0.012963891969877482,
	"yaw" : 0.91963802571388553,
	"z" : -0.09613338342332621
}
