{
	"pitch" : 1.4698357154173851,
	"roll" : -0.48618320470512533,
	"x" : -0.23898945169202315,
	"y" : 0.20434664930066471,
	"yaw" : 0.87102263513571043,
	"z" : -0.13385180574330352
}
