{
	"pitch" : 1.4243860052934869,
	"roll" : -0.24758487849864885,
	"x" : -0.23997605187113313,
	"y" : 0.20415263702928377,
	"yaw" : 1.1486087129290454,
	"z" : -0.11186965594430763
}
