{
	"pitch" : 1.1187927878514916,
	"roll" : 0.20315676242893432,
	"x" : -0.2556068607909614,
	"y" : 0.026637190916851895,
	"yaw" : 1.4367546237327942,
	"z" : -0.078017767051640194
}
