{
	"pitch" : 1.0477525341177585,
	"roll" : 0.014972757132831719,
	"x" : -0.27233610101618738,
	"y" : -0.055252654502604387,
	"yaw" : 0.94623163381788356,
	"z" : -0.082512632566026645
}
