{
	"pitch" : 1.4862552386401859,
	"roll" : -2.5177950564480525,
	"x" : -0.22911414612765851,
	"y" : 0.032019902809494502,
	"yaw" : -1.2243219827980281,
	"z" : -0.13610295113753135
}
