{
	"pitch" : 1.4764527738605344,
	"roll" : -2.4358450641843961,
	"x" : -0.22884133794163669,
	"y" : 0.029553570644418686,
	"yaw" : -1.1409905664929785,
	"z" : -0.14331485824719398
}
