{
	"pitch" : 1.0304650025683724,
	"roll" : 0.15414960306594772,
	"x" : -0.2525211850739113,
	"y" : 0.064197681160115233,
	"yaw" : 1.3177170240812859,
	"z" : -0.041713193648862196
}
