{
	"pitch" : 1.054788126920938,
	"roll" : 0.028334781625060503,
	"x" : -0.27325004286305582,
	"y" : -0.05512326433565691,
	"yaw" : 0.94970840884427865,
	"z" : -0.081865268231652299
}
