{
	"pitch" : 0.97186471882843151,
	"roll" : -0.059356444942315741,
	"x" : -0.27732477706803443,
	"y" : -0.044392454263812366,
	"yaw" : 0.95316776373693091,
	"z" : -0.086371714582916939
}
