{
	"pitch" : 1.4691741140317911,
	"roll" : -0.31122282775553134,
	"x" : -0.2377607173153361,
	"y" : 0.20568389495652351,
	"yaw" : 1.0736112740892811,
	"z" : -0.12717722416231178
}
