{
	"pitch" : 1.0176600408366396,
	"roll" : -0.0028546280250575421,
	"x" : -0.27457131731220519,
	"y" : -0.052359167226391223,
	"yaw" : 0.94620192573326067,
	"z" : -0.089936923046333939
}
