{
	"pitch" : 0.9722752112391625,
	"roll" : 0.069001063418982364,
	"x" : -0.27318179736840303,
	"y" : 0.080035916848745198,
	"yaw" : 1.2960456001382685,
	"z" : -0.027859195718812541
}
