{
	"pitch" : 0.97829308044108776,
	"roll" : 0.093935242747436518,
	"x" : -0.27663097681348192,
	"y" : 0.081336239677204714,
	"yaw" : 1.3220934366184616,
	"z" : -0.032768192643443578
}
