{
	"pitch" : 0.91328581677919574,
	"roll" : 0.075236052406297313,
	"x" : -0.25716767554911474,
	"y" : 0.027343929144894974,
	"yaw" : 1.3139094982367754,
	"z" : -0.062600330824520781
}
