{
	"pitch" : 1.3554405225225539,
	"roll" : -0.42525794115650883,
	"x" : -0.24718486727009939,
	"y" : 0.0060226045329393949,
	"yaw" : 0.7783079213322649,
	"z" : -0.11811083947636439
}
