{
	"pitch" : 1.043613629582044,
	"roll" : 0.15733868970229614,
	"x" : -0.25994109949312671,
	"y" : 0.020341661649471248,
	"yaw" : 1.401568083164684,
	"z" : -0.076201328252498965
}
