{
	"pitch" : 1.5354530635013679,
	"roll" : -0.79677977781467657,
	"x" : -0.2400017875259719,
	"y" : 0.037696888881733753,
	"yaw" : 0.50696266016289093,
	"z" : -0.13259832229154792
}
