{
	"pitch" : 1.0686763841335596,
	"roll" : -0.14887839033094699,
	"x" : -0.25852036013675977,
	"y" : -0.026996595173308158,
	"yaw" : 0.91470153547552424,
	"z" : -0.079002761477839106
}
