{
	"pitch" : 1.0657870421630915,
	"roll" : 0.16768855649626888,
	"x" : -0.25800903167712869,
	"y" : 0.022499000067542175,
	"yaw" : 1.4050478541980929,
	"z" : -0.076676150187170319
}
