{
	"pitch" : 1.5028279361970718,
	"roll" : -2.4429635714169442,
	"x" : -0.23338433588775337,
	"y" : 0.028966670653961302,
	"yaw" : -1.1692372436178167,
	"z" : -0.13953808499252357
}
