{
	"pitch" : 0.95431530248775676,
	"roll" : 0.090426451083272741,
	"x" : -0.26690454969845889,
	"y" : 0.010388354818933389,
	"yaw" : 1.3212131803348435,
	"z" : -0.076225625809072994
}
