{
	"pitch" : 1.4612767846800436,
	"roll" : -0.52596771841820544,
	"x" : -0.23388823509518775,
	"y" : 0.20677390888757757,
	"yaw" : 0.8415892244410319,
	"z" : -0.13035226272706965
}
