{
	"pitch" : 1.2990204422006628,
	"roll" : -0.34465898993965455,
	"x" : -0.24886916323822603,
	"y" : -0.00032419076933454249,
	"yaw" : 0.8343712000914455,
	"z" : -0.1087745074216202
}
