{
	"pitch" : 1.058129618386394,
	"roll" : 0.028072514286022823,
	"x" : -0.27365986711346524,
	"y" : -0.055555557484112228,
	"yaw" : 0.95232467420277434,
	"z" : -0.082104314900758132
}
