{
	"pitch" : 1.4771428347647308,
	"roll" : -0.55944786926926959,
	"x" : -0.23329794343035765,
	"y" : 0.20578607482060629,
	"yaw" : 0.79330610773555044,
	"z" : -0.13312547021134252
}
