{
	"pitch" : 0.97580376518452072,
	"roll" : 0.08790410972219663,
	"x" : -0.27582521979170987,
	"y" : 0.086654417625981833,
	"yaw" : 1.3343006442077432,
	"z" : -0.031319213180853095
}
