{
	"pitch" : 0.97597755912277451,
	"roll" : 0.0991407828374503,
	"x" : -0.25907329968668108,
	"y" : 0.082750631084592269,
	"yaw" : 1.3161524056511085,
	"z" : 0.0016327295394882035
}
