{
	"pitch" : 1.4726117245441259,
	"roll" : -0.57195395781128577,
	"x" : -0.23294445353959556,
	"y" : 0.20611828633728316,
	"yaw" : 0.7802152197255946,
	"z" : -0.13211505437417242
}
