{
	"pitch" : 1.0100293543170016,
	"roll" : -0.1279561196472315,
	"x" : -0.26702442801076848,
	"y" : -0.038380970086860922,
	"yaw" : 0.91215831143238912,
	"z" : -0.078724334914478555
}
