{
	"pitch" : 0.9119552277767462,
	"roll" : 0.05681650080259313,
	"x" : -0.24836327951207057,
	"y" : 0.061337422903667629,
	"yaw" : 1.3226177588548682,
	"z" : -0.050943282626208286
}
