{
	"pitch" : 1.4557100677040951,
	"roll" : -0.59562680267810497,
	"x" : -0.23295888880377838,
	"y" : 0.20700289595320442,
	"yaw" : 0.77035083823181061,
	"z" : -0.13120581932733735
}
