{
	"pitch" : 1.5024008739083927,
	"roll" : -2.1394686217784997,
	"x" : -0.23398052505172923,
	"y" : 0.02694525653378059,
	"yaw" : -0.85745423564608414,
	"z" : -0.1534960692148358
}
