{
	"pitch" : 0.99223601541329787,
	"roll" : 0.014817125750876672,
	"x" : -0.26467015852549897,
	"y" : 0.071952990406353307,
	"yaw" : 1.1847741193979902,
	"z" : -0.031303391668954683
}
