{
	"pitch" : 1.2387482417306852,
	"roll" : 0.24869199149510623,
	"x" : -0.25087559962971268,
	"y" : 0.035876694724146813,
	"yaw" : 1.4892442978457763,
	"z" : -0.086430665943674601
}
