{
	"pitch" : 1.470549708125285,
	"roll" : -0.48954313641533914,
	"x" : -0.23866061391461996,
	"y" : 0.2045958241114364,
	"yaw" : 0.86757944886442273,
	"z" : -0.13266349729939403
}
