{
	"pitch" : 1.1293560321005782,
	"roll" : 0.2024436047545731,
	"x" : -0.25505296100839581,
	"y" : 0.02757911243662254,
	"yaw" : 1.4344892893971211,
	"z" : -0.079257094006176629
}
