{
	"pitch" : 0.95700312016242306,
	"roll" : 0.026055761725129609,
	"x" : -0.26939022830323978,
	"y" : 0.10061272352461234,
	"yaw" : 1.3077024318551478,
	"z" : -0.01904407657267479
}
