{
	"pitch" : 0.97423569633830576,
	"roll" : 0.13168274551779802,
	"x" : -0.26462415267090222,
	"y" : 0.013942630759153418,
	"yaw" : 1.3709151078262563,
	"z" : -0.075014069431866448
}
