{
	"pitch" : 1.4802197704336764,
	"roll" : -0.5505046446226638,
	"x" : -0.23654762808151633,
	"y" : 0.20541033398028744,
	"yaw" : 0.79725777836368195,
	"z" : -0.13406061935645189
}
