{
	"pitch" : 1.4612257190669868,
	"roll" : -1.0224327963848123,
	"x" : -0.23572307825955285,
	"y" : 0.026123925313713978,
	"yaw" : 0.23782425794174694,
	"z" : -0.13952551216148212
}
