{
	"pitch" : 0.95455135825504889,
	"roll" : 0.091119289313264046,
	"x" : -0.26621469270178633,
	"y" : 0.009818513139318627,
	"yaw" : 1.3242939618330105,
	"z" : -0.075340109869330943
}
