{
	"pitch" : 1.2557183246672965,
	"roll" : -0.25820080966715692,
	"x" : -0.2525001226791595,
	"y" : -0.0077563672215129817,
	"yaw" : 0.89923101277331496,
	"z" : -0.1021709919610715
}
