{
	"pitch" : 1.4802759188271202,
	"roll" : -0.56785772392267664,
	"x" : -0.23636139473377499,
	"y" : 0.20515158621933383,
	"yaw" : 0.78092724357298504,
	"z" : -0.13393578843564252
}
