{
	"pitch" : 1.4795549876400185,
	"roll" : -0.58788295804762813,
	"x" : -0.23325011095463646,
	"y" : 0.20541495185905206,
	"yaw" : 0.7638696815557614,
	"z" : -0.13342622414445937
}
