{
	"pitch" : 0.97298042033504095,
	"roll" : 0.095343922764871969,
	"x" : -0.26342545673669304,
	"y" : 0.083965572804365299,
	"yaw" : 1.3153049880334611,
	"z" : -0.0094836881758473823
}
