{
	"pitch" : 1.4695345360460441,
	"roll" : -0.31951984878501999,
	"x" : -0.2377678107629399,
	"y" : 0.20558152961908813,
	"yaw" : 1.0658060324338932,
	"z" : -0.12763767490115768
}
