{
	"pitch" : 0.97831663385572409,
	"roll" : 0.093140386559336957,
	"x" : -0.27707213841088812,
	"y" : 0.081372191789761683,
	"yaw" : 1.3219848335164281,
	"z" : -0.034962774604515134
}
