{
	"pitch" : 1.2060200696027921,
	"roll" : 0.21736449917123946,
	"x" : -0.25166584202029707,
	"y" : 0.03384957555513602,
	"yaw" : 1.4571394033212826,
	"z" : -0.084416815914078333
}
