{
	"pitch" : 1.4497791031381022,
	"roll" : -0.96448091571275885,
	"x" : -0.23687760004770167,
	"y" : 0.024218792663664487,
	"yaw" : 0.29342797128676484,
	"z" : -0.13952329152286974
}
