{
	"pitch" : 1.5181970672234479,
	"roll" : -1.7947105632517877,
	"x" : -0.23350864508022878,
	"y" : 0.035506949391879913,
	"yaw" : -0.49486862755396199,
	"z" : -0.13510162263914843
}
