{
	"pitch" : 1.2539299537688422,
	"roll" : -0.0021510101504767266,
	"x" : -0.24517938531196456,
	"y" : 0.15723297948473608,
	"yaw" : 1.3484910538576156,
	"z" : -0.093705013010566759
}
