{
	"pitch" : 1.5056425502500252,
	"roll" : -2.3694917650888287,
	"x" : -0.23595121295763766,
	"y" : 0.026827130385847886,
	"yaw" : -1.0933924826928516,
	"z" : -0.15720120215035721
}
