{
	"pitch" : 1.4762421623215194,
	"roll" : -0.55996093358940457,
	"x" : -0.23314028212270507,
	"y" : 0.20598193933645423,
	"yaw" : 0.79282298400842732,
	"z" : -0.13190870007751751
}
