{
	"pitch" : 1.1793755525243226,
	"roll" : -0.040516877440279854,
	"x" : -0.2441955894383977,
	"y" : 0.18059639317604476,
	"yaw" : 1.3364629350090937,
	"z" : -0.040277599363223032
}
