{
	"pitch" : 1.4555679125253582,
	"roll" : -0.57828346698570432,
	"x" : -0.23296576461351404,
	"y" : 0.20615022231140356,
	"yaw" : 0.79014622853322913,
	"z" : -0.13349021881078779
}
