{
	"pitch" : 1.5019187457570329,
	"roll" : -2.1434218603331625,
	"x" : -0.23411935178278764,
	"y" : 0.026717563447967135,
	"yaw" : -0.86129764965661493,
	"z" : -0.15467581155237953
}
