{
	"pitch" : 1.338216335634371,
	"roll" : -0.02083558548095325,
	"x" : -0.24215053717926271,
	"y" : 0.17743780437188156,
	"yaw" : 1.3196974575217506,
	"z" : -0.10808241823791212
}
