{
	"pitch" : 1.4716491982369357,
	"roll" : -0.3312209454711052,
	"x" : -0.23809948703259073,
	"y" : 0.2049662633936174,
	"yaw" : 1.0550848598472948,
	"z" : -0.1293530301029287
}
