{
	"pitch" : 1.0385589110436357,
	"roll" : 0.15649928876917837,
	"x" : -0.26004171346009058,
	"y" : 0.019783411519243631,
	"yaw" : 1.4004918501178878,
	"z" : -0.074683528721122425
}
