{
	"pitch" : 1.208224414610954,
	"roll" : -0.21290758954816882,
	"x" : -0.25419215432968723,
	"y" : -0.013530132739007092,
	"yaw" : 0.92542225775516607,
	"z" : -0.097069642355919833
}
