{
	"pitch" : 1.5045674773111144,
	"roll" : -2.3609884296808903,
	"x" : -0.23587839899671875,
	"y" : 0.026557220397212519,
	"yaw" : -1.084039236229178,
	"z" : -0.15686139810193722
}
