{
	"pitch" : 0.9626385205304766,
	"roll" : 0.12742634088599677,
	"x" : -0.26012618459278314,
	"y" : 0.012846609542941766,
	"yaw" : 1.3621473763412515,
	"z" : -0.054261741801517133
}
