{
	"pitch" : 1.5059411577793351,
	"roll" : -2.2377915533019976,
	"x" : -0.23501502163801052,
	"y" : 0.026433040155487073,
	"yaw" : -0.9596351490783972,
	"z" : -0.15551922109327579
}
