{
	"pitch" : 1.5007052281309043,
	"roll" : -2.4810917454571562,
	"x" : -0.23392256654268867,
	"y" : 0.028136531884218816,
	"yaw" : -1.2051106588092702,
	"z" : -0.14062509115626182
}
