{
	"pitch" : 1.3315721799439151,
	"roll" : -0.11897584808839812,
	"x" : -0.24234495490676231,
	"y" : 0.19984275234223675,
	"yaw" : 1.276650343357298,
	"z" : -0.083881302509022176
}
