{
	"pitch" : 1.3789806614289528,
	"roll" : -0.51649083835175924,
	"x" : -0.24528178305025905,
	"y" : 0.00912546922955558,
	"yaw" : 0.69806369989819717,
	"z" : -0.122911789715514
}
