{
	"pitch" : 1.1401590511684148,
	"roll" : 0.20556216862511462,
	"x" : -0.2545234492187296,
	"y" : 0.028741406251984188,
	"yaw" : 1.4365744121514781,
	"z" : -0.079862186434454502
}
