{
	"pitch" : 1.3442562158797571,
	"roll" : -0.062031040881059214,
	"x" : -0.24106795185658081,
	"y" : 0.18011835106885762,
	"yaw" : 1.2777654410225359,
	"z" : -0.11131867263019626
}
