{
	"pitch" : 1.2757873774319566,
	"roll" : -0.30597589064522163,
	"x" : -0.25021303846658438,
	"y" : -0.0036894890257847604,
	"yaw" : 0.86275597532573944,
	"z" : -0.10639601869905693
}
