{
	"pitch" : 1.5051887684802219,
	"roll" : -2.3471058794116848,
	"x" : -0.23572241184167003,
	"y" : 0.026578172930345437,
	"yaw" : -1.0704561591644983,
	"z" : -0.15609135396641335
}
