{
	"pitch" : 1.5000430229202271,
	"roll" : -1.7318669922164247,
	"x" : -0.23368876393739554,
	"y" : 0.028351992783105032,
	"yaw" : -0.45396692328116373,
	"z" : -0.1502769218597011
}
