{
	"pitch" : 1.4814655361980469,
	"roll" : -2.4309031696835612,
	"x" : -0.22688393695969297,
	"y" : 0.026971999046288941,
	"yaw" : -1.1252571516621166,
	"z" : -0.14454454647293649
}
