{
	"pitch" : 1.0477375032631462,
	"roll" : 0.13754876939589145,
	"x" : -0.25272398967069448,
	"y" : 0.064776759757640856,
	"yaw" : 1.3005022436832689,
	"z" : -0.046428385102167097
}
