{
	"pitch" : 1.4470465499231129,
	"roll" : -0.95073778499980677,
	"x" : -0.2371203501618013,
	"y" : 0.023904232490963781,
	"yaw" : 0.30676683182834891,
	"z" : -0.13998348097497787
}
