{
	"pitch" : 1.0775310702825791,
	"roll" : -0.14966987377931057,
	"x" : -0.25837470789339106,
	"y" : -0.026021952310127362,
	"yaw" : 0.91817112371347098,
	"z" : -0.081107193833558966
}
