{
	"pitch" : 1.4713126862436048,
	"roll" : -0.29845498825469291,
	"x" : -0.23893388231586471,
	"y" : 0.2062665529515163,
	"yaw" : 1.0845652284693439,
	"z" : -0.13022943484171637
}
