{
	"pitch" : 1.3622157540241155,
	"roll" : -0.44947613560532673,
	"x" : -0.24650628751712744,
	"y" : 0.0071647935005554747,
	"yaw" : 0.75804093011844509,
	"z" : -0.11936720184272477
}
