{
	"pitch" : 1.2874010303252683,
	"roll" : 0.27943975108342511,
	"x" : -0.25009117644638795,
	"y" : 0.037435145510862078,
	"yaw" : 1.5292696904195004,
	"z" : -0.091143961329007719
}
