{
	"pitch" : 0.96218996607576945,
	"roll" : 0.0246517480069121,
	"x" : -0.26929964474130724,
	"y" : 0.10135414725256231,
	"yaw" : 1.3071859090475999,
	"z" : -0.021020640081914843
}
