{
	"pitch" : 1.015483245702729,
	"roll" : 0.098490489198033937,
	"x" : -0.26654416368959083,
	"y" : 0.067937350251360232,
	"yaw" : 1.261894272736364,
	"z" : -0.04254755261211482
}
