{
	"pitch" : 1.4249621633937191,
	"roll" : -0.05052153605697484,
	"x" : -0.22912361253887381,
	"y" : 0.19816416484840926,
	"yaw" : 1.2996884243639715,
	"z" : -0.099151684181444377
}
