{
	"pitch" : 1.4686123358322225,
	"roll" : -0.53401430801225525,
	"x" : -0.23791083878751201,
	"y" : 0.20483449256976247,
	"yaw" : 0.8196250999728778,
	"z" : -0.1327193159647081
}
