{
	"pitch" : 1.4626501514173538,
	"roll" : -0.23190253561582996,
	"x" : -0.23888990836063623,
	"y" : 0.20567588105220597,
	"yaw" : 1.1502955062203013,
	"z" : -0.12514126163466716
}
