{
	"pitch" : 1.5071789641737414,
	"roll" : -2.2703224539611875,
	"x" : -0.23533821919939371,
	"y" : 0.026491115851898284,
	"yaw" : -0.99285833975138427,
	"z" : -0.15573222131308923
}
