{
	"pitch" : 0.97041423910996127,
	"roll" : -0.05498498373436133,
	"x" : -0.27750850091255613,
	"y" : -0.044671480620298999,
	"yaw" : 0.95494244614051937,
	"z" : -0.086548080516979931
}
