{
	"pitch" : 1.468989991709734,
	"roll" : -0.53182738118575612,
	"x" : -0.2378802694825583,
	"y" : 0.20485129426981311,
	"yaw" : 0.82202559120849772,
	"z" : -0.13214741872528263
}
