{
	"pitch" : 0.96770071408512104,
	"roll" : 0.1176885335780594,
	"x" : -0.25823465713993193,
	"y" : 0.011413374790470488,
	"yaw" : 1.3439453521181461,
	"z" : -0.052969552816039239
}
