{
	"pitch" : 0.97241761113684699,
	"roll" : 0.13234255686679658,
	"x" : -0.26499648777334101,
	"y" : 0.013126139246122139,
	"yaw" : 1.3678947200594143,
	"z" : -0.074194498218354943
}
