{
	"pitch" : 1.474868922045701,
	"roll" : -2.4222181744971487,
	"x" : -0.22835494655190161,
	"y" : 0.029293763729574915,
	"yaw" : -1.1280223167715588,
	"z" : -0.14213104468563967
}
