{
	"pitch" : 1.5294763149892019,
	"roll" : -0.50728480245697438,
	"x" : -0.24052442023987647,
	"y" : 0.038361811310848495,
	"yaw" : 0.79478507952836119,
	"z" : -0.12940963580575685
}
