{
	"pitch" : 0.99632245804034369,
	"roll" : 0.037522742628673084,
	"x" : -0.24385556547533704,
	"y" : 0.093533564261243193,
	"yaw" : 1.3404526905652925,
	"z" : -0.048797159625045133
}
