{
	"pitch" : 0.96533914806087218,
	"roll" : 0.10104931981398371,
	"x" : -0.25803361072922726,
	"y" : 0.012412675128257406,
	"yaw" : 1.3217718359678814,
	"z" : -0.062099134933795347
}
