{
	"pitch" : 0.99463566488242117,
	"roll" : 0.14267569108500944,
	"x" : -0.26321769284725416,
	"y" : 0.015385777918575469,
	"yaw" : 1.3837350051362831,
	"z" : -0.074402997342253474
}
