{
	"pitch" : 1.5052115625287548,
	"roll" : -2.0555828589555074,
	"x" : -0.23390064055845533,
	"y" : 0.028112880997527373,
	"yaw" : -0.77759121593833846,
	"z" : -0.15185969278706202
}
