{
	"pitch" : 1.0595286607810137,
	"roll" : -0.14754853145542493,
	"x" : -0.25947487250434265,
	"y" : -0.028040469548153875,
	"yaw" : 0.91354665961477999,
	"z" : -0.07923536544773227
}
