{
	"pitch" : 1.4682522885519058,
	"roll" : -0.59522413622479275,
	"x" : -0.23264797984678262,
	"y" : 0.20623202256725415,
	"yaw" : 0.7555317839550898,
	"z" : -0.1321202629147602
}
