{
	"pitch" : 1.4228095314333307,
	"roll" : 0.29947041694298265,
	"x" : -0.24782797196246167,
	"y" : 0.038998855699026003,
	"yaw" : 1.5769359949960289,
	"z" : -0.10781784764502961
}
