{
	"pitch" : 1.2893618819302461,
	"roll" : 0.27946309369776878,
	"x" : -0.24986739787135956,
	"y" : 0.037569215496649093,
	"yaw" : 1.5297847939918892,
	"z" : -0.090744812298842847
}
