{
	"pitch" : 1.5018189926410881,
	"roll" : -2.1795718818153134,
	"x" : -0.23403196397883669,
	"y" : 0.026351890540536396,
	"yaw" : -0.89732437688479361,
	"z" : -0.15437423808692907
}
