{
	"pitch" : 1.4580415562200137,
	"roll" : -0.35144502771571379,
	"x" : -0.23643088975495838,
	"y" : 0.20835127684791416,
	"yaw" : 1.0238895315945014,
	"z" : -0.12747293608300661
}
