{
	"pitch" : 1.395171134319392,
	"roll" : -0.087194494760362909,
	"x" : -0.24007950781586254,
	"y" : 0.19108850077319384,
	"yaw" : 1.2531055459437541,
	"z" : -0.11786983302153657
}
