{
	"pitch" : 1.4906995159707515,
	"roll" : -2.0792942673190349,
	"x" : -0.22712177234517439,
	"y" : 0.03257018796839091,
	"yaw" : -0.77966406985415904,
	"z" : -0.13336798011964515
}
