{
	"pitch" : 1.0791655289928663,
	"roll" : 0.039064059136335309,
	"x" : -0.25270802831486705,
	"y" : 0.14816616534614674,
	"yaw" : 1.3764211662523462,
	"z" : -0.01949834712869028
}
