{
	"pitch" : 1.5070758328163536,
	"roll" : -2.3303617450931386,
	"x" : -0.23565795446307158,
	"y" : 0.026457465294401711,
	"yaw" : -1.0540761997558308,
	"z" : -0.15616411439320096
}
