{
	"pitch" : 0.96352080633236614,
	"roll" : 0.12922946689526518,
	"x" : -0.26007627392271626,
	"y" : 0.012545188825945491,
	"yaw" : 1.3627354000053962,
	"z" : -0.05363183529010454
}
