{
	"pitch" : 1.2800358432108248,
	"roll" : -0.3145829236663833,
	"x" : -0.24953502685906251,
	"y" : -0.0027197907430790633,
	"yaw" : 0.85577360993198359,
	"z" : -0.10561274442079853
}
