{
	"pitch" : 1.1456963409934255,
	"roll" : -0.020430182903839585,
	"x" : -0.24267266176960278,
	"y" : 0.13763354831915356,
	"yaw" : 1.3291285789314562,
	"z" : -0.071602148792694664
}
