{
	"pitch" : 1.4107441835352161,
	"roll" : -0.78085062026744556,
	"x" : -0.24037518865446864,
	"y" : 0.01720829700065693,
	"yaw" : 0.46347748404076639,
	"z" : -0.1330482926900218
}
