{
	"pitch" : 1.4494441725005578,
	"roll" : -0.56123773634836294,
	"x" : -0.2320761270422631,
	"y" : 0.20771626888495015,
	"yaw" : 0.80684449193892638,
	"z" : -0.12999556260961884
}
