{
	"pitch" : 1.3924423676887452,
	"roll" : -0.080299380792039993,
	"x" : -0.23990670112840273,
	"y" : 0.19082113339606066,
	"yaw" : 1.2598047173910294,
	"z" : -0.11613704401734548
}
