{
	"pitch" : 1.2387097563070284,
	"roll" : -0.071210684575276934,
	"x" : -0.24363394043651346,
	"y" : 0.1914053177949494,
	"yaw" : 1.3164443633307483,
	"z" : -0.057084232635966986
}
