{
	"pitch" : 1.455903089982596,
	"roll" : -0.59992811822927183,
	"x" : -0.23286270556531036,
	"y" : 0.2069707017732354,
	"yaw" : 0.76592336896118796,
	"z" : -0.13076675620736533
}
