{
	"pitch" : 1.3278009459296509,
	"roll" : -0.38780983864225804,
	"x" : -0.24782955471725437,
	"y" : 0.002812403550662361,
	"yaw" : 0.80364948768151123,
	"z" : -0.11400515990705504
}
