{
	"pitch" : 1.4630160931797063,
	"roll" : -0.62945464176816324,
	"x" : -0.23246883038334451,
	"y" : 0.20614366063160106,
	"yaw" : 0.71972391551502846,
	"z" : -0.13207961698171294
}
