{
	"pitch" : 1.0412008390827732,
	"roll" : 0.01237125438273891,
	"x" : -0.27228726263699077,
	"y" : -0.054466727488196594,
	"yaw" : 0.94454125485598062,
	"z" : -0.083889467421821726
}
