{
	"pitch" : 1.2198575511484744,
	"roll" : -0.22579962490033378,
	"x" : -0.25396303493240785,
	"y" : -0.013081599480466582,
	"yaw" : 0.9152933582935272,
	"z" : -0.098014345412426915
}
