{
	"pitch" : 1.3888768790606321,
	"roll" : -0.076903474807176034,
	"x" : -0.24051531981925928,
	"y" : 0.19015581006429688,
	"yaw" : 1.2630184725337295,
	"z" : -0.1175130514569532
}
