{
	"pitch" : 1.0551213459638362,
	"roll" : 0.024665214514722086,
	"x" : -0.24315147252926822,
	"y" : 0.11026517613977707,
	"yaw" : 1.3545842919037538,
	"z" : -0.053462114190404836
}
