{
	"pitch" : 0.97861823585192209,
	"roll" : 0.096653660852806869,
	"x" : -0.25954914372887417,
	"y" : 0.081902634017003206,
	"yaw" : 1.3147647643893368,
	"z" : -0.00054403676315942229
}
