{
	"pitch" : 1.3193822883826503,
	"roll" : 0.00072835996746271686,
	"x" : -0.24467628288985049,
	"y" : 0.16995381778978019,
	"yaw" : 1.3482058742225798,
	"z" : -0.10821943136736117
}
