{
	"pitch" : 0.9780936208622889,
	"roll" : 0.094201108358392335,
	"x" : -0.26005991666022604,
	"y" : 0.081749412802836818,
	"yaw" : 1.312275075680484,
	"z" : -0.0029907013198652022
}
