{
	"pitch" : 1.4801209025579205,
	"roll" : -0.65042188963023939,
	"x" : -0.23310384071353882,
	"y" : 0.20479405492411087,
	"yaw" : 0.70446323529995636,
	"z" : -0.13398351173418402
}
