{
	"pitch" : 1.5168423318635578,
	"roll" : -1.8395896564887744,
	"x" : -0.23288141188068665,
	"y" : 0.035211393285397727,
	"yaw" : -0.54012683782609394,
	"z" : -0.13511433873390316
}
