{
	"pitch" : 1.5150389216843674,
	"roll" : -1.8850663699170158,
	"x" : -0.23216658991292358,
	"y" : 0.035244012986803172,
	"yaw" : -0.58585745010182544,
	"z" : -0.13472177771682975
}
