{
	"pitch" : 1.4336205200339376,
	"roll" : -0.057157557414018095,
	"x" : -0.2295547042943597,
	"y" : 0.19914466403667738,
	"yaw" : 1.2935046009620192,
	"z" : -0.10367122810389251
}
