{
	"pitch" : 1.446958231633241,
	"roll" : -0.57722400898584258,
	"x" : -0.23183880464792292,
	"y" : 0.20782814735466265,
	"yaw" : 0.79025716778577959,
	"z" : -0.13029119652415955
}
