{
	"pitch" : 1.0755710018738898,
	"roll" : 0.040946627630996747,
	"x" : -0.25358971919148987,
	"y" : 0.14621363542418014,
	"yaw" : 1.3767550892445681,
	"z" : -0.020281278046387408
}
