{
	"pitch" : 1.4616537532097906,
	"roll" : -0.63779029389153541,
	"x" : -0.23245543656454898,
	"y" : 0.20621565828267274,
	"yaw" : 0.71110859587785791,
	"z" : -0.13159149890387903
}
