{
	"pitch" : 1.4755690873023792,
	"roll" : -2.4331218720062502,
	"x" : -0.22860540873657725,
	"y" : 0.029451406397821608,
	"yaw" : -1.1387778718204977,
	"z" : -0.14252277072266983
}
