{
	"pitch" : 1.465755835672736,
	"roll" : -0.59160934852541758,
	"x" : -0.23354350829618115,
	"y" : 0.20739524021212485,
	"yaw" : 0.75507461569407763,
	"z" : -0.13084962166173994
}
