{
	"pitch" : 0.96971934601701004,
	"roll" : 0.091799998709180861,
	"x" : -0.27522350484224939,
	"y" : 0.084433367758847522,
	"yaw" : 1.3261078282121936,
	"z" : -0.030655137881453437
}
