{
	"pitch" : 1.3982862802341991,
	"roll" : -0.66141189411136181,
	"x" : -0.2427261264255956,
	"y" : 0.013080967130470647,
	"yaw" : 0.57194401230520253,
	"z" : -0.13106260494047831
}
