{
	"pitch" : 0.96673354979797177,
	"roll" : 0.1038288728440893,
	"x" : -0.27562646785578293,
	"y" : 0.083487725799157128,
	"yaw" : 1.3317665543997741,
	"z" : -0.029115685535226948
}
