{
	"pitch" : 0.96538872282607491,
	"roll" : 0.12998634248205981,
	"x" : -0.2600380915277436,
	"y" : 0.012080177927482595,
	"yaw" : 1.3623275724316872,
	"z" : -0.053181709438679975
}
