{
	"pitch" : 1.4828996043556393,
	"roll" : -1.3164357724147027,
	"x" : -0.23330578301714291,
	"y" : 0.028397797814508796,
	"yaw" : -0.046105684490179231,
	"z" : -0.14512809680137334
}
