{
	"pitch" : 1.5077308962744109,
	"roll" : -2.3077764061428296,
	"x" : -0.23539936812521781,
	"y" : 0.026588433243662252,
	"yaw" : -1.0310021963699516,
	"z" : -0.15495827272081794
}
