{
	"pitch" : 1.1483778850174102,
	"roll" : -0.17581479654432217,
	"x" : -0.25425494515149244,
	"y" : -0.017347195013779744,
	"yaw" : 0.92783748462117355,
	"z" : -0.08643067210618946
}
