{
	"pitch" : 0.95671976452472807,
	"roll" : 0.1042083691001585,
	"x" : -0.2593014609595245,
	"y" : 0.013292880011793726,
	"yaw" : 1.3217190242845736,
	"z" : -0.068429544615994181
}
