{
	"pitch" : 1.5072057592131316,
	"roll" : -2.0065686629057233,
	"x" : -0.23157970609106934,
	"y" : 0.033911769621107868,
	"yaw" : -0.70571643901383263,
	"z" : -0.13390265617649805
}
