{
	"pitch" : 0.96853552294210754,
	"roll" : 0.092594789588629572,
	"x" : -0.27509044011027478,
	"y" : 0.084306063391967168,
	"yaw" : 1.3253624853021728,
	"z" : -0.030188423826659483
}
