{
	"pitch" : 1.4742449031237614,
	"roll" : -0.51647795415457409,
	"x" : -0.23632832540072868,
	"y" : 0.20545570565519894,
	"yaw" : 0.83065577226039899,
	"z" : -0.13286794686500517
}
