{
	"pitch" : 1.3442702904464503,
	"roll" : 0.26584836617335106,
	"x" : -0.24835019018381585,
	"y" : 0.039327175040944677,
	"yaw" : 1.527912509667942,
	"z" : -0.097037923431277262
}
