{
	"pitch" : 1.075115659649919,
	"roll" : 0.17487262059098449,
	"x" : -0.25761547394190676,
	"y" : 0.02365089020198894,
	"yaw" : 1.4086144230473123,
	"z" : -0.077484498397698415
}
