{
	"pitch" : 1.4759335704425023,
	"roll" : -2.3111957734107871,
	"x" : -0.22929997161649746,
	"y" : 0.028500929314056733,
	"yaw" : -1.02184529329989,
	"z" : -0.16001181619970931
}
