{
	"pitch" : 1.4668591991080659,
	"roll" : -0.53959082207211317,
	"x" : -0.2376429587085952,
	"y" : 0.20501939211349735,
	"yaw" : 0.81338969326157928,
	"z" : -0.13352718301010535
}
