{
	"pitch" : 1.4733291789625458,
	"roll" : -0.3206739800336687,
	"x" : -0.23832994690098167,
	"y" : 0.20515333480960729,
	"yaw" : 1.0655744789732513,
	"z" : -0.1289586400146967
}
