{
	"pitch" : 1.2059357331999867,
	"roll" : -0.054466683429614179,
	"x" : -0.24379549009472062,
	"y" : 0.18604035531741686,
	"yaw" : 1.3288266322065878,
	"z" : -0.046835109989258217
}
