{
	"pitch" : 0.95420495346530321,
	"roll" : 0.092866527997329099,
	"x" : -0.26677384894192308,
	"y" : 0.0096338075376994764,
	"yaw" : 1.3264257956247187,
	"z" : -0.07610872725527576
}
