{
	"pitch" : 1.4685778654987234,
	"roll" : -0.29399886370849937,
	"x" : -0.23808449572218482,
	"y" : 0.20564902073873328,
	"yaw" : 1.0899472979652798,
	"z" : -0.12778993890534374
}
