{
	"pitch" : 1.0638450286306562,
	"roll" : 0.015330249456517734,
	"x" : -0.2734486308582384,
	"y" : -0.056169970838533374,
	"yaw" : 0.94415981554135009,
	"z" : -0.084605721412111881
}
