{
	"pitch" : 0.97485069786284884,
	"roll" : 0.088716606090333078,
	"x" : -0.26665776625942311,
	"y" : 0.082802571481621123,
	"yaw" : 1.3094376795957139,
	"z" : -0.016361597620592333
}
