{
	"pitch" : 1.1058383653481287,
	"roll" : 0.032409716142562682,
	"x" : -0.25020772784699608,
	"y" : 0.15881256223264162,
	"yaw" : 1.3833875143938503,
	"z" : -0.02485741829040844
}
