{
	"pitch" : 1.1240558538119125,
	"roll" : 0.018019769204794069,
	"x" : -0.24762717765811315,
	"y" : 0.16538403353975278,
	"yaw" : 1.3763723209130869,
	"z" : -0.026189997736706078
}
