{
	"pitch" : 1.4704816135543686,
	"roll" : -0.48694302152981567,
	"x" : -0.23655634430800448,
	"y" : 0.20573418078230254,
	"yaw" : 0.85963098286583906,
	"z" : -0.13318574470821076
}
