{
	"pitch" : 1.0241521788971439,
	"roll" : 0.0028816271436348318,
	"x" : -0.27403089200365405,
	"y" : -0.052840213163970459,
	"yaw" : 0.94938525111963801,
	"z" : -0.088483088690777895
}
