{
	"pitch" : 1.1933504925243561,
	"roll" : -0.010040144699937713,
	"x" : -0.24401318976640274,
	"y" : 0.14816976539716895,
	"yaw" : 1.3425127345221812,
	"z" : -0.081027454546941449
}
