{
	"pitch" : 1.4546024282806174,
	"roll" : -0.56813730122839845,
	"x" : -0.23257785557330038,
	"y" : 0.20660798136807107,
	"yaw" : 0.80025484312762818,
	"z" : -0.13140845960782199
}
