{
	"pitch" : 1.0004852139542,
	"roll" : 0.054954903986631269,
	"x" : -0.2679062540058833,
	"y" : 0.06940461914981072,
	"yaw" : 1.2087742549509795,
	"z" : -0.036457389173538163
}
