{
	"pitch" : 1.4718682620757453,
	"roll" : -0.32971009056874367,
	"x" : -0.23806502498513166,
	"y" : 0.2050200236690698,
	"yaw" : 1.056608755207654,
	"z" : -0.12886571518040824
}
