{
	"pitch" : 0.90383133413084205,
	"roll" : 0.063147448398571518,
	"x" : -0.25452608478697475,
	"y" : 0.03790160482164831,
	"yaw" : 1.3147924895032745,
	"z" : -0.057472325627681717
}
