{
	"pitch" : 1.05114391224825,
	"roll" : 0.02259804521118693,
	"x" : -0.27250773630719627,
	"y" : -0.055157166391100569,
	"yaw" : 0.94510753186679675,
	"z" : -0.081401793670374645
}
