{
	"pitch" : 0.99007406607438131,
	"roll" : -0.096863824074663332,
	"x" : -0.27244833154642056,
	"y" : -0.040916536443369206,
	"yaw" : 0.93574799468871017,
	"z" : -0.083010696411795482
}
