{
	"pitch" : 1.5051973722527718,
	"roll" : -2.0765126218572392,
	"x" : -0.23398574647580164,
	"y" : 0.027878330693430056,
	"yaw" : -0.79769207475822601,
	"z" : -0.15233080477392866
}
