{
	"pitch" : 1.468566580640293,
	"roll" : -0.50008517106357286,
	"x" : -0.23686598412618048,
	"y" : 0.20569917168521329,
	"yaw" : 0.84867948950298611,
	"z" : -0.13252254720741291
}
