{
	"pitch" : 1.186471561558083,
	"roll" : -0.18292535107345073,
	"x" : -0.25446796389480442,
	"y" : -0.014493340649284685,
	"yaw" : 0.9371407020813719,
	"z" : -0.092232261054738848
}
