{
	"pitch" : 1.453991343415215,
	"roll" : -0.24149887777939477,
	"x" : -0.23913305755234071,
	"y" : 0.20556312057184672,
	"yaw" : 1.1426294917203808,
	"z" : -0.12279548278751834
}
