{
	"pitch" : 1.3411240528883888,
	"roll" : -0.026468978120903416,
	"x" : -0.24239603431723011,
	"y" : 0.17824576079292415,
	"yaw" : 1.3137442629808682,
	"z" : -0.11062726617367109
}
