{
	"pitch" : 1.2327857705938494,
	"roll" : -0.24063421892782635,
	"x" : -0.25349151841164264,
	"y" : -0.011613245856491761,
	"yaw" : 0.9052215158980027,
	"z" : -0.098946802065828537
}
