{
	"pitch" : 1.0390088920352742,
	"roll" : 0.011744766135619693,
	"x" : -0.27231832600282252,
	"y" : -0.054134314443417222,
	"yaw" : 0.94432524719348176,
	"z" : -0.084566434064298868
}
