{
	"pitch" : 0.98969809443821766,
	"roll" : -0.031594320534306004,
	"x" : -0.27608996461280783,
	"y" : -0.051667729636411065,
	"yaw" : 0.92909221536487085,
	"z" : -0.09175030077026923
}
