{
	"pitch" : 1.3564214375632007,
	"roll" : -0.14670265129097301,
	"x" : -0.24161098178506416,
	"y" : 0.20128690303913094,
	"yaw" : 1.2509245205134127,
	"z" : -0.090799019538424647
}
