{
	"pitch" : 1.2724561066027518,
	"roll" : -0.29724227736909237,
	"x" : -0.2504237682300986,
	"y" : -0.0043013272416438826,
	"yaw" : 0.86976164117663757,
	"z" : -0.10538593522393951
}
