{
	"pitch" : 1.0635754121587135,
	"roll" : 0.16729667463369313,
	"x" : -0.25838217760718146,
	"y" : 0.022243682895143856,
	"yaw" : 1.4049876012385263,
	"z" : -0.077258239963423167
}
