{
	"pitch" : 0.98722401339600518,
	"roll" : 0.11063982162398442,
	"x" : -0.26284919615049129,
	"y" : 0.082823632660809277,
	"yaw" : 1.3360518174672875,
	"z" : -0.0037701611582590666
}
