{
	"pitch" : 1.315665447581422,
	"roll" : 0.00073544309288810922,
	"x" : -0.24431967369102153,
	"y" : 0.16899200218651592,
	"yaw" : 1.3483772385311734,
	"z" : -0.10530262989398952
}
