{
	"pitch" : 1.4766291342507465,
	"roll" : -0.53550976759887059,
	"x" : -0.23656315058066166,
	"y" : 0.20515192309002869,
	"yaw" : 0.81239764736229914,
	"z" : -0.134476574308282
}
