{
	"pitch" : 1.5188327365107226,
	"roll" : -0.38101720633229369,
	"x" : -0.24091395773262556,
	"y" : 0.038488025980784935,
	"yaw" : 0.91805279357100233,
	"z" : -0.12812539624037717
}
