{
	"pitch" : 1.4473213878551037,
	"roll" : -0.57158077896633008,
	"x" : -0.23180532909377963,
	"y" : 0.20787298402724375,
	"yaw" : 0.79619486144129548,
	"z" : -0.12987736248475643
}
