{
	"pitch" : 1.3068944513766374,
	"roll" : -0.10308271129300223,
	"x" : -0.24277977427823808,
	"y" : 0.19822357719349606,
	"yaw" : 1.2917142449070926,
	"z" : -0.077070680141234013
}
