{
	"pitch" : 0.90721837167961561,
	"roll" : 0.068523553858656772,
	"x" : -0.25605669957878557,
	"y" : 0.03132047305875825,
	"yaw" : 1.3121179782076078,
	"z" : -0.060052860385257367
}
