{
	"pitch" : 0.93177837177796219,
	"roll" : 0.048471539511020359,
	"x" : -0.24580940898317435,
	"y" : 0.075237243019106642,
	"yaw" : 1.3278813807866277,
	"z" : -0.048249265779550021
}
