{
	"pitch" : 1.4095638523182978,
	"roll" : -0.23326865128504043,
	"x" : -0.24000998318897429,
	"y" : 0.20358192976025336,
	"yaw" : 1.1641119963262876,
	"z" : -0.10664185078749697
}
