{
	"pitch" : 1.5010837077070105,
	"roll" : -1.8096618792443553,
	"x" : -0.23360887080838966,
	"y" : 0.028358916900549785,
	"yaw" : -0.53080492360731168,
	"z" : -0.1509544473929548
}
