{
	"pitch" : 0.97363079680085185,
	"roll" : 0.091221367848885418,
	"x" : -0.26522906192475459,
	"y" : 0.083342149649411862,
	"yaw" : 1.3113188130991864,
	"z" : -0.013313211663098456
}
