{
	"pitch" : 1.0679448350532146,
	"roll" : 0.047081640425368748,
	"x" : -0.25487647163117333,
	"y" : 0.14261886162486417,
	"yaw" : 1.3797581828439971,
	"z" : -0.018629900903548241
}
