{
	"pitch" : 1.1670581360230667,
	"roll" : -0.17840129496681512,
	"x" : -0.25444618272640462,
	"y" : -0.016139861437269806,
	"yaw" : 0.93387359210480703,
	"z" : -0.089726410348459712
}
