{
	"pitch" : 1.0044842328485561,
	"roll" : 0.044551223454859963,
	"x" : -0.2653075439448549,
	"y" : 0.11417220012524838,
	"yaw" : 1.3539352650812524,
	"z" : -0.01845485495913729
}
