{
	"pitch" : 0.91003996761701811,
	"roll" : 0.056891978632389692,
	"x" : -0.24878188574469789,
	"y" : 0.059189763597406284,
	"yaw" : 1.3207021786612039,
	"z" : -0.051132775075072995
}
