{
	"pitch" : 1.0521320388677036,
	"roll" : 0.019356903193816565,
	"x" : -0.27237784483677319,
	"y" : -0.055482099956056866,
	"yaw" : 0.94305718140528139,
	"z" : -0.081454687199974146
}
