{
	"pitch" : 1.3317329853706541,
	"roll" : -0.39259624812629224,
	"x" : -0.24762463274032775,
	"y" : 0.0033757878398116142,
	"yaw" : 0.80060788730749954,
	"z" : -0.11412643852476241
}
