{
	"pitch" : 0.9670019664924917,
	"roll" : 0.10501198693024481,
	"x" : -0.27579064685411336,
	"y" : 0.083409439855867018,
	"yaw" : 1.3324645717959724,
	"z" : -0.029729577364187659
}
