{
	"pitch" : 0.95295010374188105,
	"roll" : 0.026662766624375299,
	"x" : -0.26991113834701985,
	"y" : 0.10009985631302266,
	"yaw" : 1.3075048932417026,
	"z" : -0.020629843588059721
}
