{
	"pitch" : 0.97299420294655059,
	"roll" : 0.094649428717181308,
	"x" : -0.26397981575169766,
	"y" : 0.083781499636857298,
	"yaw" : 1.314743642513134,
	"z" : -0.01038475084006546
}
