{
	"pitch" : 0.98128206279950803,
	"roll" : 0.087306560714825621,
	"x" : -0.27642899815205929,
	"y" : 0.080279745704925964,
	"yaw" : 1.3178053990585104,
	"z" : -0.032587480059125068
}
