{
	"pitch" : 1.4687498680335722,
	"roll" : -0.47039419096149188,
	"x" : -0.23904680730148459,
	"y" : 0.2041372237573017,
	"yaw" : 0.8869992544217834,
	"z" : -0.13324057201417927
}
