{
	"pitch" : 1.4801718565622788,
	"roll" : -0.53476088881881467,
	"x" : -0.2365198519515323,
	"y" : 0.2057021928682754,
	"yaw" : 0.81155933295694782,
	"z" : -0.13290388325968422
}
