{
	"pitch" : 1.0215590525791474,
	"roll" : 0.047932276454849911,
	"x" : -0.26249704740366142,
	"y" : 0.11980543311684873,
	"yaw" : 1.3604661226566666,
	"z" : -0.016727701016948593
}
