{
	"pitch" : 0.90431925446334493,
	"roll" : 0.064324786534523434,
	"x" : -0.25522570580104986,
	"y" : 0.034930747971774617,
	"yaw" : 1.3120938492072274,
	"z" : -0.058774022324510747
}
