{
	"pitch" : 1.3020545728926101,
	"roll" : 0.2789583728608202,
	"x" : -0.24962187420588461,
	"y" : 0.03814137131515561,
	"yaw" : 1.5324334254306788,
	"z" : -0.093245514540069144
}
