{
	"pitch" : 1.1390379502673365,
	"roll" : -0.17196556345829764,
	"x" : -0.25506294609671248,
	"y" : -0.018762472463120374,
	"yaw" : 0.92732841018068313,
	"z" : -0.086404325618789635
}
