{
	"pitch" : 1.5358119010787237,
	"roll" : -1.2071239935764364,
	"x" : -0.23892920481760682,
	"y" : 0.036984125889037087,
	"yaw" : 0.097031074972630804,
	"z" : -0.13493937557105562
}
