{
	"pitch" : 1.4897882047758895,
	"roll" : -2.0857476103132524,
	"x" : -0.22665508997528244,
	"y" : 0.032385541884947286,
	"yaw" : -0.7851972730507113,
	"z" : -0.13338863452722094
}
