{
	"pitch" : 0.97516235783785632,
	"roll" : 0.028350581748632777,
	"x" : -0.26846435982646688,
	"y" : 0.10411033944984507,
	"yaw" : 1.317302269783206,
	"z" : -0.019737931948737769
}
