{
	"pitch" : 1.5035272145759142,
	"roll" : -2.0329410993753241,
	"x" : -0.2304823593786566,
	"y" : 0.033668759517293798,
	"yaw" : -0.73237784981484755,
	"z" : -0.13362368407712286
}
