{
	"pitch" : 1.0457571793280445,
	"roll" : 0.11955679787296386,
	"x" : -0.25783615162550794,
	"y" : 0.066424719816769048,
	"yaw" : 1.2767332161025882,
	"z" : -0.044612390484379483
}
