{
	"pitch" : 0.9673029731566648,
	"roll" : 0.10610352830574547,
	"x" : -0.2759537199903776,
	"y" : 0.083329582539714397,
	"yaw" : 1.3330917523002823,
	"z" : -0.030358951398164691
}
