{
	"pitch" : 1.5027529471581607,
	"roll" : -2.467537855519967,
	"x" : -0.23367340893962985,
	"y" : 0.029177297231190502,
	"yaw" : -1.1949888600813308,
	"z" : -0.13969369137548884
}
