{
	"pitch" : 0.98716391073455889,
	"roll" : 0.1107545443746195,
	"x" : -0.26271413375171726,
	"y" : 0.082814845048217317,
	"yaw" : 1.3359469885114674,
	"z" : -0.0040400869793253968
}
