{
	"pitch" : 1.4751965665744138,
	"roll" : -2.4204057804974144,
	"x" : -0.22832700382284446,
	"y" : 0.029362542968714031,
	"yaw" : -1.1260153735880749,
	"z" : -0.14218578965575646
}
