{
	"pitch" : 1.4504513832713499,
	"roll" : -0.27521562840392516,
	"x" : -0.23454583899875686,
	"y" : 0.20333900671564717,
	"yaw" : 1.082300135287982,
	"z" : -0.12051626517418385
}
