{
	"pitch" : 1.4640206901828896,
	"roll" : -0.26539313374055462,
	"x" : -0.23936449790667411,
	"y" : 0.2078265673029317,
	"yaw" : 1.1190532586161837,
	"z" : -0.12902534425410772
}
