{
	"pitch" : 1.0034648693709456,
	"roll" : 0.14380824383461854,
	"x" : -0.26278990715131251,
	"y" : 0.015817313973653189,
	"yaw" : 1.3859616973581577,
	"z" : -0.074496656970525696
}
