{
	"pitch" : 1.0182332772726495,
	"roll" : -0.002159346560391625,
	"x" : -0.27446771566642714,
	"y" : -0.052564008716514385,
	"yaw" : 0.94642746646436171,
	"z" : -0.089507536299268747
}
