{
	"pitch" : 1.5041307111777045,
	"roll" : -2.1329621023790137,
	"x" : -0.23436763164305241,
	"y" : 0.027101825791513809,
	"yaw" : -0.85221722742066042,
	"z" : -0.1543357585195699
}
