{
	"pitch" : 1.3291417281122659,
	"roll" : -0.011561427918917625,
	"x" : -0.24362195617723173,
	"y" : 0.17424093319425654,
	"yaw" : 1.3300914287644054,
	"z" : -0.10941007918280481
}
