{
	"pitch" : 1.4666370407962688,
	"roll" : -0.53172117669067864,
	"x" : -0.23732247182541216,
	"y" : 0.20523171581762747,
	"yaw" : 0.82072097817681466,
	"z" : -0.13259225154719226
}
