{
	"pitch" : 0.99940975484030614,
	"roll" : 0.1322707955300893,
	"x" : -0.27260010608808127,
	"y" : 0.07009169531670395,
	"yaw" : 1.3134432778529312,
	"z" : -0.039885833665411125
}
