{
	"pitch" : 1.000991702852644,
	"roll" : 0.10614514377781241,
	"x" : -0.27285896811436366,
	"y" : 0.069571372323322861,
	"yaw" : 1.2789852799722492,
	"z" : -0.037684687259589178
}
