{
	"pitch" : 0.97396809074887258,
	"roll" : 0.090356336400608486,
	"x" : -0.27572749830675608,
	"y" : 0.085885662889219574,
	"yaw" : 1.3318571025641235,
	"z" : -0.031493960485732664
}
