{
	"pitch" : 0.97878968399623023,
	"roll" : 0.084214725965587739,
	"x" : -0.26903609855559024,
	"y" : 0.081707091986112881,
	"yaw" : 1.30499221986989,
	"z" : -0.020309241444085135
}
