{
	"pitch" : 0.98301800962292474,
	"roll" : 0.072263660520894016,
	"x" : -0.26446934796541816,
	"y" : 0.078727193137203819,
	"yaw" : 1.2877533205829581,
	"z" : -0.018285054762957942
}
