{
	"pitch" : 0.94974759337027936,
	"roll" : 0.035905211587984862,
	"x" : -0.27154215850163532,
	"y" : 0.095368719548912295,
	"yaw" : 1.3050423698735265,
	"z" : -0.022949992503384364
}
