{
	"pitch" : 1.2824137596270289,
	"roll" : -0.31946526887202276,
	"x" : -0.24969921689557711,
	"y" : -0.002573716781858755,
	"yaw" : 0.85246499976188783,
	"z" : -0.10746520750238327
}
