{
	"pitch" : 1.0239958160885512,
	"roll" : -0.13425873540892153,
	"x" : -0.26278816560320928,
	"y" : -0.032418062492849203,
	"yaw" : 0.91583211213032001,
	"z" : -0.078113470503004517
}
