{
	"pitch" : 0.97303880531988918,
	"roll" : 0.13111110621036318,
	"x" : -0.26559085728577597,
	"y" : 0.013200146231229132,
	"yaw" : 1.36807936217731,
	"z" : -0.076211680343934746
}
