{
	"pitch" : 1.4531037422815185,
	"roll" : -0.59220046622438904,
	"x" : -0.23245531657250623,
	"y" : 0.20718645219264886,
	"yaw" : 0.77475074336556649,
	"z" : -0.12947484389558808
}
