{
	"pitch" : 0.98508110653822079,
	"roll" : 0.085705155616996695,
	"x" : -0.27721098907031327,
	"y" : 0.079358227920337726,
	"yaw" : 1.3188801509746022,
	"z" : -0.035562285793045684
}
