{
	"pitch" : 1.1923185239233631,
	"roll" : 0.21165083948940189,
	"x" : -0.25239830655690998,
	"y" : 0.032317689443360637,
	"yaw" : 1.4516383836579221,
	"z" : -0.083037033648660302
}
