{
	"pitch" : 1.1359338576129803,
	"roll" : 0.003770136879642551,
	"x" : -0.24625178714722171,
	"y" : 0.16912129550446223,
	"yaw" : 1.3647391860959857,
	"z" : -0.028622644505785583
}
