{
	"pitch" : 1.5043879946575933,
	"roll" : -2.1297530767101698,
	"x" : -0.23428900099725067,
	"y" : 0.027226208700226559,
	"yaw" : -0.84911074206724946,
	"z" : -0.15373992748670728
}
