{
	"pitch" : 1.0507144639284551,
	"roll" : 0.14739490544352118,
	"x" : -0.25425506311155016,
	"y" : 0.065533362782553173,
	"yaw" : 1.3074135534878972,
	"z" : -0.047292399354121967
}
