{
	"pitch" : 1.0003390946812973,
	"roll" : 0.1340685398908753,
	"x" : -0.27468699542460001,
	"y" : 0.070237263116107229,
	"yaw" : 1.3145925630723974,
	"z" : -0.038628631261554358
}
