{
	"pitch" : 1.0888998885079217,
	"roll" : 0.002853507894548731,
	"x" : -0.2428968175828897,
	"y" : 0.12124834144567276,
	"yaw" : 1.3464303584993937,
	"z" : -0.061881821641569162
}
