{
	"pitch" : 1.5227845970516705,
	"roll" : -0.48741997163076395,
	"x" : -0.24046764254465158,
	"y" : 0.038522627770789172,
	"yaw" : 0.81269191620931447,
	"z" : -0.12927654264377128
}
