{
	"pitch" : 1.2850526598890049,
	"roll" : -0.095161179001399879,
	"x" : -0.24300269333394905,
	"y" : 0.19679950137181501,
	"yaw" : 1.298201776709957,
	"z" : -0.070897529796926761
}
