{
	"pitch" : 1.4471453067747044,
	"roll" : -0.57351260706216101,
	"x" : -0.23173174851714687,
	"y" : 0.20793554960383359,
	"yaw" : 0.79408563215778671,
	"z" : -0.12934399015885922
}
