{
	"pitch" : 0.92861556264161027,
	"roll" : 0.051221331015290375,
	"x" : -0.24635082525824065,
	"y" : 0.073701627326322044,
	"yaw" : 1.3300107541404314,
	"z" : -0.048730119649462139
}
