{
	"pitch" : 1.4827666109611279,
	"roll" : -2.4936645519404577,
	"x" : -0.23171593200266122,
	"y" : 0.031122444554514392,
	"yaw" : -1.2060660081161079,
	"z" : -0.14224394716930083
}
