{
	"pitch" : 1.4686262926530336,
	"roll" : -0.50538328711318992,
	"x" : -0.23658752493141705,
	"y" : 0.20567824860501133,
	"yaw" : 0.84229165181457766,
	"z" : -0.13343383268548026
}
