{
	"pitch" : 1.5055858661012893,
	"roll" : -2.3782694281069903,
	"x" : -0.23599039682906964,
	"y" : 0.026825816716992218,
	"yaw" : -1.1023127339209164,
	"z" : -0.15727853368792771
}
