{
	"pitch" : 0.90572434946042601,
	"roll" : 0.056829359366593848,
	"x" : -0.25149833760573159,
	"y" : 0.048101359804030477,
	"yaw" : 1.3141831465239977,
	"z" : -0.054071865899938371
}
