{
	"pitch" : 1.0431078922568038,
	"roll" : -0.14185587519538312,
	"x" : -0.26102687481479775,
	"y" : -0.030064265884340816,
	"yaw" : 0.91241827120046448,
	"z" : -0.078001218241244008
}
