{
	"pitch" : 1.5366979890162078,
	"roll" : -0.95546786593106803,
	"x" : -0.23943853828066283,
	"y" : 0.037521207505501017,
	"yaw" : 0.3485882876478022,
	"z" : -0.13273933301024113
}
