{
	"pitch" : 0.93870034530535018,
	"roll" : 0.041914299581814023,
	"x" : -0.24473255130062821,
	"y" : 0.078187030594363688,
	"yaw" : 1.3223178469931587,
	"z" : -0.047163577849996835
}
