{
	"pitch" : 0.978387510076135,
	"roll" : 0.084576875031022528,
	"x" : -0.268859376997307,
	"y" : 0.081763140007776763,
	"yaw" : 1.3054001764911702,
	"z" : -0.019671268849428658
}
