{
	"pitch" : 0.9642267825326426,
	"roll" : 0.12864839004568293,
	"x" : -0.25993034892233308,
	"y" : 0.01233621501440969,
	"yaw" : 1.3617130174977488,
	"z" : -0.053382584101459074
}
