{
	"pitch" : 1.4693580377716828,
	"roll" : -0.44174018855800079,
	"x" : -0.23922942085783297,
	"y" : 0.20398914768572129,
	"yaw" : 0.91638666641492983,
	"z" : -0.13284558500793389
}
