{
	"pitch" : 0.99864273677121218,
	"roll" : -0.019508355082182204,
	"x" : -0.27609877515010822,
	"y" : -0.051671519487813761,
	"yaw" : 0.93784601403641354,
	"z" : -0.092119456772466787
}
