{
	"pitch" : 1.0563598633776834,
	"roll" : 0.019364871348018148,
	"x" : -0.27279905663424037,
	"y" : -0.056053244104448507,
	"yaw" : 0.94223479659836384,
	"z" : -0.081657926908711001
}
