{
	"pitch" : 1.5011903596162346,
	"roll" : -1.8104762026290759,
	"x" : -0.23351100503262803,
	"y" : 0.028517507001829534,
	"yaw" : -0.53212096454135038,
	"z" : -0.15077881343407523
}
