{
	"pitch" : 1.0116924392326399,
	"roll" : 0.1449755849956566,
	"x" : -0.26244218320615037,
	"y" : 0.01674032557242771,
	"yaw" : 1.3889948420155478,
	"z" : -0.075949726165214004
}
