{
	"pitch" : 0.97343653102619032,
	"roll" : 0.13127955524857382,
	"x" : -0.26421355581158207,
	"y" : 0.013657353286862742,
	"yaw" : 1.3687272655201477,
	"z" : -0.073289639296189132
}
