{
	"pitch" : 0.96661481073337274,
	"roll" : 0.13136979697429196,
	"x" : -0.26017583144967721,
	"y" : 0.011780945954811425,
	"yaw" : 1.3630824769279355,
	"z" : -0.052963070130086054
}
