{
	"pitch" : 1.4230158566247779,
	"roll" : -0.86588680462919954,
	"x" : -0.23859249329034884,
	"y" : 0.020322378094393086,
	"yaw" : 0.38539946286395688,
	"z" : -0.13689572550937112
}
