{
	"pitch" : 1.4471217985502192,
	"roll" : -0.57807016009018697,
	"x" : -0.23181129053631652,
	"y" : 0.20786794385083185,
	"yaw" : 0.78934758432022645,
	"z" : -0.12976455658378272
}
