{
	"pitch" : 1.4803414807503961,
	"roll" : -2.3324379065890786,
	"x" : -0.23040162032742725,
	"y" : 0.030927511704339314,
	"yaw" : -1.0459849786824709,
	"z" : -0.14825111542830771
}
