{
	"pitch" : 1.0009197089013595,
	"roll" : 0.072896618277552838,
	"x" : -0.27025031634743724,
	"y" : 0.068867118139671862,
	"yaw" : 1.2343951072420321,
	"z" : -0.038570230082515866
}
