{
	"pitch" : 1.4871658448118941,
	"roll" : -1.3806439777105288,
	"x" : -0.23298003316644975,
	"y" : 0.028822062882216504,
	"yaw" : -0.10897451682577569,
	"z" : -0.14528810873243475
}
