{
	"pitch" : 0.90595593420477172,
	"roll" : 0.065775837292040826,
	"x" : -0.25617794078693756,
	"y" : 0.032467045970591538,
	"yaw" : 1.3110187539124261,
	"z" : -0.060796817076368234
}
