{
	"pitch" : 1.4714642907057085,
	"roll" : -1.130717000856382,
	"x" : -0.23456702137548524,
	"y" : 0.027214603859046879,
	"yaw" : 0.13301583557314248,
	"z" : -0.1417909661941541
}
