{
	"pitch" : 1.467013298703707,
	"roll" : -0.52183791631742704,
	"x" : -0.23736099692383986,
	"y" : 0.20535078069463097,
	"yaw" : 0.82894240122629237,
	"z" : -0.1337697951490843
}
