{
	"pitch" : 1.5038395739449444,
	"roll" : -2.1888542013435912,
	"x" : -0.2346713429849725,
	"y" : 0.026395401784601966,
	"yaw" : -0.91032830257546615,
	"z" : -0.15577001653355602
}
