{
	"pitch" : 1.4717359106726218,
	"roll" : -0.52635608439542347,
	"x" : -0.23539964094580637,
	"y" : 0.20669244545105794,
	"yaw" : 0.81626131559341653,
	"z" : -0.13175180419823901
}
