{
	"pitch" : 1.4580071007622342,
	"roll" : -0.66576753016419021,
	"x" : -0.2319350483441584,
	"y" : 0.20598044811013286,
	"yaw" : 0.69920832688258894,
	"z" : -0.13151649369763935
}
