{
	"pitch" : 1.4799573103632264,
	"roll" : -2.3307842941947219,
	"x" : -0.23098086594417441,
	"y" : 0.030761626109159071,
	"yaw" : -1.0437275297865707,
	"z" : -0.14917954176867496
}
