{
	"pitch" : 1.2951220073626839,
	"roll" : 0.00058014911652666469,
	"x" : -0.24500928268802974,
	"y" : 0.16412350259540154,
	"yaw" : 1.3496203492612975,
	"z" : -0.10230580791923831
}
