{
	"pitch" : 0.95110942827562761,
	"roll" : 0.027131337063570252,
	"x" : -0.27016963396456273,
	"y" : 0.099874358998379542,
	"yaw" : 1.307522329333016,
	"z" : -0.021457567397143912
}
