{
	"pitch" : 1.0500447946095122,
	"roll" : -0.14515146346489383,
	"x" : -0.2604753731189019,
	"y" : -0.02924785456750887,
	"yaw" : 0.91237667622703178,
	"z" : -0.078969506845958271
}
