{
	"pitch" : 1.0405418677780278,
	"roll" : 0.1052229477895012,
	"x" : -0.2608106714423219,
	"y" : 0.066713172482240873,
	"yaw" : 1.2483882137315099,
	"z" : -0.045531996417859655
}
