{
	"pitch" : 1.4689421654331034,
	"roll" : -0.71512820890859319,
	"x" : -0.23217284988236975,
	"y" : 0.20459240246565641,
	"yaw" : 0.64522703955423766,
	"z" : -0.13414188546459194
}
