{
	"pitch" : 0.90565706846802185,
	"roll" : 0.058511399581604277,
	"x" : -0.25202281738362869,
	"y" : 0.045959048924539642,
	"yaw" : 1.3148670164435317,
	"z" : -0.054378321612352259
}
