{
	"pitch" : 1.0018313217938841,
	"roll" : 0.063274760829843818,
	"x" : -0.26938335496149257,
	"y" : 0.06856809558414384,
	"yaw" : 1.2197766609800129,
	"z" : -0.038276547015256068
}
