{
	"pitch" : 1.4549035329632634,
	"roll" : -0.29208900617443934,
	"x" : -0.23768504920103364,
	"y" : 0.20914237781045925,
	"yaw" : 1.0883349462329142,
	"z" : -0.12621392551307811
}
