{
	"pitch" : 1.5073156003083619,
	"roll" : -2.3263658298145944,
	"x" : -0.23548761628237447,
	"y" : 0.026595593036554913,
	"yaw" : -1.0500213764822468,
	"z" : -0.15501160718471371
}
