{
	"pitch" : 1.4758895234538776,
	"roll" : -2.3491907389535225,
	"x" : -0.22791620052490344,
	"y" : 0.028287261338546324,
	"yaw" : -1.0581042788354988,
	"z" : -0.15741108947618265
}
