{
	"pitch" : 0.97803930776949655,
	"roll" : 0.098203668614845641,
	"x" : -0.27640405281279945,
	"y" : 0.081146220705140756,
	"yaw" : 1.3249969350682438,
	"z" : -0.030416437842178567
}
