{
	"pitch" : 0.96223846504718158,
	"roll" : 0.055721732256934005,
	"x" : -0.26499524796363805,
	"y" : 0.0084532761149347761,
	"yaw" : 1.3139968758491918,
	"z" : -0.078268709752312163
}
