{
	"pitch" : 1.4775158292388793,
	"roll" : -2.4065653091285246,
	"x" : -0.22508850340214664,
	"y" : 0.027099587672118577,
	"yaw" : -1.1006315964488962,
	"z" : -0.14788709353670598
}
