{
	"pitch" : 1.4727663231501131,
	"roll" : -0.3159021176036611,
	"x" : -0.23845828598545241,
	"y" : 0.20570773799571307,
	"yaw" : 1.0683083256271213,
	"z" : -0.12978707506317863
}
