{
	"pitch" : 1.0197429416868582,
	"roll" : 0.047338211626997077,
	"x" : -0.24412412891593055,
	"y" : 0.09803120198386843,
	"yaw" : 1.3526590242596668,
	"z" : -0.049478090712084338
}
