{
	"pitch" : 1.2795109763014976,
	"roll" : 0.0016200068990886477,
	"x" : -0.24492615936481194,
	"y" : 0.16137872428232752,
	"yaw" : 1.3522417772047601,
	"z" : -0.098257323224190465
}
