{
	"pitch" : 1.4661482120198881,
	"roll" : -0.54242234022106084,
	"x" : -0.23422463975127109,
	"y" : 0.20779409717073907,
	"yaw" : 0.80051700196593367,
	"z" : -0.13065378666671576
}
