{
	"pitch" : 0.98929700281243327,
	"roll" : -0.033008190117110585,
	"x" : -0.27640933901870157,
	"y" : -0.051350218017123125,
	"yaw" : 0.92866161251358115,
	"z" : -0.092748951114254935
}
