{
	"pitch" : 1.5053557751828435,
	"roll" : -2.343497409294419,
	"x" : -0.23559067952604856,
	"y" : 0.02657752450435065,
	"yaw" : -1.0668811743514761,
	"z" : -0.15564484195221906
}
