{
	"pitch" : 1.5017258433195322,
	"roll" : -2.1729473870775937,
	"x" : -0.23413190141598186,
	"y" : 0.026282736592070879,
	"yaw" : -0.89072669665914561,
	"z" : -0.15513028299176529
}
