{
	"pitch" : 1.4716827465154858,
	"roll" : -0.4932138876529818,
	"x" : -0.23654440546105801,
	"y" : 0.20563840458243493,
	"yaw" : 0.85346070056247081,
	"z" : -0.1335750205820164
}
