{
	"pitch" : 1.3321922076713546,
	"roll" : -0.0098751722808053388,
	"x" : -0.24290624277721831,
	"y" : 0.17539988837804182,
	"yaw" : 1.331300246886669,
	"z" : -0.10764383826458047
}
