{
	"pitch" : 1.3363666080317385,
	"roll" : -0.015154902251422067,
	"x" : -0.24328227447484316,
	"y" : 0.17647928438366725,
	"yaw" : 1.3256636252989709,
	"z" : -0.11115015913372697
}
