{
	"pitch" : 1.1632897683828414,
	"roll" : -0.026846058362911592,
	"x" : -0.24466786911351418,
	"y" : 0.17634720674764254,
	"yaw" : 1.3451658853869568,
	"z" : -0.035786145949694315
}
