{
	"pitch" : 1.463228767589438,
	"roll" : -0.43133551997233799,
	"x" : -0.23517131241683081,
	"y" : 0.20722972142940854,
	"yaw" : 0.93913715886893812,
	"z" : -0.12827329285558742
}
