{
	"pitch" : 1.466852508188065,
	"roll" : -0.52206675474916242,
	"x" : -0.23459320579461201,
	"y" : 0.20768994158322013,
	"yaw" : 0.82044189165522907,
	"z" : -0.13082498360377867
}
