{
	"pitch" : 1.1795351817217103,
	"roll" : -0.18049174156184272,
	"x" : -0.2545558033644586,
	"y" : -0.015081194673129995,
	"yaw" : 0.93686220569866041,
	"z" : -0.091913306931131367
}
