{
	"pitch" : 1.4628417640577867,
	"roll" : -0.62627465922089987,
	"x" : -0.23295340782836024,
	"y" : 0.20644339602504613,
	"yaw" : 0.72179813782126145,
	"z" : -0.13206108198598301
}
