{
	"pitch" : 0.95749078519803887,
	"roll" : -0.055818173774045673,
	"x" : -0.2761152693203946,
	"y" : -0.048037862337517924,
	"yaw" : 0.93060424141352005,
	"z" : -0.091061549241750375
}
