{
	"pitch" : 1.3004347405650247,
	"roll" : -0.10074470541396709,
	"x" : -0.24281855343861741,
	"y" : 0.19783156977144073,
	"yaw" : 1.293704000853265,
	"z" : -0.075097779653838626
}
