{
	"pitch" : 0.96426703989780882,
	"roll" : 0.082574569672996465,
	"x" : -0.26786209018441376,
	"y" : 0.0090851458388076303,
	"yaw" : 1.3490179117415906,
	"z" : -0.083698916695815223
}
