{
	"pitch" : 1.5215099039717115,
	"roll" : -1.6472118286912047,
	"x" : -0.23497151057178417,
	"y" : 0.035903654613549982,
	"yaw" : -0.34618366913943682,
	"z" : -0.13580440724279952
}
