{
	"pitch" : 1.5041751285605718,
	"roll" : -1.9517893283930579,
	"x" : -0.23355093123778337,
	"y" : 0.028308810294473033,
	"yaw" : -0.67333517212626848,
	"z" : -0.15300597808288707
}
