{
	"pitch" : 1.4785376730981346,
	"roll" : -0.56317664887647356,
	"x" : -0.23636017647392635,
	"y" : 0.20498908580719921,
	"yaw" : 0.7853179443405266,
	"z" : -0.13455152315721158
}
