{
	"pitch" : 1.0654995995616685,
	"roll" : -0.14859231563075706,
	"x" : -0.25878499027530866,
	"y" : -0.027317848820570922,
	"yaw" : 0.91412601571391738,
	"z" : -0.07902518081629982
}
