{
	"pitch" : 1.4745816231366826,
	"roll" : -0.51966238287675914,
	"x" : -0.23639447546282025,
	"y" : 0.20535912037015933,
	"yaw" : 0.827608057724184,
	"z" : -0.13351761573218385
}
