{
	"pitch" : 0.96284824151527637,
	"roll" : -0.049955170283242249,
	"x" : -0.27635225208445041,
	"y" : -0.04914292810457483,
	"yaw" : 0.93060008999169208,
	"z" : -0.092545659309934664
}
