{
	"pitch" : 1.1570902496468529,
	"roll" : -0.17747139958871147,
	"x" : -0.25420373042418942,
	"y" : -0.016593278891582078,
	"yaw" : 0.9304160204253612,
	"z" : -0.087555953002410883
}
