{
	"pitch" : 1.0015939090476023,
	"roll" : 0.056343464970979029,
	"x" : -0.2679695176859857,
	"y" : 0.069032622758937984,
	"yaw" : 1.2096133216529459,
	"z" : -0.036599920121954704
}
