{
	"pitch" : 1.4803124826464591,
	"roll" : -0.56954827777250239,
	"x" : -0.23629156253440434,
	"y" : 0.2051788428207606,
	"yaw" : 0.77931973727001247,
	"z" : -0.13339627055191858
}
