{
	"pitch" : 0.97043689539380262,
	"roll" : -0.079135558536089043,
	"x" : -0.27510939078282692,
	"y" : -0.04241026511906678,
	"yaw" : 0.94481062812342509,
	"z" : -0.084604081375420331
}
