{
	"pitch" : 0.95621245217309969,
	"roll" : 0.08989572646527795,
	"x" : -0.26784273214665638,
	"y" : 0.0094066300500336153,
	"yaw" : 1.3215474416076085,
	"z" : -0.078052822725003773
}
