{
	"pitch" : 1.4692254520672239,
	"roll" : -0.52746246119771856,
	"x" : -0.23832751907207089,
	"y" : 0.20470220030085554,
	"yaw" : 0.82701005482722978,
	"z" : -0.13358369718078239
}
