{
	"pitch" : 0.98738522408232599,
	"roll" : 0.035689143964898265,
	"x" : -0.24369418233603909,
	"y" : 0.09156021278355099,
	"yaw" : 1.3370658484947862,
	"z" : -0.048060091661792398
}
