{
	"pitch" : 1.4803022803663837,
	"roll" : -2.4129322771309241,
	"x" : -0.22575053826936339,
	"y" : 0.027138001329704675,
	"yaw" : -1.1072608652846789,
	"z" : -0.14649056790225093
}
