{
	"pitch" : 1.4626475117130209,
	"roll" : -0.42062574664782998,
	"x" : -0.23546225234969931,
	"y" : 0.20730866338941106,
	"yaw" : 0.95026137355210227,
	"z" : -0.12912923955953939
}
