{
	"pitch" : 1.316905350275978,
	"roll" : 0.00078332442927872114,
	"x" : -0.24443529235575781,
	"y" : 0.16932200637256226,
	"yaw" : 1.3483802872788058,
	"z" : -0.10627141087478043
}
