{
	"pitch" : 1.0870649539211323,
	"roll" : -0.14633523002787019,
	"x" : -0.25737070891056829,
	"y" : -0.02444840383739743,
	"yaw" : 0.92561599968217279,
	"z" : -0.080549571810196119
}
