{
	"pitch" : 1.3828122955277256,
	"roll" : -0.068548816027005924,
	"x" : -0.24041270224415398,
	"y" : 0.18935048911935323,
	"yaw" : 1.2712139444650632,
	"z" : -0.11552648501905612
}
