{
	"pitch" : 1.1945965376831718,
	"roll" : 0.21101083071688531,
	"x" : -0.25260247534615848,
	"y" : 0.032464421279311921,
	"yaw" : 1.4514355737208073,
	"z" : -0.084226467459663668
}
