{
	"pitch" : 0.968942786172038,
	"roll" : 0.10946650080619658,
	"x" : -0.25787468111441736,
	"y" : 0.012018173796716727,
	"yaw" : 1.3330648252899235,
	"z" : -0.057338639952117076
}
