{
	"pitch" : 1.051812939231257,
	"roll" : 0.019841771590739882,
	"x" : -0.27237924403482838,
	"y" : -0.055405248407274003,
	"yaw" : 0.94348176811257023,
	"z" : -0.081447794119148348
}
