{
	"pitch" : 1.418213164651833,
	"roll" : 0.30035299431465545,
	"x" : -0.24781959271645909,
	"y" : 0.039145683260085898,
	"yaw" : 1.5774004070253325,
	"z" : -0.10676725369311976
}
