{
	"pitch" : 0.95300843362191179,
	"roll" : 0.099178722492937729,
	"x" : -0.25943052678451567,
	"y" : 0.013629574965235085,
	"yaw" : 1.3204900447274508,
	"z" : -0.069773589215417334
}
