{
	"pitch" : 1.2273168822950444,
	"roll" : -0.23513500603479451,
	"x" : -0.25353712114817262,
	"y" : -0.012080541630184358,
	"yaw" : 0.90833650587249692,
	"z" : -0.098037386738202614
}
