{
	"pitch" : 1.1190131221687076,
	"roll" : -0.0093982160806225599,
	"x" : -0.24248350530927187,
	"y" : 0.13180387783353359,
	"yaw" : 1.3381781994479149,
	"z" : -0.065762279903463838
}
