{
	"pitch" : 1.4582348561457326,
	"roll" : -0.35558451986391992,
	"x" : -0.23626377536865298,
	"y" : 0.20833132055796133,
	"yaw" : 1.0194856164361257,
	"z" : -0.12702959777722286
}
