{
	"pitch" : 1.5228820269934908,
	"roll" : -1.6181970277202642,
	"x" : -0.23515374308986453,
	"y" : 0.036231579100940228,
	"yaw" : -0.31681921378259909,
	"z" : -0.13527992971831523
}
