{
	"pitch" : 1.252405414482759,
	"roll" : -0.25234547369399996,
	"x" : -0.25298732734240487,
	"y" : -0.0089563827589573021,
	"yaw" : 0.90093622404865903,
	"z" : -0.10085863844821585
}
