{
	"pitch" : 1.4449965987133997,
	"roll" : -0.19096693096373124,
	"x" : -0.23276088458120367,
	"y" : 0.20215005134766589,
	"yaw" : 1.1639255392617323,
	"z" : -0.11530695951271477
}
