{
	"pitch" : 1.4653371019258112,
	"roll" : -0.58064468818597703,
	"x" : -0.2335852686863012,
	"y" : 0.2076647539062928,
	"yaw" : 0.76498473251360832,
	"z" : -0.13014459690856742
}
