{
	"pitch" : 1.5339899422234926,
	"roll" : -1.3209250920483349,
	"x" : -0.23813257817415504,
	"y" : 0.036920542149597363,
	"yaw" : -0.017446169889834658,
	"z" : -0.13484424714782145
}
