{
	"pitch" : 1.0860152260564773,
	"roll" : 0.18101778032482885,
	"x" : -0.25697813284706073,
	"y" : 0.024884883776685948,
	"yaw" : 1.4135462954668405,
	"z" : -0.077898247300726989
}
