{
	"pitch" : 0.97916256656920719,
	"roll" : -0.085041046974932047,
	"x" : -0.2733699856643283,
	"y" : -0.040976123519109418,
	"yaw" : 0.94442227111478705,
	"z" : -0.082913559233816256
}
