{
	"pitch" : 1.5005323835007958,
	"roll" : -1.792717778091993,
	"x" : -0.23352605042163774,
	"y" : 0.028356091163074429,
	"yaw" : -0.51411122466350989,
	"z" : -0.1502581718172408
}
