{
	"pitch" : 0.94775586228951969,
	"roll" : 0.035210582394659316,
	"x" : -0.24387420454432465,
	"y" : 0.081598266069088932,
	"yaw" : 1.3183577402823308,
	"z" : -0.047175831792934914
}
