{
	"pitch" : 0.99305437956073861,
	"roll" : 0.034543331200949448,
	"x" : -0.2663887796680503,
	"y" : 0.071696257656818307,
	"yaw" : 1.2028964186905318,
	"z" : -0.032742803833567563
}
