{
	"pitch" : 1.4777463206382953,
	"roll" : -0.55456540881255267,
	"x" : -0.23639587993416003,
	"y" : 0.20508591672887622,
	"yaw" : 0.79372297235036793,
	"z" : -0.13411135439885141
}
