{
	"pitch" : 1.1908802544523047,
	"roll" : -0.046613544496158364,
	"x" : -0.24399937097744812,
	"y" : 0.18329076536566968,
	"yaw" : 1.3322628868195507,
	"z" : -0.043531524506346564
}
