{
	"pitch" : 1.4544105958682816,
	"roll" : -0.9918133343052512,
	"x" : -0.23631075596458262,
	"y" : 0.024978517498105896,
	"yaw" : 0.26714003937630182,
	"z" : -0.13945371050375779
}
