{
	"pitch" : 1.0207300677592563,
	"roll" : -0.13229602520477615,
	"x" : -0.2628190674083053,
	"y" : -0.032863027535251443,
	"yaw" : 0.91783457943681912,
	"z" : -0.077065557200092588
}
