{
	"pitch" : 1.4855340650506625,
	"roll" : -2.5003830037428374,
	"x" : -0.22776857286762522,
	"y" : 0.031106865159997388,
	"yaw" : -1.1975919601396798,
	"z" : -0.1333601786438133
}
