{
	"pitch" : 0.97956643964815882,
	"roll" : 0.071117632346485618,
	"x" : -0.26568197509265046,
	"y" : 0.007263399533881186,
	"yaw" : 1.3367752975721325,
	"z" : -0.080165860912261314
}
