{
	"pitch" : 1.4671844487530643,
	"roll" : -0.51973282950231137,
	"x" : -0.23473487503745535,
	"y" : 0.20757563274744539,
	"yaw" : 0.82286498756521143,
	"z" : -0.13084839221144159
}
