{
	"pitch" : 1.4786213351121849,
	"roll" : -1.2525135841965993,
	"x" : -0.23379421840130593,
	"y" : 0.028067213616324388,
	"yaw" : 0.016040140962439019,
	"z" : -0.14519641663809543
}
