{
	"pitch" : 1.4683216441528955,
	"roll" : -0.28811441949416305,
	"x" : -0.23810154331033134,
	"y" : 0.20564636327818819,
	"yaw" : 1.0953826419309638,
	"z" : -0.12738748123794896
}
