{
	"pitch" : 0.96230864635854463,
	"roll" : 0.10152834672590552,
	"x" : -0.25868485083527898,
	"y" : 0.012892980460668453,
	"yaw" : 1.3212662149426522,
	"z" : -0.065014303070590015
}
