{
	"pitch" : 1.4818865558824172,
	"roll" : -2.2336281478539854,
	"x" : -0.22530691157340868,
	"y" : 0.031517665635147046,
	"yaw" : -0.93177124602910955,
	"z" : -0.13367132898903761
}
