{
	"pitch" : 1.500707756612514,
	"roll" : -2.479189014961753,
	"x" : -0.2339084383590761,
	"y" : 0.028084508732438909,
	"yaw" : -1.2034520213476192,
	"z" : -0.14000488714619508
}
