{
	"pitch" : 1.0590231915234831,
	"roll" : 0.0270769784554214,
	"x" : -0.27373696821442489,
	"y" : -0.055636432626472464,
	"yaw" : 0.95424907818786031,
	"z" : -0.082258696013084193
}
