{
	"pitch" : 1.4043511308310417,
	"roll" : -0.73449272764022266,
	"x" : -0.24110612620831942,
	"y" : 0.015779779842909902,
	"yaw" : 0.50719582919552142,
	"z" : -0.13494042529018743
}
