{
	"pitch" : 1.2640746501370475,
	"roll" : -0.085378531740267369,
	"x" : -0.24327136925636655,
	"y" : 0.19452816959289088,
	"yaw" : 1.3062431720512171,
	"z" : -0.064565565293476124
}
