{
	"pitch" : 1.4631880911111907,
	"roll" : -0.47189257235434345,
	"x" : -0.23492814538257514,
	"y" : 0.20680232478752925,
	"yaw" : 0.89708804191640557,
	"z" : -0.1311286633868893
}
