{
	"pitch" : 0.97543024311720627,
	"roll" : 0.10043575471913324,
	"x" : -0.25891653955612365,
	"y" : 0.082962900000673773,
	"yaw" : 1.3173025849563269,
	"z" : 0.0021306132063438066
}
