{
	"pitch" : 1.1339093784237695,
	"roll" : 0.00734926413817276,
	"x" : -0.24661018753766487,
	"y" : 0.16839574214298308,
	"yaw" : 1.3675411707679319,
	"z" : -0.028656610748349354
}
