{
	"pitch" : 1.3621486137600953,
	"roll" : -0.070672123415739085,
	"x" : -0.24088580449107999,
	"y" : 0.18362841063692617,
	"yaw" : 1.2696463205961861,
	"z" : -0.1128572870660348
}
