{
	"pitch" : 0.90848072182187234,
	"roll" : 0.056837778659818351,
	"x" : -0.24910655513528487,
	"y" : 0.057046239395688883,
	"yaw" : 1.3189865259128419,
	"z" : -0.051310448111582252
}
