{
	"pitch" : 0.98078962265139524,
	"roll" : 0.02791390917251085,
	"x" : -0.26718682711194081,
	"y" : 0.10752212296225069,
	"yaw" : 1.3277120620932135,
	"z" : -0.019195463875282454
}
