{
	"pitch" : 0.96252348037048185,
	"roll" : -0.050511083457699765,
	"x" : -0.27744018145383359,
	"y" : -0.045682842512753376,
	"yaw" : 0.95004872191602663,
	"z" : -0.088165033826161615
}
