{
	"pitch" : 1.0428963451354878,
	"roll" : 0.13765231788171703,
	"x" : -0.252440701344183,
	"y" : 0.06410584673497137,
	"yaw" : 1.2988480598228849,
	"z" : -0.043842173293260567
}
