{
	"pitch" : 0.99246652082095987,
	"roll" : 0.01908714519022001,
	"x" : -0.26542447647141926,
	"y" : 0.071931301364765443,
	"yaw" : 1.1899863503799499,
	"z" : -0.032153458779756144
}
