{
	"pitch" : 1.4807573558354832,
	"roll" : -2.4393215783501243,
	"x" : -0.22907263875244241,
	"y" : 0.026181931956839863,
	"yaw" : -1.1362658695557777,
	"z" : -0.14159542701093081
}
