{
	"pitch" : 1.0021198836286871,
	"roll" : -0.015508612563870702,
	"x" : -0.27598114572747146,
	"y" : -0.051633258151223556,
	"yaw" : 0.94098458607643098,
	"z" : -0.092143152432817468
}
