{
	"pitch" : 1.4646207948429126,
	"roll" : -0.61030748627842346,
	"x" : -0.23320004217350648,
	"y" : 0.20701019846010887,
	"yaw" : 0.73779925292239834,
	"z" : -0.13102528377018915
}
