{
	"pitch" : 0.94546286839547056,
	"roll" : 0.031743684986415867,
	"x" : -0.2709609400612884,
	"y" : 0.098447763196140792,
	"yaw" : 1.3083304363308457,
	"z" : -0.022473250216445528
}
