{
	"pitch" : 1.0405140608212564,
	"roll" : 0.012133141907888079,
	"x" : -0.27229494372622176,
	"y" : -0.054361816143596024,
	"yaw" : 0.94440620844682976,
	"z" : -0.084109089849871865
}
