{
	"pitch" : 1.1855962164395966,
	"roll" : -0.013446916677759709,
	"x" : -0.24411456408846058,
	"y" : 0.14677190155459952,
	"yaw" : 1.339118430845885,
	"z" : -0.080729364960036534
}
