{
	"pitch" : 1.346744676221495,
	"roll" : -0.13613460039364172,
	"x" : -0.24194013050153307,
	"y" : 0.20082331644027313,
	"yaw" : 1.2603609269161735,
	"z" : -0.088380946122334797
}
