{
	"pitch" : 1.4271912958370181,
	"roll" : -0.051702282048168235,
	"x" : -0.22896331193063513,
	"y" : 0.19837176731530159,
	"yaw" : 1.2985326450140342,
	"z" : -0.10019644288566568
}
