{
	"pitch" : 1.4298753249549185,
	"roll" : -0.050933358699533485,
	"x" : -0.22979032075764258,
	"y" : 0.19873748046467304,
	"yaw" : 1.299612177837246,
	"z" : -0.10145539350944012
}
