{
	"pitch" : 1.243627158840827,
	"roll" : -0.2476159969833473,
	"x" : -0.25306793701142505,
	"y" : -0.010112001176433414,
	"yaw" : 0.90168436365173188,
	"z" : -0.099096216938784898
}
