{
	"pitch" : 0.97646586175281636,
	"roll" : 0.075339207273984979,
	"x" : -0.26994637199882671,
	"y" : 0.081351087351956813,
	"yaw" : 1.3007375524290981,
	"z" : -0.022238352307535819
}
