{
	"pitch" : 1.4915734100870464,
	"roll" : -1.4780910767954825,
	"x" : -0.23315952544343815,
	"y" : 0.028714754097237352,
	"yaw" : -0.20543816394875838,
	"z" : -0.14657334615582107
}
