{
	"pitch" : 1.5019298318433538,
	"roll" : -2.4471050526780278,
	"x" : -0.23353315449582895,
	"y" : 0.028729306058813853,
	"yaw" : -1.1733524425784221,
	"z" : -0.13958757066345406
}
