{
	"pitch" : 0.94614907105265866,
	"roll" : 0.088813330827476181,
	"x" : -0.2587279950189163,
	"y" : 0.014967336681820535,
	"yaw" : 1.3172658962437904,
	"z" : -0.069726826714943374
}
