{
	"pitch" : 1.4879324139008561,
	"roll" : -1.3954679361047453,
	"x" : -0.23310658445654059,
	"y" : 0.028755529945069386,
	"yaw" : -0.12363186730781629,
	"z" : -0.14598830509868319
}
