{
	"pitch" : 1.4760681430969862,
	"roll" : -2.4412771080999431,
	"x" : -0.22879661265235593,
	"y" : 0.029494893275748946,
	"yaw" : -1.1466925534411792,
	"z" : -0.14303358712815314
}
