{
	"pitch" : 0.95530605390341727,
	"roll" : 0.089428620557032421,
	"x" : -0.26686901954665604,
	"y" : 0.0094842520342409593,
	"yaw" : 1.3227217190727365,
	"z" : -0.076494223322163532
}
