{
	"pitch" : 1.4572127231628458,
	"roll" : -0.25259547838997393,
	"x" : -0.2387513339830645,
	"y" : 0.20569178096014665,
	"yaw" : 1.1308085144632887,
	"z" : -0.12523084459791581
}
