{
	"pitch" : 1.5055983952896417,
	"roll" : -2.0196381626248501,
	"x" : -0.23104534320111875,
	"y" : 0.033742552414742069,
	"yaw" : -0.71896560743173321,
	"z" : -0.13381240940190714
}
