{
	"pitch" : 1.5019337407475422,
	"roll" : -2.493464301602089,
	"x" : -0.23387578988915975,
	"y" : 0.029063026344282858,
	"yaw" : -1.2195943875973088,
	"z" : -0.14006282035365661
}
