{
	"pitch" : 1.035700897153804,
	"roll" : 0.010985467307098727,
	"x" : -0.27238079981958596,
	"y" : -0.053883882801696592,
	"yaw" : 0.94394652641211585,
	"z" : -0.085035985362634348
}
