{
	"pitch" : 1.4238175240736881,
	"roll" : -0.050073265906524035,
	"x" : -0.22920389189853632,
	"y" : 0.19805497345778911,
	"yaw" : 1.3001372286288262,
	"z" : -0.098638326336392773
}
