{
	"pitch" : 1.1647962906472498,
	"roll" : -0.020668252281041761,
	"x" : -0.24301788036890182,
	"y" : 0.14291660189121377,
	"yaw" : 1.3306604828605377,
	"z" : -0.075206741936779647
}
