{
	"pitch" : 1.0665739777381582,
	"roll" : -0.14932352174448077,
	"x" : -0.25896539650786254,
	"y" : -0.027305898789897629,
	"yaw" : 0.91404295701353311,
	"z" : -0.079836370524357436
}
