{
	"pitch" : 0.96621697967502063,
	"roll" : 0.10449234631833539,
	"x" : -0.27602225172563882,
	"y" : 0.082700232685061381,
	"yaw" : 1.3333585952578335,
	"z" : -0.030328490123309237
}
