{
	"pitch" : 1.4869159103809158,
	"roll" : -2.4802809735362343,
	"x" : -0.2277260274118256,
	"y" : 0.03111699464596282,
	"yaw" : -1.1775132482807913,
	"z" : -0.13326854160322743
}
