{
	"pitch" : 1.5074190251848971,
	"roll" : -2.2850000545659332,
	"x" : -0.23536454016536737,
	"y" : 0.026546496882481924,
	"yaw" : -1.0077696379985961,
	"z" : -0.1554943746067303
}
