{
	"pitch" : 1.4991548932884797,
	"roll" : -2.0382086484638418,
	"x" : -0.22916692185805992,
	"y" : 0.033331368877151255,
	"yaw" : -0.73802895824535963,
	"z" : -0.13350446244270431
}
