{
	"pitch" : 1.0407719282516725,
	"roll" : 0.049696339350289165,
	"x" : -0.24423839041901929,
	"y" : 0.10407295261405101,
	"yaw" : 1.3621279494685503,
	"z" : -0.050728675065013717
}
