{
	"pitch" : 1.4800260418863014,
	"roll" : -2.3344580727077511,
	"x" : -0.23168001647277903,
	"y" : 0.030537106236495096,
	"yaw" : -1.0469639785004199,
	"z" : -0.1503598447072009
}
