{
	"pitch" : 1.0642739260129339,
	"roll" : 0.014668708758375637,
	"x" : -0.27346648019943542,
	"y" : -0.055547533152050403,
	"yaw" : 0.94308843182202107,
	"z" : -0.086994546907814607
}
