{
	"pitch" : 1.0571333093480304,
	"roll" : 0.022704108407114551,
	"x" : -0.27313362421307141,
	"y" : -0.055919469584328474,
	"yaw" : 0.94608880712322307,
	"z" : -0.081779908711701488
}
