{
	"pitch" : 1.0420661936857185,
	"roll" : -0.14079874181766394,
	"x" : -0.26084829429964773,
	"y" : -0.030078809513134595,
	"yaw" : 0.91288042765499944,
	"z" : -0.077247468429625862
}
