{
	"pitch" : 1.478599872260824,
	"roll" : -0.6850865295987616,
	"x" : -0.23301867320059599,
	"y" : 0.20450556885950155,
	"yaw" : 0.67150197373595977,
	"z" : -0.13489621864865195
}
