{
	"pitch" : 1.231218205504669,
	"roll" : -0.23875899727340993,
	"x" : -0.2533404059882311,
	"y" : -0.011624755990776836,
	"yaw" : 0.90631226531686571,
	"z" : -0.098011082690483795
}
