{
	"pitch" : 1.477975900155537,
	"roll" : -2.4199878577447373,
	"x" : -0.22823480730047888,
	"y" : 0.029714499730454619,
	"yaw" : -1.1260809621837675,
	"z" : -0.14317371669284543
}
