{
	"pitch" : 1.2688195943291281,
	"roll" : -0.087415488442653649,
	"x" : -0.24307317987912844,
	"y" : 0.19511977422164625,
	"yaw" : 1.3048364793429146,
	"z" : -0.06511068973873721
}
