{
	"pitch" : 1.521824097051522,
	"roll" : -0.46706648944512735,
	"x" : -0.24069696105642879,
	"y" : 0.038486433122120564,
	"yaw" : 0.83283861156321048,
	"z" : -0.12955324445066219
}
