{
	"pitch" : 0.97715288419069635,
	"roll" : 0.036013173750079057,
	"x" : -0.24378233925500881,
	"y" : 0.089754016218593413,
	"yaw" : 1.3325353455248183,
	"z" : -0.049051923507792139
}
