{
	"pitch" : 1.4580397143669077,
	"roll" : -0.35019397539337754,
	"x" : -0.23671162175961871,
	"y" : 0.20416328379890847,
	"yaw" : 1.0091193763533812,
	"z" : -0.12612098420493087
}
