{
	"pitch" : 1.4747285610746177,
	"roll" : -2.2916560517847815,
	"x" : -0.23045419615422025,
	"y" : 0.028704575462804596,
	"yaw" : -1.0025692237066017,
	"z" : -0.16092456829089277
}
