{
	"pitch" : 1.0361124303111018,
	"roll" : -0.13830925437984631,
	"x" : -0.26158617654473554,
	"y" : -0.030820198264169978,
	"yaw" : 0.91341390698971481,
	"z" : -0.077807271575931855
}
