{
	"pitch" : 1.0036602206970162,
	"roll" : -0.12440400489129841,
	"x" : -0.26763873115360265,
	"y" : -0.038562198881539271,
	"yaw" : 0.91347606086392763,
	"z" : -0.079230990871362608
}
