{
	"pitch" : 1.4805997810554767,
	"roll" : -0.61767166611195512,
	"x" : -0.23319965890121228,
	"y" : 0.20508818059518999,
	"yaw" : 0.73622396018941605,
	"z" : -0.13373024740629047
}
