{
	"pitch" : 0.97971773916459526,
	"roll" : 0.090889606958092228,
	"x" : -0.26117120578518788,
	"y" : 0.081198873449141742,
	"yaw" : 1.3078535816582686,
	"z" : -0.0068034146937254181
}
