{
	"pitch" : 0.95926734735037478,
	"roll" : 0.10329833946784887,
	"x" : -0.25907689223466873,
	"y" : 0.013164914016438208,
	"yaw" : 1.3213512310496394,
	"z" : -0.067184389173588238
}
