{
	"pitch" : 1.3501784492357742,
	"roll" : -0.074750497611998284,
	"x" : -0.24074009630262619,
	"y" : 0.18211964554784543,
	"yaw" : 1.264201081122408,
	"z" : -0.11213967728894113
}
