{
	"pitch" : 0.90548471407880449,
	"roll" : 0.057470965715775021,
	"x" : -0.2515228483055858,
	"y" : 0.047433566837005406,
	"yaw" : 1.3143408789883699,
	"z" : -0.053602819573419752
}
