{
	"pitch" : 1.5077220112133227,
	"roll" : -2.3161121894080132,
	"x" : -0.23560890291734296,
	"y" : 0.026451247786940787,
	"yaw" : -1.0395135573377032,
	"z" : -0.1561082306555451
}
