{
	"pitch" : 1.4161810961939267,
	"roll" : -0.83457751113564083,
	"x" : -0.23940001799570867,
	"y" : 0.018788895404278895,
	"yaw" : 0.41223364058455564,
	"z" : -0.134298672702647
}
