{
	"pitch" : 1.0279494544734022,
	"roll" : 0.014677320175517573,
	"x" : -0.27288381066543943,
	"y" : -0.052832244035220799,
	"yaw" : 0.9499927633184464,
	"z" : -0.086265372054967315
}
