{
	"pitch" : 1.4312126252890214,
	"roll" : 0.29472932381509953,
	"x" : -0.24752948793480067,
	"y" : 0.038794827750515855,
	"yaw" : 1.5732175209583661,
	"z" : -0.10981115072903103
}
