{
	"pitch" : 1.2511574620368491,
	"roll" : -0.0019241815915910228,
	"x" : -0.24501027477409407,
	"y" : 0.15693991903836335,
	"yaw" : 1.3486267866062143,
	"z" : -0.09254769734834703
}
