{
	"pitch" : 1.363963908018297,
	"roll" : -0.071158917955981574,
	"x" : -0.2405690015215253,
	"y" : 0.18422897568256619,
	"yaw" : 1.2689802923937261,
	"z" : -0.11204552985671891
}
