{
	"pitch" : 1.1314745566581634,
	"roll" : 0.20244834762115685,
	"x" : -0.25475595217544805,
	"y" : 0.027863651374327093,
	"yaw" : 1.4344172813974196,
	"z" : -0.07874635631473921
}
