{
	"pitch" : 0.96658482140549107,
	"roll" : 0.10456996367119825,
	"x" : -0.27646235592114771,
	"y" : 0.082487464697569679,
	"yaw" : 1.3331095901279193,
	"z" : -0.032348844354828821
}
