{
	"pitch" : 1.1686366409801203,
	"roll" : -0.17891413097489195,
	"x" : -0.25464255386539936,
	"y" : -0.016127013835438155,
	"yaw" : 0.93402662855008511,
	"z" : -0.090647821537448006
}
