{
	"pitch" : 1.4687434524833523,
	"roll" : -0.29590904498260123,
	"x" : -0.2379963555506141,
	"y" : 0.20568152660529201,
	"yaw" : 1.0882223493192298,
	"z" : -0.12733617152169199
}
