{
	"pitch" : 1.1480089013773995,
	"roll" : -0.012911099835704895,
	"x" : -0.24516014913310685,
	"y" : 0.17260970955437668,
	"yaw" : 1.353030547144612,
	"z" : -0.031245551114954168
}
