{
	"pitch" : 1.0771906760589234,
	"roll" : 0.1760267860955366,
	"x" : -0.25730708579816763,
	"y" : 0.023929497900502451,
	"yaw" : 1.4095578131377025,
	"z" : -0.076915743805643838
}
