{
	"pitch" : 1.4845218686444441,
	"roll" : -2.5356702005868863,
	"x" : -0.22733588389143952,
	"y" : 0.031634185282217425,
	"yaw" : -1.2344506889876152,
	"z" : -0.13319728822723395
}
