{
	"pitch" : 1.3746408763503619,
	"roll" : -0.074781229565835494,
	"x" : -0.24056768781553214,
	"y" : 0.18722754277396936,
	"yaw" : 1.2653342571821156,
	"z" : -0.11492456958548534
}
