{
	"pitch" : 1.0102617925308293,
	"roll" : -0.0082081415323097904,
	"x" : -0.27538441441885225,
	"y" : -0.052280155747157789,
	"yaw" : 0.94466347043950083,
	"z" : -0.09055149673361218
}
