{
	"pitch" : 1.4758427805783632,
	"roll" : -0.52804601653629457,
	"x" : -0.23642919670498683,
	"y" : 0.20523802488934312,
	"yaw" : 0.81970944514423449,
	"z" : -0.13397562686765208
}
