{
	"pitch" : 1.4644861088739403,
	"roll" : -0.61236087899102376,
	"x" : -0.23319960304899837,
	"y" : 0.20691713672324169,
	"yaw" : 0.73581683334410786,
	"z" : -0.13156154843463477
}
