{
	"pitch" : 1.4016293554194363,
	"roll" : 0.28752984505828344,
	"x" : -0.24801130819962619,
	"y" : 0.039323183357536665,
	"yaw" : 1.5616948760509111,
	"z" : -0.10439454025070581
}
