{
	"pitch" : 1.0572315751842738,
	"roll" : 0.019082794115321614,
	"x" : -0.27288176495202549,
	"y" : -0.056180905621756962,
	"yaw" : 0.94278749003001983,
	"z" : -0.081725844491271557
}
