{
	"pitch" : 1.0379660822710826,
	"roll" : 0.011137092125296474,
	"x" : -0.27231997779147654,
	"y" : -0.054101391770189404,
	"yaw" : 0.94369348219746463,
	"z" : -0.084692868465275489
}
