{
	"pitch" : 1.04523678001275,
	"roll" : 0.11595178041139889,
	"x" : -0.25780044845504968,
	"y" : 0.066823120935809527,
	"yaw" : 1.2718302278920532,
	"z" : -0.045665561445620728
}
