{
	"pitch" : 1.1436950758556876,
	"roll" : 0.20564493682785592,
	"x" : -0.25399980696991342,
	"y" : 0.029319319382472842,
	"yaw" : 1.4369967304544047,
	"z" : -0.07881608464315272
}
