{
	"pitch" : 1.0071994421680768,
	"roll" : 0.10741497738723692,
	"x" : -0.26919728942387189,
	"y" : 0.068721280056339429,
	"yaw" : 1.2772637478233126,
	"z" : -0.042637279585031551
}
