{
	"pitch" : 1.5030890250644491,
	"roll" : -2.4539582010991774,
	"x" : -0.2334435154232726,
	"y" : 0.029110748109892989,
	"yaw" : -1.180144310420288,
	"z" : -0.13946136954072819
}
