{
	"pitch" : 1.0909780455044982,
	"roll" : 0.003102762452923488,
	"x" : -0.24267885423804639,
	"y" : 0.12191826476961704,
	"yaw" : 1.3472422194766682,
	"z" : -0.061183724713382459
}
