{
	"pitch" : 1.1992801853972679,
	"roll" : -0.19850342896954615,
	"x" : -0.25458393519221123,
	"y" : -0.013984631620097427,
	"yaw" : 0.9308300242930968,
	"z" : -0.095825721318389886
}
