{
	"pitch" : 1.4415501440984066,
	"roll" : -0.92396089543425852,
	"x" : -0.23768679880190022,
	"y" : 0.023107809845940422,
	"yaw" : 0.33270450602363599,
	"z" : -0.14124324970928981
}
