{
	"pitch" : 1.0976271757611997,
	"roll" : 0.0025672498831157569,
	"x" : -0.24279474665674861,
	"y" : 0.12374838600345843,
	"yaw" : 1.3476287722737503,
	"z" : -0.062687366952476509
}
