{
	"pitch" : 0.92600083059722249,
	"roll" : 0.053329043483199723,
	"x" : -0.24672729224618045,
	"y" : 0.072114421255721151,
	"yaw" : 1.331476264088632,
	"z" : -0.049141646066624772
}
