{
	"pitch" : 1.4745173950240413,
	"roll" : -0.33938073758706344,
	"x" : -0.23826880042524506,
	"y" : 0.20510562559231749,
	"yaw" : 1.0452679654063461,
	"z" : -0.12909399702525545
}
