{
	"pitch" : 1.4707544613903534,
	"roll" : -0.48797631013100423,
	"x" : -0.23663180648202539,
	"y" : 0.20564973497191746,
	"yaw" : 0.85861730431622474,
	"z" : -0.13383894389510892
}
