{
	"pitch" : 1.0531729783331316,
	"roll" : 0.042526246306215883,
	"x" : -0.2443879841028862,
	"y" : 0.10914416554739031,
	"yaw" : 1.3644131865492706,
	"z" : -0.054545007327996248
}
