{
	"pitch" : 1.4607779332995534,
	"roll" : -0.54161188991819398,
	"x" : -0.23401387840072729,
	"y" : 0.20672653200273078,
	"yaw" : 0.82578764115007686,
	"z" : -0.13234827953452075
}
