{
	"pitch" : 1.4622928444888201,
	"roll" : -0.49785145921330115,
	"x" : -0.23417155784922131,
	"y" : 0.20681873400827022,
	"yaw" : 0.87028955382278361,
	"z" : -0.12926801083851713
}
