{
	"pitch" : 1.4569669353949555,
	"roll" : -0.62887826261832158,
	"x" : -0.23246384842590592,
	"y" : 0.20650875232358254,
	"yaw" : 0.73670050974742085,
	"z" : -0.1312103602344703
}
