{
	"pitch" : 0.93214128620671155,
	"roll" : 0.08428797510848092,
	"x" : -0.25869577227498486,
	"y" : 0.019749146267794376,
	"yaw" : 1.3133679225767341,
	"z" : -0.068520498555010245
}
