{
	"pitch" : 1.4628279918056724,
	"roll" : -0.36666655271149295,
	"x" : -0.23811078912304634,
	"y" : 0.2040898034517154,
	"yaw" : 0.99263316241390842,
	"z" : -0.12969872599915674
}
