{
	"pitch" : 0.9718988748929781,
	"roll" : 0.090560124562967831,
	"x" : -0.27548247958162059,
	"y" : 0.0848227281788351,
	"yaw" : 1.3288892775413526,
	"z" : -0.031551920014359858
}
