{
	"pitch" : 1.4555694264562886,
	"roll" : -0.56822076015323564,
	"x" : -0.23278892423494724,
	"y" : 0.20632419073656377,
	"yaw" : 0.80040857597818094,
	"z" : -0.13256559127673512
}
