{
	"pitch" : 1.3767443061833979,
	"roll" : -0.070890729159723775,
	"x" : -0.24033873112091006,
	"y" : 0.1876366946996432,
	"yaw" : 1.2697495549828486,
	"z" : -0.11420221343822054
}
