{
	"pitch" : 0.96163568743009042,
	"roll" : 0.053892643852656887,
	"x" : -0.26493061458730643,
	"y" : 0.0084828878390192861,
	"yaw" : 1.3146446210296279,
	"z" : -0.0788042577841256
}
