{
	"pitch" : 1.5031619705363812,
	"roll" : -2.4608738830751169,
	"x" : -0.23360393811210084,
	"y" : 0.029256376817987789,
	"yaw" : -1.1884317123080572,
	"z" : -0.13958794347146952
}
