{
	"pitch" : 1.4953229906627117,
	"roll" : 0.034051942209067078,
	"x" : -0.243342477674028,
	"y" : 0.038405322910277706,
	"yaw" : 1.32824223625883,
	"z" : -0.12190224313463056
}
