{
	"pitch" : 1.4613982445945943,
	"roll" : -0.70773300997274069,
	"x" : -0.23172447566273702,
	"y" : 0.20522078019669424,
	"yaw" : 0.65434720492258835,
	"z" : -0.13284634137910092
}
