{
	"pitch" : 0.91129766996699646,
	"roll" : 0.056997777265875599,
	"x" : -0.2483625238065667,
	"y" : 0.060624022591449001,
	"yaw" : 1.3221841529845411,
	"z" : -0.050412375029169981
}
