{
	"pitch" : 1.0334431387705425,
	"roll" : 0.049477249841701723,
	"x" : -0.26080469332036571,
	"y" : 0.12425911622311067,
	"yaw" : 1.3670657303401548,
	"z" : -0.016639026265457629
}
