{
	"pitch" : 1.0496986507393411,
	"roll" : 0.016161628212804088,
	"x" : -0.27243890952115285,
	"y" : -0.055452345298245651,
	"yaw" : 0.94846751987738931,
	"z" : -0.082195639910219304
}
