{
	"pitch" : 0.97207576092044401,
	"roll" : 0.12611043323859392,
	"x" : -0.2665264162788718,
	"y" : 0.011816280361612232,
	"yaw" : 1.3600200560021958,
	"z" : -0.07806189154839023
}
