{
	"pitch" : 1.0598011942123455,
	"roll" : 0.021621499072518157,
	"x" : -0.24334216413762977,
	"y" : 0.11209680495227994,
	"yaw" : 1.3527347836889929,
	"z" : -0.056231320552828201
}
