{
	"pitch" : 0.96633408153419087,
	"roll" : 0.10119286329704853,
	"x" : -0.25805133963143728,
	"y" : 0.012506267050427365,
	"yaw" : 1.321653147086393,
	"z" : -0.061713026011816621
}
