{
	"pitch" : 1.4441446606950759,
	"roll" : -0.17884597867423538,
	"x" : -0.23228722464557516,
	"y" : 0.20184309896829225,
	"yaw" : 1.1756321682548405,
	"z" : -0.11419811169177774
}
