{
	"pitch" : 1.3810093856720593,
	"roll" : -0.52958064276692229,
	"x" : -0.2448527008509413,
	"y" : 0.0096688043997508327,
	"yaw" : 0.68662848145266053,
	"z" : -0.12318864152155469
}
