{
	"pitch" : 1.4852418590616894,
	"roll" : -2.5296901300626375,
	"x" : -0.22716814970054724,
	"y" : 0.031823560856585748,
	"yaw" : -1.2293073437272815,
	"z" : -0.13306459242371554
}
