{
	"pitch" : 1.2240444509001038,
	"roll" : -0.060376914282605901,
	"x" : -0.24388175255181971,
	"y" : 0.1890219297152908,
	"yaw" : 1.3259732165258979,
	"z" : -0.05187246902396439
}
