{
	"pitch" : 1.4691299537796352,
	"roll" : -0.47834508275781368,
	"x" : -0.23888777150760654,
	"y" : 0.20423399810097276,
	"yaw" : 0.878968824291814,
	"z" : -0.13298942327081242
}
