{
	"pitch" : 1.4602729434065671,
	"roll" : -1.0171982655681666,
	"x" : -0.23569664792023212,
	"y" : 0.026078985376457142,
	"yaw" : 0.24291057992754289,
	"z" : -0.13875240402071939
}
