{
	"pitch" : 1.4686579472656063,
	"roll" : -0.43021614492355792,
	"x" : -0.23910800004527738,
	"y" : 0.20397726532882227,
	"yaw" : 0.92781966884919342,
	"z" : -0.13219728284006035
}
