{
	"pitch" : 1.4797967189299335,
	"roll" : -2.3316094167600228,
	"x" : -0.23299786697214547,
	"y" : 0.030177262548728975,
	"yaw" : -1.0437180467699203,
	"z" : -0.15266102299257264
}
