{
	"pitch" : 0.9106227141796992,
	"roll" : 0.05716507544734014,
	"x" : -0.24836421425497679,
	"y" : 0.059918840246695401,
	"yaw" : 1.3217425908639162,
	"z" : -0.049894405512174833
}
