{
	"pitch" : 1.0470246116225059,
	"roll" : 0.015024790146456118,
	"x" : -0.27232862735454449,
	"y" : -0.055134088080077318,
	"yaw" : 0.946395980456193,
	"z" : -0.082663498351284684
}
