{
	"pitch" : 1.0990775099315238,
	"roll" : 0.033273343790370079,
	"x" : -0.250387503069603,
	"y" : 0.15732006600908266,
	"yaw" : 1.3809211789611311,
	"z" : -0.022486253593374
}
