{
	"pitch" : 1.4748506885671102,
	"roll" : -2.2924713465664546,
	"x" : -0.23031313734151559,
	"y" : 0.028738896178474096,
	"yaw" : -1.0035243552985265,
	"z" : -0.16032271209648502
}
