{
	"pitch" : 1.1448725721988577,
	"roll" : -0.17480663636363417,
	"x" : -0.25446953229982544,
	"y" : -0.017796371818696772,
	"yaw" : 0.92710673106476815,
	"z" : -0.0864058493169792
}
