{
	"pitch" : 1.3942944252183431,
	"roll" : -0.6275305695386667,
	"x" : -0.24345929912936881,
	"y" : 0.012259502555057582,
	"yaw" : 0.6014833565238602,
	"z" : -0.12950511037802004
}
