{
	"pitch" : 1.4748456334678264,
	"roll" : -1.2041693272183664,
	"x" : -0.23400853627673485,
	"y" : 0.027729589720351958,
	"yaw" : 0.062732249930900846,
	"z" : -0.1434657627954776
}
