{
	"pitch" : 1.5035700205275033,
	"roll" : -2.1808378701143427,
	"x" : -0.23453933335780874,
	"y" : 0.026480502684996396,
	"yaw" : -0.90192461712663696,
	"z" : -0.15535084812702885
}
