{
	"pitch" : 0.97022584293433667,
	"roll" : 0.12756234421388998,
	"x" : -0.26723156865537279,
	"y" : 0.011159308186767851,
	"yaw" : 1.3606390046012657,
	"z" : -0.078376424781093176
}
