{
	"pitch" : 1.4747207153531916,
	"roll" : -2.4266442811755899,
	"x" : -0.22842293028539612,
	"y" : 0.029235244554865258,
	"yaw" : -1.1325130190348842,
	"z" : -0.14209569745201092
}
