{
	"pitch" : 1.1880588761919249,
	"roll" : -0.1839678438452145,
	"x" : -0.25464697897034916,
	"y" : -0.014496365845095626,
	"yaw" : 0.93683379100150777,
	"z" : -0.093142934431307181
}
