{
	"pitch" : 1.5015294391672569,
	"roll" : -2.1614043960632254,
	"x" : -0.23401927754493057,
	"y" : 0.026423486543976693,
	"yaw" : -0.87924895450482343,
	"z" : -0.15472349034937652
}
