{
	"pitch" : 1.4544288915710424,
	"roll" : -0.24196143636806083,
	"x" : -0.23926485954827151,
	"y" : 0.20555025379995565,
	"yaw" : 1.142002514480875,
	"z" : -0.12396657132066487
}
