{
	"pitch" : 1.5332592867137183,
	"roll" : -0.64006507829022807,
	"x" : -0.24018318424414523,
	"y" : 0.038165543698560844,
	"yaw" : 0.66361788497983953,
	"z" : -0.13094912439897341
}
