{
	"pitch" : 1.2077668266163868,
	"roll" : -0.0049714631997246454,
	"x" : -0.24458987142794977,
	"y" : 0.15067457666485021,
	"yaw" : 1.3475090512563319,
	"z" : -0.084949624062138698
}
