{
	"pitch" : 1.4012396581066318,
	"roll" : -0.09687574203635016,
	"x" : -0.23964877469275062,
	"y" : 0.19197830595284104,
	"yaw" : 1.243837156395315,
	"z" : -0.11822761331406674
}
