{
	"pitch" : 1.1183152599908408,
	"roll" : 0.026402996599021199,
	"x" : -0.24881990329714582,
	"y" : 0.16297751958686524,
	"yaw" : 1.3826399409927386,
	"z" : -0.0265241975652592
}
