{
	"pitch" : 1.5055301663461187,
	"roll" : -2.3647846770733376,
	"x" : -0.2358991922654137,
	"y" : 0.026828875727226628,
	"yaw" : -1.0886414618876112,
	"z" : -0.15685483656460797
}
