{
	"pitch" : 1.4978164891681105,
	"roll" : -2.042879379257676,
	"x" : -0.22886927194293238,
	"y" : 0.033275598023075573,
	"yaw" : -0.74275736112387747,
	"z" : -0.13345696309210872
}
