{
	"pitch" : 1.4687556605208296,
	"roll" : -0.46895800907427976,
	"x" : -0.23891222869390419,
	"y" : 0.20418304797048836,
	"yaw" : 0.88848219781376181,
	"z" : -0.13257678776873261
}
