{
	"pitch" : 1.0520953985802723,
	"roll" : 0.019881867258630805,
	"x" : -0.27257020967730677,
	"y" : -0.055562828869577731,
	"yaw" : 0.94491686289035415,
	"z" : -0.081607096217203329
}
