{
	"pitch" : 1.2701751035138154,
	"roll" : 0.0033125050909192876,
	"x" : -0.24484336267446721,
	"y" : 0.15980978803295817,
	"yaw" : 1.3540877319727687,
	"z" : -0.095415985789434971
}
