{
	"pitch" : 1.4815052323420337,
	"roll" : -1.2946368229378868,
	"x" : -0.23346393487854358,
	"y" : 0.028296405211178113,
	"yaw" : -0.024979887153945286,
	"z" : -0.14520537277685186
}
