{
	"pitch" : 1.5028044599876218,
	"roll" : -2.4606923115891055,
	"x" : -0.23354673175891327,
	"y" : 0.029124637610054668,
	"yaw" : -1.1876535414162621,
	"z" : -0.13950773613015269
}
