{
	"pitch" : 1.0523392746832536,
	"roll" : 0.022987149197537051,
	"x" : -0.2726765333982642,
	"y" : -0.055329957292178017,
	"yaw" : 0.94520613389828967,
	"z" : -0.081398072025250123
}
