{
	"pitch" : 1.0568107044306096,
	"roll" : 0.019041649126222963,
	"x" : -0.2728300174460529,
	"y" : -0.056117463073429581,
	"yaw" : 0.9427266894684454,
	"z" : -0.081718436361472829
}
