{
	"pitch" : 1.488602774796087,
	"roll" : -2.0991464545264771,
	"x" : -0.22648453019604547,
	"y" : 0.032302740750194819,
	"yaw" : -0.79853214622552093,
	"z" : -0.13340460862562725
}
