{
	"pitch" : 1.0347839335195721,
	"roll" : 0.14898307686064741,
	"x" : -0.25205406090214788,
	"y" : 0.064164950519835368,
	"yaw" : 1.3103073413581505,
	"z" : -0.042658097524507055
}
