{
	"pitch" : 1.5326597075604871,
	"roll" : -0.61198295767283739,
	"x" : -0.24008651319651492,
	"y" : 0.038280309699619514,
	"yaw" : 0.6910231804784932,
	"z" : -0.12986148255518654
}
