{
	"pitch" : 1.4803390542653898,
	"roll" : -0.56879509637462156,
	"x" : -0.23636596063128679,
	"y" : 0.20506746561050349,
	"yaw" : 0.78008770454812082,
	"z" : -0.13424170732205618
}
