{
	"pitch" : 1.1527913341590126,
	"roll" : -0.020917891229439378,
	"x" : -0.24327153674378985,
	"y" : 0.13905264100149931,
	"yaw" : 1.3297028659120604,
	"z" : -0.074990991093982495
}
