{
	"pitch" : 0.9923053761262709,
	"roll" : 0.038192320782949284,
	"x" : -0.26661220901082427,
	"y" : 0.11057860711602116,
	"yaw" : 1.3445685901898703,
	"z" : -0.018701515106589711
}
