{
	"pitch" : 1.3190430771150876,
	"roll" : -0.37452431041412421,
	"x" : -0.24820030601867663,
	"y" : 0.0016741011067963607,
	"yaw" : 0.8124310584968123,
	"z" : -0.11258526145472823
}
