{
	"pitch" : 1.4697283191719064,
	"roll" : -0.4845782397295208,
	"x" : -0.23873400641045908,
	"y" : 0.20442021172669814,
	"yaw" : 0.8726993368700624,
	"z" : -0.13256380575411653
}
