{
	"pitch" : 1.4788672582700413,
	"roll" : -0.52851132049307736,
	"x" : -0.23637634124417423,
	"y" : 0.20591118915272999,
	"yaw" : 0.81703441665809018,
	"z" : -0.13286851333805677
}
