{
	"pitch" : 1.5309629954410742,
	"roll" : -0.55676840460048993,
	"x" : -0.24050473498798267,
	"y" : 0.038233612793372063,
	"yaw" : 0.74597433807201474,
	"z" : -0.13035850592151815
}
