{
	"pitch" : 0.98958891560289652,
	"roll" : -0.0065922880019090328,
	"x" : -0.2626585516795098,
	"y" : 0.07212907557504078,
	"yaw" : 1.1626851307875992,
	"z" : -0.029656892127944812
}
