{
	"pitch" : 1.5025363417773223,
	"roll" : -2.445638737281568,
	"x" : -0.23339661193684591,
	"y" : 0.028904394354557855,
	"yaw" : -1.1719185454610137,
	"z" : -0.1395103611599757
}
