{
	"pitch" : 1.379613735990491,
	"roll" : -0.067342124170832823,
	"x" : -0.24053796567967856,
	"y" : 0.18875651579431299,
	"yaw" : 1.2724583498151618,
	"z" : -0.11530593665935268
}
