{
	"pitch" : 1.5352990876790293,
	"roll" : -1.274159111524098,
	"x" : -0.23840306805366354,
	"y" : 0.037019994024597574,
	"yaw" : 0.029751557156293029,
	"z" : -0.13443362280030216
}
