{
	"pitch" : 1.0183534407568238,
	"roll" : 0.1455925083471612,
	"x" : -0.2617976487536457,
	"y" : 0.01747896288061164,
	"yaw" : 1.3917977464680413,
	"z" : -0.07598001290327977
}
