{
	"pitch" : 1.0717050305230931,
	"roll" : 0.043954121357143223,
	"x" : -0.25422542409564558,
	"y" : 0.14433343970767609,
	"yaw" : 1.3781164681954252,
	"z" : -0.019440154519746289
}
