{
	"pitch" : 1.0511725409671384,
	"roll" : 0.021855917587053499,
	"x" : -0.27245229911524221,
	"y" : -0.05520324660153296,
	"yaw" : 0.94441596037554132,
	"z" : -0.081403841133323912
}
