{
	"pitch" : 1.2101852062249545,
	"roll" : -0.0045438229302532393,
	"x" : -0.24479476016857218,
	"y" : 0.15105872428509726,
	"yaw" : 1.3479691658292059,
	"z" : -0.086102113989506665
}
