{
	"pitch" : 1.3827548908598768,
	"roll" : -0.54168977418831954,
	"x" : -0.2448098649476444,
	"y" : 0.0097833471549263473,
	"yaw" : 0.6766655233818053,
	"z" : -0.12503126410790566
}
