{
	"pitch" : 1.4607875969723441,
	"roll" : -0.70452413770623579,
	"x" : -0.23180058385447641,
	"y" : 0.2052694014181391,
	"yaw" : 0.65799621788113638,
	"z" : -0.13327576926815282
}
