{
	"pitch" : 1.4507765623438642,
	"roll" : -0.97219511793044155,
	"x" : -0.23657351372126387,
	"y" : 0.024514886409054235,
	"yaw" : 0.28586140229120177,
	"z" : -0.13813779597638107
}
