{
	"pitch" : 1.4759821662997414,
	"roll" : -2.4191743910824384,
	"x" : -0.22810911608257411,
	"y" : 0.029420675573005053,
	"yaw" : -1.1252635714035988,
	"z" : -0.14252638322219374
}
