{
	"pitch" : 1.3279525070402023,
	"roll" : -0.010888295664920281,
	"x" : -0.24350204629148875,
	"y" : 0.17396345256360946,
	"yaw" : 1.3308153506842146,
	"z" : -0.10850561706251698
}
