{
	"pitch" : 1.4181367034691703,
	"roll" : -0.84427254546190589,
	"x" : -0.23889972883132995,
	"y" : 0.019411802027411419,
	"yaw" : 0.40395926864530757,
	"z" : -0.13385471875413718
}
