{
	"pitch" : 1.4796439280963238,
	"roll" : -2.3317792988690904,
	"x" : -0.22981022689693434,
	"y" : 0.030943868033681293,
	"yaw" : -1.0461983050023482,
	"z" : -0.14726497675466205
}
