{
	"pitch" : 1.2482990398440201,
	"roll" : -0.0017578983304804294,
	"x" : -0.24483853026338345,
	"y" : 0.15664833665296962,
	"yaw" : 1.3487004171162875,
	"z" : -0.09139817472275813
}
