{
	"pitch" : 1.4686250994772081,
	"roll" : -0.49981120713001087,
	"x" : -0.23674216303494627,
	"y" : 0.2057399078689095,
	"yaw" : 0.84864756736004709,
	"z" : -0.13220000862541131
}
