{
	"pitch" : 1.3863367001742815,
	"roll" : -0.56724183433841413,
	"x" : -0.24433405777171213,
	"y" : 0.010593209828702925,
	"yaw" : 0.65471157190853568,
	"z" : -0.12683323118872475
}
