{
	"pitch" : 1.05477603351842,
	"roll" : 0.028657721760519544,
	"x" : -0.27329022422326837,
	"y" : -0.055051421851320517,
	"yaw" : 0.95097916662042925,
	"z" : -0.081949019629182274
}
