{
	"pitch" : 0.96040181084774934,
	"roll" : -0.05181654626984792,
	"x" : -0.27675969788395549,
	"y" : -0.046140195262754972,
	"yaw" : 0.94422236538163662,
	"z" : -0.087855701419410917
}
