{
	"pitch" : 1.3483003180236683,
	"roll" : -0.072114122528224217,
	"x" : -0.24043869726462017,
	"y" : 0.18160988641501641,
	"yaw" : 1.2668049085877549,
	"z" : -0.11047043790733577
}
