{
	"pitch" : 1.269350723977291,
	"roll" : 0.27117705191577374,
	"x" : -0.25052105005847269,
	"y" : 0.036699191822942935,
	"yaw" : 1.5188075035303166,
	"z" : -0.089707233320428015
}
