{
	"pitch" : 0.97383644734538688,
	"roll" : 0.090047009076403228,
	"x" : -0.26577608907500483,
	"y" : 0.083106140083251984,
	"yaw" : 1.3104474748959587,
	"z" : -0.014226546198948531
}
