{
	"pitch" : 0.99040873031590437,
	"roll" : -0.0039383430909754524,
	"x" : -0.26333500483056549,
	"y" : 0.072015170376303048,
	"yaw" : 1.1662353239522645,
	"z" : -0.030451723600572606
}
