{
	"pitch" : 1.5065228762064202,
	"roll" : -2.3324307972507032,
	"x" : -0.23562646352734171,
	"y" : 0.026442615127090049,
	"yaw" : -1.0559036810197491,
	"z" : -0.15605630134802256
}
