{
	"pitch" : 1.000430993158185,
	"roll" : 0.083168536067863064,
	"x" : -0.27103708345621724,
	"y" : 0.06914957279582945,
	"yaw" : 1.2479511568173918,
	"z" : -0.038390120455468246
}
