{
	"pitch" : 1.5047263375961115,
	"roll" : -2.3589561716273231,
	"x" : -0.23578636467983421,
	"y" : 0.026629575525461996,
	"yaw" : -1.0820375524162187,
	"z" : -0.1562881483819627
}
