{
	"pitch" : 1.0549726685850522,
	"roll" : 0.028939545349415251,
	"x" : -0.27333775794608944,
	"y" : -0.055046579647734073,
	"yaw" : 0.95156602085426278,
	"z" : -0.081976815125553298
}
