{
	"pitch" : 0.97825859281364003,
	"roll" : 0.095346932284654462,
	"x" : -0.25980728251272101,
	"y" : 0.081842262113570555,
	"yaw" : 1.3135124023134208,
	"z" : -0.0015567523364622693
}
