{
	"pitch" : 1.0514273655859399,
	"roll" : 0.02265829102204148,
	"x" : -0.27260824570479614,
	"y" : -0.055257991336429738,
	"yaw" : 0.94564952374343569,
	"z" : -0.081446256692523616
}
