{
	"pitch" : 1.420343399300412,
	"roll" : -0.85537576261903325,
	"x" : -0.23891063652770708,
	"y" : 0.019773853217854749,
	"yaw" : 0.39459531310208162,
	"z" : -0.13639054015579019
}
