{
	"pitch" : 1.5055287757059639,
	"roll" : -2.3790326527571821,
	"x" : -0.23606554671895241,
	"y" : 0.026738318129325672,
	"yaw" : -1.10313111449807,
	"z" : -0.15784787135003614
}
