{
	"pitch" : 1.2623937044481564,
	"roll" : -0.27192307253206477,
	"x" : -0.25161954238225426,
	"y" : -0.006075049790023733,
	"yaw" : 0.88902794784009775,
	"z" : -0.10310548376321464
}
