{
	"pitch" : 1.4721429579683047,
	"roll" : -0.29352496458059624,
	"x" : -0.23891786852418581,
	"y" : 0.20601731755270636,
	"yaw" : 1.0897758058737861,
	"z" : -0.13038626304322529
}
