{
	"pitch" : 1.4987780767139378,
	"roll" : -2.5254039806579578,
	"x" : -0.2340554791554475,
	"y" : 0.028659472344008285,
	"yaw" : -1.2491854813555485,
	"z" : -0.14093045378163577
}
