{
	"pitch" : 0.97305024469169987,
	"roll" : 0.096160612333505105,
	"x" : -0.26296147377577778,
	"y" : 0.084137639545358717,
	"yaw" : 1.3159708093916673,
	"z" : -0.0086167091478211444
}
