{
	"pitch" : 1.4854892637952741,
	"roll" : -2.5262254621179934,
	"x" : -0.22713588440497265,
	"y" : 0.031908398356799011,
	"yaw" : -1.2260991136754533,
	"z" : -0.13304667756021188
}
