{
	"pitch" : 0.91554606994020349,
	"roll" : 0.056529294299396259,
	"x" : -0.24784428821679261,
	"y" : 0.063906575028431778,
	"yaw" : 1.3266154437626505,
	"z" : -0.049735726450827022
}
