{
	"pitch" : 1.4708973420634925,
	"roll" : -0.32629876389608881,
	"x" : -0.23763619014727125,
	"y" : 0.20540879088050112,
	"yaw" : 1.060247683193358,
	"z" : -0.12766303792661726
}
