{
	"pitch" : 0.98066912702643549,
	"roll" : 0.093826865559679423,
	"x" : -0.277030591726727,
	"y" : 0.080650677127240389,
	"yaw" : 1.3223085925286395,
	"z" : -0.033973611419854638
}
