{
	"pitch" : 1.4661488281095116,
	"roll" : -1.0604016405459344,
	"x" : -0.23532087579930686,
	"y" : 0.026665016830607471,
	"yaw" : 0.20067802781580293,
	"z" : -0.14016333530227942
}
