{
	"pitch" : 1.4615617242678065,
	"roll" : -0.63176723652146172,
	"x" : -0.23277888532763877,
	"y" : 0.2062317339091968,
	"yaw" : 0.71659981595215716,
	"z" : -0.13221222978403732
}
