{
	"pitch" : 1.5042679579187523,
	"roll" : -1.9461892684014495,
	"x" : -0.2334392849632648,
	"y" : 0.02842190758764708,
	"yaw" : -0.66782260668269022,
	"z" : -0.15238085603084242
}
