{
	"pitch" : 1.0590267035280625,
	"roll" : 0.026893384895037602,
	"x" : -0.27372214121731164,
	"y" : -0.055644451031181777,
	"yaw" : 0.95407738288132682,
	"z" : -0.082270755506516552
}
