{
	"pitch" : 1.4655170354269877,
	"roll" : -0.56874427970784314,
	"x" : -0.23376023916698815,
	"y" : 0.20775788021397473,
	"yaw" : 0.77580236677613645,
	"z" : -0.13007141892376556
}
