{
	"pitch" : 1.4650315394900026,
	"roll" : -0.60778598586251786,
	"x" : -0.23330738705622794,
	"y" : 0.2071209730732681,
	"yaw" : 0.74019267129663779,
	"z" : -0.13110533611436961
}
