{
	"pitch" : 1.4445107883183157,
	"roll" : -0.24700883686618666,
	"x" : -0.2397679217537626,
	"y" : 0.20466357495195187,
	"yaw" : 1.1434156100287021,
	"z" : -0.11827721951879008
}
