{
	"pitch" : 1.451773245236841,
	"roll" : -0.29562478569672113,
	"x" : -0.2349974287127452,
	"y" : 0.20334061165661388,
	"yaw" : 1.0623588329528579,
	"z" : -0.12273801460139411
}
