{
	"pitch" : 0.97325766617867138,
	"roll" : 0.089345954561909649,
	"x" : -0.27555809635443634,
	"y" : 0.08541457333598565,
	"yaw" : 1.3319858881011373,
	"z" : -0.030521381926749358
}
