{
	"pitch" : 1.451052418462496,
	"roll" : 0.27062033422245835,
	"x" : -0.24688269477011657,
	"y" : 0.038506584522381294,
	"yaw" : 1.5525673018343016,
	"z" : -0.11322847493141398
}
