{
	"pitch" : 1.4550013106207647,
	"roll" : -0.29436846339149936,
	"x" : -0.23765591398395675,
	"y" : 0.2090538937210511,
	"yaw" : 1.0856470280426811,
	"z" : -0.12701950444209439
}
