{
	"pitch" : 1.5018685630814086,
	"roll" : -2.4461412311981441,
	"x" : -0.23351618158625687,
	"y" : 0.028723317010787786,
	"yaw" : -1.1723889277270501,
	"z" : -0.13958042923904737
}
