{
	"pitch" : 1.0081416686116491,
	"roll" : -0.13077438526100649,
	"x" : -0.26576979373895332,
	"y" : -0.036903719839502046,
	"yaw" : 0.91412013441158368,
	"z" : -0.078776978990325458
}
