{
	"pitch" : 1.4674934192332405,
	"roll" : -0.5425436345664002,
	"x" : -0.23751690422770214,
	"y" : 0.20499781202098352,
	"yaw" : 0.81063852064772557,
	"z" : -0.13237943739594699
}
