{
	"pitch" : 1.1550135316554853,
	"roll" : -0.17790114516329286,
	"x" : -0.2545531304323338,
	"y" : -0.016930411851392234,
	"yaw" : 0.92917148916408965,
	"z" : -0.088426795149056131
}
