{
	"pitch" : 1.0115755939407307,
	"roll" : -0.1338009595982306,
	"x" : -0.26400131127147697,
	"y" : -0.034593341168423254,
	"yaw" : 0.91699746786317238,
	"z" : -0.078669217854501206
}
