{
	"pitch" : 1.1717777050810307,
	"roll" : -0.17927459867465939,
	"x" : -0.25456977476859682,
	"y" : -0.015761334009463498,
	"yaw" : 0.93477385889881781,
	"z" : -0.090780664991468418
}
