{
	"pitch" : 1.5009957017540549,
	"roll" : -2.4820084098503545,
	"x" : -0.23393942631094117,
	"y" : 0.028126551545206629,
	"yaw" : -1.2061018919690103,
	"z" : -0.14019182753342815
}
