{
	"pitch" : 1.5166179764477903,
	"roll" : -0.2711033451660656,
	"x" : -0.24139007241545238,
	"y" : 0.038383775256300212,
	"yaw" : 1.0263374036641573,
	"z" : -0.12657183349555265
}
