{
	"pitch" : 1.0012989613848065,
	"roll" : 0.055873615750924539,
	"x" : -0.26889499642802583,
	"y" : 0.06877281574955238,
	"yaw" : 1.2094820686387564,
	"z" : -0.038139637885182875
}
