{
	"pitch" : 1.0358712294989099,
	"roll" : 0.12173644859401632,
	"x" : -0.26580323446179188,
	"y" : 0.066573768323295396,
	"yaw" : 1.265809417540751,
	"z" : -0.042764974211623452
}
