{
	"pitch" : 0.97147781154042612,
	"roll" : 0.12789546824953865,
	"x" : -0.26786908707983847,
	"y" : 0.010710438229405244,
	"yaw" : 1.3606991349097375,
	"z" : -0.080043947107503066
}
