{
	"pitch" : 1.0310334883209973,
	"roll" : 0.15059504210715852,
	"x" : -0.2526646044237334,
	"y" : 0.064173809618277039,
	"yaw" : 1.3133842510420641,
	"z" : -0.041161711330165357
}
