{
	"pitch" : 1.4849261996314476,
	"roll" : -2.5084734375026989,
	"x" : -0.22777705539149321,
	"y" : 0.031113818256686798,
	"yaw" : -1.2057277073861545,
	"z" : -0.13339878806744454
}
