{
	"pitch" : 0.9485639817751127,
	"roll" : 0.035059169397964558,
	"x" : -0.27136451620934993,
	"y" : 0.095662502487771001,
	"yaw" : 1.3051901140302724,
	"z" : -0.021980057271300035
}
