{
	"pitch" : 1.4808764928306175,
	"roll" : -1.2840515045387153,
	"x" : -0.23338153291048225,
	"y" : 0.028328257080534783,
	"yaw" : -0.014644307423591889,
	"z" : -0.14447356425120897
}
