{
	"pitch" : 1.2209850545796197,
	"roll" : 0.22947185188874905,
	"x" : -0.25093966832570752,
	"y" : 0.035072201638534077,
	"yaw" : 1.4684411122314522,
	"z" : -0.084521472021408708
}
