{
	"pitch" : 0.96413709349746368,
	"roll" : 0.10094882309462866,
	"x" : -0.25840046652568138,
	"y" : 0.012718454958560214,
	"yaw" : 1.3213687078763221,
	"z" : -0.063662124300661468
}
