{
	"pitch" : 1.503917739391321,
	"roll" : -2.1412434102181437,
	"x" : -0.23420114249604534,
	"y" : 0.02716479024009219,
	"yaw" : -0.86027545910314085,
	"z" : -0.15355946231515002
}
