{
	"pitch" : 0.92092735618509292,
	"roll" : 0.055779191866350747,
	"x" : -0.24738333029921411,
	"y" : 0.068159366018354511,
	"yaw" : 1.3309937469530269,
	"z" : -0.049674203950679036
}
