{
	"pitch" : 1.4200670164873959,
	"roll" : -0.037679847335893919,
	"x" : -0.22925646982273426,
	"y" : 0.19732326572281192,
	"yaw" : 1.3127849565760805,
	"z" : -0.096376973502901392
}
