{
	"pitch" : 0.96650413711724725,
	"roll" : 0.097538637728638716,
	"x" : -0.27522237560262364,
	"y" : 0.083894564284975187,
	"yaw" : 1.3276804484332398,
	"z" : -0.0292331453910811
}
