{
	"pitch" : 1.4796217947143868,
	"roll" : -2.3287129302813536,
	"x" : -0.22954831923377761,
	"y" : 0.031045316899115341,
	"yaw" : -1.0433247748497039,
	"z" : -0.14669966328532461
}
