{
	"pitch" : 1.4414564600552908,
	"roll" : -0.14187105545216347,
	"x" : -0.23128347856847212,
	"y" : 0.20099690858434827,
	"yaw" : 1.2110782914043694,
	"z" : -0.11070463668458251
}
