{
	"pitch" : 1.4677815568667236,
	"roll" : -0.53682037512564174,
	"x" : -0.23797638661579987,
	"y" : 0.20481672180169111,
	"yaw" : 0.81646504435683531,
	"z" : -0.13388635488288525
}
