{
	"pitch" : 1.3703564430917392,
	"roll" : -0.072877590910300077,
	"x" : -0.24041355703937362,
	"y" : 0.18600875549798693,
	"yaw" : 1.2671969286220814,
	"z" : -0.11306679268931205
}
