{
	"pitch" : 1.1375487080657627,
	"roll" : -0.17053713415258681,
	"x" : -0.25490055467927897,
	"y" : -0.018777942915883326,
	"yaw" : 0.92790612646990178,
	"z" : -0.085498140461349403
}
