{
	"pitch" : 1.4700961827707615,
	"roll" : -0.58554285617382895,
	"x" : -0.2326602937886951,
	"y" : 0.20634451322800668,
	"yaw" : 0.76580379365438844,
	"z" : -0.1310878984116863
}
