{
	"pitch" : 1.0360478576984025,
	"roll" : 0.050318124812494397,
	"x" : -0.26090388772309064,
	"y" : 0.12539940035912989,
	"yaw" : 1.3675873583055718,
	"z" : -0.019154807009400643
}
