{
	"pitch" : 0.9808729994007096,
	"roll" : 0.086842225375880822,
	"x" : -0.26203987191081718,
	"y" : 0.080699307407444465,
	"yaw" : 1.30288745014707,
	"z" : -0.010225946250198237
}
