{
	"pitch" : 0.97895964613021991,
	"roll" : -0.0092240450060724188,
	"x" : -0.26148392738085707,
	"y" : 0.074531739187375518,
	"yaw" : 1.1735445468549754,
	"z" : -0.026271371254015935
}
