{
	"pitch" : 1.054418861057683,
	"roll" : 0.054282906760146327,
	"x" : -0.25772576527190788,
	"y" : 0.13586274922835845,
	"yaw" : 1.3812978785465919,
	"z" : -0.019110737711251491
}
