{
	"pitch" : 1.029827270674728,
	"roll" : -0.13701430776602741,
	"x" : -0.26231567417810991,
	"y" : -0.0316005369191888,
	"yaw" : 0.9140670724630553,
	"z" : -0.078406820066340241
}
