{
	"pitch" : 0.90640403786125123,
	"roll" : 0.055589478550620075,
	"x" : -0.25037197869397754,
	"y" : 0.05171519130654742,
	"yaw" : 1.3151036184906826,
	"z" : -0.052973648254116296
}
