{
	"pitch" : 1.4591364343468118,
	"roll" : -0.68778175841820111,
	"x" : -0.23182414427261847,
	"y" : 0.20565576825995668,
	"yaw" : 0.67650626577335016,
	"z" : -0.13235929021475709
}
