{
	"pitch" : 1.3006494764517735,
	"roll" : -0.3472722739662098,
	"x" : -0.2489729884987591,
	"y" : -0.00026810714260104562,
	"yaw" : 0.83253739890335554,
	"z" : -0.10973340566216856
}
