{
	"pitch" : 1.1606632566634285,
	"roll" : -0.024531288150458665,
	"x" : -0.24461244885957303,
	"y" : 0.17566398724993762,
	"yaw" : 1.346663715332227,
	"z" : -0.034301871125940436
}
