{
	"pitch" : 0.98188384149235153,
	"roll" : 0.093240367612027766,
	"x" : -0.27726245492600265,
	"y" : 0.080526031166835835,
	"yaw" : 1.3215292609318272,
	"z" : -0.035518241582959131
}
