{
	"pitch" : 0.99821006295638681,
	"roll" : 0.14301805218272504,
	"x" : -0.26320792166590146,
	"y" : 0.015603448118955303,
	"yaw" : 1.384420577271829,
	"z" : -0.074778910239484464
}
