{
	"pitch" : 1.1979466259785601,
	"roll" : -0.19687619619871677,
	"x" : -0.25443068768280414,
	"y" : -0.013984384977678486,
	"yaw" : 0.93171259110011473,
	"z" : -0.094922283410162109
}
