{
	"pitch" : 0.94609212635174611,
	"roll" : 0.031181668943015207,
	"x" : -0.27075951765072737,
	"y" : 0.09868194216003992,
	"yaw" : 1.3087122807194576,
	"z" : -0.021566243770455018
}
