{
	"pitch" : 1.47690576272886,
	"roll" : -2.3985588497733823,
	"x" : -0.2258399136294372,
	"y" : 0.027788899953621826,
	"yaw" : -1.1039512914337961,
	"z" : -0.15398369224289876
}
