{
	"pitch" : 1.4553904724029925,
	"roll" : -0.29863950599591715,
	"x" : -0.23771225663175527,
	"y" : 0.20893525784876948,
	"yaw" : 1.0806092415981503,
	"z" : -0.12780506756730592
}
