{
	"pitch" : 1.383828380679945,
	"roll" : 0.27426727630813436,
	"x" : -0.248128628352978,
	"y" : 0.039438836994469519,
	"yaw" : 1.5448038254677945,
	"z" : -0.10215618454450953
}
