{
	"pitch" : 0.97880025287214822,
	"roll" : 0.096730165842375787,
	"x" : -0.2763714763040731,
	"y" : 0.080920465009609352,
	"yaw" : 1.3226046388091728,
	"z" : -0.030543101628476149
}
