{
	"pitch" : 1.1654589487950762,
	"roll" : -0.17783472586729276,
	"x" : -0.25425612947527815,
	"y" : -0.016150245641879113,
	"yaw" : 0.93376933346062518,
	"z" : -0.088816936004366714
}
