{
	"pitch" : 0.9924698440792411,
	"roll" : 0.028712798402363255,
	"x" : -0.26669196280118734,
	"y" : 0.071790582550452009,
	"yaw" : 1.1984936251213645,
	"z" : -0.033541396589251177
}
