{
	"pitch" : 1.4769525401883585,
	"roll" : -2.4076558326777509,
	"x" : -0.22441915504243062,
	"y" : 0.026992049247738667,
	"yaw" : -1.1016871489297995,
	"z" : -0.14943493811522321
}
