{
	"pitch" : 1.0955541910004605,
	"roll" : 0.033817389130945466,
	"x" : -0.25103777321791293,
	"y" : 0.15548253743167445,
	"yaw" : 1.379667388887629,
	"z" : -0.023003118703242981
}
