{
	"pitch" : 1.0588341154117924,
	"roll" : 0.023615937662352614,
	"x" : -0.27344851050329344,
	"y" : -0.055573159133751882,
	"yaw" : 0.95124676923020068,
	"z" : -0.082946733796104052
}
