{
	"pitch" : 1.3543497726923519,
	"roll" : 0.25833813658805549,
	"x" : -0.24805797767891194,
	"y" : 0.039321633336800929,
	"yaw" : 1.5227658174823742,
	"z" : -0.098616621013318459
}
