{
	"pitch" : 0.96654432209982355,
	"roll" : -0.050586746051904767,
	"x" : -0.2777124217522417,
	"y" : -0.04513389783186382,
	"yaw" : 0.95503736572310438,
	"z" : -0.087437662745187092
}
