{
	"pitch" : 1.4587996652865796,
	"roll" : -0.68285210190568635,
	"x" : -0.23193882360239973,
	"y" : 0.20570595738852404,
	"yaw" : 0.68170792604863617,
	"z" : -0.13277676726548121
}
