{
	"pitch" : 1.0574588104605112,
	"roll" : 0.024927560013766819,
	"x" : -0.27332591562844089,
	"y" : -0.055814972672238332,
	"yaw" : 0.94772862666846747,
	"z" : -0.081821515039838352
}
