{
	"pitch" : 1.3602487182130667,
	"roll" : -0.43997465771176791,
	"x" : -0.24651465588630123,
	"y" : 0.0069860047805879386,
	"yaw" : 0.76600733740793781,
	"z" : -0.11754210137990959
}
