{
	"pitch" : 1.455246784039006,
	"roll" : -0.28005432728376739,
	"x" : -0.23849386143529822,
	"y" : 0.20910466481341886,
	"yaw" : 1.1028427373819916,
	"z" : -0.12776665862564765
}
