{
	"pitch" : 1.4610915333309868,
	"roll" : -0.36183637964611048,
	"x" : -0.23740945394983992,
	"y" : 0.20427541044010186,
	"yaw" : 0.99756143525387075,
	"z" : -0.12750553291889039
}
