{
	"pitch" : 1.320166516822852,
	"roll" : 0.27559906488751962,
	"x" : -0.24899250856636018,
	"y" : 0.039083573998797805,
	"yaw" : 1.5321132902886143,
	"z" : -0.094486219946830624
}
