{
	"pitch" : 1.1518230153929867,
	"roll" : 0.20652393299703248,
	"x" : -0.25381967253745163,
	"y" : 0.03017627126359565,
	"yaw" : 1.4380018898927562,
	"z" : -0.079913166712956007
}
