{
	"pitch" : 1.4029740385345066,
	"roll" : -0.70272268890906719,
	"x" : -0.24196646062122654,
	"y" : 0.014420566807462079,
	"yaw" : 0.5372558418341763,
	"z" : -0.1366184473208141
}
