{
	"pitch" : 1.0417549986637229,
	"roll" : 0.15720204097084334,
	"x" : -0.25978765069333293,
	"y" : 0.020142229232117601,
	"yaw" : 1.4014926905815404,
	"z" : -0.075052859481109235
}
