{
	"pitch" : 0.94606908742341789,
	"roll" : 0.089390539934714158,
	"x" : -0.25844889480233452,
	"y" : 0.015086940163304498,
	"yaw" : 1.3152903029239265,
	"z" : -0.069052565266451121
}
