{
	"pitch" : 1.3506567717707356,
	"roll" : 0.26173424081146013,
	"x" : -0.24804595155178749,
	"y" : 0.039403905130295763,
	"yaw" : 1.5252333457385481,
	"z" : -0.097509533330533943
}
