{
	"pitch" : 1.4903699419147105,
	"roll" : -1.444749142032516,
	"x" : -0.23320447061282437,
	"y" : 0.028670841926760837,
	"yaw" : -0.17237346937972864,
	"z" : -0.14659306481664108
}
