{
	"pitch" : 1.5057272968470607,
	"roll" : -2.3709363926845919,
	"x" : -0.23604383133649257,
	"y" : 0.026755511029183332,
	"yaw" : -1.0948532591902893,
	"z" : -0.15777348020062518
}
