{
	"pitch" : 1.1439028851918558,
	"roll" : -0.007054532485234459,
	"x" : -0.24568098406218694,
	"y" : 0.17127588419316575,
	"yaw" : 1.3570025716268115,
	"z" : -0.031246930227171871
}
