{
	"pitch" : 0.98613483713826455,
	"roll" : -0.015796923269108545,
	"x" : -0.26154832751306206,
	"y" : 0.072652308278967126,
	"yaw" : 1.1559702194976884,
	"z" : -0.028141896305404979
}
