{
	"pitch" : 1.4651603085342757,
	"roll" : -0.27604478362462381,
	"x" : -0.23903110400619354,
	"y" : 0.20771899823531362,
	"yaw" : 1.1080030080712804,
	"z" : -0.12756147638060403
}
