{
	"pitch" : 1.113744568363618,
	"roll" : -0.0047052450413537488,
	"x" : -0.24279390309595844,
	"y" : 0.1297753749410499,
	"yaw" : 1.3420562495213211,
	"z" : -0.065637981757797614
}
