{
	"pitch" : 1.4564180900390529,
	"roll" : -0.32544627441001656,
	"x" : -0.23700786912336289,
	"y" : 0.20866956073784576,
	"yaw" : 1.0514617573966163,
	"z" : -0.12747661441473773
}
