{
	"pitch" : 1.4697012491203132,
	"roll" : -0.48390072086741232,
	"x" : -0.23860569841658885,
	"y" : 0.20445141947805623,
	"yaw" : 0.87341210767429101,
	"z" : -0.13192694640343255
}
