{
	"pitch" : 1.0670379657747002,
	"roll" : 0.0072636811352843065,
	"x" : -0.24258806283033871,
	"y" : 0.11422389659771376,
	"yaw" : 1.3443463937698075,
	"z" : -0.057249850265121444
}
