{
	"pitch" : 1.1418826335612882,
	"roll" : -0.0038148129082558411,
	"x" : -0.24597902622331069,
	"y" : 0.17059237049227244,
	"yaw" : 1.3593286440246861,
	"z" : -0.031273143659030972
}
