{
	"pitch" : 1.475053951621329,
	"roll" : -0.52408006524438899,
	"x" : -0.23592025647927994,
	"y" : 0.20631037272370026,
	"yaw" : 0.81969976652421328,
	"z" : -0.13252735523649578
}
