{
	"pitch" : 1.0801954939341742,
	"roll" : 0.0058064641476351358,
	"x" : -0.24256163777043668,
	"y" : 0.11889768290706773,
	"yaw" : 1.3462040564248365,
	"z" : -0.059285527706660623
}
