{
	"pitch" : 0.98489927951818357,
	"roll" : 0.14307353373514289,
	"x" : -0.26395602485162506,
	"y" : 0.014952480393154263,
	"yaw" : 1.3816350004207618,
	"z" : -0.07413188529937384
}
