{
	"pitch" : 1.2081123405557428,
	"roll" : 0.21868293281154982,
	"x" : -0.25142576789377402,
	"y" : 0.034062510710109135,
	"yaw" : 1.458575053757976,
	"z" : -0.083963529114177343
}
