{
	"pitch" : 1.4568715497205433,
	"roll" : 0.26306402884665542,
	"x" : -0.24650174265754948,
	"y" : 0.03848708854466662,
	"yaw" : 1.5460205610938451,
	"z" : -0.11372828867229465
}
