{
	"pitch" : 1.1298562419890803,
	"roll" : -0.16443407634212515,
	"x" : -0.25539258006975962,
	"y" : -0.019678610629767092,
	"yaw" : 0.93082058954891278,
	"z" : -0.084623855586716895
}
