{
	"pitch" : 1.3044803629966009,
	"roll" : -0.35256045545153541,
	"x" : -0.24869473032434736,
	"y" : 0.00018959710887048176,
	"yaw" : 0.82874040164309293,
	"z" : -0.10992674473296833
}
