{
	"pitch" : 1.226679893520328,
	"roll" : 0.23518757432504347,
	"x" : -0.25097580034957306,
	"y" : 0.035226640427000834,
	"yaw" : 1.4746601272627615,
	"z" : -0.085135484972374373
}
