{
	"pitch" : 1.5003224372453454,
	"roll" : -1.7825449016965991,
	"x" : -0.23372582700356023,
	"y" : 0.028262470351792399,
	"yaw" : -0.50410155195786943,
	"z" : -0.15102158531755261
}
