{
	"pitch" : 1.0527896184359316,
	"roll" : 0.022701551345580377,
	"x" : -0.27271251078918568,
	"y" : -0.055429291842555836,
	"yaw" : 0.94481071236997194,
	"z" : -0.081370913642278941
}
