{
	"pitch" : 1.4781690726918417,
	"roll" : -2.4171008382901422,
	"x" : -0.22827174769089714,
	"y" : 0.029770136399788413,
	"yaw" : -1.1232769004654333,
	"z" : -0.14347841644272941
}
