{
	"pitch" : 1.5016547009912713,
	"roll" : -2.168988082547175,
	"x" : -0.23402801227180098,
	"y" : 0.026370724724673361,
	"yaw" : -0.88678869228242652,
	"z" : -0.15454748955978148
}
