{
	"pitch" : 1.5063343689538946,
	"roll" : -2.2516955886456329,
	"x" : -0.23505897398981507,
	"y" : 0.026485996292456612,
	"yaw" : -0.97365986839470675,
	"z" : -0.15529065986805621
}
