{
	"pitch" : 1.4682316201619561,
	"roll" : -0.42406817455514145,
	"x" : -0.23927908690528327,
	"y" : 0.20383781372027321,
	"yaw" : 0.93391627177443315,
	"z" : -0.13295561860590191
}
