{
	"pitch" : 1.4754602814843687,
	"roll" : -2.4271304808015239,
	"x" : -0.22854932379251811,
	"y" : 0.029469410424050629,
	"yaw" : -1.1328922367534286,
	"z" : -0.14229409101620089
}
