{
	"pitch" : 1.4691834937077817,
	"roll" : -0.52960856194696815,
	"x" : -0.23808573648814912,
	"y" : 0.20478295933729357,
	"yaw" : 0.82455765698620798,
	"z" : -0.13280516701030376
}
