{
	"pitch" : 1.0155096387114857,
	"roll" : 0.14625943296961635,
	"x" : -0.26147626227615334,
	"y" : 0.017319075855805104,
	"yaw" : 1.3912807784337786,
	"z" : -0.073886877905390808
}
