{
	"pitch" : 1.4749220334651254,
	"roll" : -0.52248194541798687,
	"x" : -0.23646752473453117,
	"y" : 0.20526596778441886,
	"yaw" : 0.82494771079412132,
	"z" : -0.1341779785022445
}
