{
	"pitch" : 0.96759197885873693,
	"roll" : 0.09381060773397161,
	"x" : -0.2750328436846643,
	"y" : 0.084269240049154648,
	"yaw" : 1.3252974696403881,
	"z" : -0.029891385272831583
}
