{
	"pitch" : 1.4615814502462021,
	"roll" : -0.63679549238410127,
	"x" : -0.23261797372033877,
	"y" : 0.20626591498938951,
	"yaw" : 0.71168170142927922,
	"z" : -0.13193484343267703
}
