{
	"pitch" : 1.0725419728746028,
	"roll" : -0.14930111817496064,
	"x" : -0.2582819224271844,
	"y" : -0.02652220361874158,
	"yaw" : 0.9160377872548322,
	"z" : -0.079526724089878806
}
