{
	"pitch" : 1.4797788818214663,
	"roll" : -2.3317724673876654,
	"x" : -0.23279819898206608,
	"y" : 0.030244940727430406,
	"yaw" : -1.0439304804734888,
	"z" : -0.15223380057134045
}
