{
	"pitch" : 0.9227438821246805,
	"roll" : 0.055121782797693711,
	"x" : -0.24710856054001626,
	"y" : 0.069689374940612503,
	"yaw" : 1.331668644889703,
	"z" : -0.049109033118952761
}
