{
	"pitch" : 1.4739468054470175,
	"roll" : -0.3313719847335812,
	"x" : -0.23853112860206108,
	"y" : 0.20530424695450622,
	"yaw" : 1.0530529981072494,
	"z" : -0.13071176375314977
}
