{
	"pitch" : 0.97922482281242351,
	"roll" : 0.091810147113151913,
	"x" : -0.26079120542917883,
	"y" : 0.081422862030289561,
	"yaw" : 1.3093649418907414,
	"z" : -0.0057246057733296718
}
