{
	"pitch" : 1.1587088574274826,
	"roll" : -0.17803739989032563,
	"x" : -0.25439528498707864,
	"y" : -0.016567118646203798,
	"yaw" : 0.93057764340821347,
	"z" : -0.088465162253668711
}
