{
	"pitch" : 0.96825335457420658,
	"roll" : 0.11750953548905341,
	"x" : -0.25819916762993861,
	"y" : 0.011417897074900367,
	"yaw" : 1.3429675899962605,
	"z" : -0.053146661087133951
}
