{
	"pitch" : 1.4750538440111189,
	"roll" : -2.4203433936507395,
	"x" : -0.22832709316555047,
	"y" : 0.029337444378370284,
	"yaw" : -1.1260390664066229,
	"z" : -0.14216062612187333
}
