{
	"pitch" : 1.2351827656620251,
	"roll" : -0.24081625996440922,
	"x" : -0.25324716281005316,
	"y" : -0.011084566815614908,
	"yaw" : 0.90521629023791539,
	"z" : -0.098019363210229804
}
