{
	"pitch" : 1.5052610889247466,
	"roll" : -2.3639752689446167,
	"x" : -0.23588264550247934,
	"y" : 0.026821083141404647,
	"yaw" : -1.0875975706517376,
	"z" : -0.1569687070318472
}
