{
	"pitch" : 1.3880238854748497,
	"roll" : -0.57902644250144075,
	"x" : -0.2443154824224647,
	"y" : 0.01069280951042953,
	"yaw" : 0.64488347856726624,
	"z" : -0.12871256346789217
}
