{
	"pitch" : 1.4742728913800669,
	"roll" : -2.2876128582328574,
	"x" : -0.23089261268672068,
	"y" : 0.028698857689748364,
	"yaw" : -0.998129315344362,
	"z" : -0.16143259118744321
}
