{
	"pitch" : 1.0056379878885853,
	"roll" : -0.12558187460581766,
	"x" : -0.26790003857700784,
	"y" : -0.038523165277004598,
	"yaw" : 0.91286095068088557,
	"z" : -0.08038241406024392
}
