{
	"pitch" : 1.5051740899444861,
	"roll" : -2.0682513460902774,
	"x" : -0.23396909162309523,
	"y" : 0.027965648396337556,
	"yaw" : -0.78976953565938668,
	"z" : -0.15235345618374221
}
