{
	"pitch" : 1.1418993947151208,
	"roll" : 0.20558302482984778,
	"x" : -0.25425723488389168,
	"y" : 0.029036823265206624,
	"yaw" : 1.4367669714045765,
	"z" : -0.079334767217052016
}
