{
	"pitch" : 1.4705440856838381,
	"roll" : -0.50713080494721352,
	"x" : -0.23845877422131567,
	"y" : 0.20475299187526538,
	"yaw" : 0.84839466225972793,
	"z" : -0.13246889791063426
}
