{
	"pitch" : 1.5015472238416521,
	"roll" : -2.1517382709258905,
	"x" : -0.23398514517726263,
	"y" : 0.026550523635671452,
	"yaw" : -0.86963530362817332,
	"z" : -0.15434593270141161
}
