{
	"pitch" : 1.4836401315601935,
	"roll" : -1.3293481862038041,
	"x" : -0.23311262766646593,
	"y" : 0.028566087583753355,
	"yaw" : -0.058585195245909411,
	"z" : -0.144475250764004
}
