{
	"pitch" : 0.96361983868386036,
	"roll" : 0.12542972136455088,
	"x" : -0.25998922219848641,
	"y" : 0.012571832712010685,
	"yaw" : 1.3602640303499549,
	"z" : -0.054492021978625432
}
