{
	"pitch" : 1.5041372791126544,
	"roll" : -2.3665674263698988,
	"x" : -0.23589748793532198,
	"y" : 0.026617145053757521,
	"yaw" : -1.0897169214293951,
	"z" : -0.15703892882386861
}
