{
	"pitch" : 0.99277751006239845,
	"roll" : -0.03153936673759191,
	"x" : -0.27609999086261044,
	"y" : -0.051502707652986396,
	"yaw" : 0.9288257837665409,
	"z" : -0.092979519983019829
}
