{
	"pitch" : 0.94574071157212392,
	"roll" : 0.032331449469793216,
	"x" : -0.27086135329982591,
	"y" : 0.097430896392009678,
	"yaw" : 1.3072358212188053,
	"z" : -0.020567568970392025
}
