{
	"pitch" : 0.97593102549692845,
	"roll" : 0.077363704499207014,
	"x" : -0.26627245542610706,
	"y" : 0.0075863365392988512,
	"yaw" : 1.3331181887876968,
	"z" : -0.079660186247357503
}
