{
	"pitch" : 1.0030895767878751,
	"roll" : 0.11900454994138847,
	"x" : -0.27014076241407392,
	"y" : 0.069381390269049256,
	"yaw" : 1.2926059517383905,
	"z" : -0.040144199199262404
}
