{
	"pitch" : 1.4593546580152461,
	"roll" : -1.0110146427849604,
	"x" : -0.23595374778136102,
	"y" : 0.025785032985491896,
	"yaw" : 0.2489316955597633,
	"z" : -0.139901943829848
}
