{
	"pitch" : 1.1101858945715875,
	"roll" : -0.003504878761620347,
	"x" : -0.24242306005612235,
	"y" : 0.12864010868175296,
	"yaw" : 1.3422308078661989,
	"z" : -0.063473067022719182
}
