{
	"pitch" : 1.5176412470866283,
	"roll" : -0.28931000356160158,
	"x" : -0.24114970660102036,
	"y" : 0.038441797716425807,
	"yaw" : 1.0083006872812017,
	"z" : -0.12630639334634616
}
