{
	"pitch" : 1.4357323108700497,
	"roll" : -0.24821292175769172,
	"x" : -0.23991370402693016,
	"y" : 0.20437150277821053,
	"yaw" : 1.145781551824838,
	"z" : -0.11527506116768783
}
