{
	"pitch" : 0.97129381537077242,
	"roll" : 0.12787133593586061,
	"x" : -0.26759349468067706,
	"y" : 0.010794854742889951,
	"yaw" : 1.3607936187196787,
	"z" : -0.079262151290356964
}
