{
	"pitch" : 1.0330445179000598,
	"roll" : 0.15562252022841369,
	"x" : -0.26052523271625166,
	"y" : 0.019229930343319539,
	"yaw" : 1.398975032990305,
	"z" : -0.07477863893056258
}
