{
	"pitch" : 1.0569553179715858,
	"roll" : 0.023913560851402942,
	"x" : -0.27319733376805022,
	"y" : -0.055807835863549114,
	"yaw" : 0.94697686123162939,
	"z" : -0.081794322183235568
}
