{
	"pitch" : 0.97549045558285097,
	"roll" : 0.084680779598333672,
	"x" : -0.26656658514514653,
	"y" : 0.0076905227249165799,
	"yaw" : 1.3375096317987822,
	"z" : -0.079178776185350366
}
