{
	"pitch" : 0.97335189159743174,
	"roll" : 0.1053514900323467,
	"x" : -0.27695636304007704,
	"y" : 0.081310677294285566,
	"yaw" : 1.3340639105500853,
	"z" : -0.032882585683263521
}
