{
	"pitch" : 1.1151948478361098,
	"roll" : -0.15576297141987341,
	"x" : -0.2561361405851576,
	"y" : -0.021316715769005894,
	"yaw" : 0.93121163891965053,
	"z" : -0.083408848894932108
}
