{
	"pitch" : 1.4437956935606662,
	"roll" : -0.1742497759563873,
	"x" : -0.23219075457001245,
	"y" : 0.20173754915464734,
	"yaw" : 1.180000997950553,
	"z" : -0.11352897617654704
}
