{
	"pitch" : 1.4787485366004094,
	"roll" : -0.68267813189029036,
	"x" : -0.23275884901461288,
	"y" : 0.20457127401875658,
	"yaw" : 0.67433725645578313,
	"z" : -0.13327699483477817
}
