{
	"pitch" : 1.0245120913958621,
	"roll" : 0.047416324259931121,
	"x" : -0.24421272914771366,
	"y" : 0.099346680112278693,
	"yaw" : 1.3543514604792763,
	"z" : -0.051207872381560909
}
