{
	"pitch" : 0.9516146205568291,
	"roll" : 0.098668651064717464,
	"x" : -0.25918133955392098,
	"y" : 0.01366611318456426,
	"yaw" : 1.3206641486045074,
	"z" : -0.069193171921172386
}
