{
	"pitch" : 1.4676359603836546,
	"roll" : -0.29213206188071883,
	"x" : -0.23893376581563411,
	"y" : 0.20715626443982171,
	"yaw" : 1.0913392860810232,
	"z" : -0.12881828648325266
}
