{
	"pitch" : 0.98716530449516582,
	"roll" : 0.14282345349435757,
	"x" : -0.2637740445319961,
	"y" : 0.015075987291623183,
	"yaw" : 1.382324726775281,
	"z" : -0.074381756327392107
}
