{
	"pitch" : 1.4794147049364446,
	"roll" : -0.53052750680617389,
	"x" : -0.23637728898876556,
	"y" : 0.20588198183548703,
	"yaw" : 0.81529371673376649,
	"z" : -0.13240953209199022
}
