{
	"pitch" : 1.0565474267938897,
	"roll" : 0.019083713818943061,
	"x" : -0.27279910929302942,
	"y" : -0.056098133007599665,
	"yaw" : 0.9420103370793208,
	"z" : -0.081661855049785237
}
