{
	"pitch" : 0.9615865237720812,
	"roll" : 0.10201902435471039,
	"x" : -0.25877111625797578,
	"y" : 0.012952781917253249,
	"yaw" : 1.3212589350874164,
	"z" : -0.065619449889463943
}
