{
	"pitch" : 1.4729263561589785,
	"roll" : 0.20727283109067204,
	"x" : -0.24526212213364995,
	"y" : 0.038394423826021526,
	"yaw" : 1.4948486086472683,
	"z" : -0.1157935242792508
}
