{
	"pitch" : 1.4585793316972375,
	"roll" : -0.258498867076494,
	"x" : -0.23922831726387128,
	"y" : 0.20871803957585935,
	"yaw" : 1.1265868638373027,
	"z" : -0.12819748350023372
}
