{
	"pitch" : 1.326806444958303,
	"roll" : -0.010157324176804247,
	"x" : -0.24339223915617214,
	"y" : 0.17367066371347853,
	"yaw" : 1.3316148447832916,
	"z" : -0.10760544209059418
}
