{
	"pitch" : 1.405600793815535,
	"roll" : -0.10527111954456037,
	"x" : -0.23961111915483208,
	"y" : 0.19254198746926482,
	"yaw" : 1.2355971933156744,
	"z" : -0.11943500531033188
}
