{
	"pitch" : 1.4847940711417504,
	"roll" : -2.4841539262986947,
	"x" : -0.22831843922087966,
	"y" : 0.031894109749044691,
	"yaw" : -1.1902827591890583,
	"z" : -0.13606030721007439
}
