{
	"pitch" : 1.0544537656361419,
	"roll" : 0.028484751756269053,
	"x" : -0.27323639696943913,
	"y" : -0.055027785196013687,
	"yaw" : 0.95050218634309069,
	"z" : -0.081918032397870127
}
