{
	"pitch" : 1.5065412553354409,
	"roll" : -2.0113616218206976,
	"x" : -0.2313154738684631,
	"y" : 0.033777490603518923,
	"yaw" : -0.71062892307397285,
	"z" : -0.13392084916208277
}
