{
	"pitch" : 1.4835981751605996,
	"roll" : -2.5336694606233459,
	"x" : -0.22760298990377953,
	"y" : 0.031261342549484053,
	"yaw" : -1.2316494899112118,
	"z" : -0.13337782485361138
}
