{
	"pitch" : 1.2112511690857404,
	"roll" : -0.2147686220685408,
	"x" : -0.25383444635214902,
	"y" : -0.013277649766601205,
	"yaw" : 0.92391586601075981,
	"z" : -0.096140607537345185
}
