{
	"pitch" : 1.0482506113205703,
	"roll" : -0.1434040821271173,
	"x" : -0.2601205218345593,
	"y" : -0.029319108114910085,
	"yaw" : 0.91271984818893692,
	"z" : -0.077419540949309765
}
