{
	"pitch" : 1.0417828819052866,
	"roll" : 0.10613373367213327,
	"x" : -0.26041701890721569,
	"y" : 0.066280072965924003,
	"yaw" : 1.2540995250213909,
	"z" : -0.043123289077281385
}
