{
	"pitch" : 1.1333657354907409,
	"roll" : -0.16662651857644556,
	"x" : -0.25506920987501402,
	"y" : -0.019270015506860437,
	"yaw" : 0.93015684961115874,
	"z" : -0.08454369322771603
}
