{
	"pitch" : 1.4651793318889907,
	"roll" : -0.62216490127152202,
	"x" : -0.23238618561061858,
	"y" : 0.20632692643575731,
	"yaw" : 0.72739159428938138,
	"z" : -0.13072002269386676
}
