{
	"pitch" : 0.97824780222302954,
	"roll" : 0.09337449530312103,
	"x" : -0.27692166054067613,
	"y" : 0.081361797699448235,
	"yaw" : 1.3219892902485053,
	"z" : -0.03421546053830693
}
