{
	"pitch" : 0.96834598703133656,
	"roll" : 0.10858493068331597,
	"x" : -0.27600357672742765,
	"y" : 0.082998206644446931,
	"yaw" : 1.3340971616186665,
	"z" : -0.029420080035190588
}
