{
	"pitch" : 1.1982922803675784,
	"roll" : -0.051879479962322894,
	"x" : -0.24388164957689593,
	"y" : 0.18465621539250274,
	"yaw" : 1.3293598185332638,
	"z" : -0.045179175822133905
}
