{
	"pitch" : 1.4354752385741441,
	"roll" : 0.29208745425847998,
	"x" : -0.24712347972643978,
	"y" : 0.038824163958478583,
	"yaw" : 1.5709502696547231,
	"z" : -0.10922458554263267
}
