{
	"pitch" : 0.96645739684679655,
	"roll" : 0.10463910182131456,
	"x" : -0.276317344062391,
	"y" : 0.082558713610179774,
	"yaw" : 1.333250083643218,
	"z" : -0.031660620585491794
}
