{
	"pitch" : 1.4250915119561518,
	"roll" : 0.29920288986808585,
	"x" : -0.24762917545979454,
	"y" : 0.039000209373439981,
	"yaw" : 1.5768220936548649,
	"z" : -0.107534942032307
}
