{
	"pitch" : 0.96453134470933943,
	"roll" : 0.10093031071872607,
	"x" : -0.2582713671493812,
	"y" : 0.012612113795896593,
	"yaw" : 1.3214731105176158,
	"z" : -0.063128979896817997
}
