{
	"pitch" : 1.0871534831687102,
	"roll" : 0.03306247647779844,
	"x" : -0.25159570547715326,
	"y" : 0.15187086254031662,
	"yaw" : 1.3759900134299079,
	"z" : -0.02123225980562149
}
