{
	"pitch" : 0.95619324719318011,
	"roll" : -0.054599998012811381,
	"x" : -0.27571914351241028,
	"y" : -0.048219839853088128,
	"yaw" : 0.92983388805354417,
	"z" : -0.090929720799511823
}
