{
	"pitch" : 1.4740284045331546,
	"roll" : -2.2867014163779058,
	"x" : -0.23121397384445419,
	"y" : 0.028765971441702246,
	"yaw" : -0.99704336121545967,
	"z" : -0.16142833107320587
}
