{
	"pitch" : 1.4671409396749651,
	"roll" : -0.71742655383114473,
	"x" : -0.23175679660096965,
	"y" : 0.20480842288056261,
	"yaw" : 0.64313875928302677,
	"z" : -0.13237526432996549
}
