{
	"pitch" : 0.99789972910269775,
	"roll" : -0.021511402826740144,
	"x" : -0.27633461486200439,
	"y" : -0.051297901798722206,
	"yaw" : 0.93691917654450163,
	"z" : -0.09312326341532598
}
