{
	"pitch" : 1.529768647683837,
	"roll" : -1.4869473044512838,
	"x" : -0.23704609492727244,
	"y" : 0.036533801489645426,
	"yaw" : -0.18429616146608466,
	"z" : -0.13546259289199283
}
