{
	"pitch" : 0.91235094356679081,
	"roll" : 0.073754119855383937,
	"x" : -0.25726485302054158,
	"y" : 0.027855935811320988,
	"yaw" : 1.3132062550349708,
	"z" : -0.062935937639092526
}
