{
	"pitch" : 1.4998752583496242,
	"roll" : -1.7071310254753533,
	"x" : -0.23346794681427135,
	"y" : 0.028530202623821152,
	"yaw" : -0.42944332694593873,
	"z" : -0.14886877562810363
}
