{
	"pitch" : 1.45736660967884,
	"roll" : -0.64701098968954007,
	"x" : -0.23219601455380207,
	"y" : 0.20623456029872428,
	"yaw" : 0.71827179816109799,
	"z" : -0.13127623207712225
}
