{
	"pitch" : 1.5108404873193824,
	"roll" : -0.1835925545451059,
	"x" : -0.24178800590863894,
	"y" : 0.038443468619985433,
	"yaw" : 1.1131780331844854,
	"z" : -0.12526620708549457
}
