{
	"pitch" : 1.0638797825218538,
	"roll" : 0.01550002077829497,
	"x" : -0.27345944723746396,
	"y" : -0.055963204166186602,
	"yaw" : 0.94444352630958428,
	"z" : -0.085121401287419809
}
