{
	"pitch" : 1.081245214777395,
	"roll" : 0.17860949582331859,
	"x" : -0.25671195770972677,
	"y" : 0.024510783371315549,
	"yaw" : 1.4118172926943251,
	"z" : -0.075809436020353296
}
