{
	"pitch" : 1.4556154615834818,
	"roll" : -0.27612673915524544,
	"x" : -0.23854465209287293,
	"y" : 0.20911977662516945,
	"yaw" : 1.1073231116481876,
	"z" : -0.12691663868404035
}
