{
	"pitch" : 1.3432664309439661,
	"roll" : -0.060114351171285808,
	"x" : -0.2409433335658944,
	"y" : 0.17988114488909313,
	"yaw" : 1.2797048861738192,
	"z" : -0.11047885549559003
}
