{
	"pitch" : 0.98128335008495748,
	"roll" : 0.093527936019176958,
	"x" : -0.27714733375982836,
	"y" : 0.080587009645755353,
	"yaw" : 1.3219231678053882,
	"z" : -0.034741445735945425
}
