{
	"pitch" : 1.4042499921642391,
	"roll" : 0.2920001753385677,
	"x" : -0.24811769652029125,
	"y" : 0.039310672669006709,
	"yaw" : 1.5670268021144185,
	"z" : -0.10549990296497889
}
