{
	"pitch" : 1.18387065067623,
	"roll" : -0.04439679836532593,
	"x" : -0.24414602971797092,
	"y" : 0.18167634771492097,
	"yaw" : 1.3337751493408858,
	"z" : -0.041877303068879962
}
