{
	"pitch" : 1.4502373925461671,
	"roll" : -0.57324014436917237,
	"x" : -0.23247355200097181,
	"y" : 0.20765209870325615,
	"yaw" : 0.79375793330183642,
	"z" : -0.13051255518534924
}
