{
	"pitch" : 1.3907326612043629,
	"roll" : -0.077974204129592842,
	"x" : -0.24019488132121608,
	"y" : 0.19050381269106859,
	"yaw" : 1.2620425917196327,
	"z" : -0.11681759177037847
}
