{
	"pitch" : 1.0052449690586951,
	"roll" : 0.14353869202313729,
	"x" : -0.26301663585945273,
	"y" : 0.015909260731035348,
	"yaw" : 1.3861022493072688,
	"z" : -0.075768721386295063
}
