{
	"pitch" : 0.96942732035471235,
	"roll" : 0.06574837471776962,
	"x" : -0.27424187356046908,
	"y" : 0.090652169238924107,
	"yaw" : 1.3239164572568991,
	"z" : -0.026902044001497011
}
