{
	"pitch" : 0.90546598746532414,
	"roll" : 0.06060325862274505,
	"x" : -0.25273468302132568,
	"y" : 0.044447919547206428,
	"yaw" : 1.3169251855447899,
	"z" : -0.055190805987048452
}
