{
	"pitch" : 0.97915120714777093,
	"roll" : 0.083829264994499539,
	"x" : -0.26921418689565202,
	"y" : 0.081652543721784571,
	"yaw" : 1.3045637763417939,
	"z" : -0.020954596547885812
}
