{
	"pitch" : 0.95689033993357531,
	"roll" : -0.054843262967822132,
	"x" : -0.2755304329426691,
	"y" : -0.048144135653057987,
	"yaw" : 0.93012093915282368,
	"z" : -0.090046939241727075
}
