{
	"pitch" : 1.4637577078238841,
	"roll" : -0.63158293373824714,
	"x" : -0.23236764774659771,
	"y" : 0.20627730934178742,
	"yaw" : 0.71793497127543593,
	"z" : -0.13116725082219785
}
