{
	"pitch" : 1.0300999383044624,
	"roll" : 0.0031394422913139509,
	"x" : -0.27345886215242032,
	"y" : -0.053442166180922922,
	"yaw" : 0.94794292631276444,
	"z" : -0.087435603035973933
}
