{
	"pitch" : 1.2257368455777007,
	"roll" : -0.23315041468597336,
	"x" : -0.2533882241771383,
	"y" : -0.012091482247656427,
	"yaw" : 0.90948253307427807,
	"z" : -0.097098429267343911
}
