{
	"pitch" : 1.4804118884522797,
	"roll" : -2.437559793782456,
	"x" : -0.22736734420683241,
	"y" : 0.026816533199127093,
	"yaw" : -1.1322193126404048,
	"z" : -0.14364499745880455
}
