{
	"pitch" : 0.96369671343364105,
	"roll" : 0.10110596588494582,
	"x" : -0.25839588896249205,
	"y" : 0.012683840793171308,
	"yaw" : 1.3214850791569033,
	"z" : -0.063798091092406237
}
