{
	"pitch" : 1.4401825955518974,
	"roll" : -0.11907098129805682,
	"x" : -0.23055093406909885,
	"y" : 0.20055643167472423,
	"yaw" : 1.233051968407779,
	"z" : -0.10965209383916825
}
