{
	"pitch" : 1.4232547767327262,
	"roll" : -0.039481743251182158,
	"x" : -0.22889494850127023,
	"y" : 0.19772057048401798,
	"yaw" : 1.310984131191375,
	"z" : -0.097863201928722887
}
