{
	"pitch" : 1.4566607668818556,
	"roll" : -0.32936250058209615,
	"x" : -0.23683811284852563,
	"y" : 0.20864873977740811,
	"yaw" : 1.0472557977418573,
	"z" : -0.12700652027475257
}
