{
	"pitch" : 1.500543598592643,
	"roll" : -2.4796714682851775,
	"x" : -0.23391147316735111,
	"y" : 0.02812890048002506,
	"yaw" : -1.2036879883246128,
	"z" : -0.14075809961931732
}
