{
	"pitch" : 1.480019928897816,
	"roll" : -0.5966590736400621,
	"x" : -0.23335491283735552,
	"y" : 0.20518074847328199,
	"yaw" : 0.75594875414087026,
	"z" : -0.13466346224207332
}
