{
	"pitch" : 1.462715888265198,
	"roll" : -0.63032943312485923,
	"x" : -0.23241987823621391,
	"y" : 0.20624469439009835,
	"yaw" : 0.7187694212601522,
	"z" : -0.13151655129780249
}
