{
	"pitch" : 1.3391596294396049,
	"roll" : -0.022670294592211353,
	"x" : -0.24222691025729098,
	"y" : 0.17771731737582278,
	"yaw" : 1.3177493225784884,
	"z" : -0.10892403541047475
}
