{
	"pitch" : 1.4738778791536127,
	"roll" : -2.2861927531931832,
	"x" : -0.23137755692902653,
	"y" : 0.028726498845114301,
	"yaw" : -0.99635669422832962,
	"z" : -0.16203223831552094
}
