{
	"pitch" : 1.5120580182071381,
	"roll" : -0.20056331214129855,
	"x" : -0.2415407986207751,
	"y" : 0.038487015635502803,
	"yaw" : 1.0963894976119706,
	"z" : -0.12498829502509037
}
