{
	"pitch" : 0.96696717538497956,
	"roll" : 0.10163760313004164,
	"x" : -0.2578402293938476,
	"y" : 0.012332282579985442,
	"yaw" : 1.3221781730939746,
	"z" : -0.060746988776866642
}
