{
	"pitch" : 1.5018335946112626,
	"roll" : -2.1469708517293991,
	"x" : -0.23395529311806743,
	"y" : 0.026745706403136449,
	"yaw" : -0.86487184520482352,
	"z" : -0.15390531168168073
}
