{
	"pitch" : 0.90510007082205923,
	"roll" : 0.065088027092704281,
	"x" : -0.25562288280679574,
	"y" : 0.033700681564722196,
	"yaw" : 1.3115434580408343,
	"z" : -0.059697963590458092
}
