{
	"pitch" : 0.9845458541323,
	"roll" : 0.084986760410570628,
	"x" : -0.27684928964797628,
	"y" : 0.079431441267280523,
	"yaw" : 1.3181082001473996,
	"z" : -0.034124212545579846
}
