{
	"pitch" : 1.471823785757683,
	"roll" : -0.29599811995984449,
	"x" : -0.23878813157405113,
	"y" : 0.20622649660259923,
	"yaw" : 1.0871394368109473,
	"z" : -0.12919046453715677
}
