{
	"pitch" : 1.0837488143734748,
	"roll" : -0.14717268899379571,
	"x" : -0.25769957236074248,
	"y" : -0.025023417727995507,
	"yaw" : 0.92310419637855667,
	"z" : -0.0807744637460176
}
