{
	"pitch" : 1.3181455899582553,
	"roll" : 0.00082805313927830724,
	"x" : -0.24455609612397183,
	"y" : 0.169642497431857,
	"yaw" : 1.3483704726777797,
	"z" : -0.10724327842286482
}
