{
	"pitch" : 1.4994708279877191,
	"roll" : -1.6791881866322569,
	"x" : -0.23345722695301702,
	"y" : 0.028559709373007169,
	"yaw" : -0.40170171888702144,
	"z" : -0.14878094694080185
}
