{
	"pitch" : 0.96704827018926243,
	"roll" : 0.11921083020444916,
	"x" : -0.2583878958221244,
	"y" : 0.011434806860387108,
	"yaw" : 1.3454226554789241,
	"z" : -0.052718888864759783
}
