{
	"pitch" : 1.449496782902528,
	"roll" : -0.57643185245758799,
	"x" : -0.23217179284096842,
	"y" : 0.20785224844908468,
	"yaw" : 0.79054264577669986,
	"z" : -0.1289372828760561
}
