{
	"pitch" : 1.0453707611862153,
	"roll" : 0.15785681047718989,
	"x" : -0.25958985978328664,
	"y" : 0.020588517689156313,
	"yaw" : 1.4022532397656342,
	"z" : -0.075567121282891336
}
