{
	"pitch" : 1.4667355090279726,
	"roll" : -0.52679613460396402,
	"x" : -0.23726879644589324,
	"y" : 0.2053327720400597,
	"yaw" : 0.8250307132999487,
	"z" : -0.13288929334103319
}
