{
	"pitch" : 1.0504036957546836,
	"roll" : 0.015946005727805627,
	"x" : -0.27244369168816085,
	"y" : -0.055563917826161928,
	"yaw" : 0.94809821560729224,
	"z" : -0.082082588444617077
}
