{
	"pitch" : 1.0425610369512361,
	"roll" : 0.049916063188219506,
	"x" : -0.24432381842472767,
	"y" : 0.10471714943339513,
	"yaw" : 1.363096034521619,
	"z" : -0.051564818779466476
}
