{
	"pitch" : 1.4724387284324998,
	"roll" : -0.32480543619678864,
	"x" : -0.23815904647960309,
	"y" : 0.20509725047011879,
	"yaw" : 1.0616141126073613,
	"z" : -0.12869645558201151
}
