{
	"pitch" : 1.0018495939585208,
	"roll" : 0.14385053940397019,
	"x" : -0.26261895287795478,
	"y" : 0.015779004545612492,
	"yaw" : 1.3856888261060649,
	"z" : -0.07346208869672273
}
