{
	"pitch" : 1.0019894358806158,
	"roll" : 0.043296534485183134,
	"x" : -0.26573469439401431,
	"y" : 0.11341013964332355,
	"yaw" : 1.3523731613118153,
	"z" : -0.019224972024915549
}
