{
	"pitch" : 0.9469868712031172,
	"roll" : 0.030596572570156161,
	"x" : -0.2705434292092887,
	"y" : 0.098911574684166739,
	"yaw" : 1.308956428081181,
	"z" : -0.020687202308283248
}
