{
	"pitch" : 1.4744696028560971,
	"roll" : -2.4328293494159468,
	"x" : -0.22843962227129883,
	"y" : 0.029116133449348783,
	"yaw" : -1.1388028887686916,
	"z" : -0.14214677079950383
}
