{
	"pitch" : 0.92178300984714123,
	"roll" : 0.080693465734446509,
	"x" : -0.25792485140158217,
	"y" : 0.023334617294586229,
	"yaw" : 1.3143117380469043,
	"z" : -0.065070171163632437
}
