{
	"pitch" : 0.98750054412531374,
	"roll" : -0.094320489544986522,
	"x" : -0.27225325282255591,
	"y" : -0.040894771886407728,
	"yaw" : 0.9368802619053247,
	"z" : -0.081831846345012796
}
