{
	"pitch" : 1.3115565267297504,
	"roll" : -0.0016708150109297098,
	"x" : -0.24496669920475458,
	"y" : 0.16760852578817009,
	"yaw" : 1.3464084963695364,
	"z" : -0.10735088731068507
}
