{
	"pitch" : 0.96659156280696246,
	"roll" : 0.10030873707747422,
	"x" : -0.27554330383509884,
	"y" : 0.083756654463434055,
	"yaw" : 1.3294702930049782,
	"z" : -0.030447518549270469
}
