{
	"pitch" : 1.5046176060879959,
	"roll" : -2.2073571092124151,
	"x" : -0.23475655459295813,
	"y" : 0.026438763126884951,
	"yaw" : -0.92911087489276956,
	"z" : -0.15537223575563866
}
