{
	"pitch" : 1.4753769212932095,
	"roll" : -2.4232837157874241,
	"x" : -0.22825474977067997,
	"y" : 0.029327681463524588,
	"yaw" : -1.1293660517604398,
	"z" : -0.14233830194895927
}
