{
	"pitch" : 1.5016780570163806,
	"roll" : -2.0296913083871599,
	"x" : -0.22976627693705914,
	"y" : 0.03341215249470704,
	"yaw" : -0.72939265940157427,
	"z" : -0.13362130864530614
}
