{
	"pitch" : 1.0700896425211743,
	"roll" : 0.16889939956733718,
	"x" : -0.25729912126653648,
	"y" : 0.023038843431747072,
	"yaw" : 1.405626403382537,
	"z" : -0.075555240386022474
}
