{
	"pitch" : 1.4679830871583921,
	"roll" : 0.2265988365492537,
	"x" : -0.24560019949139492,
	"y" : 0.038386125898041183,
	"yaw" : 1.5130913232855649,
	"z" : -0.11503808817726288
}
