{
	"pitch" : 0.95251643518242124,
	"roll" : 0.037930517858883392,
	"x" : -0.27192638406782599,
	"y" : 0.094778446202272396,
	"yaw" : 1.3053564437045089,
	"z" : -0.024938969440104791
}
