{
	"pitch" : 1.4840874951679366,
	"roll" : -2.5416964952015215,
	"x" : -0.22743979391356672,
	"y" : 0.031373790120616918,
	"yaw" : -1.2397951020879747,
	"z" : -0.13321627894481303
}
