{
	"pitch" : 1.0053924834063352,
	"roll" : -0.13445631996064389,
	"x" : -0.26421152288140748,
	"y" : -0.035475774293335184,
	"yaw" : 0.91491703365009813,
	"z" : -0.077563793123607408
}
