{
	"pitch" : 1.4636275642214143,
	"roll" : -0.45538354131050651,
	"x" : -0.2350798960285935,
	"y" : 0.20705866186229577,
	"yaw" : 0.91439780799087278,
	"z" : -0.12960572249778382
}
