{
	"pitch" : 1.4756979325633637,
	"roll" : -2.4193543978007006,
	"x" : -0.22822074200621187,
	"y" : 0.02941480697697009,
	"yaw" : -1.1254748981576446,
	"z" : -0.14239663726445578
}
