{
	"pitch" : 1.1671192258253997,
	"roll" : -0.020089173760499027,
	"x" : -0.24324374633233062,
	"y" : 0.14339336447149575,
	"yaw" : 1.3314446038789227,
	"z" : -0.076320788079180843
}
