{
	"pitch" : 1.4734856256458202,
	"roll" : -0.5086411404236153,
	"x" : -0.23638584252734432,
	"y" : 0.20552083161927015,
	"yaw" : 0.83826878315200504,
	"z" : -0.13309549044513086
}
