{
	"pitch" : 1.4684657550343203,
	"roll" : -0.52307794167955057,
	"x" : -0.23500013070867096,
	"y" : 0.20715357921981159,
	"yaw" : 0.81935926226034395,
	"z" : -0.13196822832366101
}
