{
	"pitch" : 0.94484964397758853,
	"roll" : 0.089535655444539647,
	"x" : -0.25841071470319538,
	"y" : 0.01577005602941129,
	"yaw" : 1.3140592050517239,
	"z" : -0.069052425557742603
}
