{
	"pitch" : 0.96327671191538522,
	"roll" : 0.12337570820311033,
	"x" : -0.26047479255616934,
	"y" : 0.01253900918070501,
	"yaw" : 1.359480665708241,
	"z" : -0.056143009548578621
}
