{
	"pitch" : 1.4312632069124802,
	"roll" : -0.89673521881092577,
	"x" : -0.23758963129776861,
	"y" : 0.022143047427477594,
	"yaw" : 0.35786295859466472,
	"z" : -0.13672672874280178
}
