{
	"pitch" : 0.96236464185174542,
	"roll" : -0.054770074345744317,
	"x" : -0.27751027775071624,
	"y" : -0.04691248322718819,
	"yaw" : 0.94052410897296013,
	"z" : -0.090509063559011005
}
