{
	"pitch" : 1.4731752966195657,
	"roll" : -0.29718402854323062,
	"x" : -0.238780823000907,
	"y" : 0.20579561435342444,
	"yaw" : 1.086521733606522,
	"z" : -0.1299996822160672
}
