{
	"pitch" : 0.95115736313578536,
	"roll" : 0.032924547714707007,
	"x" : -0.24379703957052495,
	"y" : 0.083053545333962475,
	"yaw" : 1.317869601479533,
	"z" : -0.048623587798891227
}
