{
	"pitch" : 1.4773770582481607,
	"roll" : -2.4069887755906589,
	"x" : -0.22487007242647819,
	"y" : 0.027072521813560138,
	"yaw" : -1.1010227448367758,
	"z" : -0.14838802277534874
}
