{
	"pitch" : 1.454875706572355,
	"roll" : 0.26586900199635832,
	"x" : -0.24648434643473038,
	"y" : 0.038577590761109129,
	"yaw" : 1.548344958924138,
	"z" : -0.11260798820518834
}
