{
	"pitch" : 0.9775435297052868,
	"roll" : 0.085828353890377185,
	"x" : -0.26835777156001372,
	"y" : 0.081960505388779553,
	"yaw" : 1.3068272992664756,
	"z" : -0.018859959651602337
}
