{
	"pitch" : 1.4584635829699353,
	"roll" : -0.35523153197468271,
	"x" : -0.23632398937660637,
	"y" : 0.20826814821289014,
	"yaw" : 1.0190019545707127,
	"z" : -0.12789569203686599
}
