{
	"pitch" : 1.409266432204042,
	"roll" : -0.76975835729714637,
	"x" : -0.24037079735169342,
	"y" : 0.017036553083690405,
	"yaw" : 0.47309570768846682,
	"z" : -0.13138268918510121
}
