{
	"pitch" : 0.97683951367862254,
	"roll" : -0.082444362222549972,
	"x" : -0.27314998417028374,
	"y" : -0.040948770284405023,
	"yaw" : 0.94535956783334185,
	"z" : -0.081801774557600321
}
