{
	"pitch" : 0.97234383132811375,
	"roll" : 0.13196380922658685,
	"x" : -0.26529705520129387,
	"y" : 0.0130255834869142,
	"yaw" : 1.3673460245548215,
	"z" : -0.074923472335386238
}
