{
	"pitch" : 1.5036439375663828,
	"roll" : -2.1814518968989876,
	"x" : -0.23445512639035182,
	"y" : 0.026561450953338311,
	"yaw" : -0.90276721683566619,
	"z" : -0.1546202169604422
}
