{
	"pitch" : 0.93353383002086732,
	"roll" : 0.046651487717086083,
	"x" : -0.24570160970801067,
	"y" : 0.075925374232824194,
	"yaw" : 1.3264138881252425,
	"z" : -0.048935905314619499
}
