{
	"pitch" : 1.4667055691987982,
	"roll" : -0.52308438134948276,
	"x" : -0.23460695968204867,
	"y" : 0.2076770614079026,
	"yaw" : 0.81943369140999622,
	"z" : -0.13133198877949762
}
