{
	"pitch" : 0.96206232058881158,
	"roll" : -0.052010658958921041,
	"x" : -0.27774201475283661,
	"y" : -0.045851596763817642,
	"yaw" : 0.94797648627746556,
	"z" : -0.089296368996734377
}
