{
	"pitch" : 1.5052596647235226,
	"roll" : -2.0519476674917128,
	"x" : -0.23398756951665634,
	"y" : 0.028106777512395334,
	"yaw" : -0.77408290578149552,
	"z" : -0.15243838079404476
}
