{
	"pitch" : 1.5038132796965022,
	"roll" : -0.07564902024918746,
	"x" : -0.24262123670894686,
	"y" : 0.038393325529139682,
	"yaw" : 1.2198417554745826,
	"z" : -0.12423722972386962
}
