{
	"pitch" : 1.3590180485517065,
	"roll" : -0.068110751944998854,
	"x" : -0.24043642632508555,
	"y" : 0.18280014124013655,
	"yaw" : 1.272133529292885,
	"z" : -0.11038492434476427
}
