{
	"pitch" : 1.0136762392368113,
	"roll" : -0.0058416477663294098,
	"x" : -0.2750366454680549,
	"y" : -0.05215826972444057,
	"yaw" : 0.94532144545505348,
	"z" : -0.090601049666891476
}
