{
	"pitch" : 0.99027189787722303,
	"roll" : 0.03640680316092846,
	"x" : -0.24381224883562785,
	"y" : 0.092224032778002119,
	"yaw" : 1.3385358087786166,
	"z" : -0.048905172317255718
}
