{
	"pitch" : 1.5040001350320935,
	"roll" : -2.3844795180921996,
	"x" : -0.23576822574337231,
	"y" : 0.02675275329578182,
	"yaw" : -1.1088359289587497,
	"z" : -0.15685325039255307
}
