{
	"pitch" : 1.4808092908333139,
	"roll" : -0.62454456219454879,
	"x" : -0.23326508742011107,
	"y" : 0.20494494981346634,
	"yaw" : 0.729555426900661,
	"z" : -0.13431519779199394
}
