{
	"pitch" : 1.4282551538153692,
	"roll" : -0.052465381064745457,
	"x" : -0.22888261045754305,
	"y" : 0.19847381864562613,
	"yaw" : 1.2977875226119133,
	"z" : -0.1007284806498209
}
