{
	"pitch" : 1.47592285264936,
	"roll" : -0.69644409201075841,
	"x" : -0.23247426069556607,
	"y" : 0.20450199620398005,
	"yaw" : 0.6620963619567275,
	"z" : -0.13311463083521516
}
