{
	"pitch" : 0.9674921693057893,
	"roll" : 0.061695320603366917,
	"x" : -0.27398096635970903,
	"y" : 0.091092985364226331,
	"yaw" : 1.3213545870983785,
	"z" : -0.026634822204975928
}
