{
	"pitch" : 0.90404177053581791,
	"roll" : 0.063188654074071759,
	"x" : -0.2540759967026881,
	"y" : 0.039191321139010804,
	"yaw" : 1.3160374640921664,
	"z" : -0.056572372172545377
}
