{
	"pitch" : 1.4658363358259541,
	"roll" : -0.59356866321124946,
	"x" : -0.23357598478224301,
	"y" : 0.20730458666147181,
	"yaw" : 0.75330669841235487,
	"z" : -0.13138436646238225
}
