{
	"pitch" : 0.96327926304881539,
	"roll" : 0.12499423833709511,
	"x" : -0.26032492707898042,
	"y" : 0.012682102858396382,
	"yaw" : 1.3611755081126413,
	"z" : -0.055301888858269588
}
