{
	"pitch" : 1.2535987483632813,
	"roll" : -0.25483142899708611,
	"x" : -0.25229076743799295,
	"y" : -0.0078288160681590502,
	"yaw" : 0.9015103021384181,
	"z" : -0.1004239384271446
}
