{
	"pitch" : 1.4654890688647286,
	"roll" : -0.37451963193444998,
	"x" : -0.23857906045027505,
	"y" : 0.20409823738474595,
	"yaw" : 0.98444256566495614,
	"z" : -0.13022520724573367
}
