{
	"pitch" : 1.3374220580405929,
	"roll" : 0.27139133380591546,
	"x" : -0.24863880669377,
	"y" : 0.039286173098468116,
	"yaw" : 1.5313656129880389,
	"z" : -0.096557253288336017
}
