{
	"pitch" : 1.4491268137599609,
	"roll" : 0.27454860199322928,
	"x" : -0.24673519243415323,
	"y" : 0.038646887134767938,
	"yaw" : 1.5560700763583766,
	"z" : -0.11194589497225389
}
