{
	"pitch" : 1.0211471723437926,
	"roll" : -0.0007103256161192209,
	"x" : -0.2740889476088994,
	"y" : -0.052865914004924047,
	"yaw" : 0.94659531163190747,
	"z" : -0.08876556471267949
}
