{
	"pitch" : 1.4509254163438363,
	"roll" : -0.28205630586954356,
	"x" : -0.23469666763553243,
	"y" : 0.20334374792885782,
	"yaw" : 1.0756186830294685,
	"z" : -0.12124881943588962
}
