{
	"pitch" : 0.97511267418951619,
	"roll" : -0.082734785197444122,
	"x" : -0.27434232074474207,
	"y" : -0.041701352045152754,
	"yaw" : 0.94552228393571092,
	"z" : -0.083980174465259946
}
