{
	"pitch" : 0.97827571397900515,
	"roll" : 0.097733720920568964,
	"x" : -0.2765395447847378,
	"y" : 0.081111349212159817,
	"yaw" : 1.3244316093585042,
	"z" : -0.031091349654434969
}
