{
	"pitch" : 1.5302607497367589,
	"roll" : -1.4626031365786973,
	"x" : -0.23732132485957896,
	"y" : 0.036517386436046281,
	"yaw" : -0.15984487851562115,
	"z" : -0.13571277741580509
}
