{
	"pitch" : 1.4687496147952517,
	"roll" : -0.50449162050435237,
	"x" : -0.23649992612161519,
	"y" : 0.20577522380856167,
	"yaw" : 0.84336386301555766,
	"z" : -0.13221878370108478
}
