{
	"pitch" : 0.97253197405423508,
	"roll" : 0.07068680571297517,
	"x" : -0.27156834112215233,
	"y" : 0.080897182869386852,
	"yaw" : 1.2984427351671661,
	"z" : -0.024934828438146595
}
