{
	"pitch" : 1.4505868307070993,
	"roll" : -0.5729777902342692,
	"x" : -0.23246351605860577,
	"y" : 0.20766895236599681,
	"yaw" : 0.79394726162587137,
	"z" : -0.13003620145062225
}
