{
	"pitch" : 0.99885949977790067,
	"roll" : 0.13613388786590633,
	"x" : -0.27373189697297068,
	"y" : 0.070333904469557812,
	"yaw" : 1.3183940549447379,
	"z" : -0.039915133705064887
}
