{
	"pitch" : 1.458924544214792,
	"roll" : -0.36486022211255492,
	"x" : -0.2361765022413323,
	"y" : 0.20813849844923807,
	"yaw" : 1.0087224574636855,
	"z" : -0.12829379747309133
}
