{
	"pitch" : 0.97406213475820425,
	"roll" : 0.13183373833930562,
	"x" : -0.26498709996963588,
	"y" : 0.013831604026949829,
	"yaw" : 1.3709519145581017,
	"z" : -0.075748611871776006
}
