{
	"pitch" : 0.96801528124868774,
	"roll" : 0.10785230596662308,
	"x" : -0.27585175333047462,
	"y" : 0.083085520888273548,
	"yaw" : 1.3337332329863409,
	"z" : -0.028798297714412724
}
