{
	"pitch" : 1.5036435845145337,
	"roll" : -1.9929277160987779,
	"x" : -0.23357933779774842,
	"y" : 0.028183748731360286,
	"yaw" : -0.71443027299427386,
	"z" : -0.15290143234917472
}
