{
	"pitch" : 0.97590220329285338,
	"roll" : 0.087049414296291178,
	"x" : -0.27574762053670082,
	"y" : 0.086836583457912384,
	"yaw" : 1.3344363434013393,
	"z" : -0.030571309178109685
}
