{
	"pitch" : 1.0571105306912052,
	"roll" : 0.02405913787370496,
	"x" : -0.27322663370061673,
	"y" : -0.055824065146973613,
	"yaw" : 0.94712355825816685,
	"z" : -0.081796852423783484
}
