{
	"pitch" : 1.4746824126454383,
	"roll" : -0.332400584589019,
	"x" : -0.23842240420481597,
	"y" : 0.20527624771803504,
	"yaw" : 1.0520144316313982,
	"z" : -0.12958237495004082
}
