{
	"pitch" : 0.96672704396594777,
	"roll" : 0.10164238755498316,
	"x" : -0.27570408027593768,
	"y" : 0.083687617276152315,
	"yaw" : 1.3303019041798665,
	"z" : -0.031074686694193443
}
