{
	"pitch" : 1.2713168010316154,
	"roll" : 0.2728849003933409,
	"x" : -0.25031881406270828,
	"y" : 0.036869291796602664,
	"yaw" : 1.520870560567259,
	"z" : -0.089302531548031305
}
