{
	"pitch" : 1.0191527516753214,
	"roll" : 0.047458963669383514,
	"x" : -0.26296515989427088,
	"y" : 0.11894552200749206,
	"yaw" : 1.3593659468957962,
	"z" : -0.017427589026492774
}
