{
	"pitch" : 0.9755876230056566,
	"roll" : 0.090206146447113153,
	"x" : -0.26349983493726914,
	"y" : 0.08264632834322802,
	"yaw" : 1.3109095338441303,
	"z" : -0.0050442527552358729
}
