{
	"pitch" : 1.0234978465896694,
	"roll" : -0.1336940243848837,
	"x" : -0.26262574148168782,
	"y" : -0.032467916578119135,
	"yaw" : 0.91612282783096988,
	"z" : -0.077442316005947795
}
