{
	"pitch" : 1.3028220935640107,
	"roll" : -0.0021820536700610351,
	"x" : -0.24545561800593707,
	"y" : 0.16520315513397166,
	"yaw" : 1.3465173715001606,
	"z" : -0.10663346474419959
}
