{
	"pitch" : 1.1013613602186079,
	"roll" : -0.14795175163257793,
	"x" : -0.25732384218752941,
	"y" : -0.023226863594931084,
	"yaw" : 0.93176397897105734,
	"z" : -0.083187100763780858
}
