{
	"pitch" : 0.97626905053705337,
	"roll" : 0.083793929154452579,
	"x" : -0.27569642118404125,
	"y" : 0.087434666757594398,
	"yaw" : 1.334645407540044,
	"z" : -0.03111588913073024
}
