{
	"pitch" : 0.9637724952650869,
	"roll" : 0.12924978203964124,
	"x" : -0.26009052337007488,
	"y" : 0.012496272848145404,
	"yaw" : 1.3627731208813174,
	"z" : -0.053632914931973835
}
