{
	"pitch" : 1.3294678034831333,
	"roll" : -0.38974888141905617,
	"x" : -0.24794813097791496,
	"y" : 0.0028900691605121057,
	"yaw" : 0.80257631720606881,
	"z" : -0.11497358938230315
}
