{
	"pitch" : 1.4725727190543696,
	"roll" : -0.32439299400738497,
	"x" : -0.23835045432462523,
	"y" : 0.20505324027050145,
	"yaw" : 1.0620608888770717,
	"z" : -0.12955270022542698
}
