{
	"pitch" : 0.97352838222466487,
	"roll" : 0.095539298847146889,
	"x" : -0.26293002774905033,
	"y" : 0.084127844165411136,
	"yaw" : 1.3154844337069538,
	"z" : -0.0078278217997240773
}
