{
	"pitch" : 1.5239624341811353,
	"roll" : -1.5738947042769387,
	"x" : -0.23569263412301777,
	"y" : 0.036244986905854287,
	"yaw" : -0.27220661641347227,
	"z" : -0.13572468042999214
}
