{
	"pitch" : 1.4802613059000331,
	"roll" : -2.4146283398062955,
	"x" : -0.22553941914766154,
	"y" : 0.027102422779309229,
	"yaw" : -1.1088520643768021,
	"z" : -0.14695102907961113
}
