{
	"pitch" : 1.4522403270662501,
	"roll" : -0.24515931316718473,
	"x" : -0.23936213768475825,
	"y" : 0.20530414622216248,
	"yaw" : 1.1398946390319389,
	"z" : -0.1219815755947639
}
