{
	"pitch" : 1.3193799439434954,
	"roll" : -0.1093779691132116,
	"x" : -0.24252194477398534,
	"y" : 0.19900315116530004,
	"yaw" : 1.2859573642969284,
	"z" : -0.079846506156307104
}
