{
	"pitch" : 1.4723848889379965,
	"roll" : -0.29436404640521596,
	"x" : -0.23877974689942702,
	"y" : 0.20603955398366056,
	"yaw" : 1.0890466237849772,
	"z" : -0.12957861166567605
}
