{
	"pitch" : 1.4687969244143193,
	"roll" : -1.0822563467750772,
	"x" : -0.23516039419980858,
	"y" : 0.026899366459733051,
	"yaw" : 0.17914010619646725,
	"z" : -0.14101326437253231
}
