{
	"pitch" : 1.4593540083596437,
	"roll" : -0.35686549016457469,
	"x" : -0.23735389042202107,
	"y" : 0.20406873067875891,
	"yaw" : 1.0024789827968843,
	"z" : -0.1283615037766456
}
