{
	"pitch" : 1.4792003573684769,
	"roll" : -0.56430254223555953,
	"x" : -0.23642744292108905,
	"y" : 0.20494324611407161,
	"yaw" : 0.78436412740111827,
	"z" : -0.13482683198463147
}
