{
	"pitch" : 1.446131521405474,
	"roll" : -0.21094922806543676,
	"x" : -0.23325995616810288,
	"y" : 0.2025070359520672,
	"yaw" : 1.1446653061272491,
	"z" : -0.1169880430161587
}
