{
	"pitch" : 1.131320039725173,
	"roll" : -0.16590421838707975,
	"x" : -0.25555273313865129,
	"y" : -0.019661612444476437,
	"yaw" : 0.93018811938162449,
	"z" : -0.085527705155804934
}
