{
	"pitch" : 1.5022968923803317,
	"roll" : -2.4897369573871626,
	"x" : -0.2338474978528467,
	"y" : 0.029127150562337098,
	"yaw" : -1.2162040490150143,
	"z" : -0.13993580195942809
}
