{
	"pitch" : 1.4719728386973072,
	"roll" : -0.29457498145010363,
	"x" : -0.23885546335382193,
	"y" : 0.20612322529821489,
	"yaw" : 1.0886295415060649,
	"z" : -0.12978606889878563
}
