{
	"pitch" : 1.3819032682638102,
	"roll" : -0.53565789915274142,
	"x" : -0.24483179638167946,
	"y" : 0.0097263063814351861,
	"yaw" : 0.68162511654284985,
	"z" : -0.12410489689588503
}
