{
	"pitch" : 1.4752526624884281,
	"roll" : -2.385113730122832,
	"x" : -0.22457164959943987,
	"y" : 0.027224811927126238,
	"yaw" : -1.0804715776550935,
	"z" : -0.14938586734780429
}
