{
	"pitch" : 1.5054257405097844,
	"roll" : -2.2256755400720238,
	"x" : -0.23492840495353426,
	"y" : 0.026420102771182813,
	"yaw" : -0.94746571356374687,
	"z" : -0.1557021083159052
}
