{
	"pitch" : 0.96624030573722119,
	"roll" : 0.13113201781581116,
	"x" : -0.26021345297572063,
	"y" : 0.011932592978337681,
	"yaw" : 1.3633946826140928,
	"z" : -0.053207346320388982
}
