{
	"pitch" : 1.4800502477469872,
	"roll" : -2.4124649061915706,
	"x" : -0.22526149429121417,
	"y" : 0.027060867293064034,
	"yaw" : -1.1065527477744401,
	"z" : -0.14743490969566309
}
