{
	"pitch" : 1.4978033206155352,
	"roll" : 0.0036490093241733361,
	"x" : -0.24319864506884964,
	"y" : 0.038366233750671525,
	"yaw" : 1.2982180524540718,
	"z" : -0.12280558066155295
}
