{
	"pitch" : 0.98753619709929807,
	"roll" : 0.11385372507019483,
	"x" : -0.26232229413680636,
	"y" : 0.082913530802404364,
	"yaw" : 1.3393304161404134,
	"z" : -0.0027010135398684021
}
