{
	"pitch" : 0.93804114039841957,
	"roll" : 0.085919547090545279,
	"x" : -0.25878228246116575,
	"y" : 0.018013370034724197,
	"yaw" : 1.3126306180608449,
	"z" : -0.06943399973448168
}
