{
	"pitch" : 1.049146104946586,
	"roll" : -0.14430607215237765,
	"x" : -0.26029266994359801,
	"y" : -0.029284082077678152,
	"yaw" : 0.91251296507414392,
	"z" : -0.078187273116394451
}
