{
	"pitch" : 0.91602562261336473,
	"roll" : 0.077859614599922258,
	"x" : -0.25748387113662757,
	"y" : 0.025797640051297293,
	"yaw" : 1.3145811488109016,
	"z" : -0.063376951716685087
}
