{
	"pitch" : 1.4664915032070196,
	"roll" : -0.52775557074333601,
	"x" : -0.23748131116081678,
	"y" : 0.20521686185465204,
	"yaw" : 0.82436137512264096,
	"z" : -0.13373235327375813
}
