{
	"pitch" : 1.5026617144861207,
	"roll" : -2.4443457587514961,
	"x" : -0.23338944904600439,
	"y" : 0.02893187948261032,
	"yaw" : -1.1706221905148468,
	"z" : -0.13952263799968492
}
