{
	"pitch" : 1.0764442785206814,
	"roll" : -0.14944753811419664,
	"x" : -0.25817396096690798,
	"y" : -0.026062703659060951,
	"yaw" : 0.91771403024952136,
	"z" : -0.080268623850675264
}
