{
	"pitch" : 1.0645626120600296,
	"roll" : 0.018213943329199327,
	"x" : -0.27379556608292871,
	"y" : -0.056604097852277761,
	"yaw" : 0.94727670289605703,
	"z" : -0.083230838451220687
}
