{
	"pitch" : 1.437841437731723,
	"roll" : -0.24725218635598631,
	"x" : -0.2397965993449343,
	"y" : 0.20446962126661933,
	"yaw" : 1.146090117649629,
	"z" : -0.11540280901606174
}
