{
	"pitch" : 0.97507494218905699,
	"roll" : 0.078589160695127655,
	"x" : -0.27531508495513435,
	"y" : 0.088300300008756979,
	"yaw" : 1.3328310860059167,
	"z" : -0.029352805858108622
}
