{
	"pitch" : 1.492072136803438,
	"roll" : -1.4925485452836733,
	"x" : -0.2332755647932977,
	"y" : 0.028633979896247677,
	"yaw" : -0.21966323031071042,
	"z" : -0.14729791004647583
}
