{
	"pitch" : 1.0633957223466541,
	"roll" : -0.14925092441675983,
	"x" : -0.259367894050478,
	"y" : -0.027689944838032297,
	"yaw" : 0.9133440728278962,
	"z" : -0.080085595523402692
}
