{
	"pitch" : 1.4064871681091538,
	"roll" : 0.29439674401264498,
	"x" : -0.24798397076226816,
	"y" : 0.039312124604981492,
	"yaw" : 1.5698003864469932,
	"z" : -0.10519305851800104
}
