{
	"pitch" : 1.034656329019594,
	"roll" : 0.011404808900839732,
	"x" : -0.27243870432069572,
	"y" : -0.053705392069938379,
	"yaw" : 0.94475327600219561,
	"z" : -0.085281422934311513
}
