{
	"pitch" : 1.5015129071400681,
	"roll" : -2.153831053779423,
	"x" : -0.23407069716274354,
	"y" : 0.026455903217563081,
	"yaw" : -0.87171729410954679,
	"z" : -0.15493662927579871
}
