{
	"pitch" : 0.98722981750023253,
	"roll" : 0.10329000424718505,
	"x" : -0.26741932375660421,
	"y" : 0.082327084464702688,
	"yaw" : 1.3324115097658595,
	"z" : -0.01002470778409717
}
