{
	"pitch" : 1.4188538436324467,
	"roll" : -0.84816396286230233,
	"x" : -0.23889965523996065,
	"y" : 0.019533155434140421,
	"yaw" : 0.40066235870771394,
	"z" : -0.13468976246497033
}
