{
	"pitch" : 1.3727202451558291,
	"roll" : -0.07330466580262375,
	"x" : -0.24026279594172381,
	"y" : 0.18671228511954899,
	"yaw" : 1.2667610326552965,
	"z" : -0.1132257833979055
}
