{
	"pitch" : 0.96171511757906591,
	"roll" : 0.053673033154478036,
	"x" : -0.26542802198021825,
	"y" : 0.0084239518536900135,
	"yaw" : 1.3142966337706408,
	"z" : -0.079530052305226237
}
