{
	"pitch" : 1.4986941353109333,
	"roll" : -1.6504380475413194,
	"x" : -0.2334674052000921,
	"y" : 0.028566263681260279,
	"yaw" : -0.37322161495325568,
	"z" : -0.14872601010152176
}
