{
	"pitch" : 1.4371518713249627,
	"roll" : -0.085941642508092927,
	"x" : -0.22994453187853914,
	"y" : 0.19985595025379199,
	"yaw" : 1.2652529623956945,
	"z" : -0.10667617709789118
}
