{
	"pitch" : 1.2478954034535885,
	"roll" : -0.079392816373395084,
	"x" : -0.24332093457799336,
	"y" : 0.19274543987388218,
	"yaw" : 1.3096614263742157,
	"z" : -0.059377964351575968
}
