{
	"pitch" : 1.4509528312669819,
	"roll" : -0.24641234987056332,
	"x" : -0.23936377307766288,
	"y" : 0.20515520050908873,
	"yaw" : 1.1396462333247455,
	"z" : -0.12080796140162429
}
