{
	"pitch" : 1.1773320405342582,
	"roll" : -0.038455888100412776,
	"x" : -0.24435341150657017,
	"y" : 0.18004580997343175,
	"yaw" : 1.3378684837638037,
	"z" : -0.040209845828888424
}
