{
	"pitch" : 0.97827538087929433,
	"roll" : 0.10481939443734671,
	"x" : -0.26284065820417662,
	"y" : 0.083853792869286181,
	"yaw" : 1.3268130740457613,
	"z" : -0.0060382777194386283
}
