{
	"pitch" : 1.1221274441264462,
	"roll" : 0.021103108305921211,
	"x" : -0.24803069651621309,
	"y" : 0.1645907381816285,
	"yaw" : 1.378779156162879,
	"z" : -0.026277949622964897
}
