{
	"pitch" : 1.0527631559865245,
	"roll" : -0.14541349522506769,
	"x" : -0.26001383163801062,
	"y" : -0.028810099436317245,
	"yaw" : 0.91312615134105846,
	"z" : -0.078676186159919947
}
