{
	"pitch" : 1.4932895817184848,
	"roll" : -1.5199599909505712,
	"x" : -0.23322252842267405,
	"y" : 0.028657783725927782,
	"yaw" : -0.24650260976918878,
	"z" : -0.14731745182396988
}
