{
	"pitch" : 1.3780717557488913,
	"roll" : -0.50986059871751876,
	"x" : -0.24531790304866052,
	"y" : 0.0090723778145059483,
	"yaw" : 0.70370388621724012,
	"z" : -0.12199285717444683
}
