{
	"pitch" : 1.4662176378446725,
	"roll" : -0.52801666433713712,
	"x" : -0.23441285233913708,
	"y" : 0.20781950027876053,
	"yaw" : 0.81449776909384952,
	"z" : -0.1307372656774351
}
