{
	"pitch" : 1.458799304430465,
	"roll" : 0.26074256633788001,
	"x" : -0.24631083460333461,
	"y" : 0.038517257099683566,
	"yaw" : 1.5439693749524128,
	"z" : -0.1134195029306006
}
