{
	"pitch" : 1.1407699433750977,
	"roll" : -0.020059760046113762,
	"x" : -0.24305249130128412,
	"y" : 0.13643568357114885,
	"yaw" : 1.3291927751099815,
	"z" : -0.072573474799476331
}
