{
	"pitch" : 1.1429152700776777,
	"roll" : -0.17449176209840375,
	"x" : -0.25483442806880807,
	"y" : -0.018159874479321873,
	"yaw" : 0.92654892142521605,
	"z" : -0.087235556118755581
}
