{
	"pitch" : 1.4562006289545211,
	"roll" : -0.33378387790768482,
	"x" : -0.23627973915747685,
	"y" : 0.20391834069104625,
	"yaw" : 1.0253065553992431,
	"z" : -0.12523242253786121
}
