{
	"pitch" : 0.96827175622506134,
	"roll" : -0.051791934840477311,
	"x" : -0.27760946293792144,
	"y" : -0.044898869747724161,
	"yaw" : 0.95557046007856428,
	"z" : -0.086847886348338926
}
