{
	"pitch" : 1.4835697984490714,
	"roll" : -2.5344004333566361,
	"x" : -0.22757895502425135,
	"y" : 0.0313380600116865,
	"yaw" : -1.2325736334987925,
	"z" : -0.13338790528635705
}
