{
	"pitch" : 1.208748292356878,
	"roll" : -0.055329350124923661,
	"x" : -0.2439529427571841,
	"y" : 0.18646833657386494,
	"yaw" : 1.3285883939356109,
	"z" : -0.048288844088126115
}
