{
	"pitch" : 1.4721560986396933,
	"roll" : -0.49725126579623879,
	"x" : -0.23642099348393683,
	"y" : 0.20567628281356504,
	"yaw" : 0.84948772048075927,
	"z" : -0.13269355252018203
}
