{
	"pitch" : 0.95437914410462832,
	"roll" : 0.089955514754300039,
	"x" : -0.26731468749178228,
	"y" : 0.010270935760481392,
	"yaw" : 1.3206981584595328,
	"z" : -0.076910959685063451
}
