{
	"pitch" : 1.4738136858538373,
	"roll" : -0.51213556654830361,
	"x" : -0.23644642443796443,
	"y" : 0.20541936222019866,
	"yaw" : 0.83485393159210397,
	"z" : -0.13375112140414006
}
