{
	"pitch" : 1.4483906743132697,
	"roll" : -0.57839916121892809,
	"x" : -0.23213902435971903,
	"y" : 0.20777682608066667,
	"yaw" : 0.78906992391936714,
	"z" : -0.13038803130353557
}
