{
	"pitch" : 1.4641462346715999,
	"roll" : -1.0426442687830224,
	"x" : -0.23553778303383355,
	"y" : 0.02641458746312815,
	"yaw" : 0.21795462022838893,
	"z" : -0.14027537933435291
}
