{
	"pitch" : 0.99757806591360021,
	"roll" : 0.051848170036193825,
	"x" : -0.26805616007324712,
	"y" : 0.070209193111501284,
	"yaw" : 1.2089590385717626,
	"z" : -0.036265818900253849
}
