{
	"pitch" : 1.0022903953157254,
	"roll" : 0.058399545455207938,
	"x" : -0.26842641172681392,
	"y" : 0.068662134299621522,
	"yaw" : 1.2114494716761266,
	"z" : -0.037281599443370256
}
