{
	"pitch" : 1.0505972402530592,
	"roll" : 0.020731622793411689,
	"x" : -0.27256306998198737,
	"y" : -0.055328283024407988,
	"yaw" : 0.94615858948597142,
	"z" : -0.081818025168189285
}
