{
	"pitch" : 1.4850834785158995,
	"roll" : -2.1555219543327722,
	"x" : -0.22577153304816025,
	"y" : 0.031861456326306131,
	"yaw" : -0.85435353519646839,
	"z" : -0.13347431827967374
}
