{
	"pitch" : 1.1240263370203449,
	"roll" : 0.20249573173889174,
	"x" : -0.25525141039470212,
	"y" : 0.026989960883396301,
	"yaw" : 1.4355999478432646,
	"z" : -0.078625622036489887
}
