{
	"pitch" : 1.4687636044388952,
	"roll" : -0.47146762781081553,
	"x" : -0.23918675444869125,
	"y" : 0.20409009308141393,
	"yaw" : 0.88588564608249909,
	"z" : -0.1339120362894145
}
