{
	"pitch" : 1.4547860848157832,
	"roll" : -0.28733919093572485,
	"x" : -0.23801652960691511,
	"y" : 0.20911164665593318,
	"yaw" : 1.0937836499550244,
	"z" : -0.12724159680473385
}
