{
	"pitch" : 0.96667108942469659,
	"roll" : 0.10139996360866944,
	"x" : -0.25794390350027108,
	"y" : 0.012415066159668878,
	"yaw" : 1.3219048653806171,
	"z" : -0.061224601093522832
}
