{
  "start_index": 172,
  "obs_horizon": 2,
  "act_horizon": 16,
  "stride": 2,
  "obs_timestamps": [
    1776398611.291446,
    1776398611.327706
  ],
  "action_timestamps": [
    1776398611.359543,
    1776398611.3912938,
    1776398611.4278135,
    1776398611.459492,
    1776398611.4913552,
    1776398611.5276787,
    1776398611.5596828,
    1776398611.59132,
    1776398611.6276617,
    1776398611.6594505,
    1776398611.6912773,
    1776398611.7277238,
    1776398611.7595322,
    1776398611.7913105,
    1776398611.8276927,
    1776398611.8595483
  ]
}
