{
  "start_index": 100,
  "obs_horizon": 2,
  "act_horizon": 16,
  "stride": 2,
  "obs_timestamps": [
    1776398608.891301,
    1776398608.9216907
  ],
  "action_timestamps": [
    1776398608.9594975,
    1776398608.9912822,
    1776398609.021676,
    1776398609.0594063,
    1776398609.0912998,
    1776398609.1216495,
    1776398609.1594095,
    1776398609.1913338,
    1776398609.221737,
    1776398609.259464,
    1776398609.2914066,
    1776398609.3276947,
    1776398609.3595989,
    1776398609.391411,
    1776398609.4218557,
    1776398609.4594648
  ]
}
