{
  "start_index": 312,
  "obs_horizon": 2,
  "act_horizon": 16,
  "stride": 2,
  "obs_timestamps": [
    1776398615.9595258,
    1776398615.9914286
  ],
  "action_timestamps": [
    1776398616.0277767,
    1776398616.059616,
    1776398616.0914085,
    1776398616.1277854,
    1776398616.1595528,
    1776398616.1913958,
    1776398616.227772,
    1776398616.2595558,
    1776398616.2914371,
    1776398616.3277771,
    1776398616.359539,
    1776398616.3914185,
    1776398616.42781,
    1776398616.4597301,
    1776398616.4914372,
    1776398616.5278795
  ]
}
