{
  "start_index": 276,
  "obs_horizon": 2,
  "act_horizon": 16,
  "stride": 2,
  "obs_timestamps": [
    1776398614.759473,
    1776398614.7912495
  ],
  "action_timestamps": [
    1776398614.8277175,
    1776398614.8594944,
    1776398614.8912706,
    1776398614.927764,
    1776398614.959612,
    1776398614.9913938,
    1776398615.0277956,
    1776398615.0595434,
    1776398615.0914145,
    1776398615.1277435,
    1776398615.159631,
    1776398615.1914208,
    1776398615.2277205,
    1776398615.2595081,
    1776398615.291319,
    1776398615.3277652
  ]
}
