{
  "start_index": 138,
  "obs_horizon": 2,
  "act_horizon": 16,
  "stride": 2,
  "obs_timestamps": [
    1776398610.159488,
    1776398610.1912985
  ],
  "action_timestamps": [
    1776398610.2276928,
    1776398610.2594612,
    1776398610.2913494,
    1776398610.3276358,
    1776398610.3594348,
    1776398610.391309,
    1776398610.427656,
    1776398610.459488,
    1776398610.4913304,
    1776398610.527686,
    1776398610.5595992,
    1776398610.5912726,
    1776398610.6276472,
    1776398610.6594322,
    1776398610.6912158,
    1776398610.7276762
  ]
}
