{
  "start_index": 320,
  "obs_horizon": 2,
  "act_horizon": 16,
  "stride": 2,
  "obs_timestamps": [
    1776398616.227772,
    1776398616.2595558
  ],
  "action_timestamps": [
    1776398616.2914371,
    1776398616.3277771,
    1776398616.359539,
    1776398616.3914185,
    1776398616.42781,
    1776398616.4597301,
    1776398616.4914372,
    1776398616.5278795,
    1776398616.559892,
    1776398616.5914965,
    1776398616.6278436,
    1776398616.659625,
    1776398616.691384,
    1776398616.727801,
    1776398616.7595997,
    1776398616.791461
  ]
}
