{
  "start_index": 328,
  "obs_horizon": 2,
  "act_horizon": 16,
  "stride": 2,
  "obs_timestamps": [
    1776398616.4914372,
    1776398616.5278795
  ],
  "action_timestamps": [
    1776398616.559892,
    1776398616.5914965,
    1776398616.6278436,
    1776398616.659625,
    1776398616.691384,
    1776398616.727801,
    1776398616.7595997,
    1776398616.791461,
    1776398616.8279164,
    1776398616.8596697,
    1776398616.8914468,
    1776398616.9277928,
    1776398616.959669,
    1776398616.991434,
    1776398617.0278168,
    1776398617.0596163
  ]
}
