{
  "start_index": 20,
  "obs_horizon": 2,
  "act_horizon": 16,
  "stride": 2,
  "obs_timestamps": [
    1776398606.2215118,
    1776398606.2597332
  ],
  "action_timestamps": [
    1776398606.2911484,
    1776398606.321565,
    1776398606.3595877,
    1776398606.3911555,
    1776398606.4215672,
    1776398606.4597626,
    1776398606.491232,
    1776398606.5215523,
    1776398606.5595968,
    1776398606.5912998,
    1776398606.6216214,
    1776398606.659729,
    1776398606.6912098,
    1776398606.7215998,
    1776398606.7596703,
    1776398606.7912264
  ]
}
