{
  "start_index": 28,
  "obs_horizon": 2,
  "act_horizon": 16,
  "stride": 2,
  "obs_timestamps": [
    1776398606.491232,
    1776398606.5215523
  ],
  "action_timestamps": [
    1776398606.5595968,
    1776398606.5912998,
    1776398606.6216214,
    1776398606.659729,
    1776398606.6912098,
    1776398606.7215998,
    1776398606.7596703,
    1776398606.7912264,
    1776398606.8216267,
    1776398606.859708,
    1776398606.8911812,
    1776398606.921649,
    1776398606.9595206,
    1776398606.9912298,
    1776398607.0216267,
    1776398607.0593703
  ]
}
