{
  "start_index": 12,
  "obs_horizon": 2,
  "act_horizon": 16,
  "stride": 2,
  "obs_timestamps": [
    1776398605.9595482,
    1776398605.9911747
  ],
  "action_timestamps": [
    1776398606.0216043,
    1776398606.059558,
    1776398606.091078,
    1776398606.1215608,
    1776398606.1596916,
    1776398606.1912963,
    1776398606.2215118,
    1776398606.2597332,
    1776398606.2911484,
    1776398606.321565,
    1776398606.3595877,
    1776398606.3911555,
    1776398606.4215672,
    1776398606.4597626,
    1776398606.491232,
    1776398606.5215523
  ]
}
