{
  "start_index": 150,
  "obs_horizon": 2,
  "act_horizon": 16,
  "stride": 2,
  "obs_timestamps": [
    1776398610.5595992,
    1776398610.5912726
  ],
  "action_timestamps": [
    1776398610.6276472,
    1776398610.6594322,
    1776398610.6912158,
    1776398610.7276762,
    1776398610.759506,
    1776398610.7913167,
    1776398610.827731,
    1776398610.8594959,
    1776398610.8913648,
    1776398610.9276855,
    1776398610.9595253,
    1776398610.9913523,
    1776398611.0277302,
    1776398611.0596073,
    1776398611.091327,
    1776398611.12784
  ]
}
