{
  "start_index": 6,
  "obs_horizon": 2,
  "act_horizon": 16,
  "stride": 2,
  "obs_timestamps": [
    1776398605.7215598,
    1776398605.7595732
  ],
  "action_timestamps": [
    1776398605.7911599,
    1776398605.8596745,
    1776398605.8911698,
    1776398605.9216297,
    1776398605.9595482,
    1776398605.9911747,
    1776398606.0216043,
    1776398606.059558,
    1776398606.091078,
    1776398606.1215608,
    1776398606.1596916,
    1776398606.1912963,
    1776398606.2215118,
    1776398606.2597332,
    1776398606.2911484,
    1776398606.321565
  ]
}
