{
  "sample_name": "sample_000050",
  "payload_path": "/home/sunpeng/sp/umi_project/universal_manipulation_interface/pika_dataset/exports/episode79/sample_000050/payload_raw.json",
  "actions_path": "/home/sunpeng/sp/umi_project/universal_manipulation_interface/pika_dataset/exports/episode79/sample_000050/actions.json",
  "meta": {
    "start_index": 100,
    "obs_horizon": 2,
    "act_horizon": 16,
    "stride": 2,
    "obs_timestamps": [
      1776398608.891301,
      1776398608.9216907
    ],
    "action_timestamps": [
      1776398608.9594975,
      1776398608.9912822,
      1776398609.021676,
      1776398609.0594063,
      1776398609.0912998,
      1776398609.1216495,
      1776398609.1594095,
      1776398609.1913338,
      1776398609.221737,
      1776398609.259464,
      1776398609.2914066,
      1776398609.3276947,
      1776398609.3595989,
      1776398609.391411,
      1776398609.4218557,
      1776398609.4594648
    ]
  },
  "payload_pose_validation": {
    "format": "xyz_quat_xyzw",
    "pose_shape": [
      2,
      7
    ],
    "init_pose_shape": [
      7
    ],
    "quat_norm_mean": 1.0,
    "quat_norm_min": 1.0,
    "quat_norm_max": 1.0,
    "init_quat_norm": 0.9999999999999999
  },
  "inference": {
    "selected_arm": "arm_l",
    "checkpoint_path": "/home/sunpeng/sp/umi_project/universal_manipulation_interface/data/outputs/2026.04.20/16.30.06_train_diffusion_unet_timm_picknplace/checkpoints",
    "device": "cuda",
    "action_pred_shape": [
      16,
      10
    ],
    "env_action_shape": [
      16,
      7
    ]
  },
  "metrics": {
    "aligned_shape": [
      16,
      7
    ],
    "pred_shape": [
      16,
      7
    ],
    "target_shape": [
      16,
      7
    ],
    "position": {
      "mean_l2_error": 0.016693618148565292,
      "rmse_l2_error": 0.017959965392947197,
      "max_l2_error": 0.028621090576052666,
      "per_axis_mae": [
        0.0045081088319420815,
        0.003215863835066557,
        0.014399193227291107
      ],
      "per_axis_rmse": [
        0.005845185834914446,
        0.003514770185574889,
        0.01661446876823902
      ]
    },
    "rotation": {
      "mean_geodesic_rad": 0.03781839460134506,
      "rmse_geodesic_rad": 0.04175040125846863,
      "max_geodesic_rad": 0.0754699856042862,
      "mean_geodesic_deg": 2.1668343544006348,
      "rmse_geodesic_deg": 2.3921217918395996,
      "max_geodesic_deg": 4.324111461639404
    },
    "gripper": {
      "mean_abs_error": 0.007040532771497965,
      "rmse": 0.011693197302520275,
      "max_abs_error": 0.022227726876735687
    },
    "combined_legacy": {
      "mean_abs_error": 0.013923430815339088,
      "max_abs_error": 0.058371663093566895,
      "rmse": 0.0196833498775959
    },
    "pred_action_aligned": [
      [
        -0.23578153550624847,
        0.0281805582344532,
        -0.15800243616104126,
        -1.0440584421157837,
        1.3370383977890015,
        0.9416543245315552,
        0.09670703113079071
      ],
      [
        -0.23599164187908173,
        0.030135659500956535,
        -0.16120140254497528,
        -1.036725401878357,
        1.3325902223587036,
        0.9381837844848633,
        0.09670703113079071
      ],
      [
        -0.23486311733722687,
        0.030267054215073586,
        -0.15906116366386414,
        -1.0515273809432983,
        1.3407479524612427,
        0.9417728781700134,
        0.09670703113079071
      ],
      [
        -0.23617666959762573,
        0.031430162489414215,
        -0.1622772067785263,
        -1.0583679676055908,
        1.343942642211914,
        0.9482021927833557,
        0.09670703113079071
      ],
      [
        -0.23378701508045197,
        0.029934432357549667,
        -0.15940675139427185,
        -1.0819789171218872,
        1.3357906341552734,
        0.9348692297935486,
        0.09368667006492615
      ],
      [
        -0.22464415431022644,
        0.030554434284567833,
        -0.1599021852016449,
        -1.07242751121521,
        1.3086552619934082,
        0.9269208908081055,
        0.07450276613235474
      ],
      [
        -0.2245723009109497,
        0.03223339840769768,
        -0.16653400659561157,
        -1.0906174182891846,
        1.303815245628357,
        0.9135488867759705,
        0.07447931170463562
      ],
      [
        -0.22970658540725708,
        0.03020765259861946,
        -0.16427581012248993,
        -1.0869834423065186,
        1.322060227394104,
        0.9347589015960693,
        0.07719448953866959
      ],
      [
        -0.2305907905101776,
        0.031009884551167488,
        -0.1573658585548401,
        -1.0816713571548462,
        1.3350340127944946,
        0.9595931172370911,
        0.07586897164583206
      ],
      [
        -0.2351166307926178,
        0.03220782428979874,
        -0.1589861661195755,
        -1.0801609754562378,
        1.332306146621704,
        0.9477338194847107,
        0.07309592515230179
      ],
      [
        -0.2337477207183838,
        0.031758323311805725,
        -0.15169697999954224,
        -1.0611014366149902,
        1.346299171447754,
        0.9677467942237854,
        0.07413780689239502
      ],
      [
        -0.2321992665529251,
        0.03298034891486168,
        -0.1512206643819809,
        -1.0802613496780396,
        1.3103500604629517,
        0.9654653072357178,
        0.07337167114019394
      ],
      [
        -0.23314043879508972,
        0.032050639390945435,
        -0.14857205748558044,
        -1.0791265964508057,
        1.3093485832214355,
        0.9651952981948853,
        0.07255958020687103
      ],
      [
        -0.2352406084537506,
        0.031624630093574524,
        -0.14692328870296478,
        -1.0650194883346558,
        1.2982325553894043,
        0.9605862498283386,
        0.07290912419557571
      ],
      [
        -0.23496592044830322,
        0.031862009316682816,
        -0.147582545876503,
        -1.0471580028533936,
        1.2945741415023804,
        0.9606736302375793,
        0.07306130975484848
      ],
      [
        -0.23495064675807953,
        0.03278978541493416,
        -0.14345839619636536,
        -1.0315594673156738,
        1.2852842807769775,
        0.9635516405105591,
        0.07283426821231842
      ]
    ],