{
  "sample_name": "sample_000147",
  "payload_path": "/home/sunpeng/sp/umi_project/universal_manipulation_interface/pika_dataset/exports/episode79/sample_000147/payload_raw.json",
  "actions_path": "/home/sunpeng/sp/umi_project/universal_manipulation_interface/pika_dataset/exports/episode79/sample_000147/actions.json",
  "meta": {
    "start_index": 294,
    "obs_horizon": 2,
    "act_horizon": 16,
    "stride": 2,
    "obs_timestamps": [
      1776398615.3596466,
      1776398615.3913822
    ],
    "action_timestamps": [
      1776398615.427863,
      1776398615.459566,
      1776398615.4913282,
      1776398615.5277436,
      1776398615.559781,
      1776398615.5914643,
      1776398615.6278827,
      1776398615.6595488,
      1776398615.6913557,
      1776398615.7277908,
      1776398615.7597885,
      1776398615.7914917,
      1776398615.8278198,
      1776398615.8594987,
      1776398615.8913753,
      1776398615.927768
    ]
  },
  "payload_pose_validation": {
    "format": "xyz_quat_xyzw",
    "pose_shape": [
      2,
      7
    ],
    "init_pose_shape": [
      7
    ],
    "quat_norm_mean": 1.0,
    "quat_norm_min": 1.0,
    "quat_norm_max": 1.0,
    "init_quat_norm": 0.9999999999999999
  },
  "inference": {
    "selected_arm": "arm_l",
    "checkpoint_path": "/home/sunpeng/sp/umi_project/universal_manipulation_interface/data/outputs/2026.04.20/16.30.06_train_diffusion_unet_timm_picknplace/checkpoints",
    "device": "cuda",
    "action_pred_shape": [
      16,
      10
    ],
    "env_action_shape": [
      16,
      7
    ]
  },
  "metrics": {
    "aligned_shape": [
      16,
      7
    ],
    "pred_shape": [
      16,
      7
    ],
    "target_shape": [
      16,
      7
    ],
    "position": {
      "mean_l2_error": 0.021910754963755608,
      "rmse_l2_error": 0.03300696611404419,
      "max_l2_error": 0.07986810803413391,
      "per_axis_mae": [
        0.005652455613017082,
        0.005123789422214031,
        0.0195226538926363
      ],
      "per_axis_rmse": [
        0.00853275042027235,
        0.008213220164179802,
        0.030809005722403526
      ]
    },
    "rotation": {
      "mean_geodesic_rad": 0.08575458824634552,
      "rmse_geodesic_rad": 0.11575691401958466,
      "max_geodesic_rad": 0.28372231125831604,
      "mean_geodesic_deg": 4.9133758544921875,
      "rmse_geodesic_deg": 6.632382392883301,
      "max_geodesic_deg": 16.25609016418457
    },
    "gripper": {
      "mean_abs_error": 0.0012962771579623222,
      "rmse": 0.00150000408757478,
      "max_abs_error": 0.0030040442943573
    },
    "combined_legacy": {
      "mean_abs_error": 0.024701159447431564,
      "max_abs_error": 0.21332651376724243,
      "rmse": 0.04831845685839653
    },
    "pred_action_aligned": [
      [
        -0.23293636739253998,
        0.2081148326396942,
        -0.12987695634365082,
        -1.0213719606399536,
        1.1736787557601929,
        1.0495502948760986,
        0.09088049829006195
      ],
      [
        -0.2335404008626938,
        0.2054382562637329,
        -0.12968166172504425,
        -1.013750672340393,
        1.1640360355377197,
        1.0476402044296265,
        0.0926181972026825
      ],
      [
        -0.2384919673204422,
        0.2118464708328247,
        -0.13035771250724792,
        -1.0156092643737793,
        1.1827201843261719,
        1.051862120628357,
        0.09338362514972687
      ],
      [
        -0.23642168939113617,
        0.21454715728759766,
        -0.13307936489582062,
        -1.0247104167938232,
        1.1522148847579956,
        1.0763105154037476,
        0.09464956820011139
      ],
      [
        -0.24098391830921173,
        0.21190837025642395,
        -0.13507038354873657,
        -1.045659065246582,
        1.1655462980270386,
        1.0607486963272095,
        0.09543959051370621
      ],
      [
        -0.23931071162223816,
        0.21237030625343323,
        -0.1330348551273346,
        -1.0588312149047852,
        1.154348611831665,
        1.037817358970642,
        0.09539435058832169
      ],
      [
        -0.23997651040554047,
        0.21131353080272675,
        -0.12850943207740784,
        -1.0717642307281494,
        1.1553971767425537,
        1.040055274963379,
        0.09515324980020523
      ],
      [
        -0.23847508430480957,
        0.20884612202644348,
        -0.12990088760852814,
        -1.058007836341858,
        1.161509394645691,
        1.0406407117843628,
        0.09583950787782669
      ],
      [
        -0.23835712671279907,
        0.20896360278129578,
        -0.12378760427236557,
        -1.0531513690948486,
        1.1613245010375977,
        1.0387895107269287,
        0.09550408273935318
      ],
      [
        -0.2399926334619522,
        0.20837600529193878,
        -0.1183067038655281,
        -1.0390117168426514,
        1.1478843688964844,
        1.0570937395095825,
        0.09523772448301315
      ],
      [
        -0.2424546629190445,
        0.20851686596870422,
        -0.11099863052368164,
        -0.9909293055534363,
        1.141306757926941,
        1.075223684310913,
        0.09541384130716324
      ],
      [
        -0.24405379593372345,
        0.2042052149772644,
        -0.0987737849354744,
        -0.9718062281608582,
        1.1043877601623535,
        1.082373023033142,
        0.09499891847372055
      ],
      [
        -0.24608474969863892,
        0.2032892405986786,
        -0.08942569047212601,
        -0.9284398555755615,
        1.094395399093628,
        1.1028023958206177,
        0.09533494710922241
      ],
      [
        -0.24998416006565094,
        0.19936947524547577,
        -0.07486012578010559,
        -0.8651818037033081,
        1.063663125038147,
        1.0994770526885986,
        0.09435384720563889
      ],
      [
        -0.256967157125473,
        0.19390523433685303,
        -0.06547442823648453,
        -0.844965398311615,
        1.0532516241073608,
        1.128548264503479,
        0.09457528591156006
      ],
      [
        -0.26169443130493164,
        0.17825761437416077,
        -0.05860022455453873,
        -0.8207168579101562,
        0.9854509234428406,
        1.0845333337783813,
        0.09370299428701401
      ]
    ],