{
  "sample_name": "sample_000010",
  "payload_path": "/home/sunpeng/sp/umi_project/universal_manipulation_interface/pika_dataset/exports/episode79/sample_000010/payload_raw.json",
  "actions_path": "/home/sunpeng/sp/umi_project/universal_manipulation_interface/pika_dataset/exports/episode79/sample_000010/actions.json",
  "meta": {
    "start_index": 20,
    "obs_horizon": 2,
    "act_horizon": 16,
    "stride": 2,
    "obs_timestamps": [
      1776398606.2215118,
      1776398606.2597332
    ],
    "action_timestamps": [
      1776398606.2911484,
      1776398606.321565,
      1776398606.3595877,
      1776398606.3911555,
      1776398606.4215672,
      1776398606.4597626,
      1776398606.491232,
      1776398606.5215523,
      1776398606.5595968,
      1776398606.5912998,
      1776398606.6216214,
      1776398606.659729,
      1776398606.6912098,
      1776398606.7215998,
      1776398606.7596703,
      1776398606.7912264
    ]
  },
  "payload_pose_validation": {
    "format": "xyz_quat_xyzw",
    "pose_shape": [
      2,
      7
    ],
    "init_pose_shape": [
      7
    ],
    "quat_norm_mean": 0.9999999999999999,
    "quat_norm_min": 0.9999999999999999,
    "quat_norm_max": 0.9999999999999999,
    "init_quat_norm": 0.9999999999999999
  },
  "inference": {
    "selected_arm": "arm_l",
    "checkpoint_path": "/home/sunpeng/sp/umi_project/universal_manipulation_interface/data/outputs/2026.04.20/16.30.06_train_diffusion_unet_timm_picknplace/checkpoints",
    "device": "cuda",
    "action_pred_shape": [
      16,
      10
    ],
    "env_action_shape": [
      16,
      7
    ]
  },
  "metrics": {
    "aligned_shape": [
      16,
      7
    ],
    "pred_shape": [
      16,
      7
    ],
    "target_shape": [
      16,
      7
    ],
    "position": {
      "mean_l2_error": 0.018293386325240135,
      "rmse_l2_error": 0.02232089824974537,
      "max_l2_error": 0.048819538205862045,
      "per_axis_mae": [
        0.005563823506236076,
        0.011472593061625957,
        0.012242944911122322
      ],
      "per_axis_rmse": [
        0.006431723013520241,
        0.013935075141489506,
        0.016207071021199226
      ]
    },
    "rotation": {
      "mean_geodesic_rad": 0.1182345449924469,
      "rmse_geodesic_rad": 0.1454891562461853,
      "max_geodesic_rad": 0.31002652645111084,
      "mean_geodesic_deg": 6.77433967590332,
      "rmse_geodesic_deg": 8.335914611816406,
      "max_geodesic_deg": 17.76321029663086
    },
    "gripper": {
      "mean_abs_error": 0.0004434850998222828,
      "rmse": 0.0005624538171105087,
      "max_abs_error": 0.0015303045511245728
    },
    "combined_legacy": {
      "mean_abs_error": 0.030472299084067345,
      "max_abs_error": 0.2547926902770996,
      "rmse": 0.0572008341550827
    },
    "pred_action_aligned": [
      [
        -0.276298463344574,
        -0.05295829847455025,
        -0.09234641492366791,
        -0.4737447500228882,
        0.908165693283081,
        0.8477505445480347,
        0.09652269631624222
      ],
      [
        -0.2769155502319336,
        -0.05068372189998627,
        -0.09643541276454926,
        -0.4742124080657959,
        0.892676591873169,
        0.8535045385360718,
        0.09639573097229004
      ],
      [
        -0.2765684425830841,
        -0.043061502277851105,
        -0.09727762639522552,
        -0.4655795395374298,
        0.8451687097549438,
        0.8643016219139099,
        0.09639684110879898
      ],
      [
        -0.2729250192642212,
        -0.04106007516384125,
        -0.09498574584722519,
        -0.4759010672569275,
        0.8060811758041382,
        0.8632105588912964,
        0.09597539901733398
      ],
      [
        -0.27120441198349,
        -0.03749065101146698,
        -0.09309099614620209,
        -0.45952919125556946,
        0.7957606911659241,
        0.8646903038024902,
        0.09651527553796768
      ],
      [
        -0.2722056806087494,
        -0.041636593639850616,
        -0.09145688265562057,
        -0.4971252679824829,
        0.8035653829574585,
        0.8940929770469666,
        0.09627653658390045
      ],
      [
        -0.27018022537231445,
        -0.040649108588695526,
        -0.09654194116592407,
        -0.5314235091209412,
        0.8081175088882446,
        0.9100198745727539,
        0.096340112388134
      ],
      [
        -0.2723163664340973,
        -0.03531840816140175,
        -0.09134541451931,
        -0.585313618183136,
        0.8349394798278809,
        0.9026866555213928,
        0.09517673403024673
      ],
      [
        -0.26955854892730713,
        -0.035504695028066635,
        -0.0953533723950386,
        -0.6109805703163147,
        0.8628813624382019,
        0.9276797771453857,
        0.09660570323467255
      ],
      [
        -0.26927193999290466,
        -0.0325857475399971,
        -0.0998084545135498,
        -0.6416289806365967,
        0.895020604133606,
        0.9279597997665405,
        0.09622547030448914
      ],
      [
        -0.26667794585227966,
        -0.02762419730424881,
        -0.10144201666116714,
        -0.6699510216712952,
        0.9243753552436829,
        0.9403970241546631,
        0.09590452909469604
      ],
      [
        -0.265047162771225,
        -0.023477714508771896,
        -0.10067646950483322,
        -0.6807450652122498,
        0.9438053369522095,
        0.9388666152954102,
        0.0961986854672432
      ],
      [
        -0.25762665271759033,
        -0.02261214703321457,
        -0.09861316531896591,
        -0.715709924697876,
        0.9676153063774109,
        0.9533812999725342,
        0.09664133191108704
      ],
      [
        -0.26097074151039124,
        -0.016780566424131393,
        -0.09977645426988602,
        -0.7637529969215393,
        0.9995030760765076,
        0.9650252461433411,
        0.09615553170442581
      ],
      [
        -0.2532176375389099,
        -0.010003712028265,
        -0.10515366494655609,
        -0.80216383934021,
        1.0244590044021606,
        0.9568254351615906,
        0.09637872129678726
      ],
      [
        -0.2522292137145996,
        -0.004837874323129654,
        -0.11560152471065521,
        -0.8352327942848206,
        1.0743218660354614,
        0.9535248279571533,
        0.09650755673646927
      ]
    ],