{
  "sample_name": "sample_000125",
  "payload_path": "/home/sunpeng/sp/umi_project/universal_manipulation_interface/pika_dataset/exports/episode79/sample_000125/payload_raw.json",
  "actions_path": "/home/sunpeng/sp/umi_project/universal_manipulation_interface/pika_dataset/exports/episode79/sample_000125/actions.json",
  "meta": {
    "start_index": 250,
    "obs_horizon": 2,
    "act_horizon": 16,
    "stride": 2,
    "obs_timestamps": [
      1776398613.8914251,
      1776398613.92779
    ],
    "action_timestamps": [
      1776398613.9594793,
      1776398613.9913046,
      1776398614.0276868,
      1776398614.0594265,
      1776398614.0913184,
      1776398614.127781,
      1776398614.1595907,
      1776398614.191367,
      1776398614.2277157,
      1776398614.2595606,
      1776398614.291338,
      1776398614.3277342,
      1776398614.359505,
      1776398614.391321,
      1776398614.4277146,
      1776398614.4594586
    ]
  },
  "payload_pose_validation": {
    "format": "xyz_quat_xyzw",
    "pose_shape": [
      2,
      7
    ],
    "init_pose_shape": [
      7
    ],
    "quat_norm_mean": 1.0,
    "quat_norm_min": 1.0,
    "quat_norm_max": 1.0,
    "init_quat_norm": 0.9999999999999999
  },
  "inference": {
    "selected_arm": "arm_l",
    "checkpoint_path": "/home/sunpeng/sp/umi_project/universal_manipulation_interface/data/outputs/2026.04.20/16.30.06_train_diffusion_unet_timm_picknplace/checkpoints",
    "device": "cuda",
    "action_pred_shape": [
      16,
      10
    ],
    "env_action_shape": [
      16,
      7
    ]
  },
  "metrics": {
    "aligned_shape": [
      16,
      7
    ],
    "pred_shape": [
      16,
      7
    ],
    "target_shape": [
      16,
      7
    ],
    "position": {
      "mean_l2_error": 0.009682897478342056,
      "rmse_l2_error": 0.01032605767250061,
      "max_l2_error": 0.019494790583848953,
      "per_axis_mae": [
        0.0065961312502622604,
        0.002867570146918297,
        0.004407497122883797
      ],
      "per_axis_rmse": [
        0.007640102878212929,
        0.003841761499643326,
        0.005787673871964216
      ]
    },
    "rotation": {
      "mean_geodesic_rad": 0.04368482157588005,
      "rmse_geodesic_rad": 0.04943007230758667,
      "max_geodesic_rad": 0.0846211388707161,
      "mean_geodesic_deg": 2.502955913543701,
      "rmse_geodesic_deg": 2.832134246826172,
      "max_geodesic_deg": 4.848433971405029
    },
    "gripper": {
      "mean_abs_error": 0.008022512309253216,
      "rmse": 0.012934157624840736,
      "max_abs_error": 0.023452110588550568
    },
    "combined_legacy": {
      "mean_abs_error": 0.014070406556129456,
      "max_abs_error": 0.07341599464416504,
      "rmse": 0.022568341344594955
    },
    "pred_action_aligned": [
      [
        -0.23438161611557007,
        0.20303526520729065,
        -0.11962716281414032,
        -0.9909713864326477,
        1.1904456615447998,
        1.0823532342910767,
        0.07211726158857346
      ],
      [
        -0.2326192706823349,
        0.20216555893421173,
        -0.12730415165424347,
        -1.0210884809494019,
        1.207442283630371,
        1.0436517000198364,
        0.07256010919809341
      ],
      [
        -0.23325127363204956,
        0.2037053257226944,
        -0.1305723637342453,
        -1.042933464050293,
        1.2147012948989868,
        0.9970830678939819,
        0.0725146234035492
      ],
      [
        -0.22750481963157654,
        0.19812259078025818,
        -0.13432256877422333,
        -1.0598453283309937,
        1.2007302045822144,
        1.0015037059783936,
        0.07240068912506104
      ],
      [
        -0.2277677059173584,
        0.20470750331878662,
        -0.13211965560913086,
        -1.0545936822891235,
        1.196317195892334,
        0.9920415282249451,
        0.0728466585278511
      ],
      [
        -0.22683189809322357,
        0.20568440854549408,
        -0.12894749641418457,
        -1.0443089008331299,
        1.2022606134414673,
        1.0176827907562256,
        0.07223298400640488
      ],
      [
        -0.23020778596401215,
        0.20251652598381042,
        -0.12950047850608826,
        -1.040788173675537,
        1.2006343603134155,
        1.0230623483657837,
        0.07267967611551285
      ],
      [
        -0.22595515847206116,
        0.20452788472175598,
        -0.13181254267692566,
        -1.0369396209716797,
        1.2025028467178345,
        1.0189471244812012,
        0.07266711443662643
      ],
      [
        -0.2305828332901001,
        0.2021256387233734,
        -0.12904953956604004,
        -1.0274658203125,
        1.1908304691314697,
        1.04501473903656,
        0.07184027135372162
      ],
      [
        -0.23020902276039124,
        0.20328254997730255,
        -0.1323588639497757,
        -1.015024185180664,
        1.2004647254943848,
        1.0547987222671509,
        0.07221316546201706
      ],
      [
        -0.23027653992176056,
        0.20557324588298798,
        -0.1305234134197235,
        -1.003414273262024,
        1.2000652551651,
        1.083205223083496,
        0.08322585374116898
      ],
      [
        -0.23567673563957214,
        0.20710235834121704,
        -0.12476038187742233,
        -1.0136762857437134,
        1.191787838935852,
        1.0851192474365234,
        0.09347005188465118
      ],
      [
        -0.23351868987083435,
        0.21080423891544342,
        -0.12530362606048584,
        -1.0265543460845947,
        1.1654759645462036,
        1.0865955352783203,
        0.09614332765340805
      ],
      [
        -0.23423004150390625,
        0.21357367932796478,
        -0.12912555038928986,
        -1.0318396091461182,
        1.161778211593628,
        1.0844143629074097,
        0.09552563726902008
      ],
      [
        -0.23451775312423706,
        0.20918500423431396,
        -0.12484264373779297,
        -1.0530924797058105,
        1.1503568887710571,
        1.1054966449737549,
        0.09627147763967514
      ],
      [
        -0.22593964636325836,
        0.2131965607404709,
        -0.11922740191221237,
        -1.0470584630966187,
        1.138963222503662,
        1.09798002243042,
        0.0958075076341629
      ]
    ],