{
  "sample_name": "sample_000027",
  "payload_path": "/home/sunpeng/sp/umi_project/universal_manipulation_interface/pika_dataset/exports/episode79/sample_000027/payload_raw.json",
  "actions_path": "/home/sunpeng/sp/umi_project/universal_manipulation_interface/pika_dataset/exports/episode79/sample_000027/actions.json",
  "meta": {
    "start_index": 54,
    "obs_horizon": 2,
    "act_horizon": 16,
    "stride": 2,
    "obs_timestamps": [
      1776398607.3594024,
      1776398607.3913944
    ],
    "action_timestamps": [
      1776398607.4216921,
      1776398607.4594269,
      1776398607.491186,
      1776398607.521719,
      1776398607.5595014,
      1776398607.5912888,
      1776398607.6216593,
      1776398607.659422,
      1776398607.6911385,
      1776398607.721659,
      1776398607.7595112,
      1776398607.791254,
      1776398607.8216379,
      1776398607.8594265,
      1776398607.891235,
      1776398607.9215744
    ]
  },
  "payload_pose_validation": {
    "format": "xyz_quat_xyzw",
    "pose_shape": [
      2,
      7
    ],
    "init_pose_shape": [
      7
    ],
    "quat_norm_mean": 1.0,
    "quat_norm_min": 1.0,
    "quat_norm_max": 1.0,
    "init_quat_norm": 0.9999999999999999
  },
  "inference": {
    "selected_arm": "arm_l",
    "checkpoint_path": "/home/sunpeng/sp/umi_project/universal_manipulation_interface/data/outputs/2026.04.20/16.30.06_train_diffusion_unet_timm_picknplace/checkpoints",
    "device": "cuda",
    "action_pred_shape": [
      16,
      10
    ],
    "env_action_shape": [
      16,
      7
    ]
  },
  "metrics": {
    "aligned_shape": [
      16,
      7
    ],
    "pred_shape": [
      16,
      7
    ],
    "target_shape": [
      16,
      7
    ],
    "position": {
      "mean_l2_error": 0.02243344485759735,
      "rmse_l2_error": 0.02463473565876484,
      "max_l2_error": 0.03302093967795372,
      "per_axis_mae": [
        0.0056841131299734116,
        0.01307015959173441,
        0.016953587532043457
      ],
      "per_axis_rmse": [
        0.006283353082835674,
        0.014322681352496147,
        0.019032878801226616
      ]
    },
    "rotation": {
      "mean_geodesic_rad": 0.15634819865226746,
      "rmse_geodesic_rad": 0.1675630658864975,
      "max_geodesic_rad": 0.22728301584720612,
      "mean_geodesic_deg": 8.958091735839844,
      "rmse_geodesic_deg": 9.600656509399414,
      "max_geodesic_deg": 13.022356986999512
    },
    "gripper": {
      "mean_abs_error": 0.0012627644464373589,
      "rmse": 0.001717833336442709,
      "max_abs_error": 0.005462981760501862
    },
    "combined_legacy": {
      "mean_abs_error": 0.03976481407880783,
      "max_abs_error": 0.20142066478729248,
      "rmse": 0.06752771139144897
    },
    "pred_action_aligned": [
      [
        -0.2531561851501465,
        -0.00910305604338646,
        -0.10166952013969421,
        -0.7764788866043091,
        1.0728987455368042,
        0.9335495233535767,
        0.09572973102331161
      ],
      [
        -0.24969731271266937,
        -0.0027793804183602333,
        -0.10357566177845001,
        -0.8114643096923828,
        1.1269253492355347,
        0.92729651927948,
        0.09578023105859756
      ],
      [
        -0.2463054060935974,
        0.002257952466607094,
        -0.10909054428339005,
        -0.8375082015991211,
        1.1617716550827026,
        0.9279029369354248,
        0.09577520936727524
      ],
      [
        -0.2432248890399933,
        0.004829350858926773,
        -0.11600559204816818,
        -0.8751735091209412,
        1.2086460590362549,
        0.9278494119644165,
        0.09585843235254288
      ],
      [
        -0.24379953742027283,
        0.00867728516459465,
        -0.12428268790245056,
        -0.912164032459259,
        1.2333461046218872,
        0.9159577488899231,
        0.09124405682086945
      ],
      [
        -0.24174560606479645,
        0.012474935501813889,
        -0.13029752671718597,
        -0.9319941401481628,
        1.268540859222412,
        0.9105660319328308,
        0.09464684128761292
      ],
      [
        -0.24005264043807983,
        0.016435569152235985,
        -0.1363079696893692,
        -0.9506037831306458,
        1.2944306135177612,
        0.9031167030334473,
        0.0952717736363411
      ],
      [
        -0.2387559413909912,
        0.01997065171599388,
        -0.1409706175327301,
        -0.9761293530464172,
        1.3207803964614868,
        0.8971690535545349,
        0.09545021504163742
      ],
      [
        -0.23714879155158997,
        0.023364771157503128,
        -0.1442773938179016,
        -0.9974086284637451,
        1.336181402206421,
        0.8912997841835022,
        0.09560107439756393
      ],
      [
        -0.2359050065279007,
        0.02604132518172264,
        -0.14609688520431519,
        -1.0125162601470947,
        1.356854796409607,
        0.8822324872016907,
        0.09552299976348877
      ],
      [
        -0.23680594563484192,
        0.0286300890147686,
        -0.1509372442960739,
        -1.0172221660614014,
        1.3496105670928955,
        0.8946416974067688,
        0.09570041298866272
      ],
      [
        -0.23682355880737305,
        0.028935108333826065,
        -0.1527150571346283,
        -1.021356225013733,
        1.350400447845459,
        0.8933077454566956,
        0.09575506299734116
      ],
      [
        -0.2381841540336609,
        0.03136034682393074,
        -0.15452322363853455,
        -1.0157498121261597,
        1.3503326177597046,
        0.8922481536865234,
        0.09583760797977448
      ],
      [
        -0.2375611513853073,
        0.03439847752451897,
        -0.1518486738204956,
        -0.9990127086639404,
        1.336399793624878,
        0.8914552927017212,
        0.0959136039018631
      ],
      [
        -0.23684270679950714,
        0.034150201827287674,
        -0.15098677575588226,
        -1.0004701614379883,
        1.3494197130203247,
        0.8909200429916382,
        0.09631410241127014
      ],
      [
        -0.2367241382598877,
        0.03523063287138939,
        -0.1501232087612152,
        -1.0020896196365356,
        1.3476015329360962,
        0.8939270973205566,
        0.09670703113079071
      ]
    ],