{
  "sample_name": "sample_000015",
  "payload_path": "/home/sunpeng/sp/umi_project/universal_manipulation_interface/pika_dataset/exports/episode79/sample_000015/payload_raw.json",
  "actions_path": "/home/sunpeng/sp/umi_project/universal_manipulation_interface/pika_dataset/exports/episode79/sample_000015/actions.json",
  "meta": {
    "start_index": 30,
    "obs_horizon": 2,
    "act_horizon": 16,
    "stride": 2,
    "obs_timestamps": [
      1776398606.5595968,
      1776398606.5912998
    ],
    "action_timestamps": [
      1776398606.6216214,
      1776398606.659729,
      1776398606.6912098,
      1776398606.7215998,
      1776398606.7596703,
      1776398606.7912264,
      1776398606.8216267,
      1776398606.859708,
      1776398606.8911812,
      1776398606.921649,
      1776398606.9595206,
      1776398606.9912298,
      1776398607.0216267,
      1776398607.0593703,
      1776398607.0912151,
      1776398607.1215694
    ]
  },
  "payload_pose_validation": {
    "format": "xyz_quat_xyzw",
    "pose_shape": [
      2,
      7
    ],
    "init_pose_shape": [
      7
    ],
    "quat_norm_mean": 1.0,
    "quat_norm_min": 1.0,
    "quat_norm_max": 1.0,
    "init_quat_norm": 0.9999999999999999
  },
  "inference": {
    "selected_arm": "arm_l",
    "checkpoint_path": "/home/sunpeng/sp/umi_project/universal_manipulation_interface/data/outputs/2026.04.20/16.30.06_train_diffusion_unet_timm_picknplace/checkpoints",
    "device": "cuda",
    "action_pred_shape": [
      16,
      10
    ],
    "env_action_shape": [
      16,
      7
    ]
  },
  "metrics": {
    "aligned_shape": [
      16,
      7
    ],
    "pred_shape": [
      16,
      7
    ],
    "target_shape": [
      16,
      7
    ],
    "position": {
      "mean_l2_error": 0.032461702823638916,
      "rmse_l2_error": 0.041893601417541504,
      "max_l2_error": 0.08026111125946045,
      "per_axis_mae": [
        0.006591198034584522,
        0.018748868256807327,
        0.024476442486047745
      ],
      "per_axis_rmse": [
        0.007668834645301104,
        0.025012128055095673,
        0.03272088244557381
      ]
    },
    "rotation": {
      "mean_geodesic_rad": 0.15547513961791992,
      "rmse_geodesic_rad": 0.18487438559532166,
      "max_geodesic_rad": 0.3204779326915741,
      "mean_geodesic_deg": 8.908068656921387,
      "rmse_geodesic_deg": 10.592521667480469,
      "max_geodesic_deg": 18.362031936645508
    },
    "gripper": {
      "mean_abs_error": 0.00038014305755496025,
      "rmse": 0.00039673849823884666,
      "max_abs_error": 0.0006210356950759888
    },
    "combined_legacy": {
      "mean_abs_error": 0.041132956743240356,
      "max_abs_error": 0.24894970655441284,
      "rmse": 0.0739273950457573
    },
    "pred_action_aligned": [
      [
        -0.2753868103027344,
        -0.042898908257484436,
        -0.08514098823070526,
        -0.5176323652267456,
        0.8633034825325012,
        0.9121984839439392,
        0.09624745696783066
      ],
      [
        -0.27532801032066345,
        -0.04260839521884918,
        -0.08331074565649033,
        -0.5291178822517395,
        0.8392841219902039,
        0.9139295220375061,
        0.09611690044403076
      ],
      [
        -0.27356189489364624,
        -0.04099540412425995,
        -0.08344300091266632,
        -0.5469626188278198,
        0.8061127662658691,
        0.909237265586853,
        0.09608600288629532
      ],
      [
        -0.273330956697464,
        -0.03976617753505707,
        -0.08434004336595535,
        -0.5582728385925293,
        0.8024146556854248,
        0.9146965742111206,
        0.09636377543210983
      ],
      [
        -0.27178308367729187,
        -0.03479781746864319,
        -0.08350850641727448,
        -0.5691142082214355,
        0.8092591762542725,
        0.9102669954299927,
        0.09640131145715714
      ],
      [
        -0.2711479365825653,
        -0.03036426194012165,
        -0.08218427002429962,
        -0.6010429263114929,
        0.825041651725769,
        0.9200830459594727,
        0.0963941216468811
      ],
      [
        -0.268612265586853,
        -0.024228598922491074,
        -0.08525644987821579,
        -0.63849276304245,
        0.8562417030334473,
        0.9303013682365417,
        0.09631655365228653
      ],
      [
        -0.2649371922016144,
        -0.018269751220941544,
        -0.09051534533500671,
        -0.6816982626914978,
        0.908288300037384,
        0.9290516972541809,
        0.09632503241300583
      ],
      [
        -0.26051509380340576,
        -0.011781465262174606,
        -0.09816697239875793,
        -0.7277873158454895,
        0.968026876449585,
        0.937004566192627,
        0.09643096476793289
      ],
      [
        -0.2579665780067444,
        -0.0062169283628463745,
        -0.10600227862596512,
        -0.7684459686279297,
        1.0223180055618286,
        0.9361392259597778,
        0.09633856266736984
      ],
      [
        -0.2540034055709839,
        0.0006816461682319641,
        -0.11379494518041611,
        -0.8041328191757202,
        1.0771291255950928,
        0.9327962398529053,
        0.09636702388525009
      ],
      [
        -0.2508208155632019,
        0.0071461983025074005,
        -0.12144888937473297,
        -0.8247678279876709,
        1.1043092012405396,
        0.9336197972297668,
        0.09632493555545807
      ],
      [
        -0.2476341277360916,
        0.014958053827285767,
        -0.12882226705551147,
        -0.8401356935501099,
        1.1344435214996338,
        0.9381215572357178,
        0.0963386595249176
      ],
      [
        -0.2458718717098236,
        0.02000392973423004,
        -0.1361963301897049,
        -0.8588711023330688,
        1.1598803997039795,
        0.9333619475364685,
        0.09627281874418259
      ],
      [
        -0.2426075041294098,
        0.022964958101511,
        -0.1438024491071701,
        -0.8863851428031921,
        1.1786738634109497,
        0.9332333207130432,
        0.09631378948688507
      ],
      [
        -0.2403523325920105,
        0.02657799795269966,
        -0.14962735772132874,
        -0.9166621565818787,
        1.202709674835205,
        0.9290474653244019,
        0.09659241884946823
      ]
    ],