{
  "sample_name": "sample_000040",
  "payload_path": "/home/sunpeng/sp/umi_project/universal_manipulation_interface/pika_dataset/exports/episode79/sample_000040/payload_raw.json",
  "actions_path": "/home/sunpeng/sp/umi_project/universal_manipulation_interface/pika_dataset/exports/episode79/sample_000040/actions.json",
  "meta": {
    "start_index": 80,
    "obs_horizon": 2,
    "act_horizon": 16,
    "stride": 2,
    "obs_timestamps": [
      1776398608.2217045,
      1776398608.2594833
    ],
    "action_timestamps": [
      1776398608.2913167,
      1776398608.3216846,
      1776398608.359421,
      1776398608.3913038,
      1776398608.421738,
      1776398608.4595058,
      1776398608.4911988,
      1776398608.5216491,
      1776398608.559694,
      1776398608.5913665,
      1776398608.6217334,
      1776398608.6594543,
      1776398608.6912901,
      1776398608.7215853,
      1776398608.759486,
      1776398608.7913468
    ]
  },
  "payload_pose_validation": {
    "format": "xyz_quat_xyzw",
    "pose_shape": [
      2,
      7
    ],
    "init_pose_shape": [
      7
    ],
    "quat_norm_mean": 1.0,
    "quat_norm_min": 0.9999999999999999,
    "quat_norm_max": 1.0,
    "init_quat_norm": 0.9999999999999999
  },
  "inference": {
    "selected_arm": "arm_l",
    "checkpoint_path": "/home/sunpeng/sp/umi_project/universal_manipulation_interface/data/outputs/2026.04.20/16.30.06_train_diffusion_unet_timm_picknplace/checkpoints",
    "device": "cuda",
    "action_pred_shape": [
      16,
      10
    ],
    "env_action_shape": [
      16,
      7
    ]
  },
  "metrics": {
    "aligned_shape": [
      16,
      7
    ],
    "pred_shape": [
      16,
      7
    ],
    "target_shape": [
      16,
      7
    ],
    "position": {
      "mean_l2_error": 0.005810895469039679,
      "rmse_l2_error": 0.006134390830993652,
      "max_l2_error": 0.010382208041846752,
      "per_axis_mae": [
        0.002830926328897476,
        0.0025684451684355736,
        0.0037973523139953613
      ],
      "per_axis_rmse": [
        0.0031703636050224304,
        0.0030171393882483244,
        0.0042984201572835445
      ]
    },
    "rotation": {
      "mean_geodesic_rad": 0.05697498098015785,
      "rmse_geodesic_rad": 0.05988045036792755,
      "max_geodesic_rad": 0.08358589559793472,
      "mean_geodesic_deg": 3.264425754547119,
      "rmse_geodesic_deg": 3.430896759033203,
      "max_geodesic_deg": 4.789118766784668
    },
    "gripper": {
      "mean_abs_error": 0.008584454655647278,
      "rmse": 0.013749664649367332,
      "max_abs_error": 0.024875938892364502
    },
    "combined_legacy": {
      "mean_abs_error": 0.014913956634700298,
      "max_abs_error": 0.07999050617218018,
      "rmse": 0.024440474808216095
    },
    "pred_action_aligned": [
      [
        -0.2360612452030182,
        0.02878904901444912,
        -0.14435912668704987,
        -1.0263612270355225,
        1.2911245822906494,
        0.9221745133399963,
        0.09640095382928848
      ],
      [
        -0.2328275591135025,
        0.027920367196202278,
        -0.15064933896064758,
        -1.0480543375015259,
        1.3184030055999756,
        0.933052659034729,
        0.09605130553245544
      ],
      [
        -0.2368033528327942,
        0.026955345645546913,
        -0.1539406180381775,
        -1.0599762201309204,
        1.348918080329895,
        0.9445310831069946,
        0.09626308083534241
      ],
      [
        -0.23813579976558685,
        0.02575436793267727,
        -0.15478821098804474,
        -1.0762879848480225,
        1.3571975231170654,
        0.9344397187232971,
        0.09606800228357315
      ],
      [
        -0.23811811208724976,
        0.024422546848654747,
        -0.15598061680793762,
        -1.0999119281768799,
        1.3426629304885864,
        0.9319261312484741,
        0.09398073703050613
      ],
      [
        -0.2355966418981552,
        0.02578890696167946,
        -0.15656866133213043,
        -1.113297939300537,
        1.3590673208236694,
        0.9345494508743286,
        0.09389648586511612
      ],
      [
        -0.23786598443984985,
        0.0246824249625206,
        -0.1562647521495819,
        -1.1227858066558838,
        1.3558623790740967,
        0.9317598938941956,
        0.09548204392194748
      ],
      [
        -0.2361644059419632,
        0.0237760990858078,
        -0.15410611033439636,
        -1.109635829925537,
        1.3594812154769897,
        0.9320889115333557,
        0.09575507789850235
      ],
      [
        -0.2370368093252182,
        0.0228620246052742,
        -0.15250034630298615,
        -1.096933126449585,
        1.3651219606399536,
        0.9319297075271606,
        0.09598365426063538
      ],
      [
        -0.2351667881011963,
        0.022491201758384705,
        -0.1514105498790741,
        -1.0952565670013428,
        1.3818280696868896,
        0.9267016649246216,
        0.09658099710941315
      ],
      [
        -0.23623168468475342,
        0.02192002348601818,
        -0.15080353617668152,
        -1.0885138511657715,
        1.3764722347259521,
        0.9342780709266663,
        0.09209803491830826
      ],
      [
        -0.23602448403835297,
        0.02356867492198944,
        -0.15234696865081787,
        -1.0892174243927002,
        1.3771487474441528,
        0.9263613820075989,
        0.07301465421915054
      ],
      [
        -0.23438476026058197,
        0.026885490864515305,
        -0.14917011559009552,
        -1.0663782358169556,
        1.3777254819869995,
        0.9226503372192383,
        0.07218046486377716
      ],
      [
        -0.23213481903076172,
        0.025913935154676437,
        -0.15171273052692413,
        -1.080318808555603,
        1.369973063468933,
        0.9275839328765869,
        0.07198723405599594
      ],
      [
        -0.23125247657299042,
        0.02786829322576523,
        -0.148690328001976,
        -1.0847678184509277,
        1.3710280656814575,
        0.9399999976158142,
        0.0718310996890068
      ],
      [
        -0.2304478883743286,
        0.02393006905913353,
        -0.14741571247577667,
        -1.0996590852737427,
        1.3816663026809692,
        0.9380495548248291,
        0.07238750904798508
      ]
    ],