{
  "sample_name": "sample_000127",
  "payload_path": "/home/sunpeng/sp/umi_project/universal_manipulation_interface/pika_dataset/exports/episode79/sample_000127/payload_raw.json",
  "actions_path": "/home/sunpeng/sp/umi_project/universal_manipulation_interface/pika_dataset/exports/episode79/sample_000127/actions.json",
  "meta": {
    "start_index": 254,
    "obs_horizon": 2,
    "act_horizon": 16,
    "stride": 2,
    "obs_timestamps": [
      1776398614.0276868,
      1776398614.0594265
    ],
    "action_timestamps": [
      1776398614.0913184,
      1776398614.127781,
      1776398614.1595907,
      1776398614.191367,
      1776398614.2277157,
      1776398614.2595606,
      1776398614.291338,
      1776398614.3277342,
      1776398614.359505,
      1776398614.391321,
      1776398614.4277146,
      1776398614.4594586,
      1776398614.4913654,
      1776398614.5277576,
      1776398614.5597117,
      1776398614.5913773
    ]
  },
  "payload_pose_validation": {
    "format": "xyz_quat_xyzw",
    "pose_shape": [
      2,
      7
    ],
    "init_pose_shape": [
      7
    ],
    "quat_norm_mean": 0.9999999999999999,
    "quat_norm_min": 0.9999999999999999,
    "quat_norm_max": 0.9999999999999999,
    "init_quat_norm": 0.9999999999999999
  },
  "inference": {
    "selected_arm": "arm_l",
    "checkpoint_path": "/home/sunpeng/sp/umi_project/universal_manipulation_interface/data/outputs/2026.04.20/16.30.06_train_diffusion_unet_timm_picknplace/checkpoints",
    "device": "cuda",
    "action_pred_shape": [
      16,
      10
    ],
    "env_action_shape": [
      16,
      7
    ]
  },
  "metrics": {
    "aligned_shape": [
      16,
      7
    ],
    "pred_shape": [
      16,
      7
    ],
    "target_shape": [
      16,
      7
    ],
    "position": {
      "mean_l2_error": 0.006053278222680092,
      "rmse_l2_error": 0.006733273155987263,
      "max_l2_error": 0.01115675363689661,
      "per_axis_mae": [
        0.0022038770839571953,
        0.0045001814141869545,
        0.002483089454472065
      ],
      "per_axis_rmse": [
        0.002615581965073943,
        0.0054477727971971035,
        0.0029694223776459694
      ]
    },
    "rotation": {
      "mean_geodesic_rad": 0.035330019891262054,
      "rmse_geodesic_rad": 0.04142910987138748,
      "max_geodesic_rad": 0.0751008465886116,
      "mean_geodesic_deg": 2.024260997772217,
      "rmse_geodesic_deg": 2.3737130165100098,
      "max_geodesic_deg": 4.302961349487305
    },
    "gripper": {
      "mean_abs_error": 0.006277103908360004,
      "rmse": 0.01076847966760397,
      "max_abs_error": 0.022220633924007416
    },
    "combined_legacy": {
      "mean_abs_error": 0.010603983886539936,
      "max_abs_error": 0.07442975044250488,
      "rmse": 0.01827397756278515
    },
    "pred_action_aligned": [
      [
        -0.23829270899295807,
        0.2034355252981186,
        -0.12938891351222992,
        -1.0131970643997192,
        1.1948940753936768,
        1.0565379858016968,
        0.07301969826221466
      ],
      [
        -0.23692455887794495,
        0.20324738323688507,
        -0.13191764056682587,
        -1.010361909866333,
        1.187234878540039,
        1.0486540794372559,
        0.07319878786802292
      ],
      [
        -0.23458456993103027,
        0.19843730330467224,
        -0.1318405419588089,
        -1.029261827468872,
        1.1923409700393677,
        1.0310626029968262,
        0.07317789644002914
      ],
      [
        -0.23243920505046844,
        0.195613831281662,
        -0.1369061917066574,
        -1.00829017162323,
        1.1905791759490967,
        1.0208717584609985,
        0.07321510463953018
      ],
      [
        -0.2333659529685974,
        0.1959218978881836,
        -0.13519087433815002,
        -1.0221675634384155,
        1.1769424676895142,
        1.0193439722061157,
        0.07327951490879059
      ],
      [
        -0.2353648692369461,
        0.1963944137096405,
        -0.13728807866573334,
        -1.0355275869369507,
        1.1922118663787842,
        1.0219417810440063,
        0.07327955216169357
      ],
      [
        -0.23535442352294922,
        0.19637548923492432,
        -0.13802200555801392,
        -1.031509518623352,
        1.195102334022522,
        1.0219426155090332,
        0.07333315908908844
      ],
      [
        -0.23318611085414886,
        0.2004641741514206,
        -0.1313394159078598,
        -1.0217978954315186,
        1.19098961353302,
        1.0376992225646973,
        0.07342442870140076
      ],
      [
        -0.2336898297071457,
        0.201984703540802,
        -0.1327311098575592,
        -1.015295386314392,
        1.183205246925354,
        1.04556143283844,
        0.07375705242156982
      ],
      [
        -0.2337367981672287,
        0.20238031446933746,
        -0.13104599714279175,
        -1.013885498046875,
        1.177074670791626,
        1.0490645170211792,
        0.0744369626045227
      ],
      [
        -0.23453880846500397,
        0.20211949944496155,
        -0.1319851279258728,
        -1.0177876949310303,
        1.172648310661316,
        1.0485446453094482,
        0.07546486705541611
      ],
      [
        -0.23383253812789917,
        0.20356455445289612,
        -0.133820578455925,
        -1.01552152633667,
        1.1665526628494263,
        1.060863733291626,
        0.08033648878335953
      ],
      [
        -0.2377304881811142,
        0.20300912857055664,
        -0.13134582340717316,
        -1.0031219720840454,
        1.152509331703186,
        1.0719377994537354,
        0.09141698479652405
      ],
      [
        -0.23637181520462036,
        0.20271863043308258,
        -0.12997613847255707,
        -1.0001157522201538,
        1.1457375288009644,
        1.070417046546936,
        0.09535608440637589
      ],
      [
        -0.2367844581604004,
        0.20397040247917175,
        -0.1300165206193924,
        -1.0090622901916504,
        1.1410913467407227,
        1.0669662952423096,
        0.09577523916959763
      ],
      [
        -0.23570924997329712,
        0.20324043929576874,
        -0.12764492630958557,
        -0.9971367120742798,
        1.133366584777832,
        1.0738674402236938,
        0.09635144472122192
      ]
    ],