{
  "sample_name": "sample_000009",
  "payload_path": "/home/sunpeng/sp/umi_project/universal_manipulation_interface/pika_dataset/exports/episode79/sample_000009/payload_raw.json",
  "actions_path": "/home/sunpeng/sp/umi_project/universal_manipulation_interface/pika_dataset/exports/episode79/sample_000009/actions.json",
  "meta": {
    "start_index": 18,
    "obs_horizon": 2,
    "act_horizon": 16,
    "stride": 2,
    "obs_timestamps": [
      1776398606.1596916,
      1776398606.1912963
    ],
    "action_timestamps": [
      1776398606.2215118,
      1776398606.2597332,
      1776398606.2911484,
      1776398606.321565,
      1776398606.3595877,
      1776398606.3911555,
      1776398606.4215672,
      1776398606.4597626,
      1776398606.491232,
      1776398606.5215523,
      1776398606.5595968,
      1776398606.5912998,
      1776398606.6216214,
      1776398606.659729,
      1776398606.6912098,
      1776398606.7215998
    ]
  },
  "payload_pose_validation": {
    "format": "xyz_quat_xyzw",
    "pose_shape": [
      2,
      7
    ],
    "init_pose_shape": [
      7
    ],
    "quat_norm_mean": 1.0,
    "quat_norm_min": 0.9999999999999999,
    "quat_norm_max": 1.0,
    "init_quat_norm": 0.9999999999999999
  },
  "inference": {
    "selected_arm": "arm_l",
    "checkpoint_path": "/home/sunpeng/sp/umi_project/universal_manipulation_interface/data/outputs/2026.04.20/16.30.06_train_diffusion_unet_timm_picknplace/checkpoints",
    "device": "cuda",
    "action_pred_shape": [
      16,
      10
    ],
    "env_action_shape": [
      16,
      7
    ]
  },
  "metrics": {
    "aligned_shape": [
      16,
      7
    ],
    "pred_shape": [
      16,
      7
    ],
    "target_shape": [
      16,
      7
    ],
    "position": {
      "mean_l2_error": 0.011934103444218636,
      "rmse_l2_error": 0.01679595746099949,
      "max_l2_error": 0.04307529702782631,
      "per_axis_mae": [
        0.004042511805891991,
        0.008678041398525238,
        0.005224724765866995
      ],
      "per_axis_rmse": [
        0.005004741717129946,
        0.013436208479106426,
        0.008747857995331287
      ]
    },
    "rotation": {
      "mean_geodesic_rad": 0.050825320184230804,
      "rmse_geodesic_rad": 0.0760931745171547,
      "max_geodesic_rad": 0.1959463506937027,
      "mean_geodesic_deg": 2.912076473236084,
      "rmse_geodesic_deg": 4.359817981719971,
      "max_geodesic_deg": 11.226898193359375
    },
    "gripper": {
      "mean_abs_error": 0.0009438232518732548,
      "rmse": 0.0010491624707356095,
      "max_abs_error": 0.002052098512649536
    },
    "combined_legacy": {
      "mean_abs_error": 0.014392329379916191,
      "max_abs_error": 0.15005362033843994,
      "rmse": 0.030161775648593903
    },
    "pred_action_aligned": [
      [
        -0.2745616137981415,
        -0.05240360274910927,
        -0.08860757946968079,
        -0.48366016149520874,
        0.9402478337287903,
        0.8592519164085388,
        0.09465494006872177
      ],
      [
        -0.2753271460533142,
        -0.0508762001991272,
        -0.08764106780290604,
        -0.4875171482563019,
        0.9162999391555786,
        0.870880663394928,
        0.09490646421909332
      ],
      [
        -0.27551865577697754,
        -0.04988092929124832,
        -0.08861810714006424,
        -0.4902413785457611,
        0.9007931351661682,
        0.8766321539878845,
        0.09520154446363449
      ],
      [
        -0.2762913405895233,
        -0.04882832244038582,
        -0.08890973776578903,
        -0.4940829575061798,
        0.8888821005821228,
        0.8811278343200684,
        0.09562011808156967
      ],
      [
        -0.27702999114990234,
        -0.04814918339252472,
        -0.08950839191675186,
        -0.5021573305130005,
        0.8788015842437744,
        0.8883407711982727,
        0.09560602158308029
      ],
      [
        -0.27509668469429016,
        -0.047023989260196686,
        -0.0912519246339798,
        -0.5003796815872192,
        0.8737370371818542,
        0.8819003701210022,
        0.09594601392745972
      ],
      [
        -0.27402883768081665,
        -0.04690343141555786,
        -0.09185586124658585,
        -0.5059323906898499,
        0.8616207242012024,
        0.8781941533088684,
        0.09578493237495422
      ],
      [
        -0.2724646329879761,
        -0.045120544731616974,
        -0.0905129536986351,
        -0.507369875907898,
        0.8538106679916382,
        0.8828891515731812,
        0.09583602100610733
      ],
      [
        -0.2712922692298889,
        -0.04311225563287735,
        -0.08863752335309982,
        -0.5155674815177917,
        0.8490796089172363,
        0.8916357755661011,
        0.09595806896686554
      ],
      [
        -0.26999643445014954,
        -0.0385664701461792,
        -0.08611616492271423,
        -0.5310730338096619,
        0.8489794731140137,
        0.9023565053939819,
        0.09576620161533356
      ],
      [
        -0.2688804566860199,
        -0.0347752571105957,
        -0.08589543402194977,
        -0.5575723052024841,
        0.8680592179298401,
        0.9126825928688049,
        0.0961761400103569
      ],
      [
        -0.26683861017227173,
        -0.030447063967585564,
        -0.08662933111190796,
        -0.5826537609100342,
        0.8886905908584595,
        0.9190161228179932,
        0.09609311074018478
      ],
      [
        -0.2656424939632416,
        -0.024363506585359573,
        -0.08819065243005753,
        -0.6185089349746704,
        0.9085505604743958,
        0.9260215759277344,
        0.09602482616901398
      ],
      [
        -0.2643283009529114,
        -0.018556073307991028,
        -0.09152385592460632,
        -0.6522740125656128,
        0.940185010433197,
        0.931244432926178,
        0.0961841568350792
      ],
      [
        -0.2617685794830322,
        -0.011216387152671814,
        -0.09743714332580566,
        -0.6895767450332642,
        0.9781131744384766,
        0.9307196736335754,
        0.09617754817008972
      ],
      [
        -0.2615518271923065,
        -0.0044128261506557465,
        -0.10518965125083923,
        -0.7218264937400818,
        1.0152530670166016,
        0.9351909756660461,
        0.09627533704042435
      ]
    ],