{
  "sample_name": "sample_000167",
  "payload_path": "/home/sunpeng/sp/umi_project/universal_manipulation_interface/pika_dataset/exports/episode79/sample_000167/payload_raw.json",
  "actions_path": "/home/sunpeng/sp/umi_project/universal_manipulation_interface/pika_dataset/exports/episode79/sample_000167/actions.json",
  "meta": {
    "start_index": 334,
    "obs_horizon": 2,
    "act_horizon": 16,
    "stride": 2,
    "obs_timestamps": [
      1776398616.691384,
      1776398616.727801
    ],
    "action_timestamps": [
      1776398616.7595997,
      1776398616.791461,
      1776398616.8279164,
      1776398616.8596697,
      1776398616.8914468,
      1776398616.9277928,
      1776398616.959669,
      1776398616.991434,
      1776398617.0278168,
      1776398617.0596163,
      1776398617.091398,
      1776398617.1278334,
      1776398617.1595967,
      1776398617.1914198,
      1776398617.2278488,
      1776398617.259675
    ]
  },
  "payload_pose_validation": {
    "format": "xyz_quat_xyzw",
    "pose_shape": [
      2,
      7
    ],
    "init_pose_shape": [
      7
    ],
    "quat_norm_mean": 1.0,
    "quat_norm_min": 0.9999999999999999,
    "quat_norm_max": 1.0,
    "init_quat_norm": 0.9999999999999999
  },
  "inference": {
    "selected_arm": "arm_l",
    "checkpoint_path": "/home/sunpeng/sp/umi_project/universal_manipulation_interface/data/outputs/2026.04.20/16.30.06_train_diffusion_unet_timm_picknplace/checkpoints",
    "device": "cuda",
    "action_pred_shape": [
      16,
      10
    ],
    "env_action_shape": [
      16,
      7
    ]
  },
  "metrics": {
    "aligned_shape": [
      16,
      7
    ],
    "pred_shape": [
      16,
      7
    ],
    "target_shape": [
      16,
      7
    ],
    "position": {
      "mean_l2_error": 0.03091217763721943,
      "rmse_l2_error": 0.03322479501366615,
      "max_l2_error": 0.04732723534107208,
      "per_axis_mae": [
        0.005272570997476578,
        0.027922194451093674,
        0.010614189319312572
      ],
      "per_axis_rmse": [
        0.005892342422157526,
        0.029906608164310455,
        0.013219766318798065
      ]
    },
    "rotation": {
      "mean_geodesic_rad": 0.0708003044128418,
      "rmse_geodesic_rad": 0.07495135068893433,
      "max_geodesic_rad": 0.11369390785694122,
      "mean_geodesic_deg": 4.056558132171631,
      "rmse_geodesic_deg": 4.294395923614502,
      "max_geodesic_deg": 6.514180660247803
    },
    "gripper": {
      "mean_abs_error": 0.0034188339486718178,
      "rmse": 0.0034383691381663084,
      "max_abs_error": 0.004054822027683258
    },
    "combined_legacy": {
      "mean_abs_error": 0.02351962961256504,
      "max_abs_error": 0.09591764211654663,
      "rmse": 0.03279177471995354
    },
    "pred_action_aligned": [
      [
        -0.2500546872615814,
        0.15848945081233978,
        -0.02076757326722145,
        -0.7457076907157898,
        0.9382079839706421,
        1.2094786167144775,
        0.09409118443727493
      ],
      [
        -0.24964094161987305,
        0.14103713631629944,
        -0.021001432090997696,
        -0.7250737547874451,
        0.9227830767631531,
        1.1994386911392212,
        0.0934319719672203
      ],
      [
        -0.25255823135375977,
        0.12160526216030121,
        -0.023724552243947983,
        -0.7149736285209656,
        0.9275870323181152,
        1.1845800876617432,
        0.09344640374183655
      ],
      [
        -0.25224417448043823,
        0.10487694293260574,
        -0.02976991981267929,
        -0.6787844896316528,
        0.9314141273498535,
        1.1766493320465088,
        0.09367617964744568
      ],
      [
        -0.2558527886867523,
        0.08841107785701752,
        -0.03382522612810135,
        -0.669844925403595,
        0.932931125164032,
        1.1638528108596802,
        0.09326733648777008
      ],
      [
        -0.25596415996551514,
        0.07672104984521866,
        -0.0395776741206646,
        -0.6757844090461731,
        0.9240524172782898,
        1.1565148830413818,
        0.09334274381399155
      ],
      [
        -0.26082843542099,
        0.06854993104934692,
        -0.04177170246839523,
        -0.6416112780570984,
        0.9247287511825562,
        1.1679245233535767,
        0.09328728914260864
      ],
      [
        -0.26417383551597595,
        0.0654187947511673,
        -0.04218844324350357,
        -0.644212543964386,
        0.907956600189209,
        1.160811185836792,
        0.09383445233106613
      ],
      [
        -0.26779821515083313,
        0.06233031302690506,
        -0.03939881548285484,
        -0.6469298005104065,
        0.9069701433181763,
        1.176218032836914,
        0.09294722974300385
      ],
      [
        -0.2692285478115082,
        0.061098918318748474,
        -0.037641506642103195,
        -0.643906831741333,
        0.9006078243255615,
        1.194527506828308,
        0.09339626133441925
      ],
      [
        -0.27028656005859375,
        0.06085170805454254,
        -0.03520093113183975,
        -0.6429434418678284,
        0.8996164798736572,
        1.1958132982254028,
        0.09306586533784866
      ],
      [
        -0.26898080110549927,
        0.06062640994787216,
        -0.032407693564891815,
        -0.6425783634185791,
        0.898716926574707,
        1.195142388343811,
        0.09336007386445999
      ],
      [
        -0.26850488781929016,
        0.05873199552297592,
        -0.03083723969757557,
        -0.6490408182144165,
        0.9032033085823059,
        1.190389633178711,
        0.09282607585191727
      ],
      [
        -0.26750296354293823,
        0.058471113443374634,
        -0.03180041164159775,
        -0.6498346924781799,
        0.9145614504814148,
        1.193882942199707,
        0.09287979453802109
      ],
      [
        -0.26728591322898865,
        0.0596318393945694,
        -0.034394457936286926,
        -0.6586582064628601,
        0.9253937005996704,
        1.1938502788543701,
        0.09310619533061981
      ],
      [
        -0.26620209217071533,
        0.06267312169075012,
        -0.03639058396220207,
        -0.6626352071762085,
        0.9371140003204346,
        1.1916331052780151,
        0.09265221655368805
      ]
    ],