{
  "sample_name": "sample_000074",
  "payload_path": "/home/sunpeng/sp/umi_project/universal_manipulation_interface/pika_dataset/exports/episode79/sample_000074/payload_raw.json",
  "actions_path": "/home/sunpeng/sp/umi_project/universal_manipulation_interface/pika_dataset/exports/episode79/sample_000074/actions.json",
  "meta": {
    "start_index": 148,
    "obs_horizon": 2,
    "act_horizon": 16,
    "stride": 2,
    "obs_timestamps": [
      1776398610.4913304,
      1776398610.527686
    ],
    "action_timestamps": [
      1776398610.5595992,
      1776398610.5912726,
      1776398610.6276472,
      1776398610.6594322,
      1776398610.6912158,
      1776398610.7276762,
      1776398610.759506,
      1776398610.7913167,
      1776398610.827731,
      1776398610.8594959,
      1776398610.8913648,
      1776398610.9276855,
      1776398610.9595253,
      1776398610.9913523,
      1776398611.0277302,
      1776398611.0596073
    ]
  },
  "payload_pose_validation": {
    "format": "xyz_quat_xyzw",
    "pose_shape": [
      2,
      7
    ],
    "init_pose_shape": [
      7
    ],
    "quat_norm_mean": 1.0,
    "quat_norm_min": 0.9999999999999999,
    "quat_norm_max": 1.0,
    "init_quat_norm": 0.9999999999999999
  },
  "inference": {
    "selected_arm": "arm_l",
    "checkpoint_path": "/home/sunpeng/sp/umi_project/universal_manipulation_interface/data/outputs/2026.04.20/16.30.06_train_diffusion_unet_timm_picknplace/checkpoints",
    "device": "cuda",
    "action_pred_shape": [
      16,
      10
    ],
    "env_action_shape": [
      16,
      7
    ]
  },
  "metrics": {
    "aligned_shape": [
      16,
      7
    ],
    "pred_shape": [
      16,
      7
    ],
    "target_shape": [
      16,
      7
    ],
    "position": {
      "mean_l2_error": 0.02736697718501091,
      "rmse_l2_error": 0.03074510581791401,
      "max_l2_error": 0.04432373121380806,
      "per_axis_mae": [
        0.007321554236114025,
        0.016476832330226898,
        0.018004825338721275
      ],
      "per_axis_rmse": [
        0.00904783420264721,
        0.021658387035131454,
        0.01985730417072773
      ]
    },
    "rotation": {
      "mean_geodesic_rad": 0.18837475776672363,
      "rmse_geodesic_rad": 0.22135762870311737,
      "max_geodesic_rad": 0.32333722710609436,
      "mean_geodesic_deg": 10.79307746887207,
      "rmse_geodesic_deg": 12.682857513427734,
      "max_geodesic_deg": 18.52585792541504
    },
    "gripper": {
      "mean_abs_error": 0.00020485278218984604,
      "rmse": 0.0002285264927195385,
      "max_abs_error": 0.0003761574625968933
    },
    "combined_legacy": {
      "mean_abs_error": 0.052544739097356796,
      "max_abs_error": 0.2928195595741272,
      "rmse": 0.0916493758559227
    },
    "pred_action_aligned": [
      [
        -0.24384592473506927,
        0.039887554943561554,
        -0.12161784619092941,
        -0.9506574869155884,
        1.2734622955322266,
        1.032741904258728,
        0.07262598723173141
      ],
      [
        -0.2442808747291565,
        0.040921177715063095,
        -0.11453952640295029,
        -0.9163491725921631,
        1.2621062994003296,
        1.0425070524215698,
        0.0724673643708229
      ],
      [
        -0.24500873684883118,
        0.041199881583452225,
        -0.10751645267009735,
        -0.8904094099998474,
        1.2516365051269531,
        1.0578612089157104,
        0.07253538817167282
      ],
      [
        -0.24472789466381073,
        0.04088866710662842,
        -0.09902635216712952,
        -0.8510926365852356,
        1.2262979745864868,
        1.0792709589004517,
        0.0728803351521492
      ],
      [
        -0.24675434827804565,
        0.03987961262464523,
        -0.09022398293018341,
        -0.8128944039344788,
        1.183042287826538,
        1.107694387435913,
        0.07260795682668686
      ],
      [
        -0.24875394999980927,
        0.037381861358881,
        -0.08201439678668976,
        -0.7698075771331787,
        1.133297085762024,
        1.1324015855789185,
        0.07259958237409592
      ],
      [
        -0.25198864936828613,
        0.03372172638773918,
        -0.07511034607887268,
        -0.7181196212768555,
        1.08351731300354,
        1.155463457107544,
        0.072628915309906
      ],
      [
        -0.2558363378047943,
        0.02817736379802227,
        -0.07196952402591705,
        -0.6777616739273071,
        1.0243124961853027,
        1.1783428192138672,
        0.07256636023521423
      ],
      [
        -0.2569974362850189,
        0.02263539656996727,
        -0.07021819055080414,
        -0.6420713067054749,
        0.969695508480072,
        1.1785420179367065,
        0.07266946882009506
      ],
      [
        -0.25861188769340515,
        0.017918946221470833,
        -0.068483866751194,
        -0.6120806336402893,
        0.9158831834793091,
        1.1856530904769897,
        0.07288457453250885
      ],
      [
        -0.26108843088150024,
        0.013436269015073776,
        -0.06747205555438995,
        -0.5942285656929016,
        0.8800281286239624,
        1.1890308856964111,
        0.07305537164211273
      ],
      [
        -0.2623145878314972,
        0.008386317640542984,
        -0.07036923617124557,
        -0.5903394818305969,
        0.8662101626396179,
        1.190990686416626,
        0.07318972051143646
      ],
      [
        -0.2642819881439209,
        0.0035204365849494934,
        -0.07184115797281265,
        -0.5820979475975037,
        0.8733975887298584,
        1.1890556812286377,
        0.07296493649482727
      ],
      [
        -0.26536259055137634,
        -0.000979587435722351,
        -0.07129450142383575,
        -0.5754165053367615,
        0.8698073625564575,
        1.1854822635650635,
        0.0729069784283638
      ],
      [
        -0.26596230268478394,
        -0.0027675852179527283,
        -0.06780216842889786,
        -0.5621071457862854,
        0.8682897686958313,
        1.1960434913635254,
        0.07319552451372147
      ],
      [
        -0.26373204588890076,
        -0.001050848513841629,
        -0.06552277505397797,
        -0.5500870943069458,
        0.8556539416313171,
        1.194351077079773,
        0.07290122658014297
      ]
    ],