{
  "sample_name": "sample_000148",
  "payload_path": "/home/sunpeng/sp/umi_project/universal_manipulation_interface/pika_dataset/exports/episode79/sample_000148/payload_raw.json",
  "actions_path": "/home/sunpeng/sp/umi_project/universal_manipulation_interface/pika_dataset/exports/episode79/sample_000148/actions.json",
  "meta": {
    "start_index": 296,
    "obs_horizon": 2,
    "act_horizon": 16,
    "stride": 2,
    "obs_timestamps": [
      1776398615.427863,
      1776398615.459566
    ],
    "action_timestamps": [
      1776398615.4913282,
      1776398615.5277436,
      1776398615.559781,
      1776398615.5914643,
      1776398615.6278827,
      1776398615.6595488,
      1776398615.6913557,
      1776398615.7277908,
      1776398615.7597885,
      1776398615.7914917,
      1776398615.8278198,
      1776398615.8594987,
      1776398615.8913753,
      1776398615.927768,
      1776398615.9595258,
      1776398615.9914286
    ]
  },
  "payload_pose_validation": {
    "format": "xyz_quat_xyzw",
    "pose_shape": [
      2,
      7
    ],
    "init_pose_shape": [
      7
    ],
    "quat_norm_mean": 1.0,
    "quat_norm_min": 0.9999999999999999,
    "quat_norm_max": 1.0,
    "init_quat_norm": 0.9999999999999999
  },
  "inference": {
    "selected_arm": "arm_l",
    "checkpoint_path": "/home/sunpeng/sp/umi_project/universal_manipulation_interface/data/outputs/2026.04.20/16.30.06_train_diffusion_unet_timm_picknplace/checkpoints",
    "device": "cuda",
    "action_pred_shape": [
      16,
      10
    ],
    "env_action_shape": [
      16,
      7
    ]
  },
  "metrics": {
    "aligned_shape": [
      16,
      7
    ],
    "pred_shape": [
      16,
      7
    ],
    "target_shape": [
      16,
      7
    ],
    "position": {
      "mean_l2_error": 0.08573323488235474,
      "rmse_l2_error": 0.10416088998317719,
      "max_l2_error": 0.16251631081104279,
      "per_axis_mae": [
        0.011625843122601509,
        0.04706726223230362,
        0.06872878223657608
      ],
      "per_axis_rmse": [
        0.01484239287674427,
        0.0625719353556633,
        0.08193867653608322
      ]
    },
    "rotation": {
      "mean_geodesic_rad": 0.2871631979942322,
      "rmse_geodesic_rad": 0.34907934069633484,
      "max_geodesic_rad": 0.5105664730072021,
      "mean_geodesic_deg": 16.453237533569336,
      "rmse_geodesic_deg": 20.00077247619629,
      "max_geodesic_deg": 29.2533016204834
    },
    "gripper": {
      "mean_abs_error": 0.0014702719636261463,
      "rmse": 0.001530163106508553,
      "max_abs_error": 0.0022021979093551636
    },
    "combined_legacy": {
      "mean_abs_error": 0.0906296968460083,
      "max_abs_error": 0.4202588200569153,
      "rmse": 0.14938567578792572
    },
    "pred_action_aligned": [
      [
        -0.23059505224227905,
        0.20690889656543732,
        -0.13115917146205902,
        -1.021699070930481,
        1.1884108781814575,
        1.0519328117370605,
        0.09439054876565933
      ],
      [
        -0.2301390916109085,
        0.20737221837043762,
        -0.128372922539711,
        -1.0142974853515625,
        1.1885277032852173,
        1.0533394813537598,
        0.09468015283346176
      ],
      [
        -0.22943516075611115,
        0.20698906481266022,
        -0.12329494953155518,
        -0.996207058429718,
        1.1859151124954224,
        1.0682636499404907,
        0.09487248957157135
      ],
      [
        -0.2308041751384735,
        0.20445306599140167,
        -0.11600600928068161,
        -0.9768772125244141,
        1.1675183773040771,
        1.080233097076416,
        0.09506407380104065
      ],
      [
        -0.2325793206691742,
        0.2015492022037506,
        -0.10106880962848663,
        -0.9456591010093689,
        1.1334646940231323,
        1.119247555732727,
        0.09485343843698502
      ],
      [
        -0.23515769839286804,
        0.19749517738819122,
        -0.08447225391864777,
        -0.8957083225250244,
        1.0875259637832642,
        1.147734522819519,
        0.09503396600484848
      ],
      [
        -0.23960502445697784,
        0.188700869679451,
        -0.06507164239883423,
        -0.8284564018249512,
        1.0346920490264893,
        1.1807386875152588,
        0.09532147645950317
      ],
      [
        -0.24456919729709625,
        0.17762401700019836,
        -0.04705440253019333,
        -0.7669278383255005,
        0.9802508354187012,
        1.1948540210723877,
        0.09506513923406601
      ],
      [
        -0.24737463891506195,
        0.16274906694889069,
        -0.03370566666126251,
        -0.7133674025535583,
        0.948756992816925,
        1.2068274021148682,
        0.0949721410870552
      ],
      [
        -0.25006136298179626,
        0.14616140723228455,
        -0.024845391511917114,
        -0.6651707291603088,
        0.9212893843650818,
        1.2120856046676636,
        0.09484115242958069
      ],
      [
        -0.2545669972896576,
        0.12996789813041687,
        -0.02220769226551056,
        -0.6357719302177429,
        0.8925632238388062,
        1.2119652032852173,
        0.0955122858285904
      ],
      [
        -0.25665247440338135,
        0.11951933801174164,
        -0.020025990903377533,
        -0.6146330833435059,
        0.8820540308952332,
        1.2198625802993774,
        0.09529222548007965
      ],
      [
        -0.26046445965766907,
        0.11313388496637344,
        -0.017379753291606903,
        -0.6042262315750122,
        0.8881075382232666,
        1.2182426452636719,
        0.09487797319889069
      ],
      [
        -0.26159805059432983,
        0.10557238757610321,
        -0.017058610916137695,
        -0.611439049243927,
        0.8615902662277222,
        1.2074906826019287,
        0.09450484067201614
      ],
      [
        -0.2655985653400421,
        0.10147470980882645,
        -0.015118226408958435,
        -0.6172117590904236,
        0.8596267700195312,
        1.2010178565979004,
        0.09529013931751251
      ],
      [
        -0.2679051458835602,
        0.09342821687459946,
        -0.014430321753025055,
        -0.607226550579071,
        0.8528611660003662,
        1.1881290674209595,
        0.09553566575050354
      ]
    ],