{
  "sample_name": "sample_000012",
  "payload_path": "/home/sunpeng/sp/umi_project/universal_manipulation_interface/pika_dataset/exports/episode79/sample_000012/payload_raw.json",
  "actions_path": "/home/sunpeng/sp/umi_project/universal_manipulation_interface/pika_dataset/exports/episode79/sample_000012/actions.json",
  "meta": {
    "start_index": 24,
    "obs_horizon": 2,
    "act_horizon": 16,
    "stride": 2,
    "obs_timestamps": [
      1776398606.3595877,
      1776398606.3911555
    ],
    "action_timestamps": [
      1776398606.4215672,
      1776398606.4597626,
      1776398606.491232,
      1776398606.5215523,
      1776398606.5595968,
      1776398606.5912998,
      1776398606.6216214,
      1776398606.659729,
      1776398606.6912098,
      1776398606.7215998,
      1776398606.7596703,
      1776398606.7912264,
      1776398606.8216267,
      1776398606.859708,
      1776398606.8911812,
      1776398606.921649
    ]
  },
  "payload_pose_validation": {
    "format": "xyz_quat_xyzw",
    "pose_shape": [
      2,
      7
    ],
    "init_pose_shape": [
      7
    ],
    "quat_norm_mean": 1.0,
    "quat_norm_min": 0.9999999999999999,
    "quat_norm_max": 1.0,
    "init_quat_norm": 0.9999999999999999
  },
  "inference": {
    "selected_arm": "arm_l",
    "checkpoint_path": "/home/sunpeng/sp/umi_project/universal_manipulation_interface/data/outputs/2026.04.20/16.30.06_train_diffusion_unet_timm_picknplace/checkpoints",
    "device": "cuda",
    "action_pred_shape": [
      16,
      10
    ],
    "env_action_shape": [
      16,
      7
    ]
  },
  "metrics": {
    "aligned_shape": [
      16,
      7
    ],
    "pred_shape": [
      16,
      7
    ],
    "target_shape": [
      16,
      7
    ],
    "position": {
      "mean_l2_error": 0.012476357631385326,
      "rmse_l2_error": 0.01425756886601448,
      "max_l2_error": 0.026810921728610992,
      "per_axis_mae": [
        0.003345966339111328,
        0.005629741121083498,
        0.009952888824045658
      ],
      "per_axis_rmse": [
        0.004107226151973009,
        0.006804535631090403,
        0.01183669175952673
      ]
    },
    "rotation": {
      "mean_geodesic_rad": 0.06940752267837524,
      "rmse_geodesic_rad": 0.08128941059112549,
      "max_geodesic_rad": 0.17858289182186127,
      "mean_geodesic_deg": 3.9767580032348633,
      "rmse_geodesic_deg": 4.6575398445129395,
      "max_geodesic_deg": 10.23204517364502
    },
    "gripper": {
      "mean_abs_error": 0.00011241575703024864,
      "rmse": 0.000193138635950163,
      "max_abs_error": 0.0005271360278129578
    },
    "combined_legacy": {
      "mean_abs_error": 0.01792920008301735,
      "max_abs_error": 0.16154932975769043,
      "rmse": 0.032194893807172775
    },
    "pred_action_aligned": [
      [
        -0.27650126814842224,
        -0.04886702820658684,
        -0.09115473181009293,
        -0.48697537183761597,
        0.865252673625946,
        0.8721544146537781,
        0.09670703113079071
      ],
      [
        -0.27687332034111023,
        -0.04959997534751892,
        -0.0890975296497345,
        -0.48184648156166077,
        0.8458740711212158,
        0.8759288787841797,
        0.09670703113079071
      ],
      [
        -0.276578426361084,
        -0.04925588145852089,
        -0.08768726885318756,
        -0.48877590894699097,
        0.8267568945884705,
        0.8861774802207947,
        0.09670703113079071
      ],
      [
        -0.2772988975048065,
        -0.04833861067891121,
        -0.09010016918182373,
        -0.49468693137168884,
        0.8366115689277649,
        0.8839407563209534,
        0.09670703113079071
      ],
      [
        -0.2770397961139679,
        -0.04828375577926636,
        -0.09021566063165665,
        -0.5029724836349487,
        0.8422881364822388,
        0.8844324946403503,
        0.09670703113079071
      ],
      [
        -0.27830570936203003,
        -0.04889256879687309,
        -0.09283965826034546,
        -0.4927406311035156,
        0.8406341671943665,
        0.8879580497741699,
        0.09670703113079071
      ],
      [
        -0.2769120931625366,
        -0.04802941530942917,
        -0.09467272460460663,
        -0.49051761627197266,
        0.8302809000015259,
        0.8880643248558044,
        0.09658627212047577
      ],
      [
        -0.27589377760887146,
        -0.046533532440662384,
        -0.09258760511875153,
        -0.4953981935977936,
        0.8173829913139343,
        0.8806284070014954,
        0.09670703113079071
      ],
      [
        -0.2742433547973633,
        -0.0456787645816803,
        -0.09158886224031448,
        -0.5082695484161377,
        0.8095828294754028,
        0.8739800453186035,
        0.09666826575994492
      ],
      [
        -0.2725878655910492,
        -0.042435172945261,
        -0.08830868452787399,
        -0.5323924422264099,
        0.8129645586013794,
        0.8716307282447815,
        0.09659628570079803
      ],
      [
        -0.2714197635650635,
        -0.03909650817513466,
        -0.0881022959947586,
        -0.5630514621734619,
        0.8258611559867859,
        0.8808405995368958,
        0.09669837355613708
      ],
      [
        -0.26937639713287354,
        -0.035104915499687195,
        -0.09088455885648727,
        -0.6015438437461853,
        0.8588013648986816,
        0.8893663883209229,
        0.0966394692659378
      ],
      [
        -0.2672101557254791,
        -0.030291307717561722,
        -0.09331665933132172,
        -0.648847758769989,
        0.9001871347427368,
        0.8968478441238403,
        0.09639406949281693
      ],
      [
        -0.2635991871356964,
        -0.02382883056998253,
        -0.09481912851333618,
        -0.6919223070144653,
        0.9382784366607666,
        0.9042645692825317,
        0.09638141840696335
      ],
      [
        -0.2592398524284363,
        -0.017761897295713425,
        -0.09671702235937119,
        -0.7373015284538269,
        0.9744834899902344,
        0.9146221280097961,
        0.09642069041728973
      ],
      [
        -0.2567025125026703,
        -0.011624757200479507,
        -0.0994664803147316,
        -0.7695605158805847,
        1.013329267501831,
        0.9176809787750244,
        0.09617990255355835
      ]
    ],