{
  "sample_name": "sample_000100",
  "payload_path": "/home/sunpeng/sp/umi_project/universal_manipulation_interface/pika_dataset/exports/episode79/sample_000100/payload_raw.json",
  "actions_path": "/home/sunpeng/sp/umi_project/universal_manipulation_interface/pika_dataset/exports/episode79/sample_000100/actions.json",
  "meta": {
    "start_index": 200,
    "obs_horizon": 2,
    "act_horizon": 16,
    "stride": 2,
    "obs_timestamps": [
      1776398612.2276895,
      1776398612.2595081
    ],
    "action_timestamps": [
      1776398612.2913024,
      1776398612.3276784,
      1776398612.3594687,
      1776398612.3913581,
      1776398612.4277766,
      1776398612.459511,
      1776398612.4912949,
      1776398612.5277646,
      1776398612.559704,
      1776398612.591397,
      1776398612.6277316,
      1776398612.6595614,
      1776398612.6912947,
      1776398612.7276466,
      1776398612.7594557,
      1776398612.7913513
    ]
  },
  "payload_pose_validation": {
    "format": "xyz_quat_xyzw",
    "pose_shape": [
      2,
      7
    ],
    "init_pose_shape": [
      7
    ],
    "quat_norm_mean": 1.0,
    "quat_norm_min": 1.0,
    "quat_norm_max": 1.0,
    "init_quat_norm": 0.9999999999999999
  },
  "inference": {
    "selected_arm": "arm_l",
    "checkpoint_path": "/home/sunpeng/sp/umi_project/universal_manipulation_interface/data/outputs/2026.04.20/16.30.06_train_diffusion_unet_timm_picknplace/checkpoints",
    "device": "cuda",
    "action_pred_shape": [
      16,
      10
    ],
    "env_action_shape": [
      16,
      7
    ]
  },
  "metrics": {
    "aligned_shape": [
      16,
      7
    ],
    "pred_shape": [
      16,
      7
    ],
    "target_shape": [
      16,
      7
    ],
    "position": {
      "mean_l2_error": 0.06047588214278221,
      "rmse_l2_error": 0.07608876377344131,
      "max_l2_error": 0.1430586278438568,
      "per_axis_mae": [
        0.0038547907024621964,
        0.056601740419864655,
        0.0173638965934515
      ],
      "per_axis_rmse": [
        0.004875939339399338,
        0.0725383386015892,
        0.022448070347309113
      ]
    },
    "rotation": {
      "mean_geodesic_rad": 0.15602776408195496,
      "rmse_geodesic_rad": 0.20999884605407715,
      "max_geodesic_rad": 0.4332246482372284,
      "mean_geodesic_deg": 8.93973159790039,
      "rmse_geodesic_deg": 12.0320463180542,
      "max_geodesic_deg": 24.821943283081055
    },
    "gripper": {
      "mean_abs_error": 0.0001092120073735714,
      "rmse": 0.0001442224602214992,
      "max_abs_error": 0.0003690943121910095
    },
    "combined_legacy": {
      "mean_abs_error": 0.04600464925169945,
      "max_abs_error": 0.3615339994430542,
      "rmse": 0.08933018147945404
    },
    "pred_action_aligned": [
      [
        -0.2575320601463318,
        0.014774746261537075,
        -0.06636116653680801,
        -0.5441644191741943,
        0.8805637359619141,
        1.1574918031692505,
        0.07333145290613174
      ],
      [
        -0.257990300655365,
        0.01666158251464367,
        -0.06490229815244675,
        -0.5338132977485657,
        0.8563251495361328,
        1.1635922193527222,
        0.07347870618104935
      ],
      [
        -0.257418155670166,
        0.022098684683442116,
        -0.0625900849699974,
        -0.5163140892982483,
        0.8328099846839905,
        1.1648935079574585,
        0.07334205508232117
      ],
      [
        -0.2585858106613159,
        0.027572063729166985,
        -0.062123313546180725,
        -0.5079955458641052,
        0.7995620369911194,
        1.1859874725341797,
        0.07339572161436081
      ],
      [
        -0.2565039098262787,
        0.03440556675195694,
        -0.05841366574168205,
        -0.4872339367866516,
        0.7671949863433838,
        1.187642216682434,
        0.07330959290266037
      ],
      [
        -0.25393983721733093,
        0.04498704522848129,
        -0.04657357186079025,
        -0.5028960704803467,
        0.7386511564254761,
        1.193528413772583,
        0.07338714599609375
      ],
      [
        -0.2517244517803192,
        0.05995329096913338,
        -0.041429292410612106,
        -0.5220253467559814,
        0.7467577457427979,
        1.2100125551223755,
        0.07334454357624054
      ],
      [
        -0.24970631301403046,
        0.07953520119190216,
        -0.03738091513514519,
        -0.5472135543823242,
        0.7648741006851196,
        1.2135372161865234,
        0.07345528900623322
      ],
      [
        -0.24696065485477448,
        0.09789383411407471,
        -0.03858167678117752,
        -0.595471203327179,
        0.8101642727851868,
        1.220879316329956,
        0.07348880171775818
      ],
      [
        -0.2466106116771698,
        0.11592501401901245,
        -0.043895673006772995,
        -0.6522169709205627,
        0.8581417798995972,
        1.2222050428390503,
        0.07343969494104385
      ],
      [
        -0.24947579205036163,
        0.1333908885717392,
        -0.053526073694229126,
        -0.7097342014312744,
        0.9138767123222351,
        1.2289159297943115,
        0.07358813285827637
      ],
      [
        -0.25002339482307434,
        0.14965195953845978,
        -0.06319834291934967,
        -0.7681319713592529,
        0.960624098777771,
        1.213239312171936,
        0.0735657587647438
      ],
      [
        -0.2500538229942322,
        0.16852356493473053,
        -0.06859143823385239,
        -0.8245726823806763,
        1.0005747079849243,
        1.2087428569793701,
        0.07374374568462372
      ],
      [
        -0.25372421741485596,
        0.1851038783788681,
        -0.08042868971824646,
        -0.8550838232040405,
        1.042276382446289,
        1.2023868560791016,
        0.07384530454874039
      ],
      [
        -0.2521151006221771,
        0.19910947978496552,
        -0.09234397113323212,
        -0.9148278832435608,
        1.0703468322753906,
        1.1759767532348633,
        0.07352232187986374
      ],
      [
        -0.2550552487373352,
        0.21392230689525604,
        -0.1003839373588562,
        -0.9545593857765198,
        1.1105021238327026,
        1.1629505157470703,
        0.0734323039650917
      ]
    ],