{
  "sample_name": "sample_000072",
  "payload_path": "/home/sunpeng/sp/umi_project/universal_manipulation_interface/pika_dataset/exports/episode79/sample_000072/payload_raw.json",
  "actions_path": "/home/sunpeng/sp/umi_project/universal_manipulation_interface/pika_dataset/exports/episode79/sample_000072/actions.json",
  "meta": {
    "start_index": 144,
    "obs_horizon": 2,
    "act_horizon": 16,
    "stride": 2,
    "obs_timestamps": [
      1776398610.3594348,
      1776398610.391309
    ],
    "action_timestamps": [
      1776398610.427656,
      1776398610.459488,
      1776398610.4913304,
      1776398610.527686,
      1776398610.5595992,
      1776398610.5912726,
      1776398610.6276472,
      1776398610.6594322,
      1776398610.6912158,
      1776398610.7276762,
      1776398610.759506,
      1776398610.7913167,
      1776398610.827731,
      1776398610.8594959,
      1776398610.8913648,
      1776398610.9276855
    ]
  },
  "payload_pose_validation": {
    "format": "xyz_quat_xyzw",
    "pose_shape": [
      2,
      7
    ],
    "init_pose_shape": [
      7
    ],
    "quat_norm_mean": 1.0,
    "quat_norm_min": 0.9999999999999999,
    "quat_norm_max": 1.0,
    "init_quat_norm": 0.9999999999999999
  },
  "inference": {
    "selected_arm": "arm_l",
    "checkpoint_path": "/home/sunpeng/sp/umi_project/universal_manipulation_interface/data/outputs/2026.04.20/16.30.06_train_diffusion_unet_timm_picknplace/checkpoints",
    "device": "cuda",
    "action_pred_shape": [
      16,
      10
    ],
    "env_action_shape": [
      16,
      7
    ]
  },
  "metrics": {
    "aligned_shape": [
      16,
      7
    ],
    "pred_shape": [
      16,
      7
    ],
    "target_shape": [
      16,
      7
    ],
    "position": {
      "mean_l2_error": 0.013162189163267612,
      "rmse_l2_error": 0.017358452081680298,
      "max_l2_error": 0.03160494565963745,
      "per_axis_mae": [
        0.005807727575302124,
        0.003986291121691465,
        0.010017981752753258
      ],
      "per_axis_rmse": [
        0.008876940235495567,
        0.005135795101523399,
        0.014004978351294994
      ]
    },
    "rotation": {
      "mean_geodesic_rad": 0.11260347068309784,
      "rmse_geodesic_rad": 0.15736426413059235,
      "max_geodesic_rad": 0.32733845710754395,
      "mean_geodesic_deg": 6.4517035484313965,
      "rmse_geodesic_deg": 9.016307830810547,
      "max_geodesic_deg": 18.755111694335938
    },
    "gripper": {
      "mean_abs_error": 0.0007673762738704681,
      "rmse": 0.0008651796379126608,
      "max_abs_error": 0.0018218830227851868
    },
    "combined_legacy": {
      "mean_abs_error": 0.029729992151260376,
      "max_abs_error": 0.2689858078956604,
      "rmse": 0.06406030803918839
    },
    "pred_action_aligned": [
      [
        -0.241407573223114,
        0.0386752113699913,
        -0.1295616626739502,
        -0.9923810362815857,
        1.2819550037384033,
        1.002229928970337,
        0.07296039164066315
      ],
      [
        -0.243150994181633,
        0.03916621580719948,
        -0.12592850625514984,
        -0.9854190945625305,
        1.2863962650299072,
        1.0045806169509888,
        0.07315429300069809
      ],
      [
        -0.2445881962776184,
        0.03960341215133667,
        -0.12367068231105804,
        -0.9824814796447754,
        1.2894617319107056,
        1.0068464279174805,
        0.0732298493385315
      ],
      [
        -0.245437353849411,
        0.04049229994416237,
        -0.12076611816883087,
        -0.9846059679985046,
        1.2914174795150757,
        1.011606216430664,
        0.07332425564527512
      ],
      [
        -0.24530932307243347,
        0.04161449894309044,
        -0.11698200553655624,
        -0.9834135174751282,
        1.285074234008789,
        1.0142732858657837,
        0.0733276903629303
      ],
      [
        -0.24532029032707214,
        0.04342494159936905,
        -0.11455592513084412,
        -0.9731892943382263,
        1.278073787689209,
        1.0172032117843628,
        0.07344425469636917
      ],
      [
        -0.24505238234996796,
        0.043912604451179504,
        -0.11143780499696732,
        -0.953323483467102,
        1.2680540084838867,
        1.02254056930542,
        0.07339413464069366
      ],
      [
        -0.24586161971092224,
        0.04314811900258064,
        -0.1070188358426094,
        -0.919238805770874,
        1.2560371160507202,
        1.0381311178207397,
        0.07337836921215057
      ],
      [
        -0.24823245406150818,
        0.04332119971513748,
        -0.10123379528522491,
        -0.8650456666946411,
        1.2293784618377686,
        1.0542646646499634,
        0.07349982112646103
      ],
      [
        -0.2511250674724579,
        0.04258891940116882,
        -0.09470172226428986,
        -0.8173589706420898,
        1.1994473934173584,
        1.0698477029800415,
        0.07355727255344391
      ],
      [
        -0.2535616457462311,
        0.04319285228848457,
        -0.08586074411869049,
        -0.752490758895874,
        1.140283465385437,
        1.091849684715271,
        0.07464125007390976
      ],
      [
        -0.2565285861492157,
        0.04123661667108536,
        -0.07730012387037277,
        -0.6976749300956726,
        1.0757813453674316,
        1.123549222946167,
        0.07378901541233063
      ],
      [
        -0.26022031903266907,
        0.03891586884856224,
        -0.071995310485363,
        -0.6314945816993713,
        1.015045166015625,
        1.131081223487854,
        0.07393002510070801
      ],
      [
        -0.2635708451271057,
        0.033496029675006866,
        -0.06964031606912613,
        -0.5941953063011169,
        0.9634377360343933,
        1.1440156698226929,
        0.07393987476825714
      ],
      [
        -0.2678043842315674,
        0.029274670407176018,
        -0.07056424021720886,
        -0.5534546971321106,
        0.9189807772636414,
        1.1496120691299438,
        0.07391005754470825
      ],
      [
        -0.2709672749042511,
        0.024505876004695892,
        -0.07124685496091843,
        -0.5384858846664429,
        0.8900439143180847,
        1.1534254550933838,
        0.07390733808279037
      ]
    ],