{
  "sample_name": "sample_000140",
  "payload_path": "/home/sunpeng/sp/umi_project/universal_manipulation_interface/pika_dataset/exports/episode79/sample_000140/payload_raw.json",
  "actions_path": "/home/sunpeng/sp/umi_project/universal_manipulation_interface/pika_dataset/exports/episode79/sample_000140/actions.json",
  "meta": {
    "start_index": 280,
    "obs_horizon": 2,
    "act_horizon": 16,
    "stride": 2,
    "obs_timestamps": [
      1776398614.8912706,
      1776398614.927764
    ],
    "action_timestamps": [
      1776398614.959612,
      1776398614.9913938,
      1776398615.0277956,
      1776398615.0595434,
      1776398615.0914145,
      1776398615.1277435,
      1776398615.159631,
      1776398615.1914208,
      1776398615.2277205,
      1776398615.2595081,
      1776398615.291319,
      1776398615.3277652,
      1776398615.3596466,
      1776398615.3913822,
      1776398615.427863,
      1776398615.459566
    ]
  },
  "payload_pose_validation": {
    "format": "xyz_quat_xyzw",
    "pose_shape": [
      2,
      7
    ],
    "init_pose_shape": [
      7
    ],
    "quat_norm_mean": 1.0,
    "quat_norm_min": 0.9999999999999999,
    "quat_norm_max": 1.0,
    "init_quat_norm": 0.9999999999999999
  },
  "inference": {
    "selected_arm": "arm_l",
    "checkpoint_path": "/home/sunpeng/sp/umi_project/universal_manipulation_interface/data/outputs/2026.04.20/16.30.06_train_diffusion_unet_timm_picknplace/checkpoints",
    "device": "cuda",
    "action_pred_shape": [
      16,
      10
    ],
    "env_action_shape": [
      16,
      7
    ]
  },
  "metrics": {
    "aligned_shape": [
      16,
      7
    ],
    "pred_shape": [
      16,
      7
    ],
    "target_shape": [
      16,
      7
    ],
    "position": {
      "mean_l2_error": 0.006213570013642311,
      "rmse_l2_error": 0.006764634046703577,
      "max_l2_error": 0.010255432687699795,
      "per_axis_mae": [
        0.001960933208465576,
        0.0021454868838191032,
        0.005087787285447121
      ],
      "per_axis_rmse": [
        0.002472237916663289,
        0.0026320284232497215,
        0.0057202051393687725
      ]
    },
    "rotation": {
      "mean_geodesic_rad": 0.021841514855623245,
      "rmse_geodesic_rad": 0.02581050805747509,
      "max_geodesic_rad": 0.04750044643878937,
      "mean_geodesic_deg": 1.2514266967773438,
      "rmse_geodesic_deg": 1.4788330793380737,
      "max_geodesic_deg": 2.7215750217437744
    },
    "gripper": {
      "mean_abs_error": 0.005388941150158644,
      "rmse": 0.0062305196188390255,
      "max_abs_error": 0.011779159307479858
    },
    "combined_legacy": {
      "mean_abs_error": 0.007217860780656338,
      "max_abs_error": 0.05066859722137451,
      "rmse": 0.011565383523702621
    },
    "pred_action_aligned": [
      [
        -0.23035430908203125,
        0.2098376303911209,
        -0.1333114355802536,
        -1.0193524360656738,
        1.205134391784668,
        1.0231337547302246,
        0.07200811803340912
      ],
      [
        -0.232097327709198,
        0.20709174871444702,
        -0.13222534954547882,
        -1.0234224796295166,
        1.2080851793289185,
        1.0419964790344238,
        0.07286397367715836
      ],
      [
        -0.23383170366287231,
        0.20609836280345917,
        -0.13138242065906525,
        -1.0314959287643433,
        1.2102397680282593,
        1.034721851348877,
        0.0734313428401947
      ],
      [
        -0.23028895258903503,
        0.20626908540725708,
        -0.13101857900619507,
        -1.035867691040039,
        1.210086703300476,
        1.0256775617599487,
        0.07320105284452438
      ],
      [
        -0.23122145235538483,
        0.20551010966300964,
        -0.13264213502407074,
        -1.0247122049331665,
        1.2066644430160522,
        1.0419588088989258,
        0.07310209423303604
      ],
      [
        -0.23124144971370697,
        0.20599715411663055,
        -0.13582226634025574,
        -1.030415654182434,
        1.2100028991699219,
        1.0458102226257324,
        0.07273668050765991
      ],
      [
        -0.2322937697172165,
        0.20468862354755402,
        -0.1404547244310379,
        -1.0291751623153687,
        1.200985074043274,
        1.0455900430679321,
        0.07287908345460892
      ],
      [
        -0.23243020474910736,
        0.2022225707769394,
        -0.14016999304294586,
        -1.030739188194275,
        1.1985015869140625,
        1.0437148809432983,
        0.07421199977397919
      ],
      [
        -0.2314145565032959,
        0.20231083035469055,
        -0.1368836611509323,
        -1.0377397537231445,
        1.1930980682373047,
        1.0499242544174194,
        0.08001810312271118
      ],
      [
        -0.2348857820034027,
        0.2076079100370407,
        -0.13652609288692474,
        -1.0103139877319336,
        1.186624526977539,
        1.0757906436920166,
        0.08884653449058533
      ],
      [
        -0.2330244481563568,
        0.20675474405288696,
        -0.1354098916053772,
        -1.0276515483856201,
        1.1747984886169434,
        1.0687326192855835,
        0.09507672488689423
      ],
      [
        -0.2330215871334076,
        0.20878738164901733,
        -0.13741955161094666,
        -1.0429028272628784,
        1.160857081413269,
        1.0695635080337524,
        0.09629008919000626
      ],
      [
        -0.23781625926494598,
        0.20565658807754517,
        -0.13605405390262604,
        -1.061019778251648,
        1.1604118347167969,
        1.0464448928833008,
        0.09532146900892258
      ],
      [
        -0.23645275831222534,
        0.2044769823551178,
        -0.1376551389694214,
        -1.0783424377441406,
        1.171269416809082,
        1.0450745820999146,
        0.09576305747032166
      ],
      [
        -0.23422212898731232,
        0.20194774866104126,
        -0.1390707939863205,
        -1.0799837112426758,
        1.167153000831604,
        1.0607175827026367,
        0.09542269259691238
      ],
      [
        -0.23672252893447876,
        0.2015906125307083,
        -0.13893301784992218,
        -1.0701584815979004,
        1.1583837270736694,
        1.0633057355880737,
        0.09566976130008698
      ]
    ],