{
  "sample_name": "sample_000085",
  "payload_path": "/home/sunpeng/sp/umi_project/universal_manipulation_interface/pika_dataset/exports/episode79/sample_000085/payload_raw.json",
  "actions_path": "/home/sunpeng/sp/umi_project/universal_manipulation_interface/pika_dataset/exports/episode79/sample_000085/actions.json",
  "meta": {
    "start_index": 170,
    "obs_horizon": 2,
    "act_horizon": 16,
    "stride": 2,
    "obs_timestamps": [
      1776398611.2276905,
      1776398611.2595031
    ],
    "action_timestamps": [
      1776398611.291446,
      1776398611.327706,
      1776398611.359543,
      1776398611.3912938,
      1776398611.4278135,
      1776398611.459492,
      1776398611.4913552,
      1776398611.5276787,
      1776398611.5596828,
      1776398611.59132,
      1776398611.6276617,
      1776398611.6594505,
      1776398611.6912773,
      1776398611.7277238,
      1776398611.7595322,
      1776398611.7913105
    ]
  },
  "payload_pose_validation": {
    "format": "xyz_quat_xyzw",
    "pose_shape": [
      2,
      7
    ],
    "init_pose_shape": [
      7
    ],
    "quat_norm_mean": 1.0,
    "quat_norm_min": 0.9999999999999999,
    "quat_norm_max": 1.0,
    "init_quat_norm": 0.9999999999999999
  },
  "inference": {
    "selected_arm": "arm_l",
    "checkpoint_path": "/home/sunpeng/sp/umi_project/universal_manipulation_interface/data/outputs/2026.04.20/16.30.06_train_diffusion_unet_timm_picknplace/checkpoints",
    "device": "cuda",
    "action_pred_shape": [
      16,
      10
    ],
    "env_action_shape": [
      16,
      7
    ]
  },
  "metrics": {
    "aligned_shape": [
      16,
      7
    ],
    "pred_shape": [
      16,
      7
    ],
    "target_shape": [
      16,
      7
    ],
    "position": {
      "mean_l2_error": 0.022963736206293106,
      "rmse_l2_error": 0.02885344810783863,
      "max_l2_error": 0.06023644655942917,
      "per_axis_mae": [
        0.007155139930546284,
        0.01883082278072834,
        0.009951257146894932
      ],
      "per_axis_rmse": [
        0.009656159207224846,
        0.023750288411974907,
        0.013236461207270622
      ]
    },
    "rotation": {
      "mean_geodesic_rad": 0.028576664626598358,
      "rmse_geodesic_rad": 0.03086789883673191,
      "max_geodesic_rad": 0.05201282724738121,
      "mean_geodesic_deg": 1.637322187423706,
      "rmse_geodesic_deg": 1.7686002254486084,
      "max_geodesic_deg": 2.9801154136657715
    },
    "gripper": {
      "mean_abs_error": 0.0002469685859978199,
      "rmse": 0.0003141153138130903,
      "max_abs_error": 0.0007625892758369446
    },
    "combined_legacy": {
      "mean_abs_error": 0.011017406359314919,
      "max_abs_error": 0.05690407752990723,
      "rmse": 0.016790924593806267
    },
    "pred_action_aligned": [
      [
        -0.25718954205513,
        0.02651892974972725,
        -0.07988771051168442,
        -0.6128712296485901,
        0.976598858833313,
        1.1706327199935913,
        0.07373543828725815
      ],
      [
        -0.2600013315677643,
        0.02486165426671505,
        -0.07757178694009781,
        -0.6050508618354797,
        0.9374651312828064,
        1.1739470958709717,
        0.07363094389438629
      ],
      [
        -0.26225683093070984,
        0.02230476588010788,
        -0.07623723894357681,
        -0.5951262712478638,
        0.9042832255363464,
        1.1801921129226685,
        0.07343804091215134
      ],
      [
        -0.2635149359703064,
        0.02243325300514698,
        -0.07635163515806198,
        -0.601219892501831,
        0.893879234790802,
        1.18307626247406,
        0.0734623596072197
      ],
      [
        -0.2640915513038635,
        0.023974310606718063,
        -0.07688728719949722,
        -0.5957614779472351,
        0.8922156095504761,
        1.1861698627471924,
        0.07352591305971146
      ],
      [
        -0.26551392674446106,
        0.02572174370288849,
        -0.07735375314950943,
        -0.6075317859649658,
        0.8881081342697144,
        1.1911147832870483,
        0.07373502105474472
      ],
      [
        -0.26370394229888916,
        0.027609320357441902,
        -0.07705368101596832,
        -0.6073161363601685,
        0.896075963973999,
        1.1810855865478516,
        0.07352004200220108
      ],
      [
        -0.26277655363082886,
        0.028198814019560814,
        -0.07425924390554428,
        -0.6154115200042725,
        0.8884044885635376,
        1.1819227933883667,
        0.07298991084098816
      ],
      [
        -0.2592830955982208,
        0.032215848565101624,
        -0.07034017145633698,
        -0.6017163395881653,
        0.8843310475349426,
        1.1817809343338013,
        0.0732710212469101
      ],
      [
        -0.2576694190502167,
        0.03314688056707382,
        -0.06381095200777054,
        -0.5902472138404846,
        0.8813618421554565,
        1.1937580108642578,
        0.07326395064592361
      ],
      [
        -0.25520890951156616,
        0.03266223520040512,
        -0.06024059280753136,
        -0.5833997130393982,
        0.8773946762084961,
        1.192291021347046,
        0.07314976304769516
      ],
      [
        -0.2542715072631836,
        0.03263311833143234,
        -0.05919107422232628,
        -0.5760397911071777,
        0.8748106360435486,
        1.1853433847427368,
        0.07319457083940506
      ],
      [
        -0.25323978066444397,
        0.036485809832811356,
        -0.05944281071424484,
        -0.5765697360038757,
        0.8513063192367554,
        1.1838001012802124,
        0.07316703349351883
      ],
      [
        -0.2521430253982544,
        0.04251328110694885,
        -0.06031406670808792,
        -0.5782732963562012,
        0.8454187512397766,
        1.192354679107666,
        0.0733974501490593
      ],
      [
        -0.24818746745586395,
        0.050400011241436005,
        -0.058801427483558655,
        -0.5843969583511353,
        0.8392536640167236,
        1.1939103603363037,
        0.07271362096071243
      ],
      [
        -0.24738970398902893,
        0.06291553378105164,
        -0.058561891317367554,
        -0.5996545553207397,
        0.8477713465690613,
        1.1967118978500366,
        0.07300540059804916
      ]
    ],