{
  "sample_name": "sample_000024",
  "payload_path": "/home/sunpeng/sp/umi_project/universal_manipulation_interface/pika_dataset/exports/episode79/sample_000024/payload_raw.json",
  "actions_path": "/home/sunpeng/sp/umi_project/universal_manipulation_interface/pika_dataset/exports/episode79/sample_000024/actions.json",
  "meta": {
    "start_index": 48,
    "obs_horizon": 2,
    "act_horizon": 16,
    "stride": 2,
    "obs_timestamps": [
      1776398607.1593602,
      1776398607.19125
    ],
    "action_timestamps": [
      1776398607.2216332,
      1776398607.2593372,
      1776398607.291238,
      1776398607.3216622,
      1776398607.3594024,
      1776398607.3913944,
      1776398607.4216921,
      1776398607.4594269,
      1776398607.491186,
      1776398607.521719,
      1776398607.5595014,
      1776398607.5912888,
      1776398607.6216593,
      1776398607.659422,
      1776398607.6911385,
      1776398607.721659
    ]
  },
  "payload_pose_validation": {
    "format": "xyz_quat_xyzw",
    "pose_shape": [
      2,
      7
    ],
    "init_pose_shape": [
      7
    ],
    "quat_norm_mean": 1.0,
    "quat_norm_min": 1.0,
    "quat_norm_max": 1.0,
    "init_quat_norm": 0.9999999999999999
  },
  "inference": {
    "selected_arm": "arm_l",
    "checkpoint_path": "/home/sunpeng/sp/umi_project/universal_manipulation_interface/data/outputs/2026.04.20/16.30.06_train_diffusion_unet_timm_picknplace/checkpoints",
    "device": "cuda",
    "action_pred_shape": [
      16,
      10
    ],
    "env_action_shape": [
      16,
      7
    ]
  },
  "metrics": {
    "aligned_shape": [
      16,
      7
    ],
    "pred_shape": [
      16,
      7
    ],
    "target_shape": [
      16,
      7
    ],
    "position": {
      "mean_l2_error": 0.0305757038295269,
      "rmse_l2_error": 0.03482252359390259,
      "max_l2_error": 0.05154648795723915,
      "per_axis_mae": [
        0.009527625516057014,
        0.017772113904356956,
        0.021574292331933975
      ],
      "per_axis_rmse": [
        0.010140216909348965,
        0.019505495205521584,
        0.027005920186638832
      ]
    },
    "rotation": {
      "mean_geodesic_rad": 0.17748013138771057,
      "rmse_geodesic_rad": 0.1970706582069397,
      "max_geodesic_rad": 0.26370614767074585,
      "mean_geodesic_deg": 10.168861389160156,
      "rmse_geodesic_deg": 11.291316032409668,
      "max_geodesic_deg": 15.109248161315918
    },
    "gripper": {
      "mean_abs_error": 0.00019261101260781288,
      "rmse": 0.0004272149526514113,
      "max_abs_error": 0.0015534907579421997
    },
    "combined_legacy": {
      "mean_abs_error": 0.04481697455048561,
      "max_abs_error": 0.19574886560440063,
      "rmse": 0.07815676927566528
    },
    "pred_action_aligned": [
      [
        -0.2528213560581207,
        -0.016791362315416336,
        -0.08721991628408432,
        -0.6982553601264954,
        1.0135046243667603,
        0.9162577986717224,
        0.09670703113079071
      ],
      [
        -0.25023165345191956,
        -0.011914126574993134,
        -0.0901636928319931,
        -0.7351004481315613,
        1.0451574325561523,
        0.926858127117157,
        0.09670703113079071
      ],
      [
        -0.24886813759803772,
        -0.0071643805131316185,
        -0.09446845948696136,
        -0.778944194316864,
        1.0775107145309448,
        0.9350070953369141,
        0.09670703113079071
      ],
      [
        -0.24781878292560577,
        -0.001448935829102993,
        -0.09927766025066376,
        -0.8044770359992981,
        1.1170997619628906,
        0.9389587640762329,
        0.09670703113079071
      ],
      [
        -0.24698877334594727,
        0.0038455333560705185,
        -0.10212039947509766,
        -0.8312621712684631,
        1.1490635871887207,
        0.9534117579460144,
        0.09670703113079071
      ],
      [
        -0.2435322403907776,
        0.007678559049963951,
        -0.10788646340370178,
        -0.878253698348999,
        1.1703262329101562,
        0.9433127641677856,
        0.09670703113079071
      ],
      [
        -0.2396199107170105,
        0.010432405397295952,
        -0.11295542120933533,
        -0.8999043703079224,
        1.2023591995239258,
        0.9380572438240051,
        0.09668239951133728
      ],
      [
        -0.23979492485523224,
        0.014358766376972198,
        -0.12203679978847504,
        -0.9387215375900269,
        1.2294769287109375,
        0.9404190182685852,
        0.09670703113079071
      ],
      [
        -0.23890212178230286,
        0.01818685419857502,
        -0.13048993051052094,
        -0.9676850438117981,
        1.259212613105774,
        0.9345299601554871,
        0.09669110178947449
      ],
      [
        -0.2376498132944107,
        0.02073082886636257,
        -0.13826575875282288,
        -0.9918693900108337,
        1.2754712104797363,
        0.934104859828949,
        0.09667369723320007
      ],
      [
        -0.23752383887767792,
        0.023753726854920387,
        -0.14672636985778809,
        -1.0191853046417236,
        1.2942068576812744,
        0.9297552704811096,
        0.09638763219118118
      ],
      [
        -0.2363281548023224,
        0.02689671330153942,
        -0.1511668562889099,
        -1.0340358018875122,
        1.2977169752120972,
        0.9320530891418457,
        0.09645150601863861
      ],
      [
        -0.23452085256576538,
        0.030629830434918404,
        -0.1553102433681488,
        -1.0381910800933838,
        1.2984533309936523,
        0.9337199330329895,
        0.0962856188416481
      ],
      [
        -0.23549146950244904,
        0.031215103343129158,
        -0.1580657660961151,
        -1.0578476190567017,
        1.3098878860473633,
        0.9326139688491821,
        0.09631204605102539
      ],
      [
        -0.2337879240512848,
        0.029158996418118477,
        -0.1580859124660492,
        -1.0617038011550903,
        1.3182127475738525,
        0.9284467101097107,
        0.0966440737247467
      ],
      [
        -0.23590543866157532,
        0.02973215840756893,
        -0.1587444692850113,
        -1.062545895576477,
        1.339006781578064,
        0.9258331060409546,
        0.09515354782342911
      ]
    ],