{
  "sample_name": "sample_000031",
  "payload_path": "/home/sunpeng/sp/umi_project/universal_manipulation_interface/pika_dataset/exports/episode79/sample_000031/payload_raw.json",
  "actions_path": "/home/sunpeng/sp/umi_project/universal_manipulation_interface/pika_dataset/exports/episode79/sample_000031/actions.json",
  "meta": {
    "start_index": 62,
    "obs_horizon": 2,
    "act_horizon": 16,
    "stride": 2,
    "obs_timestamps": [
      1776398607.6216593,
      1776398607.659422
    ],
    "action_timestamps": [
      1776398607.6911385,
      1776398607.721659,
      1776398607.7595112,
      1776398607.791254,
      1776398607.8216379,
      1776398607.8594265,
      1776398607.891235,
      1776398607.9215744,
      1776398607.9594307,
      1776398607.9913018,
      1776398608.0217173,
      1776398608.0594761,
      1776398608.091265,
      1776398608.1216795,
      1776398608.159439,
      1776398608.191332
    ]
  },
  "payload_pose_validation": {
    "format": "xyz_quat_xyzw",
    "pose_shape": [
      2,
      7
    ],
    "init_pose_shape": [
      7
    ],
    "quat_norm_mean": 1.0,
    "quat_norm_min": 0.9999999999999999,
    "quat_norm_max": 1.0,
    "init_quat_norm": 0.9999999999999999
  },
  "inference": {
    "selected_arm": "arm_l",
    "checkpoint_path": "/home/sunpeng/sp/umi_project/universal_manipulation_interface/data/outputs/2026.04.20/16.30.06_train_diffusion_unet_timm_picknplace/checkpoints",
    "device": "cuda",
    "action_pred_shape": [
      16,
      10
    ],
    "env_action_shape": [
      16,
      7
    ]
  },
  "metrics": {
    "aligned_shape": [
      16,
      7
    ],
    "pred_shape": [
      16,
      7
    ],
    "target_shape": [
      16,
      7
    ],
    "position": {
      "mean_l2_error": 0.007940766401588917,
      "rmse_l2_error": 0.008463009260594845,
      "max_l2_error": 0.014815904200077057,
      "per_axis_mae": [
        0.0035704951733350754,
        0.003457692451775074,
        0.005231698974967003
      ],
      "per_axis_rmse": [
        0.004147395025938749,
        0.003978054970502853,
        0.006212626118212938
      ]
    },
    "rotation": {
      "mean_geodesic_rad": 0.053927354514598846,
      "rmse_geodesic_rad": 0.05904513597488403,
      "max_geodesic_rad": 0.09306304156780243,
      "mean_geodesic_deg": 3.0898098945617676,
      "rmse_geodesic_deg": 3.3830368518829346,
      "max_geodesic_deg": 5.332118988037109
    },
    "gripper": {
      "mean_abs_error": 0.00016782386228442192,
      "rmse": 0.0002730472479015589,
      "max_abs_error": 0.0006822645664215088
    },
    "combined_legacy": {
      "mean_abs_error": 0.014614485204219818,
      "max_abs_error": 0.060756564140319824,
      "rmse": 0.02286694571375847
    },
    "pred_action_aligned": [
      [
        -0.244927778840065,
        0.004169296007603407,
        -0.11742094904184341,
        -0.8620603680610657,
        1.135502815246582,
        0.9270976781845093,
        0.09670703113079071
      ],
      [
        -0.24277585744857788,
        0.0050331000238657,
        -0.12215466052293777,
        -0.8906867504119873,
        1.1512501239776611,
        0.9353623390197754,
        0.09670703113079071
      ],
      [
        -0.2368782013654709,
        0.0060624717734754086,
        -0.13291306793689728,
        -0.9311631321907043,
        1.1818089485168457,
        0.9461901783943176,
        0.09670703113079071
      ],
      [
        -0.24107049405574799,
        0.016054825857281685,
        -0.13186976313591003,
        -0.9289432168006897,
        1.186396598815918,
        0.932876467704773,
        0.09670703113079071
      ],
      [
        -0.2362428456544876,
        0.016453009098768234,
        -0.13665169477462769,
        -0.9596882462501526,
        1.187816858291626,
        0.9492986798286438,
        0.09670703113079071
      ],
      [
        -0.2364443987607956,
        0.020418938249349594,
        -0.13517984747886658,
        -0.9743638634681702,
        1.1973198652267456,
        0.9556707739830017,
        0.09655863046646118
      ],
      [
        -0.2351055145263672,
        0.022620704025030136,
        -0.13853240013122559,
        -0.9881311655044556,
        1.2170805931091309,
        0.9569479823112488,
        0.09652988612651825
      ],
      [
        -0.23496896028518677,
        0.02383948117494583,
        -0.14014458656311035,
        -1.0038471221923828,
        1.2256931066513062,
        0.9529685974121094,
        0.09654295444488525
      ],
      [
        -0.2350914478302002,
        0.02620593085885048,
        -0.14394016563892365,
        -1.0308912992477417,
        1.255874514579773,
        0.9532407522201538,
        0.0965651422739029
      ],
      [
        -0.23297785222530365,
        0.027500730007886887,
        -0.14513984322547913,
        -1.0406156778335571,
        1.2596267461776733,
        0.9725511074066162,
        0.09608703851699829
      ],
      [
        -0.2344520539045334,
        0.023986302316188812,
        -0.14698275923728943,
        -1.0268484354019165,
        1.2756379842758179,
        0.9598461985588074,
        0.09641014784574509
      ],
      [
        -0.23722302913665771,
        0.029237035661935806,
        -0.14438365399837494,
        -1.0018779039382935,
        1.2738902568817139,
        0.9660093784332275,
        0.09670703113079071
      ],
      [
        -0.23584258556365967,
        0.025454595685005188,
        -0.15432581305503845,
        -1.0480077266693115,
        1.2871476411819458,
        0.9488207697868347,
        0.0960247740149498
      ],
      [
        -0.2322777509689331,
        0.026521343737840652,
        -0.14604832231998444,
        -1.0176156759262085,
        1.2783807516098022,
        0.9780963659286499,
        0.09631993621587753
      ],
      [
        -0.23275037109851837,
        0.029980719089508057,
        -0.14957787096500397,
        -1.010485291481018,
        1.2876148223876953,
        0.9804953932762146,
        0.09670703113079071
      ],
      [
        -0.23591206967830658,
        0.028368379920721054,
        -0.14758431911468506,
        -1.0060383081436157,
        1.2969613075256348,
        0.9859184622764587,
        0.0966397076845169
      ]
    ],