{
  "sample_name": "sample_000029",
  "payload_path": "/home/sunpeng/sp/umi_project/universal_manipulation_interface/pika_dataset/exports/episode79/sample_000029/payload_raw.json",
  "actions_path": "/home/sunpeng/sp/umi_project/universal_manipulation_interface/pika_dataset/exports/episode79/sample_000029/actions.json",
  "meta": {
    "start_index": 58,
    "obs_horizon": 2,
    "act_horizon": 16,
    "stride": 2,
    "obs_timestamps": [
      1776398607.491186,
      1776398607.521719
    ],
    "action_timestamps": [
      1776398607.5595014,
      1776398607.5912888,
      1776398607.6216593,
      1776398607.659422,
      1776398607.6911385,
      1776398607.721659,
      1776398607.7595112,
      1776398607.791254,
      1776398607.8216379,
      1776398607.8594265,
      1776398607.891235,
      1776398607.9215744,
      1776398607.9594307,
      1776398607.9913018,
      1776398608.0217173,
      1776398608.0594761
    ]
  },
  "payload_pose_validation": {
    "format": "xyz_quat_xyzw",
    "pose_shape": [
      2,
      7
    ],
    "init_pose_shape": [
      7
    ],
    "quat_norm_mean": 1.0,
    "quat_norm_min": 1.0,
    "quat_norm_max": 1.0,
    "init_quat_norm": 0.9999999999999999
  },
  "inference": {
    "selected_arm": "arm_l",
    "checkpoint_path": "/home/sunpeng/sp/umi_project/universal_manipulation_interface/data/outputs/2026.04.20/16.30.06_train_diffusion_unet_timm_picknplace/checkpoints",
    "device": "cuda",
    "action_pred_shape": [
      16,
      10
    ],
    "env_action_shape": [
      16,
      7
    ]
  },
  "metrics": {
    "aligned_shape": [
      16,
      7
    ],
    "pred_shape": [
      16,
      7
    ],
    "target_shape": [
      16,
      7
    ],
    "position": {
      "mean_l2_error": 0.009314090013504028,
      "rmse_l2_error": 0.009816954843699932,
      "max_l2_error": 0.014198021963238716,
      "per_axis_mae": [
        0.005969353020191193,
        0.0059301722794771194,
        0.0031684385612607002
      ],
      "per_axis_rmse": [
        0.006396671291440725,
        0.006364546250551939,
        0.003866231068968773
      ]
    },
    "rotation": {
      "mean_geodesic_rad": 0.08006299287080765,
      "rmse_geodesic_rad": 0.08586875349283218,
      "max_geodesic_rad": 0.11235511302947998,
      "mean_geodesic_deg": 4.587271213531494,
      "rmse_geodesic_deg": 4.91991662979126,
      "max_geodesic_deg": 6.437473297119141
    },
    "gripper": {
      "mean_abs_error": 3.8221944123506546e-05,
      "rmse": 8.266822260338813e-05,
      "max_abs_error": 0.00026097148656845093
    },
    "combined_legacy": {
      "mean_abs_error": 0.01627158932387829,
      "max_abs_error": 0.11926102638244629,
      "rmse": 0.03470907732844353
    },
    "pred_action_aligned": [
      [
        -0.24963460862636566,
        -0.004018494859337807,
        -0.10712479054927826,
        -0.7898650765419006,
        1.095861792564392,
        0.9311198592185974,
        0.09670703113079071
      ],
      [
        -0.24646665155887604,
        0.0018130263779312372,
        -0.11178286373615265,
        -0.8183573484420776,
        1.1152626276016235,
        0.9336681365966797,
        0.09667301177978516
      ],
      [
        -0.24412435293197632,
        0.006185470148921013,
        -0.11425887048244476,
        -0.8420001268386841,
        1.1494725942611694,
        0.9345868229866028,
        0.09670703113079071
      ],
      [
        -0.24274766445159912,
        0.008200450800359249,
        -0.1198202595114708,
        -0.8604145646095276,
        1.1825624704360962,
        0.9358589053153992,
        0.09661106020212173
      ],
      [
        -0.24035286903381348,
        0.011984786950051785,
        -0.12387904524803162,
        -0.8810825347900391,
        1.2162400484085083,
        0.9365411400794983,
        0.09670703113079071
      ],
      [
        -0.24096722900867462,
        0.014509637840092182,
        -0.12811599671840668,
        -0.8897250890731812,
        1.2486085891723633,
        0.9359779953956604,
        0.09665406495332718
      ],
      [
        -0.23750907182693481,
        0.01619073934853077,
        -0.1292494833469391,
        -0.9034329652786255,
        1.2639482021331787,
        0.9420185685157776,
        0.09670703113079071
      ],
      [
        -0.23641657829284668,
        0.01707354560494423,
        -0.13213221728801727,
        -0.9170219302177429,
        1.2807092666625977,
        0.9456892609596252,
        0.09670703113079071
      ],
      [
        -0.23592759668827057,
        0.01837497018277645,
        -0.13332420587539673,
        -0.9298224449157715,
        1.2920050621032715,
        0.9360328316688538,
        0.09653951972723007
      ],
      [
        -0.23452270030975342,
        0.021368976682424545,
        -0.13594239950180054,
        -0.9417285919189453,
        1.2941672801971436,
        0.9299581050872803,
        0.09670703113079071
      ],
      [
        -0.23352745175361633,
        0.023519132286310196,
        -0.13734851777553558,
        -0.9577301740646362,
        1.292926549911499,
        0.932860791683197,
        0.09670703113079071
      ],
      [
        -0.23271094262599945,
        0.02589038759469986,
        -0.13743920624256134,
        -0.9700814485549927,
        1.288926362991333,
        0.9424010515213013,
        0.09670703113079071
      ],
      [
        -0.2309381067752838,
        0.028569992631673813,
        -0.13633659482002258,
        -0.9710331559181213,
        1.295515537261963,
        0.9390168786048889,
        0.09670703113079071
      ],
      [
        -0.23247088491916656,
        0.030196700245141983,
        -0.137783482670784,
        -0.981918215751648,
        1.305675745010376,
        0.949968695640564,
        0.09670703113079071
      ],
      [
        -0.22880801558494568,
        0.032759446650743484,
        -0.13580293953418732,
        -0.9864935874938965,
        1.3199131488800049,
        0.9385437965393066,
        0.09670703113079071
      ],
      [
        -0.22786495089530945,
        0.03330822288990021,
        -0.136317178606987,
        -0.9919535517692566,
        1.326289415359497,
        0.9360126852989197,
        0.09644606709480286
      ]
    ],