{
  "sample_name": "sample_000028",
  "payload_path": "/home/sunpeng/sp/umi_project/universal_manipulation_interface/pika_dataset/exports/episode79/sample_000028/payload_raw.json",
  "actions_path": "/home/sunpeng/sp/umi_project/universal_manipulation_interface/pika_dataset/exports/episode79/sample_000028/actions.json",
  "meta": {
    "start_index": 56,
    "obs_horizon": 2,
    "act_horizon": 16,
    "stride": 2,
    "obs_timestamps": [
      1776398607.4216921,
      1776398607.4594269
    ],
    "action_timestamps": [
      1776398607.491186,
      1776398607.521719,
      1776398607.5595014,
      1776398607.5912888,
      1776398607.6216593,
      1776398607.659422,
      1776398607.6911385,
      1776398607.721659,
      1776398607.7595112,
      1776398607.791254,
      1776398607.8216379,
      1776398607.8594265,
      1776398607.891235,
      1776398607.9215744,
      1776398607.9594307,
      1776398607.9913018
    ]
  },
  "payload_pose_validation": {
    "format": "xyz_quat_xyzw",
    "pose_shape": [
      2,
      7
    ],
    "init_pose_shape": [
      7
    ],
    "quat_norm_mean": 0.9999999999999998,
    "quat_norm_min": 0.9999999999999998,
    "quat_norm_max": 0.9999999999999999,
    "init_quat_norm": 0.9999999999999999
  },
  "inference": {
    "selected_arm": "arm_l",
    "checkpoint_path": "/home/sunpeng/sp/umi_project/universal_manipulation_interface/data/outputs/2026.04.20/16.30.06_train_diffusion_unet_timm_picknplace/checkpoints",
    "device": "cuda",
    "action_pred_shape": [
      16,
      10
    ],
    "env_action_shape": [
      16,
      7
    ]
  },
  "metrics": {
    "aligned_shape": [
      16,
      7
    ],
    "pred_shape": [
      16,
      7
    ],
    "target_shape": [
      16,
      7
    ],
    "position": {
      "mean_l2_error": 0.01679985225200653,
      "rmse_l2_error": 0.01934933289885521,
      "max_l2_error": 0.03015882894396782,
      "per_axis_mae": [
        0.004655633121728897,
        0.006882912945002317,
        0.014367806725203991
      ],
      "per_axis_rmse": [
        0.005535620264708996,
        0.007935096509754658,
        0.016756724566221237
      ]
    },
    "rotation": {
      "mean_geodesic_rad": 0.12371686846017838,
      "rmse_geodesic_rad": 0.1325700730085373,
      "max_geodesic_rad": 0.1662760227918625,
      "mean_geodesic_deg": 7.088454246520996,
      "rmse_geodesic_deg": 7.595705032348633,
      "max_geodesic_deg": 9.5269136428833
    },
    "gripper": {
      "mean_abs_error": 1.2439209967851639e-05,
      "rmse": 2.5198893126798794e-05,
      "max_abs_error": 7.184594869613647e-05
    },
    "combined_legacy": {
      "mean_abs_error": 0.031218040734529495,
      "max_abs_error": 0.16406047344207764,
      "rmse": 0.054345373064279556
    },
    "pred_action_aligned": [
      [
        -0.2509845495223999,
        -0.00530226668342948,
        -0.10430116951465607,
        -0.790669858455658,
        1.0805011987686157,
        0.927601158618927,
        0.09670703113079071
      ],
      [
        -0.2475346326828003,
        0.00045803003013134,
        -0.11299697309732437,
        -0.8314433693885803,
        1.1128984689712524,
        0.9268566370010376,
        0.09665122628211975
      ],
      [
        -0.24530035257339478,
        0.005335799418389797,
        -0.12042409181594849,
        -0.8694524765014648,
        1.150122880935669,
        0.9249107837677002,
        0.09670703113079071
      ],
      [
        -0.24271699786186218,
        0.008812378160655499,
        -0.1275712251663208,
        -0.9076418280601501,
        1.1818413734436035,
        0.9228900671005249,
        0.09670431911945343
      ],
      [
        -0.24131712317466736,
        0.012442423962056637,
        -0.13387705385684967,
        -0.9413761496543884,
        1.2116729021072388,
        0.9159165620803833,
        0.09667985886335373
      ],
      [
        -0.23937992751598358,
        0.015369265340268612,
        -0.14072826504707336,
        -0.967409610748291,
        1.2442927360534668,
        0.9020175337791443,
        0.09670703113079071
      ],
      [
        -0.23789530992507935,
        0.01740822196006775,
        -0.144311785697937,
        -0.9775193929672241,
        1.2658733129501343,
        0.889207661151886,
        0.09670703113079071
      ],
      [
        -0.236605703830719,
        0.02028798684477806,
        -0.14665928483009338,
        -0.990196943283081,
        1.2872456312179565,
        0.885681688785553,
        0.09667450934648514
      ],
      [
        -0.23656272888183594,
        0.02177714928984642,
        -0.14778348803520203,
        -0.9926871061325073,
        1.3061710596084595,
        0.881740927696228,
        0.09669817239046097
      ],
      [
        -0.23696820437908173,
        0.022684190422296524,
        -0.14881329238414764,
        -0.9919270873069763,
        1.3212052583694458,
        0.8811616897583008,
        0.09663519263267517
      ],
      [
        -0.23789390921592712,
        0.022319313138723373,
        -0.14903263747692108,
        -0.9893323183059692,
        1.3368045091629028,
        0.8805912733078003,
        0.09670703113079071
      ],
      [
        -0.23821276426315308,
        0.021902941167354584,
        -0.14821378886699677,
        -0.985103964805603,
        1.3402436971664429,
        0.8817700743675232,
        0.09670703113079071
      ],
      [
        -0.2395065724849701,
        0.021952524781227112,
        -0.14722734689712524,
        -0.9810961484909058,
        1.347354531288147,
        0.8849712610244751,
        0.09670703113079071
      ],
      [
        -0.23972772061824799,
        0.02102253958582878,
        -0.1428677886724472,
        -0.9774535298347473,
        1.3435263633728027,
        0.8894144296646118,
        0.09670703113079071
      ],
      [
        -0.23947758972644806,
        0.021161459386348724,
        -0.13907384872436523,
        -0.9686905741691589,
        1.343061923980713,
        0.8998357057571411,
        0.09670703113079071
      ],
      [
        -0.24098308384418488,
        0.02059914544224739,
        -0.13612018525600433,
        -0.9572881460189819,
        1.3401505947113037,
        0.9074469208717346,
        0.09670703113079071
      ]
    ],