{
  "sample_name": "sample_000019",
  "payload_path": "/home/sunpeng/sp/umi_project/universal_manipulation_interface/pika_dataset/exports/episode79/sample_000019/payload_raw.json",
  "actions_path": "/home/sunpeng/sp/umi_project/universal_manipulation_interface/pika_dataset/exports/episode79/sample_000019/actions.json",
  "meta": {
    "start_index": 38,
    "obs_horizon": 2,
    "act_horizon": 16,
    "stride": 2,
    "obs_timestamps": [
      1776398606.8216267,
      1776398606.859708
    ],
    "action_timestamps": [
      1776398606.8911812,
      1776398606.921649,
      1776398606.9595206,
      1776398606.9912298,
      1776398607.0216267,
      1776398607.0593703,
      1776398607.0912151,
      1776398607.1215694,
      1776398607.1593602,
      1776398607.19125,
      1776398607.2216332,
      1776398607.2593372,
      1776398607.291238,
      1776398607.3216622,
      1776398607.3594024,
      1776398607.3913944
    ]
  },
  "payload_pose_validation": {
    "format": "xyz_quat_xyzw",
    "pose_shape": [
      2,
      7
    ],
    "init_pose_shape": [
      7
    ],
    "quat_norm_mean": 1.0,
    "quat_norm_min": 1.0,
    "quat_norm_max": 1.0,
    "init_quat_norm": 0.9999999999999999
  },
  "inference": {
    "selected_arm": "arm_l",
    "checkpoint_path": "/home/sunpeng/sp/umi_project/universal_manipulation_interface/data/outputs/2026.04.20/16.30.06_train_diffusion_unet_timm_picknplace/checkpoints",
    "device": "cuda",
    "action_pred_shape": [
      16,
      10
    ],
    "env_action_shape": [
      16,
      7
    ]
  },
  "metrics": {
    "aligned_shape": [
      16,
      7
    ],
    "pred_shape": [
      16,
      7
    ],
    "target_shape": [
      16,
      7
    ],
    "position": {
      "mean_l2_error": 0.03280971944332123,
      "rmse_l2_error": 0.03926258534193039,
      "max_l2_error": 0.06631820648908615,
      "per_axis_mae": [
        0.015035081654787064,
        0.017856115475296974,
        0.022125370800495148
      ],
      "per_axis_rmse": [
        0.01711398921906948,
        0.020551376044750214,
        0.028745487332344055
      ]
    },
    "rotation": {
      "mean_geodesic_rad": 0.19676034152507782,
      "rmse_geodesic_rad": 0.22807577252388,
      "max_geodesic_rad": 0.32571402192115784,
      "mean_geodesic_deg": 11.273536682128906,
      "rmse_geodesic_deg": 13.067778587341309,
      "max_geodesic_deg": 18.662036895751953
    },
    "gripper": {
      "mean_abs_error": 0.0002931184135377407,
      "rmse": 0.0003743299748748541,
      "max_abs_error": 0.0008259192109107971
    },
    "combined_legacy": {
      "mean_abs_error": 0.0509103462100029,
      "max_abs_error": 0.2579303979873657,
      "rmse": 0.09125442057847977
    },
    "pred_action_aligned": [
      [
        -0.2597001791000366,
        -0.030438371002674103,
        -0.07860658317804337,
        -0.5990039110183716,
        0.9123479723930359,
        0.9008820056915283,
        0.09670703113079071
      ],
      [
        -0.2568804621696472,
        -0.026872102171182632,
        -0.07775304466485977,
        -0.6270714402198792,
        0.9291078448295593,
        0.90364009141922,
        0.0964648574590683
      ],
      [
        -0.25294047594070435,
        -0.02093178778886795,
        -0.07674700021743774,
        -0.6636331081390381,
        0.9538337588310242,
        0.9071196913719177,
        0.09664984047412872
      ],
      [
        -0.24877512454986572,
        -0.01829104870557785,
        -0.07995101809501648,
        -0.6963323354721069,
        0.9860281944274902,
        0.9027097225189209,
        0.09652866423130035
      ],
      [
        -0.24861924350261688,
        -0.012632278725504875,
        -0.08463138341903687,
        -0.7252988219261169,
        1.0132825374603271,
        0.9044350981712341,
        0.09656505286693573
      ],
      [
        -0.2456570565700531,
        -0.008566349744796753,
        -0.08896434307098389,
        -0.7482052445411682,
        1.0432565212249756,
        0.9033491015434265,
        0.0966581404209137
      ],
      [
        -0.24349071085453033,
        -0.004733378067612648,
        -0.09496750682592392,
        -0.791007399559021,
        1.0769398212432861,
        0.9058135747909546,
        0.09658782184123993
      ],
      [
        -0.2405107170343399,
        -0.0006885435432195663,
        -0.10272225737571716,
        -0.8273720145225525,
        1.124007225036621,
        0.9023925065994263,
        0.0965166985988617
      ],
      [
        -0.23848888278007507,
        0.0027101878076791763,
        -0.1108933687210083,
        -0.8612783551216125,
        1.1649125814437866,
        0.9009792804718018,
        0.09658703207969666
      ],
      [
        -0.23603485524654388,
        0.005608158186078072,
        -0.1191113069653511,
        -0.9004393815994263,
        1.1965556144714355,
        0.8990467190742493,
        0.09644816070795059
      ],
      [
        -0.23386992514133453,
        0.008211174979805946,
        -0.1258426010608673,
        -0.9333568215370178,
        1.222237467765808,
        0.8987931609153748,
        0.09636101871728897
      ],
      [
        -0.23163044452667236,
        0.011428793892264366,
        -0.13096630573272705,
        -0.9661953449249268,
        1.2455635070800781,
        0.8962024450302124,
        0.09627854824066162
      ],
      [
        -0.23168382048606873,
        0.014412323012948036,
        -0.13826416432857513,
        -0.9802396297454834,
        1.259031057357788,
        0.9076966047286987,
        0.0961538553237915
      ],
      [
        -0.22921636700630188,
        0.01740720309317112,
        -0.14257895946502686,
        -0.9948583841323853,
        1.2709919214248657,
        0.9107604622840881,
        0.0960579663515091
      ],
      [
        -0.22836776077747345,
        0.019144659861922264,
        -0.1462811827659607,
        -1.0104728937149048,
        1.2690237760543823,
        0.9199050664901733,
        0.09617691487073898
      ],
      [
        -0.2261430323123932,
        0.023158157244324684,
        -0.15191271901130676,
        -1.017005443572998,
        1.2673856019973755,
        0.9280324578285217,
        0.09588111937046051
      ]
    ],