{
  "sample_name": "sample_000144",
  "payload_path": "/home/sunpeng/sp/umi_project/universal_manipulation_interface/pika_dataset/exports/episode79/sample_000144/payload_raw.json",
  "actions_path": "/home/sunpeng/sp/umi_project/universal_manipulation_interface/pika_dataset/exports/episode79/sample_000144/actions.json",
  "meta": {
    "start_index": 288,
    "obs_horizon": 2,
    "act_horizon": 16,
    "stride": 2,
    "obs_timestamps": [
      1776398615.159631,
      1776398615.1914208
    ],
    "action_timestamps": [
      1776398615.2277205,
      1776398615.2595081,
      1776398615.291319,
      1776398615.3277652,
      1776398615.3596466,
      1776398615.3913822,
      1776398615.427863,
      1776398615.459566,
      1776398615.4913282,
      1776398615.5277436,
      1776398615.559781,
      1776398615.5914643,
      1776398615.6278827,
      1776398615.6595488,
      1776398615.6913557,
      1776398615.7277908
    ]
  },
  "payload_pose_validation": {
    "format": "xyz_quat_xyzw",
    "pose_shape": [
      2,
      7
    ],
    "init_pose_shape": [
      7
    ],
    "quat_norm_mean": 1.0,
    "quat_norm_min": 0.9999999999999999,
    "quat_norm_max": 1.0,
    "init_quat_norm": 0.9999999999999999
  },
  "inference": {
    "selected_arm": "arm_l",
    "checkpoint_path": "/home/sunpeng/sp/umi_project/universal_manipulation_interface/data/outputs/2026.04.20/16.30.06_train_diffusion_unet_timm_picknplace/checkpoints",
    "device": "cuda",
    "action_pred_shape": [
      16,
      10
    ],
    "env_action_shape": [
      16,
      7
    ]
  },
  "metrics": {
    "aligned_shape": [
      16,
      7
    ],
    "pred_shape": [
      16,
      7
    ],
    "target_shape": [
      16,
      7
    ],
    "position": {
      "mean_l2_error": 0.00975855067372322,
      "rmse_l2_error": 0.011687303893268108,
      "max_l2_error": 0.02696148306131363,
      "per_axis_mae": [
        0.0035233628004789352,
        0.004893150180578232,
        0.006066312547773123
      ],
      "per_axis_rmse": [
        0.003930993843823671,
        0.0053428239189088345,
        0.009622607380151749
      ]
    },
    "rotation": {
      "mean_geodesic_rad": 0.036274079233407974,
      "rmse_geodesic_rad": 0.04331314191222191,
      "max_geodesic_rad": 0.09195080399513245,
      "mean_geodesic_deg": 2.0783514976501465,
      "rmse_geodesic_deg": 2.4816601276397705,
      "max_geodesic_deg": 5.268392562866211
    },
    "gripper": {
      "mean_abs_error": 0.0019752783700823784,
      "rmse": 0.0021401464473456144,
      "max_abs_error": 0.0036443620920181274
    },
    "combined_legacy": {
      "mean_abs_error": 0.010884292423725128,
      "max_abs_error": 0.07598412036895752,
      "rmse": 0.018719293177127838
    },
    "pred_action_aligned": [
      [
        -0.23198851943016052,
        0.20259712636470795,
        -0.1258780062198639,
        -1.0411584377288818,
        1.1262924671173096,
        0.986795961856842,
        0.08556380867958069
      ],
      [
        -0.23365518450737,
        0.20654353499412537,
        -0.12841349840164185,
        -1.0393458604812622,
        1.1726832389831543,
        1.0067622661590576,
        0.091073177754879
      ],
      [
        -0.2345212697982788,
        0.20540541410446167,
        -0.13260377943515778,
        -1.0660903453826904,
        1.1831169128417969,
        0.9873287081718445,
        0.09035495668649673
      ],
      [
        -0.2332945466041565,
        0.1986357867717743,
        -0.13319434225559235,
        -1.0398410558700562,
        1.1898497343063354,
        1.0247794389724731,
        0.0904030054807663
      ],
      [
        -0.23595799505710602,
        0.20029112696647644,
        -0.13097085058689117,
        -1.0418461561203003,
        1.1782288551330566,
        1.0535120964050293,
        0.08873114734888077
      ],
      [
        -0.23877938091754913,
        0.20053760707378387,
        -0.13243043422698975,
        -1.042470097541809,
        1.1839380264282227,
        1.0330835580825806,
        0.09373518824577332
      ],
      [
        -0.23674465715885162,
        0.20079165697097778,
        -0.12883053719997406,
        -1.0615533590316772,
        1.1739728450775146,
        1.0485628843307495,
        0.09473313391208649
      ],
      [
        -0.23870575428009033,
        0.20251472294330597,
        -0.12809795141220093,
        -1.0417317152023315,
        1.1700735092163086,
        1.0557589530944824,
        0.0949661061167717
      ],
      [
        -0.2399984449148178,
        0.2004683017730713,
        -0.1256592869758606,
        -1.044392466545105,
        1.1730332374572754,
        1.05522620677948,
        0.0948486253619194
      ],
      [
        -0.23829056322574615,
        0.2011059820652008,
        -0.13039670884609222,
        -1.0286238193511963,
        1.1809718608856201,
        1.0675249099731445,
        0.09479054808616638
      ],
      [
        -0.23846106231212616,
        0.20116478204727173,
        -0.13149777054786682,
        -1.0412869453430176,
        1.2062113285064697,
        1.0699350833892822,
        0.09429766982793808
      ],
      [
        -0.2403724193572998,
        0.20297253131866455,
        -0.12668801844120026,
        -1.042954921722412,
        1.1961551904678345,
        1.0681194067001343,
        0.09458152949810028
      ],
      [
        -0.23902945220470428,
        0.2031707763671875,
        -0.12305928021669388,
        -1.0483932495117188,
        1.1907774209976196,
        1.0817161798477173,
        0.09432835131883621
      ],
      [
        -0.2331840693950653,
        0.2046281397342682,
        -0.1189299002289772,
        -1.034572958946228,
        1.1710432767868042,
        1.0891163349151611,
        0.09485678374767303
      ],
      [
        -0.24032393097877502,
        0.20778237283229828,
        -0.10342711955308914,
        -1.0247710943222046,
        1.1068898439407349,
        1.0968539714813232,
        0.09503936022520065
      ],
      [
        -0.23391059041023254,
        0.20447655022144318,
        -0.10136950016021729,
        -0.9457122087478638,
        1.1171395778656006,
        1.1267155408859253,
        0.09557168185710907
      ]
    ],