{
  "sample_name": "sample_000079",
  "payload_path": "/home/sunpeng/sp/umi_project/universal_manipulation_interface/pika_dataset/exports/episode79/sample_000079/payload_raw.json",
  "actions_path": "/home/sunpeng/sp/umi_project/universal_manipulation_interface/pika_dataset/exports/episode79/sample_000079/actions.json",
  "meta": {
    "start_index": 158,
    "obs_horizon": 2,
    "act_horizon": 16,
    "stride": 2,
    "obs_timestamps": [
      1776398610.827731,
      1776398610.8594959
    ],
    "action_timestamps": [
      1776398610.8913648,
      1776398610.9276855,
      1776398610.9595253,
      1776398610.9913523,
      1776398611.0277302,
      1776398611.0596073,
      1776398611.091327,
      1776398611.12784,
      1776398611.1594741,
      1776398611.1913004,
      1776398611.2276905,
      1776398611.2595031,
      1776398611.291446,
      1776398611.327706,
      1776398611.359543,
      1776398611.3912938
    ]
  },
  "payload_pose_validation": {
    "format": "xyz_quat_xyzw",
    "pose_shape": [
      2,
      7
    ],
    "init_pose_shape": [
      7
    ],
    "quat_norm_mean": 1.0,
    "quat_norm_min": 1.0,
    "quat_norm_max": 1.0,
    "init_quat_norm": 0.9999999999999999
  },
  "inference": {
    "selected_arm": "arm_l",
    "checkpoint_path": "/home/sunpeng/sp/umi_project/universal_manipulation_interface/data/outputs/2026.04.20/16.30.06_train_diffusion_unet_timm_picknplace/checkpoints",
    "device": "cuda",
    "action_pred_shape": [
      16,
      10
    ],
    "env_action_shape": [
      16,
      7
    ]
  },
  "metrics": {
    "aligned_shape": [
      16,
      7
    ],
    "pred_shape": [
      16,
      7
    ],
    "target_shape": [
      16,
      7
    ],
    "position": {
      "mean_l2_error": 0.011860037222504616,
      "rmse_l2_error": 0.015338610857725143,
      "max_l2_error": 0.032566312700510025,
      "per_axis_mae": [
        0.0026609133929014206,
        0.0030567478388547897,
        0.010437052696943283
      ],
      "per_axis_rmse": [
        0.003806993132457137,
        0.00335841067135334,
        0.014474145136773586
      ]
    },
    "rotation": {
      "mean_geodesic_rad": 0.11517709493637085,
      "rmse_geodesic_rad": 0.12205838412046432,
      "max_geodesic_rad": 0.1623857021331787,
      "mean_geodesic_deg": 6.599160671234131,
      "rmse_geodesic_deg": 6.993429660797119,
      "max_geodesic_deg": 9.304015159606934
    },
    "gripper": {
      "mean_abs_error": 0.001207627821713686,
      "rmse": 0.0016457533929497004,
      "max_abs_error": 0.0044950395822525024
    },
    "combined_legacy": {
      "mean_abs_error": 0.030673185363411903,
      "max_abs_error": 0.1647094488143921,
      "rmse": 0.050781115889549255
    },
    "pred_action_aligned": [
      [
        -0.2476237416267395,
        0.04031134024262428,
        -0.09537989646196365,
        -0.7932118773460388,
        1.1610081195831299,
        1.1058591604232788,
        0.07356884330511093
      ],
      [
        -0.25076693296432495,
        0.042349912226200104,
        -0.09349705278873444,
        -0.7627183794975281,
        1.1161537170410156,
        1.1345900297164917,
        0.07368531823158264
      ],
      [
        -0.24851080775260925,
        0.03938767686486244,
        -0.08397163450717926,
        -0.7186183333396912,
        1.0686180591583252,
        1.12772798538208,
        0.07459931820631027
      ],
      [
        -0.24953259527683258,
        0.04042569920420647,
        -0.08451170474290848,
        -0.6493090987205505,
        1.0007299184799194,
        1.180630087852478,
        0.07731440663337708
      ],
      [
        -0.2490037977695465,
        0.03734760731458664,
        -0.0799812376499176,
        -0.655244767665863,
        0.9689865708351135,
        1.1846953630447388,
        0.07325583696365356
      ],
      [
        -0.24726513028144836,
        0.035028714686632156,
        -0.08105890452861786,
        -0.662294328212738,
        0.9235285520553589,
        1.1876492500305176,
        0.07473187148571014
      ],
      [
        -0.2504684329032898,
        0.029914189130067825,
        -0.08485767245292664,
        -0.6110134124755859,
        0.9237382411956787,
        1.1839081048965454,
        0.07356246560811996
      ],
      [
        -0.2523399591445923,
        0.029767613857984543,
        -0.08548902720212936,
        -0.6022080779075623,
        0.9270496368408203,
        1.1986050605773926,
        0.07387057691812515
      ],
      [
        -0.2530349791049957,
        0.02528708428144455,
        -0.0823201835155487,
        -0.5909728407859802,
        0.9171326160430908,
        1.1924896240234375,
        0.07422842085361481
      ],
      [
        -0.2536499798297882,
        0.024055246263742447,
        -0.07489635050296783,
        -0.5746386051177979,
        0.8999295234680176,
        1.1934136152267456,
        0.07579991221427917
      ],
      [
        -0.2547292709350586,
        0.021164512261748314,
        -0.06527415663003922,
        -0.5600089430809021,
        0.9075778722763062,
        1.1982074975967407,
        0.07400214672088623
      ],
      [
        -0.25685927271842957,
        0.022452320903539658,
        -0.06081623584032059,
        -0.5290288329124451,
        0.9086518287658691,
        1.2032090425491333,
        0.07373261451721191
      ],
      [
        -0.2560378909111023,
        0.0183275006711483,
        -0.05477352440357208,
        -0.5242875218391418,
        0.8814510703086853,
        1.191896915435791,
        0.07364943623542786
      ],
      [
        -0.2556295096874237,
        0.01750294491648674,
        -0.05131426826119423,
        -0.5271427035331726,
        0.8526672124862671,
        1.2113142013549805,
        0.07312606275081635
      ],
      [
        -0.2500115633010864,
        0.018220465630292892,
        -0.04523959755897522,
        -0.5273154973983765,
        0.848234236240387,
        1.2168391942977905,
        0.0736120194196701
      ],
      [
        -0.25337204337120056,
        0.013478612527251244,
        -0.045212604105472565,
        -0.5304293632507324,
        0.8695555329322815,
        1.2109731435775757,
        0.07267583161592484
      ]
    ],