{
  "sample_name": "sample_000005",
  "payload_path": "/home/sunpeng/sp/umi_project/universal_manipulation_interface/pika_dataset/exports/episode79/sample_000005/payload_raw.json",
  "actions_path": "/home/sunpeng/sp/umi_project/universal_manipulation_interface/pika_dataset/exports/episode79/sample_000005/actions.json",
  "meta": {
    "start_index": 10,
    "obs_horizon": 2,
    "act_horizon": 16,
    "stride": 2,
    "obs_timestamps": [
      1776398605.8911698,
      1776398605.9216297
    ],
    "action_timestamps": [
      1776398605.9595482,
      1776398605.9911747,
      1776398606.0216043,
      1776398606.059558,
      1776398606.091078,
      1776398606.1215608,
      1776398606.1596916,
      1776398606.1912963,
      1776398606.2215118,
      1776398606.2597332,
      1776398606.2911484,
      1776398606.321565,
      1776398606.3595877,
      1776398606.3911555,
      1776398606.4215672,
      1776398606.4597626
    ]
  },
  "payload_pose_validation": {
    "format": "xyz_quat_xyzw",
    "pose_shape": [
      2,
      7
    ],
    "init_pose_shape": [
      7
    ],
    "quat_norm_mean": 1.0,
    "quat_norm_min": 1.0,
    "quat_norm_max": 1.0,
    "init_quat_norm": 0.9999999999999999
  },
  "inference": {
    "selected_arm": "arm_l",
    "checkpoint_path": "/home/sunpeng/sp/umi_project/universal_manipulation_interface/data/outputs/2026.04.20/16.30.06_train_diffusion_unet_timm_picknplace/checkpoints",
    "device": "cuda",
    "action_pred_shape": [
      16,
      10
    ],
    "env_action_shape": [
      16,
      7
    ]
  },
  "metrics": {
    "aligned_shape": [
      16,
      7
    ],
    "pred_shape": [
      16,
      7
    ],
    "target_shape": [
      16,
      7
    ],
    "position": {
      "mean_l2_error": 0.016006017103791237,
      "rmse_l2_error": 0.019914552569389343,
      "max_l2_error": 0.04028380662202835,
      "per_axis_mae": [
        0.0068635158240795135,
        0.00937140453606844,
        0.008865710347890854
      ],
      "per_axis_rmse": [
        0.009654236026108265,
        0.014166063629090786,
        0.010134483687579632
      ]
    },
    "rotation": {
      "mean_geodesic_rad": 0.05302444472908974,
      "rmse_geodesic_rad": 0.0628916546702385,
      "max_geodesic_rad": 0.14093652367591858,
      "mean_geodesic_deg": 3.038076877593994,
      "rmse_geodesic_deg": 3.603426218032837,
      "max_geodesic_deg": 8.075067520141602
    },
    "gripper": {
      "mean_abs_error": 0.0005089547485113144,
      "rmse": 0.0005490396288223565,
      "max_abs_error": 0.0008744522929191589
    },
    "combined_legacy": {
      "mean_abs_error": 0.015020404942333698,
      "max_abs_error": 0.13061776757240295,
      "rmse": 0.02616705559194088
    },
    "pred_action_aligned": [
      [
        -0.2711734175682068,
        -0.054153796285390854,
        -0.08364621549844742,
        -0.44632700085639954,
        0.9822959303855896,
        0.8419787287712097,
        0.09640734642744064
      ],
      [
        -0.27718061208724976,
        -0.055524248629808426,
        -0.08305846899747849,
        -0.4552837610244751,
        0.9630745649337769,
        0.8464906215667725,
        0.09611447900533676
      ],
      [
        -0.2801479399204254,
        -0.054179053753614426,
        -0.08423376083374023,
        -0.4243304431438446,
        0.9491289258003235,
        0.8550429344177246,
        0.0962931290268898
      ],
      [
        -0.2774360477924347,
        -0.05280805751681328,
        -0.08442609012126923,
        -0.4441882371902466,
        0.9290013909339905,
        0.8648927807807922,
        0.09608105570077896
      ],
      [
        -0.27456924319267273,
        -0.05656532198190689,
        -0.0800800547003746,
        -0.46095386147499084,
        0.9130313992500305,
        0.8406312465667725,
        0.09604832530021667
      ],
      [
        -0.2738092541694641,
        -0.05089909955859184,
        -0.07968432456254959,
        -0.46874159574508667,
        0.9222394824028015,
        0.8494700193405151,
        0.09601785242557526
      ],
      [
        -0.2733553647994995,
        -0.04856997728347778,
        -0.07677306979894638,
        -0.4490252435207367,
        0.9190396666526794,
        0.8633783459663391,
        0.09586452692747116
      ],
      [
        -0.27375638484954834,
        -0.04835837706923485,
        -0.07843351364135742,
        -0.47847989201545715,
        0.9146757125854492,
        0.8691990971565247,
        0.09583258628845215
      ],
      [
        -0.2737416923046112,
        -0.04904082417488098,
        -0.08038319647312164,
        -0.4851835370063782,
        0.9151372313499451,
        0.8587628602981567,
        0.09635242074728012
      ],
      [
        -0.27241021394729614,
        -0.047520071268081665,
        -0.07756919413805008,
        -0.505565881729126,
        0.900945246219635,
        0.8646451234817505,
        0.09602702409029007
      ],
      [
        -0.27185317873954773,
        -0.04256606847047806,
        -0.07664959877729416,
        -0.510685384273529,
        0.9152465462684631,
        0.8521648645401001,
        0.09618410468101501
      ],
      [
        -0.26963159441947937,
        -0.04260829836130142,
        -0.07941193878650665,
        -0.5382494330406189,
        0.8949127197265625,
        0.8679971098899841,
        0.09620590507984161
      ],
      [
        -0.26265060901641846,
        -0.03205910325050354,
        -0.08118408173322678,
        -0.5452056527137756,
        0.8986468315124512,
        0.8668362498283386,
        0.09631086885929108
      ],
      [
        -0.2543220520019531,
        -0.025199443101882935,
        -0.07721392810344696,
        -0.5722451210021973,
        0.8647662997245789,
        0.8343631029129028,
        0.09644831717014313
      ],
      [
        -0.25819700956344604,
        -0.017887823283672333,
        -0.0778924748301506,
        -0.6022835969924927,
        0.9179952144622803,
        0.8678337335586548,
        0.09654247015714645
      ],
      [
        -0.25944605469703674,
        -0.012324534356594086,
        -0.08050194382667542,
        -0.629610002040863,
        0.9347105622291565,
        0.8855640292167664,
        0.096438929438591
      ]
    ],