{
  "sample_name": "sample_000034",
  "payload_path": "/home/sunpeng/sp/umi_project/universal_manipulation_interface/pika_dataset/exports/episode79/sample_000034/payload_raw.json",
  "actions_path": "/home/sunpeng/sp/umi_project/universal_manipulation_interface/pika_dataset/exports/episode79/sample_000034/actions.json",
  "meta": {
    "start_index": 68,
    "obs_horizon": 2,
    "act_horizon": 16,
    "stride": 2,
    "obs_timestamps": [
      1776398607.8216379,
      1776398607.8594265
    ],
    "action_timestamps": [
      1776398607.891235,
      1776398607.9215744,
      1776398607.9594307,
      1776398607.9913018,
      1776398608.0217173,
      1776398608.0594761,
      1776398608.091265,
      1776398608.1216795,
      1776398608.159439,
      1776398608.191332,
      1776398608.2217045,
      1776398608.2594833,
      1776398608.2913167,
      1776398608.3216846,
      1776398608.359421,
      1776398608.3913038
    ]
  },
  "payload_pose_validation": {
    "format": "xyz_quat_xyzw",
    "pose_shape": [
      2,
      7
    ],
    "init_pose_shape": [
      7
    ],
    "quat_norm_mean": 0.9999999999999999,
    "quat_norm_min": 0.9999999999999999,
    "quat_norm_max": 0.9999999999999999,
    "init_quat_norm": 0.9999999999999999
  },
  "inference": {
    "selected_arm": "arm_l",
    "checkpoint_path": "/home/sunpeng/sp/umi_project/universal_manipulation_interface/data/outputs/2026.04.20/16.30.06_train_diffusion_unet_timm_picknplace/checkpoints",
    "device": "cuda",
    "action_pred_shape": [
      16,
      10
    ],
    "env_action_shape": [
      16,
      7
    ]
  },
  "metrics": {
    "aligned_shape": [
      16,
      7
    ],
    "pred_shape": [
      16,
      7
    ],
    "target_shape": [
      16,
      7
    ],
    "position": {
      "mean_l2_error": 0.010614585131406784,
      "rmse_l2_error": 0.01108012069016695,
      "max_l2_error": 0.016414694488048553,
      "per_axis_mae": [
        0.004607358016073704,
        0.00426445621997118,
        0.00773418415337801
      ],
      "per_axis_rmse": [
        0.004898454993963242,
        0.004577018786221743,
        0.008821853436529636
      ]
    },
    "rotation": {
      "mean_geodesic_rad": 0.03888797014951706,
      "rmse_geodesic_rad": 0.045010536909103394,
      "max_geodesic_rad": 0.07534462958574295,
      "mean_geodesic_deg": 2.228116512298584,
      "rmse_geodesic_deg": 2.578913688659668,
      "max_geodesic_deg": 4.316928863525391
    },
    "gripper": {
      "mean_abs_error": 0.0032387543469667435,
      "rmse": 0.006221270188689232,
      "max_abs_error": 0.021000072360038757
    },
    "combined_legacy": {
      "mean_abs_error": 0.01162412203848362,
      "max_abs_error": 0.06919002532958984,
      "rmse": 0.018251502886414528
    },
    "pred_action_aligned": [
      [
        -0.24183616042137146,
        0.014340325258672237,
        -0.13673245906829834,
        -0.9520003795623779,
        1.1828655004501343,
        0.9242199659347534,
        0.09661132842302322
      ],
      [
        -0.23700572550296783,
        0.018069816753268242,
        -0.1418272703886032,
        -0.9914264678955078,
        1.1982100009918213,
        0.9117083549499512,
        0.09607265144586563
      ],
      [
        -0.2354537695646286,
        0.023348554968833923,
        -0.1472128927707672,
        -1.0056719779968262,
        1.2174863815307617,
        0.927973747253418,
        0.09638585150241852
      ],
      [
        -0.23378974199295044,
        0.023487655445933342,
        -0.15097181499004364,
        -1.052390456199646,
        1.244173526763916,
        0.9070309996604919,
        0.09630081057548523
      ],
      [
        -0.23014767467975616,
        0.030033160001039505,
        -0.15213638544082642,
        -1.0408035516738892,
        1.2609362602233887,
        0.931005597114563,
        0.09616711735725403
      ],
      [
        -0.23148801922798157,
        0.03019557148218155,
        -0.1528150737285614,
        -1.0512768030166626,
        1.278254747390747,
        0.917984127998352,
        0.09589362889528275
      ],
      [
        -0.2321399748325348,
        0.03153321519494057,
        -0.15460342168807983,
        -1.0318247079849243,
        1.274449348449707,
        0.9480515122413635,
        0.09618835896253586
      ],
      [
        -0.2318587452173233,
        0.031009607017040253,
        -0.1532931625843048,
        -1.0460259914398193,
        1.2872768640518188,
        0.9454149007797241,
        0.09611789137125015
      ],
      [
        -0.2293146550655365,
        0.03222445026040077,
        -0.15268445014953613,
        -1.028061032295227,
        1.3018574714660645,
        0.937423050403595,
        0.09592943638563156
      ],
      [
        -0.2294360101222992,
        0.03192799538373947,
        -0.15131844580173492,
        -1.0317238569259644,
        1.2888011932373047,
        0.9457380771636963,
        0.09558480232954025
      ],
      [
        -0.22929149866104126,
        0.032688796520233154,
        -0.15036198496818542,
        -1.0305007696151733,
        1.2966878414154053,
        0.9332658052444458,
        0.09506703168153763
      ],
      [
        -0.22829902172088623,
        0.03401099517941475,
        -0.14899209141731262,
        -1.0530644655227661,
        1.2979321479797363,
        0.9327693581581116,
        0.09495740383863449
      ],
      [
        -0.2271547168493271,
        0.03506150469183922,
        -0.15272673964500427,
        -1.0320603847503662,
        1.2906768321990967,
        0.9397164583206177,
        0.09241385757923126
      ],
      [
        -0.22931170463562012,
        0.03341415524482727,
        -0.1483895182609558,
        -1.0328831672668457,
        1.3090991973876953,
        0.9494749307632446,
        0.08802825212478638
      ],
      [
        -0.22738371789455414,
        0.03192794695496559,
        -0.14964430034160614,
        -1.0385328531265259,
        1.289298415184021,
        0.9307585954666138,
        0.08806715905666351
      ],
      [
        -0.22581033408641815,
        0.033649418503046036,
        -0.14338819682598114,
        -1.0344587564468384,
        1.2892756462097168,
        0.9289606213569641,
        0.07570696622133255
      ]
    ],