{
  "sample_name": "sample_000091",
  "payload_path": "/home/sunpeng/sp/umi_project/universal_manipulation_interface/pika_dataset/exports/episode79/sample_000091/payload_raw.json",
  "actions_path": "/home/sunpeng/sp/umi_project/universal_manipulation_interface/pika_dataset/exports/episode79/sample_000091/actions.json",
  "meta": {
    "start_index": 182,
    "obs_horizon": 2,
    "act_horizon": 16,
    "stride": 2,
    "obs_timestamps": [
      1776398611.6276617,
      1776398611.6594505
    ],
    "action_timestamps": [
      1776398611.6912773,
      1776398611.7277238,
      1776398611.7595322,
      1776398611.7913105,
      1776398611.8276927,
      1776398611.8595483,
      1776398611.8914282,
      1776398611.9276845,
      1776398611.9595175,
      1776398611.9914143,
      1776398612.027727,
      1776398612.0594988,
      1776398612.0913408,
      1776398612.1276798,
      1776398612.1595337,
      1776398612.1913884
    ]
  },
  "payload_pose_validation": {
    "format": "xyz_quat_xyzw",
    "pose_shape": [
      2,
      7
    ],
    "init_pose_shape": [
      7
    ],
    "quat_norm_mean": 1.0,
    "quat_norm_min": 1.0,
    "quat_norm_max": 1.0,
    "init_quat_norm": 0.9999999999999999
  },
  "inference": {
    "selected_arm": "arm_l",
    "checkpoint_path": "/home/sunpeng/sp/umi_project/universal_manipulation_interface/data/outputs/2026.04.20/16.30.06_train_diffusion_unet_timm_picknplace/checkpoints",
    "device": "cuda",
    "action_pred_shape": [
      16,
      10
    ],
    "env_action_shape": [
      16,
      7
    ]
  },
  "metrics": {
    "aligned_shape": [
      16,
      7
    ],
    "pred_shape": [
      16,
      7
    ],
    "target_shape": [
      16,
      7
    ],
    "position": {
      "mean_l2_error": 0.03748171776533127,
      "rmse_l2_error": 0.05467068776488304,
      "max_l2_error": 0.12951795756816864,
      "per_axis_mae": [
        0.003683336079120636,
        0.03357536718249321,
        0.011059725657105446
      ],
      "per_axis_rmse": [
        0.004989082459360361,
        0.052787117660045624,
        0.013323428109288216
      ]
    },
    "rotation": {
      "mean_geodesic_rad": 0.07500304281711578,
      "rmse_geodesic_rad": 0.08905109018087387,
      "max_geodesic_rad": 0.19730959832668304,
      "mean_geodesic_deg": 4.297357559204102,
      "rmse_geodesic_deg": 5.102251052856445,
      "max_geodesic_deg": 11.305006980895996
    },
    "gripper": {
      "mean_abs_error": 0.00015673507004976273,
      "rmse": 0.00019142866949550807,
      "max_abs_error": 0.00034902989864349365
    },
    "combined_legacy": {
      "mean_abs_error": 0.022597894072532654,
      "max_abs_error": 0.19018787145614624,
      "rmse": 0.04149334505200386
    },
    "pred_action_aligned": [
      [
        -0.26736903190612793,
        0.009102299809455872,
        -0.07873938232660294,
        -0.5628153681755066,
        0.8821927905082703,
        1.184288501739502,
        0.07374151051044464
      ],
      [
        -0.26669833064079285,
        0.009235292673110962,
        -0.0795372948050499,
        -0.5602941513061523,
        0.8830606341362,
        1.1807788610458374,
        0.07377446442842484
      ],
      [
        -0.2677380442619324,
        0.010389686562120914,
        -0.0789102092385292,
        -0.5739520788192749,
        0.8995412588119507,
        1.180103063583374,
        0.07364186644554138
      ],
      [
        -0.26428771018981934,
        0.011483549140393734,
        -0.07550355046987534,
        -0.5772064924240112,
        0.9062236547470093,
        1.1869531869888306,
        0.07357632368803024
      ],
      [
        -0.26337170600891113,
        0.01565881073474884,
        -0.07443751394748688,
        -0.5585981011390686,
        0.8840152621269226,
        1.1681263446807861,
        0.07343435287475586
      ],
      [
        -0.26261135935783386,
        0.017272762954235077,
        -0.07401246577501297,
        -0.5569400787353516,
        0.8684096932411194,
        1.1677920818328857,
        0.07346933335065842
      ],
      [
        -0.2611553370952606,
        0.01737815886735916,
        -0.07410701364278793,
        -0.527866780757904,
        0.848995566368103,
        1.1580106019973755,
        0.07336589694023132
      ],
      [
        -0.26290205121040344,
        0.02139754220843315,
        -0.07203566282987595,
        -0.5311651825904846,
        0.8337665796279907,
        1.1642857789993286,
        0.07353074848651886
      ],
      [
        -0.26228779554367065,
        0.02586497738957405,
        -0.07186692208051682,
        -0.531179666519165,
        0.8014253973960876,
        1.1738200187683105,
        0.07334855198860168
      ],
      [
        -0.2612065374851227,
        0.029513124376535416,
        -0.07000710815191269,
        -0.5192779898643494,
        0.7808907628059387,
        1.1768711805343628,
        0.07333720475435257
      ],
      [
        -0.2569040060043335,
        0.0424073226749897,
        -0.06756087392568588,
        -0.5195679664611816,
        0.7488740682601929,
        1.1840710639953613,
        0.07329939305782318
      ],
      [
        -0.25283482670783997,
        0.05893035605549812,
        -0.06417185813188553,
        -0.538591742515564,
        0.7656712532043457,
        1.1849448680877686,
        0.07315853238105774
      ],
      [
        -0.24967925250530243,
        0.0792507752776146,
        -0.06342662125825882,
        -0.582750141620636,
        0.7840310335159302,
        1.192086935043335,
        0.07341507077217102
      ],
      [
        -0.25076696276664734,
        0.0995107889175415,
        -0.0692569836974144,
        -0.6327614188194275,
        0.8306551575660706,
        1.190009355545044,
        0.07375738024711609
      ],
      [
        -0.24795085191726685,
        0.12301037460565567,
        -0.07279746234416962,
        -0.6908816695213318,
        0.892652153968811,
        1.1861134767532349,
        0.07312718033790588
      ],
      [
        -0.24781544506549835,
        0.1388590782880783,
        -0.08545325696468353,
        -0.744002640247345,
        0.9573855400085449,
        1.1883295774459839,
        0.07346385717391968
      ]
    ],