{
  "sample_name": "sample_000080",
  "payload_path": "/home/sunpeng/sp/umi_project/universal_manipulation_interface/pika_dataset/exports/episode79/sample_000080/payload_raw.json",
  "actions_path": "/home/sunpeng/sp/umi_project/universal_manipulation_interface/pika_dataset/exports/episode79/sample_000080/actions.json",
  "meta": {
    "start_index": 160,
    "obs_horizon": 2,
    "act_horizon": 16,
    "stride": 2,
    "obs_timestamps": [
      1776398610.8913648,
      1776398610.9276855
    ],
    "action_timestamps": [
      1776398610.9595253,
      1776398610.9913523,
      1776398611.0277302,
      1776398611.0596073,
      1776398611.091327,
      1776398611.12784,
      1776398611.1594741,
      1776398611.1913004,
      1776398611.2276905,
      1776398611.2595031,
      1776398611.291446,
      1776398611.327706,
      1776398611.359543,
      1776398611.3912938,
      1776398611.4278135,
      1776398611.459492
    ]
  },
  "payload_pose_validation": {
    "format": "xyz_quat_xyzw",
    "pose_shape": [
      2,
      7
    ],
    "init_pose_shape": [
      7
    ],
    "quat_norm_mean": 1.0,
    "quat_norm_min": 0.9999999999999999,
    "quat_norm_max": 1.0,
    "init_quat_norm": 0.9999999999999999
  },
  "inference": {
    "selected_arm": "arm_l",
    "checkpoint_path": "/home/sunpeng/sp/umi_project/universal_manipulation_interface/data/outputs/2026.04.20/16.30.06_train_diffusion_unet_timm_picknplace/checkpoints",
    "device": "cuda",
    "action_pred_shape": [
      16,
      10
    ],
    "env_action_shape": [
      16,
      7
    ]
  },
  "metrics": {
    "aligned_shape": [
      16,
      7
    ],
    "pred_shape": [
      16,
      7
    ],
    "target_shape": [
      16,
      7
    ],
    "position": {
      "mean_l2_error": 0.011692740954458714,
      "rmse_l2_error": 0.013804747723042965,
      "max_l2_error": 0.028487781062722206,
      "per_axis_mae": [
        0.005327686667442322,
        0.0062726689502596855,
        0.005795244127511978
      ],
      "per_axis_rmse": [
        0.006625941954553127,
        0.009354935958981514,
        0.0076911067590117455
      ]
    },
    "rotation": {
      "mean_geodesic_rad": 0.08809913694858551,
      "rmse_geodesic_rad": 0.09940515458583832,
      "max_geodesic_rad": 0.15861333906650543,
      "mean_geodesic_deg": 5.047708511352539,
      "rmse_geodesic_deg": 5.695495128631592,
      "max_geodesic_deg": 9.087874412536621
    },
    "gripper": {
      "mean_abs_error": 0.0005225157365202904,
      "rmse": 0.000645719759631902,
      "max_abs_error": 0.0010615065693855286
    },
    "combined_legacy": {
      "mean_abs_error": 0.023964950814843178,
      "max_abs_error": 0.15043199062347412,
      "rmse": 0.04217971861362457
    },
    "pred_action_aligned": [
      [
        -0.25005248188972473,
        0.037171803414821625,
        -0.09495709836483002,
        -0.7506884932518005,
        1.1540766954421997,
        1.1234300136566162,
        0.07255393266677856
      ],
      [
        -0.25218841433525085,
        0.03576066717505455,
        -0.08836796134710312,
        -0.7110428214073181,
        1.1059237718582153,
        1.1469117403030396,
        0.07291135936975479
      ],
      [
        -0.254535049200058,
        0.0340224951505661,
        -0.08662804961204529,
        -0.6779978275299072,
        1.0347824096679688,
        1.1721999645233154,
        0.07250121980905533
      ],
      [
        -0.2557463049888611,
        0.029852071776986122,
        -0.08958619087934494,
        -0.6511260867118835,
        0.9785727858543396,
        1.195298433303833,
        0.07241008430719376
      ],
      [
        -0.25808852910995483,
        0.026249375194311142,
        -0.08766405284404755,
        -0.6289294958114624,
        0.9384016394615173,
        1.2008980512619019,
        0.07232741266489029
      ],
      [
        -0.2628030478954315,
        0.023646648973226547,
        -0.09152381122112274,
        -0.6286852955818176,
        0.9103282690048218,
        1.2254066467285156,
        0.07279051840305328
      ],
      [
        -0.26642945408821106,
        0.02705988846719265,
        -0.0934058278799057,
        -0.6326757669448853,
        0.9110342264175415,
        1.2292720079421997,
        0.07284273952245712
      ],
      [
        -0.2637752294540405,
        0.024827834218740463,
        -0.09505298733711243,
        -0.6239796280860901,
        0.9005524516105652,
        1.225998044013977,
        0.07292811572551727
      ],
      [
        -0.2616732120513916,
        0.02659798227250576,
        -0.09312354028224945,
        -0.6185488104820251,
        0.8858271241188049,
        1.2167010307312012,
        0.07260522246360779
      ],
      [
        -0.2602893114089966,
        0.027931813150644302,
        -0.08399969339370728,
        -0.618976891040802,
        0.8851337432861328,
        1.2101036310195923,
        0.07241470366716385
      ],
      [
        -0.2581341564655304,
        0.027372831478714943,
        -0.0779939740896225,
        -0.6024107336997986,
        0.8777344822883606,
        1.2123267650604248,
        0.07279236614704132
      ],
      [
        -0.2609236538410187,
        0.025250740349292755,
        -0.07946037501096725,
        -0.5885581374168396,
        0.889664351940155,
        1.213515281677246,
        0.0727631151676178
      ],
      [
        -0.25866997241973877,
        0.02535516768693924,
        -0.07478126883506775,
        -0.5779511332511902,
        0.8769046664237976,
        1.2222975492477417,
        0.07260724902153015
      ],
      [
        -0.2567215859889984,
        0.03067668154835701,
        -0.07362572848796844,
        -0.5667449831962585,
        0.8916535973548889,
        1.2127490043640137,
        0.07244489341974258
      ],
      [
        -0.25332778692245483,
        0.03704123571515083,
        -0.07237762212753296,
        -0.556387186050415,
        0.881759762763977,
        1.2178961038589478,
        0.07243644446134567
      ],
      [
        -0.2500293552875519,
        0.04037369787693024,
        -0.0719427689909935,
        -0.5730854272842407,
        0.8867880702018738,
        1.2129708528518677,
        0.07246637344360352
      ]
    ],