{
  "sample_name": "sample_000145",
  "payload_path": "/home/sunpeng/sp/umi_project/universal_manipulation_interface/pika_dataset/exports/episode79/sample_000145/payload_raw.json",
  "actions_path": "/home/sunpeng/sp/umi_project/universal_manipulation_interface/pika_dataset/exports/episode79/sample_000145/actions.json",
  "meta": {
    "start_index": 290,
    "obs_horizon": 2,
    "act_horizon": 16,
    "stride": 2,
    "obs_timestamps": [
      1776398615.2277205,
      1776398615.2595081
    ],
    "action_timestamps": [
      1776398615.291319,
      1776398615.3277652,
      1776398615.3596466,
      1776398615.3913822,
      1776398615.427863,
      1776398615.459566,
      1776398615.4913282,
      1776398615.5277436,
      1776398615.559781,
      1776398615.5914643,
      1776398615.6278827,
      1776398615.6595488,
      1776398615.6913557,
      1776398615.7277908,
      1776398615.7597885,
      1776398615.7914917
    ]
  },
  "payload_pose_validation": {
    "format": "xyz_quat_xyzw",
    "pose_shape": [
      2,
      7
    ],
    "init_pose_shape": [
      7
    ],
    "quat_norm_mean": 1.0,
    "quat_norm_min": 1.0,
    "quat_norm_max": 1.0,
    "init_quat_norm": 0.9999999999999999
  },
  "inference": {
    "selected_arm": "arm_l",
    "checkpoint_path": "/home/sunpeng/sp/umi_project/universal_manipulation_interface/data/outputs/2026.04.20/16.30.06_train_diffusion_unet_timm_picknplace/checkpoints",
    "device": "cuda",
    "action_pred_shape": [
      16,
      10
    ],
    "env_action_shape": [
      16,
      7
    ]
  },
  "metrics": {
    "aligned_shape": [
      16,
      7
    ],
    "pred_shape": [
      16,
      7
    ],
    "target_shape": [
      16,
      7
    ],
    "position": {
      "mean_l2_error": 0.031932100653648376,
      "rmse_l2_error": 0.04662713780999184,
      "max_l2_error": 0.11380434036254883,
      "per_axis_mae": [
        0.003352285362780094,
        0.012952078133821487,
        0.028724920004606247
      ],
      "per_axis_rmse": [
        0.0052137961611151695,
        0.02075224742293358,
        0.04142765328288078
      ]
    },
    "rotation": {
      "mean_geodesic_rad": 0.09517806768417358,
      "rmse_geodesic_rad": 0.14022544026374817,
      "max_geodesic_rad": 0.33127906918525696,
      "mean_geodesic_deg": 5.453301429748535,
      "rmse_geodesic_deg": 8.03432559967041,
      "max_geodesic_deg": 18.980892181396484
    },
    "gripper": {
      "mean_abs_error": 0.0023134779185056686,
      "rmse": 0.0027715961914509535,
      "max_abs_error": 0.005081653594970703
    },
    "combined_legacy": {
      "mean_abs_error": 0.030703261494636536,
      "max_abs_error": 0.2531418800354004,
      "rmse": 0.06048328056931496
    },
    "pred_action_aligned": [
      [
        -0.23214586079120636,
        0.20672419667243958,
        -0.12995561957359314,
        -1.023866891860962,
        1.180963397026062,
        1.049015998840332,
        0.09241709113121033
      ],
      [
        -0.23326516151428223,
        0.20636750757694244,
        -0.12835030257701874,
        -1.0179100036621094,
        1.1796199083328247,
        1.0483075380325317,
        0.09395508468151093
      ],
      [
        -0.23408766090869904,
        0.2061263769865036,
        -0.12629754841327667,
        -1.012328028678894,
        1.1694785356521606,
        1.0500767230987549,
        0.09448228031396866
      ],
      [
        -0.23463359475135803,
        0.20536313951015472,
        -0.12419356405735016,
        -1.005475401878357,
        1.1597895622253418,
        1.0567400455474854,
        0.0950913354754448
      ],
      [
        -0.23441927134990692,
        0.2047002762556076,
        -0.12302117794752121,
        -1.0059800148010254,
        1.160152792930603,
        1.0584239959716797,
        0.09505192935466766
      ],
      [
        -0.23520097136497498,
        0.20433162152767181,
        -0.12197676301002502,
        -1.001394271850586,
        1.1611217260360718,
        1.0589141845703125,
        0.09509096294641495
      ],
      [
        -0.2356000542640686,
        0.2034706473350525,
        -0.12118439376354218,
        -1.000032663345337,
        1.1680564880371094,
        1.059154748916626,
        0.09502102434635162
      ],
      [
        -0.23544065654277802,
        0.20423419773578644,
        -0.11761906743049622,
        -1.0024549961090088,
        1.1635758876800537,
        1.066955327987671,
        0.0950678288936615
      ],
      [
        -0.2355070561170578,
        0.203156977891922,
        -0.11307346075773239,
        -1.0029141902923584,
        1.1592580080032349,
        1.0712889432907104,
        0.09515464305877686
      ],
      [
        -0.2354462444782257,
        0.20086172223091125,
        -0.10791020095348358,
        -0.9883202910423279,
        1.1398547887802124,
        1.08219313621521,
        0.09530331939458847
      ],
      [
        -0.237362802028656,
        0.19806092977523804,
        -0.09858567267656326,
        -0.965893030166626,
        1.1111959218978882,
        1.1006020307540894,
        0.09550026804208755
      ],
      [
        -0.23909181356430054,
        0.19318699836730957,
        -0.08691099286079407,
        -0.9279657602310181,
        1.0742864608764648,
        1.1260770559310913,
        0.09546390920877457
      ],
      [
        -0.24184226989746094,
        0.18551592528820038,
        -0.07270638644695282,
        -0.8899751901626587,
        1.0369269847869873,
        1.1460658311843872,
        0.09569500386714935
      ],
      [
        -0.24718931317329407,
        0.1753331869840622,
        -0.06078680604696274,
        -0.8436630368232727,
        0.9997255802154541,
        1.1709822416305542,
        0.09548155963420868
      ],
      [
        -0.2499915361404419,
        0.1649760901927948,
        -0.046227358281612396,
        -0.8140144348144531,
        0.9665921330451965,
        1.17442786693573,
        0.09556844830513
      ],
      [
        -0.25367921590805054,
        0.15459907054901123,
        -0.029459528625011444,
        -0.7760786414146423,
        0.9381872415542603,
        1.1756712198257446,
        0.09524382650852203
      ]
    ],