{
  "sample_name": "sample_000164",
  "payload_path": "/home/sunpeng/sp/umi_project/universal_manipulation_interface/pika_dataset/exports/episode79/sample_000164/payload_raw.json",
  "actions_path": "/home/sunpeng/sp/umi_project/universal_manipulation_interface/pika_dataset/exports/episode79/sample_000164/actions.json",
  "meta": {
    "start_index": 328,
    "obs_horizon": 2,
    "act_horizon": 16,
    "stride": 2,
    "obs_timestamps": [
      1776398616.4914372,
      1776398616.5278795
    ],
    "action_timestamps": [
      1776398616.559892,
      1776398616.5914965,
      1776398616.6278436,
      1776398616.659625,
      1776398616.691384,
      1776398616.727801,
      1776398616.7595997,
      1776398616.791461,
      1776398616.8279164,
      1776398616.8596697,
      1776398616.8914468,
      1776398616.9277928,
      1776398616.959669,
      1776398616.991434,
      1776398617.0278168,
      1776398617.0596163
    ]
  },
  "payload_pose_validation": {
    "format": "xyz_quat_xyzw",
    "pose_shape": [
      2,
      7
    ],
    "init_pose_shape": [
      7
    ],
    "quat_norm_mean": 1.0,
    "quat_norm_min": 1.0,
    "quat_norm_max": 1.0,
    "init_quat_norm": 0.9999999999999999
  },
  "inference": {
    "selected_arm": "arm_l",
    "checkpoint_path": "/home/sunpeng/sp/umi_project/universal_manipulation_interface/data/outputs/2026.04.20/16.30.06_train_diffusion_unet_timm_picknplace/checkpoints",
    "device": "cuda",
    "action_pred_shape": [
      16,
      10
    ],
    "env_action_shape": [
      16,
      7
    ]
  },
  "metrics": {
    "aligned_shape": [
      16,
      7
    ],
    "pred_shape": [
      16,
      7
    ],
    "target_shape": [
      16,
      7
    ],
    "position": {
      "mean_l2_error": 0.04244103282690048,
      "rmse_l2_error": 0.045760199427604675,
      "max_l2_error": 0.06275568902492523,
      "per_axis_mae": [
        0.008847412653267384,
        0.039749130606651306,
        0.0068824877962470055
      ],
      "per_axis_rmse": [
        0.01103441882878542,
        0.04362007603049278,
        0.008338233456015587
      ]
    },
    "rotation": {
      "mean_geodesic_rad": 0.05323382467031479,
      "rmse_geodesic_rad": 0.055157337337732315,
      "max_geodesic_rad": 0.08739745616912842,
      "mean_geodesic_deg": 3.0500733852386475,
      "rmse_geodesic_deg": 3.1602823734283447,
      "max_geodesic_deg": 5.007504940032959
    },
    "gripper": {
      "mean_abs_error": 0.003519991412758827,
      "rmse": 0.004051317926496267,
      "max_abs_error": 0.007205098867416382
    },
    "combined_legacy": {
      "mean_abs_error": 0.02009604312479496,
      "max_abs_error": 0.08602714538574219,
      "rmse": 0.028273042291402817
    },
    "pred_action_aligned": [
      [
        -0.2401360273361206,
        0.19644346833229065,
        -0.06623657047748566,
        -0.8909918665885925,
        0.972662091255188,
        1.2205867767333984,
        0.0958038866519928
      ],
      [
        -0.2418762892484665,
        0.17729249596595764,
        -0.04971703886985779,
        -0.8456521034240723,
        0.9476036429405212,
        1.1926591396331787,
        0.09567752480506897
      ],
      [
        -0.24441900849342346,
        0.16900630295276642,
        -0.04042438417673111,
        -0.798997163772583,
        0.9456725120544434,
        1.2208083868026733,
        0.09530971199274063
      ],
      [
        -0.24585729837417603,
        0.14810273051261902,
        -0.02331872284412384,
        -0.7723398208618164,
        0.9122992157936096,
        1.2214056253433228,
        0.09548112004995346
      ],
      [
        -0.2511556148529053,
        0.13643531501293182,
        -0.019605915993452072,
        -0.751450777053833,
        0.9057231545448303,
        1.2106255292892456,
        0.0950138047337532
      ],
      [
        -0.24977758526802063,
        0.11874539405107498,
        -0.010830700397491455,
        -0.7227200269699097,
        0.8735470175743103,
        1.2114205360412598,
        0.0948716327548027
      ],
      [
        -0.24800898134708405,
        0.10666246712207794,
        -0.016444064676761627,
        -0.7078211903572083,
        0.8682340383529663,
        1.207099437713623,
        0.09377811849117279
      ],
      [
        -0.24777992069721222,
        0.08959860354661942,
        -0.01839013397693634,
        -0.6803078651428223,
        0.8429675698280334,
        1.2100719213485718,
        0.09341613203287125
      ],
      [
        -0.24263954162597656,
        0.08026786148548126,
        -0.019470710307359695,
        -0.6510135531425476,
        0.8486965894699097,
        1.2195919752120972,
        0.09264805167913437
      ],
      [
        -0.24612970650196075,
        0.06835053861141205,
        -0.023153048008680344,
        -0.6184946298599243,
        0.8568665981292725,
        1.2120683193206787,
        0.09150093793869019
      ],
      [
        -0.24906420707702637,
        0.064014732837677,
        -0.02085062861442566,
        -0.6051937341690063,
        0.853506863117218,
        1.2016829252243042,
        0.09058979153633118
      ],
      [
        -0.25028982758522034,
        0.056694984436035156,
        -0.01386912539601326,
        -0.5978900194168091,
        0.8621531128883362,
        1.2153774499893188,
        0.09017680585384369
      ],
      [
        -0.2516581416130066,
        0.05930513143539429,
        -0.01684381812810898,
        -0.5761874914169312,
        0.8683006167411804,
        1.2221206426620483,
        0.08950193971395493
      ],
      [
        -0.25287196040153503,
        0.056780993938446045,
        -0.01243787631392479,
        -0.5850372910499573,
        0.8495271801948547,
        1.2287728786468506,
        0.092010997235775
      ],
      [
        -0.2522222399711609,
        0.05874466896057129,
        -0.007339857518672943,
        -0.5720556974411011,
        0.8494413495063782,
        1.2331082820892334,
        0.09216392040252686
      ],
      [
        -0.25324079394340515,
        0.059300944209098816,
        -0.014207575470209122,
        -0.6065022945404053,
        0.8358460664749146,
        1.2735763788223267,
        0.09304837882518768
      ]
    ],