{
  "sample_name": "sample_000058",
  "payload_path": "/home/sunpeng/sp/umi_project/universal_manipulation_interface/pika_dataset/exports/episode79/sample_000058/payload_raw.json",
  "actions_path": "/home/sunpeng/sp/umi_project/universal_manipulation_interface/pika_dataset/exports/episode79/sample_000058/actions.json",
  "meta": {
    "start_index": 116,
    "obs_horizon": 2,
    "act_horizon": 16,
    "stride": 2,
    "obs_timestamps": [
      1776398609.4218557,
      1776398609.4594648
    ],
    "action_timestamps": [
      1776398609.491288,
      1776398609.5216467,
      1776398609.5596886,
      1776398609.5913904,
      1776398609.6277323,
      1776398609.6594734,
      1776398609.691274,
      1776398609.7276528,
      1776398609.7594206,
      1776398609.791275,
      1776398609.8277245,
      1776398609.8594875,
      1776398609.8913586,
      1776398609.9276798,
      1776398609.9594717,
      1776398609.9913273
    ]
  },
  "payload_pose_validation": {
    "format": "xyz_quat_xyzw",
    "pose_shape": [
      2,
      7
    ],
    "init_pose_shape": [
      7
    ],
    "quat_norm_mean": 1.0,
    "quat_norm_min": 0.9999999999999999,
    "quat_norm_max": 1.0,
    "init_quat_norm": 0.9999999999999999
  },
  "inference": {
    "selected_arm": "arm_l",
    "checkpoint_path": "/home/sunpeng/sp/umi_project/universal_manipulation_interface/data/outputs/2026.04.20/16.30.06_train_diffusion_unet_timm_picknplace/checkpoints",
    "device": "cuda",
    "action_pred_shape": [
      16,
      10
    ],
    "env_action_shape": [
      16,
      7
    ]
  },
  "metrics": {
    "aligned_shape": [
      16,
      7
    ],
    "pred_shape": [
      16,
      7
    ],
    "target_shape": [
      16,
      7
    ],
    "position": {
      "mean_l2_error": 0.02322763204574585,
      "rmse_l2_error": 0.028496896848082542,
      "max_l2_error": 0.05088694393634796,
      "per_axis_mae": [
        0.008384805172681808,
        0.006003286223858595,
        0.01989312469959259
      ],
      "per_axis_rmse": [
        0.010239928960800171,
        0.007447211537510157,
        0.025529513135552406
      ]
    },
    "rotation": {
      "mean_geodesic_rad": 0.21366435289382935,
      "rmse_geodesic_rad": 0.28711172938346863,
      "max_geodesic_rad": 0.5807020664215088,
      "mean_geodesic_deg": 12.242064476013184,
      "rmse_geodesic_deg": 16.450288772583008,
      "max_geodesic_deg": 33.27177429199219
    },
    "gripper": {
      "mean_abs_error": 0.0006838333792984486,
      "rmse": 0.000867764581926167,
      "max_abs_error": 0.0019350722432136536
    },
    "combined_legacy": {
      "mean_abs_error": 0.06033841893076897,
      "max_abs_error": 0.47273069620132446,
      "rmse": 0.12129101157188416
    },
    "pred_action_aligned": [
      [
        -0.22639600932598114,
        0.026411931961774826,
        -0.15756265819072723,
        -1.0830837488174438,
        1.3517165184020996,
        0.9238892793655396,
        0.07475443929433823
      ],
      [
        -0.22802667319774628,
        0.023433273658156395,
        -0.1553371548652649,
        -1.0771369934082031,
        1.3441894054412842,
        0.9077454209327698,
        0.07309988141059875
      ],
      [
        -0.23126637935638428,
        0.021553412079811096,
        -0.15855976939201355,
        -1.0657740831375122,
        1.3570173978805542,
        0.9146144986152649,
        0.07328300178050995
      ],
      [
        -0.2312087118625641,
        0.022604964673519135,
        -0.15843991935253143,
        -1.0433915853500366,
        1.3601677417755127,
        0.9156853556632996,
        0.07288966327905655
      ],
      [
        -0.23579204082489014,
        0.024611501023173332,
        -0.15609627962112427,
        -1.0296478271484375,
        1.350257396697998,
        0.9118759632110596,
        0.07319969683885574
      ],
      [
        -0.2361590713262558,
        0.025963401421904564,
        -0.14965985715389252,
        -1.019124150276184,
        1.3418500423431396,
        0.9294335246086121,
        0.07298402488231659
      ],
      [
        -0.23557589948177338,
        0.028430746868252754,
        -0.14399349689483643,
        -0.9954357743263245,
        1.3253782987594604,
        0.9544606804847717,
        0.07330737262964249
      ],
      [
        -0.23543806374073029,
        0.03243358060717583,
        -0.1370195746421814,
        -0.9622483253479004,
        1.3099020719528198,
        0.9872824549674988,
        0.07310020178556442
      ],
      [
        -0.23585879802703857,
        0.03077966906130314,
        -0.13012371957302094,
        -0.914957582950592,
        1.299203634262085,
        1.0091856718063354,
        0.07318148761987686
      ],
      [
        -0.2372947484254837,
        0.028287280350923538,
        -0.12685881555080414,
        -0.8642638325691223,
        1.2619740962982178,
        1.0413854122161865,
        0.07292420417070389
      ],
      [
        -0.23870383203029633,
        0.02501264400780201,
        -0.12231728434562683,
        -0.8110324740409851,
        1.2148005962371826,
        1.0701388120651245,
        0.07405132055282593
      ],
      [
        -0.2414604127407074,
        0.025767073035240173,
        -0.1154462993144989,
        -0.740686297416687,
        1.1858134269714355,
        1.0960043668746948,
        0.07357636094093323
      ],
      [
        -0.24170543253421783,
        0.023657122626900673,
        -0.10340896993875504,
        -0.7195796966552734,
        1.132553219795227,
        1.1147034168243408,
        0.07373455166816711
      ],
      [
        -0.24557508528232574,
        0.02162102237343788,
        -0.0975794643163681,
        -0.6863366961479187,
        1.0874669551849365,
        1.1478806734085083,
        0.07355586439371109
      ],
      [
        -0.2462056279182434,
        0.01801282726228237,
        -0.09368669241666794,
        -0.6281011700630188,
        1.033161997795105,
        1.1545683145523071,
        0.07402297854423523
      ],
      [
        -0.24936020374298096,
        0.014604208990931511,
        -0.09068382531404495,
        -0.6055455803871155,
        0.9820697903633118,
        1.165786862373352,
        0.07438615709543228
      ]
    ],