{
  "sample_name": "sample_000030",
  "payload_path": "/home/sunpeng/sp/umi_project/universal_manipulation_interface/pika_dataset/exports/episode79/sample_000030/payload_raw.json",
  "actions_path": "/home/sunpeng/sp/umi_project/universal_manipulation_interface/pika_dataset/exports/episode79/sample_000030/actions.json",
  "meta": {
    "start_index": 60,
    "obs_horizon": 2,
    "act_horizon": 16,
    "stride": 2,
    "obs_timestamps": [
      1776398607.5595014,
      1776398607.5912888
    ],
    "action_timestamps": [
      1776398607.6216593,
      1776398607.659422,
      1776398607.6911385,
      1776398607.721659,
      1776398607.7595112,
      1776398607.791254,
      1776398607.8216379,
      1776398607.8594265,
      1776398607.891235,
      1776398607.9215744,
      1776398607.9594307,
      1776398607.9913018,
      1776398608.0217173,
      1776398608.0594761,
      1776398608.091265,
      1776398608.1216795
    ]
  },
  "payload_pose_validation": {
    "format": "xyz_quat_xyzw",
    "pose_shape": [
      2,
      7
    ],
    "init_pose_shape": [
      7
    ],
    "quat_norm_mean": 1.0,
    "quat_norm_min": 0.9999999999999999,
    "quat_norm_max": 1.0,
    "init_quat_norm": 0.9999999999999999
  },
  "inference": {
    "selected_arm": "arm_l",
    "checkpoint_path": "/home/sunpeng/sp/umi_project/universal_manipulation_interface/data/outputs/2026.04.20/16.30.06_train_diffusion_unet_timm_picknplace/checkpoints",
    "device": "cuda",
    "action_pred_shape": [
      16,
      10
    ],
    "env_action_shape": [
      16,
      7
    ]
  },
  "metrics": {
    "aligned_shape": [
      16,
      7
    ],
    "pred_shape": [
      16,
      7
    ],
    "target_shape": [
      16,
      7
    ],
    "position": {
      "mean_l2_error": 0.0117243817076087,
      "rmse_l2_error": 0.012735815718770027,
      "max_l2_error": 0.019541049376130104,
      "per_axis_mae": [
        0.0022508762776851654,
        0.003221986349672079,
        0.01059478335082531
      ],
      "per_axis_rmse": [
        0.0028541432693600655,
        0.004031917080283165,
        0.011738760396838188
      ]
    },
    "rotation": {
      "mean_geodesic_rad": 0.0909426286816597,
      "rmse_geodesic_rad": 0.09765295684337616,
      "max_geodesic_rad": 0.13160492479801178,
      "mean_geodesic_deg": 5.210628509521484,
      "rmse_geodesic_deg": 5.595101833343506,
      "max_geodesic_deg": 7.540406227111816
    },
    "gripper": {
      "mean_abs_error": 0.00011285580694675446,
      "rmse": 0.0001556398201500997,
      "max_abs_error": 0.00032806396484375
    },
    "combined_legacy": {
      "mean_abs_error": 0.02147248387336731,
      "max_abs_error": 0.12105405330657959,
      "rmse": 0.03875919058918953
    },
    "pred_action_aligned": [
      [
        -0.24431070685386658,
        0.0032108603045344353,
        -0.10927999019622803,
        -0.8411333560943604,
        1.1056535243988037,
        0.9389835000038147,
        0.09670094400644302
      ],
      [
        -0.24524521827697754,
        0.004283887334167957,
        -0.116866834461689,
        -0.8834369778633118,
        1.1342625617980957,
        0.9330900311470032,
        0.09667197614908218
      ],
      [
        -0.24263626337051392,
        0.00965301226824522,
        -0.12593701481819153,
        -0.9116860032081604,
        1.1685787439346313,
        0.9333010315895081,
        0.0966683104634285
      ],
      [
        -0.24182520806789398,
        0.01135825365781784,
        -0.13361935317516327,
        -0.9439617395401001,
        1.2002449035644531,
        0.9298175573348999,
        0.09664598107337952
      ],
      [
        -0.2397252321243286,
        0.013050797395408154,
        -0.1396462470293045,
        -0.9788029789924622,
        1.236086130142212,
        0.9286808371543884,
        0.09651239216327667
      ],
      [
        -0.23848514258861542,
        0.015107584185898304,
        -0.14672188460826874,
        -0.9895626306533813,
        1.2504866123199463,
        0.9241247177124023,
        0.096432626247406
      ],
      [
        -0.23980851471424103,
        0.018889635801315308,
        -0.14514431357383728,
        -1.012021780014038,
        1.2777023315429688,
        0.9299752712249756,
        0.09637897461652756
      ],
      [
        -0.23903882503509521,
        0.02208724059164524,
        -0.14712201058864594,
        -1.0082993507385254,
        1.2946043014526367,
        0.9388517737388611,
        0.09650617837905884
      ],
      [
        -0.23914165794849396,
        0.024214232340455055,
        -0.14774280786514282,
        -1.0162349939346313,
        1.305025339126587,
        0.9406471848487854,
        0.09655395150184631
      ],
      [
        -0.23855425417423248,
        0.024928217753767967,
        -0.14957822859287262,
        -1.0145386457443237,
        1.3041257858276367,
        0.9370091557502747,
        0.09658410400152206
      ],
      [
        -0.23866619169712067,
        0.023563610389828682,
        -0.15038372576236725,
        -1.015645980834961,
        1.3025147914886475,
        0.9266494512557983,
        0.09644661843776703
      ],
      [
        -0.2380281388759613,
        0.022630151361227036,
        -0.15182191133499146,
        -1.0285418033599854,
        1.3081998825073242,
        0.9237222671508789,
        0.09670668840408325
      ],
      [
        -0.2383546233177185,
        0.022658096626400948,
        -0.1513347625732422,
        -1.0233070850372314,
        1.3147822618484497,
        0.9189332723617554,
        0.09670703113079071
      ],
      [
        -0.23763255774974823,
        0.024005861952900887,
        -0.1504136323928833,
        -1.0231034755706787,
        1.3296610116958618,
        0.9076323509216309,
        0.09669262170791626
      ],
      [
        -0.23627400398254395,
        0.02408154122531414,
        -0.1442384570837021,
        -1.0245137214660645,
        1.3275697231292725,
        0.9103626608848572,
        0.09659149497747421
      ],
      [
        -0.23490244150161743,
        0.02322639338672161,
        -0.14430227875709534,
        -1.0200425386428833,
        1.3381657600402832,
        0.8906246423721313,
        0.09670703113079071
      ]
    ],