{
  "sample_name": "sample_000131",
  "payload_path": "/home/sunpeng/sp/umi_project/universal_manipulation_interface/pika_dataset/exports/episode79/sample_000131/payload_raw.json",
  "actions_path": "/home/sunpeng/sp/umi_project/universal_manipulation_interface/pika_dataset/exports/episode79/sample_000131/actions.json",
  "meta": {
    "start_index": 262,
    "obs_horizon": 2,
    "act_horizon": 16,
    "stride": 2,
    "obs_timestamps": [
      1776398614.291338,
      1776398614.3277342
    ],
    "action_timestamps": [
      1776398614.359505,
      1776398614.391321,
      1776398614.4277146,
      1776398614.4594586,
      1776398614.4913654,
      1776398614.5277576,
      1776398614.5597117,
      1776398614.5913773,
      1776398614.6277854,
      1776398614.6594963,
      1776398614.6913636,
      1776398614.7277372,
      1776398614.759473,
      1776398614.7912495,
      1776398614.8277175,
      1776398614.8594944
    ]
  },
  "payload_pose_validation": {
    "format": "xyz_quat_xyzw",
    "pose_shape": [
      2,
      7
    ],
    "init_pose_shape": [
      7
    ],
    "quat_norm_mean": 0.9999999999999999,
    "quat_norm_min": 0.9999999999999999,
    "quat_norm_max": 0.9999999999999999,
    "init_quat_norm": 0.9999999999999999
  },
  "inference": {
    "selected_arm": "arm_l",
    "checkpoint_path": "/home/sunpeng/sp/umi_project/universal_manipulation_interface/data/outputs/2026.04.20/16.30.06_train_diffusion_unet_timm_picknplace/checkpoints",
    "device": "cuda",
    "action_pred_shape": [
      16,
      10
    ],
    "env_action_shape": [
      16,
      7
    ]
  },
  "metrics": {
    "aligned_shape": [
      16,
      7
    ],
    "pred_shape": [
      16,
      7
    ],
    "target_shape": [
      16,
      7
    ],
    "position": {
      "mean_l2_error": 0.004625977016985416,
      "rmse_l2_error": 0.005279967095702887,
      "max_l2_error": 0.00819933507591486,
      "per_axis_mae": [
        0.0026876116171479225,
        0.0031770942732691765,
        0.0009523630142211914
      ],
      "per_axis_rmse": [
        0.003497546073049307,
        0.003806313732638955,
        0.0010757319396361709
      ]
    },
    "rotation": {
      "mean_geodesic_rad": 0.022011715918779373,
      "rmse_geodesic_rad": 0.02434421144425869,
      "max_geodesic_rad": 0.04606141895055771,
      "mean_geodesic_deg": 1.2611782550811768,
      "rmse_geodesic_deg": 1.3948204517364502,
      "max_geodesic_deg": 2.639124870300293
    },
    "gripper": {
      "mean_abs_error": 0.011223048903048038,
      "rmse": 0.014978664927184582,
      "max_abs_error": 0.022576220333576202
    },
    "combined_legacy": {
      "mean_abs_error": 0.008036981336772442,
      "max_abs_error": 0.03826850652694702,
      "rmse": 0.012136370874941349
    },
    "pred_action_aligned": [
      [
        -0.23695316910743713,
        0.20538118481636047,
        -0.13395120203495026,
        -1.0059329271316528,
        1.2078216075897217,
        1.0401833057403564,
        0.07304107397794724
      ],
      [
        -0.2366386353969574,
        0.20540620386600494,
        -0.13477474451065063,
        -1.0079089403152466,
        1.2218233346939087,
        1.0346574783325195,
        0.07330022007226944
      ],
      [
        -0.23636023700237274,
        0.2064637988805771,
        -0.1339300572872162,
        -1.0112085342407227,
        1.2236263751983643,
        1.0372599363327026,
        0.07336204499006271
      ],
      [
        -0.23617389798164368,
        0.20487147569656372,
        -0.13416540622711182,
        -1.0125991106033325,
        1.223688006401062,
        1.0424822568893433,
        0.07344003766775131
      ],
      [
        -0.2348681092262268,
        0.20430494844913483,
        -0.13486821949481964,
        -1.018293857574463,
        1.2243335247039795,
        1.0361188650131226,
        0.0734826922416687
      ],
      [
        -0.23474638164043427,
        0.20372861623764038,
        -0.13320483267307281,
        -1.0173470973968506,
        1.235095739364624,
        1.0392186641693115,
        0.07382950931787491
      ],
      [
        -0.23595136404037476,
        0.20296548306941986,
        -0.13298450410366058,
        -1.0105006694793701,
        1.2262673377990723,
        1.0421860218048096,
        0.07596059888601303
      ],
      [
        -0.23675738275051117,
        0.20205169916152954,
        -0.13014014065265656,
        -1.0033376216888428,
        1.2205873727798462,
        1.052744746208191,
        0.08274617791175842
      ],
      [
        -0.23787279427051544,
        0.20175884664058685,
        -0.1315942257642746,
        -1.004770040512085,
        1.2140446901321411,
        1.0578492879867554,
        0.08986420184373856
      ],
      [
        -0.2376757711172104,
        0.20127511024475098,
        -0.131113201379776,
        -1.0166412591934204,
        1.1953115463256836,
        1.0590341091156006,
        0.0910201147198677
      ],
      [
        -0.2379094362258911,
        0.20249372720718384,
        -0.13060404360294342,
        -1.0071794986724854,
        1.1852551698684692,
        1.0645569562911987,
        0.09503860026597977
      ],
      [
        -0.23809820413589478,
        0.2022109478712082,
        -0.13049356639385223,
        -1.0125654935836792,
        1.1801297664642334,
        1.0614041090011597,
        0.09670703113079071
      ],
      [
        -0.2376636564731598,
        0.20267406105995178,
        -0.1324273645877838,
        -0.9988462328910828,
        1.1793746948242188,
        1.0571506023406982,
        0.09662654250860214
      ],
      [
        -0.23863013088703156,
        0.20329053699970245,
        -0.1314801722764969,
        -0.9969667196273804,
        1.1903953552246094,
        1.0478492975234985,
        0.09670703113079071
      ],
      [
        -0.23888501524925232,
        0.20296353101730347,
        -0.13020724058151245,
        -0.9881801605224609,
        1.1987292766571045,
        1.0527366399765015,
        0.09661702811717987
      ],
      [
        -0.23999156057834625,
        0.20315483212471008,
        -0.13055846095085144,
        -0.9847841858863831,
        1.2034237384796143,
        1.0658444166183472,
        0.09670703113079071
      ]
    ],