{
  "sample_name": "sample_000032",
  "payload_path": "/home/sunpeng/sp/umi_project/universal_manipulation_interface/pika_dataset/exports/episode79/sample_000032/payload_raw.json",
  "actions_path": "/home/sunpeng/sp/umi_project/universal_manipulation_interface/pika_dataset/exports/episode79/sample_000032/actions.json",
  "meta": {
    "start_index": 64,
    "obs_horizon": 2,
    "act_horizon": 16,
    "stride": 2,
    "obs_timestamps": [
      1776398607.6911385,
      1776398607.721659
    ],
    "action_timestamps": [
      1776398607.7595112,
      1776398607.791254,
      1776398607.8216379,
      1776398607.8594265,
      1776398607.891235,
      1776398607.9215744,
      1776398607.9594307,
      1776398607.9913018,
      1776398608.0217173,
      1776398608.0594761,
      1776398608.091265,
      1776398608.1216795,
      1776398608.159439,
      1776398608.191332,
      1776398608.2217045,
      1776398608.2594833
    ]
  },
  "payload_pose_validation": {
    "format": "xyz_quat_xyzw",
    "pose_shape": [
      2,
      7
    ],
    "init_pose_shape": [
      7
    ],
    "quat_norm_mean": 1.0,
    "quat_norm_min": 0.9999999999999999,
    "quat_norm_max": 1.0,
    "init_quat_norm": 0.9999999999999999
  },
  "inference": {
    "selected_arm": "arm_l",
    "checkpoint_path": "/home/sunpeng/sp/umi_project/universal_manipulation_interface/data/outputs/2026.04.20/16.30.06_train_diffusion_unet_timm_picknplace/checkpoints",
    "device": "cuda",
    "action_pred_shape": [
      16,
      10
    ],
    "env_action_shape": [
      16,
      7
    ]
  },
  "metrics": {
    "aligned_shape": [
      16,
      7
    ],
    "pred_shape": [
      16,
      7
    ],
    "target_shape": [
      16,
      7
    ],
    "position": {
      "mean_l2_error": 0.008157579228281975,
      "rmse_l2_error": 0.00874274130910635,
      "max_l2_error": 0.013656956143677235,
      "per_axis_mae": [
        0.003562169149518013,
        0.0028165983967483044,
        0.006244792137295008
      ],
      "per_axis_rmse": [
        0.003967296332120895,
        0.003053179709240794,
        0.007167578209191561
      ]
    },
    "rotation": {
      "mean_geodesic_rad": 0.06850938498973846,
      "rmse_geodesic_rad": 0.07245371490716934,
      "max_geodesic_rad": 0.09687936305999756,
      "mean_geodesic_deg": 3.9252986907958984,
      "rmse_geodesic_deg": 4.151292324066162,
      "max_geodesic_deg": 5.550778388977051
    },
    "gripper": {
      "mean_abs_error": 0.0011312738060951233,
      "rmse": 0.002369899768382311,
      "max_abs_error": 0.009071819484233856
    },
    "combined_legacy": {
      "mean_abs_error": 0.017921175807714462,
      "max_abs_error": 0.07978963851928711,
      "rmse": 0.027928462252020836
    },
    "pred_action_aligned": [
      [
        -0.2446117252111435,
        0.006791580934077501,
        -0.12075746804475784,
        -0.8900178670883179,
        1.1403013467788696,
        0.9343572854995728,
        0.0966830924153328
      ],
      [
        -0.2427077740430832,
        0.00857087504118681,
        -0.12386582791805267,
        -0.9121826887130737,
        1.161444067955017,
        0.9444367289543152,
        0.09627071022987366
      ],
      [
        -0.23859426379203796,
        0.011482206173241138,
        -0.12989993393421173,
        -0.9511708617210388,
        1.170444369316101,
        0.9562864303588867,
        0.0965820699930191
      ],
      [
        -0.23709245026111603,
        0.012938001193106174,
        -0.13481394946575165,
        -0.9737340211868286,
        1.2073390483856201,
        0.9616473317146301,
        0.09640225768089294
      ],
      [
        -0.23451447486877441,
        0.017089758068323135,
        -0.13868282735347748,
        -0.9905253648757935,
        1.21946120262146,
        0.9726628661155701,
        0.0963299423456192
      ],
      [
        -0.23613940179347992,
        0.021378451958298683,
        -0.14105810225009918,
        -0.9958305358886719,
        1.245635747909546,
        0.9708528518676758,
        0.09620312601327896
      ],
      [
        -0.23384685814380646,
        0.023007556796073914,
        -0.14575189352035522,
        -1.0046881437301636,
        1.2646981477737427,
        0.9720999598503113,
        0.0961277112364769
      ],
      [
        -0.23229816555976868,
        0.02516532689332962,
        -0.14979159832000732,
        -1.026587963104248,
        1.2782108783721924,
        0.9571446180343628,
        0.0960913822054863
      ],
      [
        -0.23267266154289246,
        0.02705022320151329,
        -0.14977382123470306,
        -1.0379654169082642,
        1.2938175201416016,
        0.9513261914253235,
        0.09602741152048111
      ],
      [
        -0.23156514763832092,
        0.029633697122335434,
        -0.1520538330078125,
        -1.0432630777359009,
        1.3079482316970825,
        0.9442059397697449,
        0.09600046277046204
      ],
      [
        -0.23234905302524567,
        0.029594507068395615,
        -0.15096597373485565,
        -1.0477957725524902,
        1.3095165491104126,
        0.9435771703720093,
        0.09603583812713623
      ],
      [
        -0.2313299924135208,
        0.029052332043647766,
        -0.1506495177745819,
        -1.0486633777618408,
        1.312249779701233,
        0.9474910497665405,
        0.09571971744298935
      ],
      [
        -0.23017285764217377,
        0.031229253858327866,
        -0.14673912525177002,
        -1.042966604232788,
        1.3141282796859741,
        0.9530687928199768,
        0.09613940119743347
      ],
      [
        -0.23293304443359375,
        0.03133756294846535,
        -0.14569801092147827,
        -1.033042073249817,
        1.3163700103759766,
        0.9557328224182129,
        0.09595326334238052
      ],
      [
        -0.23216664791107178,
        0.03135247528553009,
        -0.14289292693138123,
        -1.04313063621521,
        1.3273181915283203,
        0.9536402225494385,
        0.09501063078641891
      ],
      [
        -0.23052793741226196,
        0.0323239266872406,
        -0.14265403151512146,
        -1.053539752960205,
        1.3199362754821777,
        0.951576292514801,
        0.08763521909713745
      ]
    ],