{
  "sample_name": "sample_000136",
  "payload_path": "/home/sunpeng/sp/umi_project/universal_manipulation_interface/pika_dataset/exports/episode79/sample_000136/payload_raw.json",
  "actions_path": "/home/sunpeng/sp/umi_project/universal_manipulation_interface/pika_dataset/exports/episode79/sample_000136/actions.json",
  "meta": {
    "start_index": 272,
    "obs_horizon": 2,
    "act_horizon": 16,
    "stride": 2,
    "obs_timestamps": [
      1776398614.6277854,
      1776398614.6594963
    ],
    "action_timestamps": [
      1776398614.6913636,
      1776398614.7277372,
      1776398614.759473,
      1776398614.7912495,
      1776398614.8277175,
      1776398614.8594944,
      1776398614.8912706,
      1776398614.927764,
      1776398614.959612,
      1776398614.9913938,
      1776398615.0277956,
      1776398615.0595434,
      1776398615.0914145,
      1776398615.1277435,
      1776398615.159631,
      1776398615.1914208
    ]
  },
  "payload_pose_validation": {
    "format": "xyz_quat_xyzw",
    "pose_shape": [
      2,
      7
    ],
    "init_pose_shape": [
      7
    ],
    "quat_norm_mean": 1.0,
    "quat_norm_min": 1.0,
    "quat_norm_max": 1.0,
    "init_quat_norm": 0.9999999999999999
  },
  "inference": {
    "selected_arm": "arm_l",
    "checkpoint_path": "/home/sunpeng/sp/umi_project/universal_manipulation_interface/data/outputs/2026.04.20/16.30.06_train_diffusion_unet_timm_picknplace/checkpoints",
    "device": "cuda",
    "action_pred_shape": [
      16,
      10
    ],
    "env_action_shape": [
      16,
      7
    ]
  },
  "metrics": {
    "aligned_shape": [
      16,
      7
    ],
    "pred_shape": [
      16,
      7
    ],
    "target_shape": [
      16,
      7
    ],
    "position": {
      "mean_l2_error": 0.006002792622894049,
      "rmse_l2_error": 0.007166637573391199,
      "max_l2_error": 0.013467110693454742,
      "per_axis_mae": [
        0.0007557990029454231,
        0.0019336864352226257,
        0.004984531085938215
      ],
      "per_axis_rmse": [
        0.0008271046099252999,
        0.0022790979128330946,
        0.006744057405740023
      ]
    },
    "rotation": {
      "mean_geodesic_rad": 0.04214596748352051,
      "rmse_geodesic_rad": 0.04622996971011162,
      "max_geodesic_rad": 0.06714567542076111,
      "mean_geodesic_deg": 2.414785861968994,
      "rmse_geodesic_deg": 2.648782253265381,
      "max_geodesic_deg": 3.847163677215576
    },
    "gripper": {
      "mean_abs_error": 0.006521584000438452,
      "rmse": 0.009473633952438831,
      "max_abs_error": 0.017201974987983704
    },
    "combined_legacy": {
      "mean_abs_error": 0.012711607851088047,
      "max_abs_error": 0.05307590961456299,
      "rmse": 0.019959155470132828
    },
    "pred_action_aligned": [
      [
        -0.2344798594713211,
        0.21099193394184113,
        -0.13111713528633118,
        -0.9892734885215759,
        1.2021491527557373,
        1.0243146419525146,
        0.07338956743478775
      ],
      [
        -0.23289285600185394,
        0.2085171788930893,
        -0.13354232907295227,
        -0.9928925633430481,
        1.2092528343200684,
        1.0334562063217163,
        0.07361199706792831
      ],
      [
        -0.23190198838710785,
        0.2035479098558426,
        -0.1351272463798523,
        -1.0042641162872314,
        1.2156941890716553,
        1.015775203704834,
        0.07341386377811432
      ],
      [
        -0.23405374586582184,
        0.20531292259693146,
        -0.13256478309631348,
        -1.0096783638000488,
        1.205601692199707,
        1.0180057287216187,
        0.0735536590218544
      ],
      [
        -0.23411349952220917,
        0.20642194151878357,
        -0.13086654245853424,
        -1.005972146987915,
        1.2095258235931396,
        1.0116708278656006,
        0.07357525080442429
      ],
      [
        -0.2329970896244049,
        0.2056875079870224,
        -0.13204537332057953,
        -1.0056806802749634,
        1.1990268230438232,
        1.0128979682922363,
        0.07358594983816147
      ],
      [
        -0.23157010972499847,
        0.20450277626514435,
        -0.130498006939888,
        -0.9967829585075378,
        1.1927542686462402,
        1.0228488445281982,
        0.07378129661083221
      ],
      [
        -0.2319740653038025,
        0.20258860290050507,
        -0.13150042295455933,
        -0.9888192415237427,
        1.1843762397766113,
        1.0332999229431152,
        0.07381483912467957
      ],
      [
        -0.23257923126220703,
        0.20207998156547546,
        -0.13078127801418304,
        -0.9715309739112854,
        1.1912946701049805,
        1.0403361320495605,
        0.07655494660139084
      ],
      [
        -0.23226548731327057,
        0.20294347405433655,
        -0.12769196927547455,
        -0.9728885293006897,
        1.1853439807891846,
        1.054379940032959,
        0.08843766152858734
      ],
      [
        -0.23263753950595856,
        0.2044789344072342,
        -0.12722443044185638,
        -0.9798551201820374,
        1.1583592891693115,
        1.0556998252868652,
        0.09151419252157211
      ],
      [
        -0.23372721672058105,
        0.20351412892341614,
        -0.12544436752796173,
        -0.9872912168502808,
        1.1674158573150635,
        1.0629099607467651,
        0.09328199177980423
      ],
      [
        -0.23210476338863373,
        0.20252227783203125,
        -0.12399587780237198,
        -0.9860638976097107,
        1.160837173461914,
        1.0650993585586548,
        0.09481964260339737
      ],
      [
        -0.23326440155506134,
        0.20299102365970612,
        -0.1241314485669136,
        -0.9940702319145203,
        1.1583139896392822,
        1.0738190412521362,
        0.09505102038383484
      ],
      [
        -0.23128069937229156,
        0.20364907383918762,
        -0.11942235380411148,
        -1.000030279159546,
        1.1535816192626953,
        1.0752592086791992,
        0.0952998548746109
      ],
      [
        -0.23118408024311066,
        0.20465953648090363,
        -0.11901168525218964,
        -0.9916642308235168,
        1.1504733562469482,
        1.0818943977355957,
        0.09549877047538757
      ]
    ],