{
  "sample_name": "sample_000038",
  "payload_path": "/home/sunpeng/sp/umi_project/universal_manipulation_interface/pika_dataset/exports/episode79/sample_000038/payload_raw.json",
  "actions_path": "/home/sunpeng/sp/umi_project/universal_manipulation_interface/pika_dataset/exports/episode79/sample_000038/actions.json",
  "meta": {
    "start_index": 76,
    "obs_horizon": 2,
    "act_horizon": 16,
    "stride": 2,
    "obs_timestamps": [
      1776398608.091265,
      1776398608.1216795
    ],
    "action_timestamps": [
      1776398608.159439,
      1776398608.191332,
      1776398608.2217045,
      1776398608.2594833,
      1776398608.2913167,
      1776398608.3216846,
      1776398608.359421,
      1776398608.3913038,
      1776398608.421738,
      1776398608.4595058,
      1776398608.4911988,
      1776398608.5216491,
      1776398608.559694,
      1776398608.5913665,
      1776398608.6217334,
      1776398608.6594543
    ]
  },
  "payload_pose_validation": {
    "format": "xyz_quat_xyzw",
    "pose_shape": [
      2,
      7
    ],
    "init_pose_shape": [
      7
    ],
    "quat_norm_mean": 1.0,
    "quat_norm_min": 1.0,
    "quat_norm_max": 1.0,
    "init_quat_norm": 0.9999999999999999
  },
  "inference": {
    "selected_arm": "arm_l",
    "checkpoint_path": "/home/sunpeng/sp/umi_project/universal_manipulation_interface/data/outputs/2026.04.20/16.30.06_train_diffusion_unet_timm_picknplace/checkpoints",
    "device": "cuda",
    "action_pred_shape": [
      16,
      10
    ],
    "env_action_shape": [
      16,
      7
    ]
  },
  "metrics": {
    "aligned_shape": [
      16,
      7
    ],
    "pred_shape": [
      16,
      7
    ],
    "target_shape": [
      16,
      7
    ],
    "position": {
      "mean_l2_error": 0.00658356212079525,
      "rmse_l2_error": 0.007673642598092556,
      "max_l2_error": 0.01766209863126278,
      "per_axis_mae": [
        0.0018283640965819359,
        0.0021402707789093256,
        0.005637951195240021
      ],
      "per_axis_rmse": [
        0.002302210545167327,
        0.0028329906053841114,
        0.006749724503606558
      ]
    },
    "rotation": {
      "mean_geodesic_rad": 0.017593802884221077,
      "rmse_geodesic_rad": 0.018735308200120926,
      "max_geodesic_rad": 0.02614717185497284,
      "mean_geodesic_deg": 1.0080506801605225,
      "rmse_geodesic_deg": 1.0734540224075317,
      "max_geodesic_deg": 1.4981224536895752
    },
    "gripper": {
      "mean_abs_error": 0.01006253156810999,
      "rmse": 0.013872198760509491,
      "max_abs_error": 0.024189144372940063
    },
    "combined_legacy": {
      "mean_abs_error": 0.007034172769635916,
      "max_abs_error": 0.024261891841888428,
      "rmse": 0.009614132344722748
    },
    "pred_action_aligned": [
      [
        -0.23553352057933807,
        0.027621306478977203,
        -0.1400778591632843,
        -1.0025445222854614,
        1.2468113899230957,
        0.9255565404891968,
        0.09547499567270279
      ],
      [
        -0.23353949189186096,
        0.027840549126267433,
        -0.14345940947532654,
        -1.0236366987228394,
        1.2480753660202026,
        0.9478694200515747,
        0.09285897016525269
      ],
      [
        -0.23233045637607574,
        0.028053048998117447,
        -0.14664509892463684,
        -1.0260987281799316,
        1.2753539085388184,
        0.9530327916145325,
        0.0932677686214447
      ],
      [
        -0.23214055597782135,
        0.025727462023496628,
        -0.1445511430501938,
        -1.0485650300979614,
        1.283987045288086,
        0.9369498491287231,
        0.09046559780836105
      ],
      [
        -0.23229339718818665,
        0.027350706979632378,
        -0.14470435678958893,
        -1.035078525543213,
        1.2972902059555054,
        0.9506934881210327,
        0.0948697105050087
      ],
      [
        -0.23099644482135773,
        0.031058184802532196,
        -0.1445123851299286,
        -1.0508478879928589,
        1.3012264966964722,
        0.9467105269432068,
        0.0952313244342804
      ],
      [
        -0.22966673970222473,
        0.028792720288038254,
        -0.14656291902065277,
        -1.0490854978561401,
        1.319503903388977,
        0.9430639743804932,
        0.09581846743822098
      ],
      [
        -0.2285435050725937,
        0.025942374020814896,
        -0.1430559754371643,
        -1.047331690788269,
        1.3283053636550903,
        0.9449710249900818,
        0.09577883034944534
      ],
      [
        -0.22997458279132843,
        0.026714636012911797,
        -0.1476014107465744,
        -1.0546022653579712,
        1.318145513534546,
        0.9450057744979858,
        0.09561780095100403
      ],
      [
        -0.2323954701423645,
        0.02977045625448227,
        -0.14590826630592346,
        -1.0507409572601318,
        1.318122386932373,
        0.9472069144248962,
        0.08734092861413956
      ],
      [
        -0.2303961217403412,
        0.028935475274920464,
        -0.14560261368751526,
        -1.052069067955017,
        1.3086483478546143,
        0.9447588920593262,
        0.08240168541669846
      ],
      [
        -0.2318197637796402,
        0.029927635565400124,
        -0.14628711342811584,
        -1.0624804496765137,
        1.3082033395767212,
        0.9407480359077454,
        0.07497967779636383
      ],
      [
        -0.23398147523403168,
        0.032353583723306656,
        -0.14648041129112244,
        -1.0476857423782349,
        1.320717453956604,
        0.9544903635978699,
        0.0737067386507988
      ],
      [
        -0.2320530116558075,
        0.02932891994714737,
        -0.144592747092247,
        -1.0467089414596558,
        1.326991319656372,
        0.9410715699195862,
        0.07308410853147507
      ],
      [
        -0.2330564558506012,
        0.029336942359805107,
        -0.14552843570709229,
        -1.0543491840362549,
        1.330893635749817,
        0.9471582770347595,
        0.07289761304855347
      ],
      [
        -0.23415489494800568,
        0.03405284881591797,
        -0.13878042995929718,
        -1.0511045455932617,
        1.3331886529922485,
        0.9295281767845154,
        0.07251789420843124
      ]
    ],