{
  "sample_name": "sample_000062",
  "payload_path": "/home/sunpeng/sp/umi_project/universal_manipulation_interface/pika_dataset/exports/episode79/sample_000062/payload_raw.json",
  "actions_path": "/home/sunpeng/sp/umi_project/universal_manipulation_interface/pika_dataset/exports/episode79/sample_000062/actions.json",
  "meta": {
    "start_index": 124,
    "obs_horizon": 2,
    "act_horizon": 16,
    "stride": 2,
    "obs_timestamps": [
      1776398609.691274,
      1776398609.7276528
    ],
    "action_timestamps": [
      1776398609.7594206,
      1776398609.791275,
      1776398609.8277245,
      1776398609.8594875,
      1776398609.8913586,
      1776398609.9276798,
      1776398609.9594717,
      1776398609.9913273,
      1776398610.0276623,
      1776398610.0595322,
      1776398610.0913184,
      1776398610.127669,
      1776398610.159488,
      1776398610.1912985,
      1776398610.2276928,
      1776398610.2594612
    ]
  },
  "payload_pose_validation": {
    "format": "xyz_quat_xyzw",
    "pose_shape": [
      2,
      7
    ],
    "init_pose_shape": [
      7
    ],
    "quat_norm_mean": 1.0,
    "quat_norm_min": 0.9999999999999999,
    "quat_norm_max": 1.0,
    "init_quat_norm": 0.9999999999999999
  },
  "inference": {
    "selected_arm": "arm_l",
    "checkpoint_path": "/home/sunpeng/sp/umi_project/universal_manipulation_interface/data/outputs/2026.04.20/16.30.06_train_diffusion_unet_timm_picknplace/checkpoints",
    "device": "cuda",
    "action_pred_shape": [
      16,
      10
    ],
    "env_action_shape": [
      16,
      7
    ]
  },
  "metrics": {
    "aligned_shape": [
      16,
      7
    ],
    "pred_shape": [
      16,
      7
    ],
    "target_shape": [
      16,
      7
    ],
    "position": {
      "mean_l2_error": 0.04118962958455086,
      "rmse_l2_error": 0.047777220606803894,
      "max_l2_error": 0.07746130228042603,
      "per_axis_mae": [
        0.020707514137029648,
        0.009738629683852196,
        0.03325086086988449
      ],
      "per_axis_rmse": [
        0.025196708738803864,
        0.013229167088866234,
        0.03837679326534271
      ]
    },
    "rotation": {
      "mean_geodesic_rad": 0.2765078842639923,
      "rmse_geodesic_rad": 0.33094194531440735,
      "max_geodesic_rad": 0.5280680060386658,
      "mean_geodesic_deg": 15.842733383178711,
      "rmse_geodesic_deg": 18.961576461791992,
      "max_geodesic_deg": 30.256067276000977
    },
    "gripper": {
      "mean_abs_error": 0.0002764076925814152,
      "rmse": 0.0003437744453549385,
      "max_abs_error": 0.0007133930921554565
    },
    "combined_legacy": {
      "mean_abs_error": 0.08432485163211823,
      "max_abs_error": 0.4352145195007324,
      "rmse": 0.14195506274700165
    },
    "pred_action_aligned": [
      [
        -0.22750480473041534,
        0.03031950816512108,
        -0.1435793787240982,
        -1.090074896812439,
        1.343641757965088,
        0.9286025166511536,
        0.0727204903960228
      ],
      [
        -0.2307455986738205,
        0.031067460775375366,
        -0.13939809799194336,
        -1.0652440786361694,
        1.339403748512268,
        0.9501460194587708,
        0.0725872740149498
      ],
      [
        -0.23162147402763367,
        0.033209506422281265,
        -0.1341158002614975,
        -1.0412788391113281,
        1.3242318630218506,
        0.9633620977401733,
        0.07274219393730164
      ],
      [
        -0.23327739536762238,
        0.03472729027271271,
        -0.1303684413433075,
        -1.0177522897720337,
        1.3109689950942993,
        0.9918659329414368,
        0.07260771095752716
      ],
      [
        -0.23602136969566345,
        0.03515931963920593,
        -0.1252788007259369,
        -0.9864788055419922,
        1.2897266149520874,
        1.0182242393493652,
        0.07270824164152145
      ],
      [
        -0.24010293185710907,
        0.03501046821475029,
        -0.1173534095287323,
        -0.9561249613761902,
        1.2613427639007568,
        1.0478382110595703,
        0.07257278263568878
      ],
      [
        -0.24508175253868103,
        0.033705245703458786,
        -0.11311416327953339,
        -0.9215987920761108,
        1.2364249229431152,
        1.0850359201431274,
        0.07296941429376602
      ],
      [
        -0.25085270404815674,
        0.031157193705439568,
        -0.1065710186958313,
        -0.8877080678939819,
        1.2138718366622925,
        1.1189136505126953,
        0.0726781040430069
      ],
      [
        -0.25642895698547363,
        0.025515547022223473,
        -0.10144132375717163,
        -0.8488758206367493,
        1.1811106204986572,
        1.1472671031951904,
        0.07303350418806076
      ],
      [
        -0.26024898886680603,
        0.021255619823932648,
        -0.0953999012708664,
        -0.7945153713226318,
        1.1640863418579102,
        1.16187584400177,
        0.07284411042928696
      ],
      [
        -0.26267239451408386,
        0.018054334446787834,
        -0.09221024811267853,
        -0.7429539561271667,
        1.1342934370040894,
        1.17433762550354,
        0.07334651052951813
      ],
      [
        -0.26366662979125977,
        0.016474343836307526,
        -0.08530262112617493,
        -0.6891449689865112,
        1.0905842781066895,
        1.1783207654953003,
        0.07309813052415848
      ],
      [
        -0.2659246325492859,
        0.014111226424574852,
        -0.0813046395778656,
        -0.6465848684310913,
        1.061686396598816,
        1.1954801082611084,
        0.07352271676063538
      ],
      [
        -0.26644277572631836,
        0.012095849961042404,
        -0.07687298953533173,
        -0.6221912503242493,
        1.0305601358413696,
        1.18985116481781,
        0.07353276014328003
      ],
      [
        -0.26814931631088257,
        0.01222139224410057,
        -0.0738278403878212,
        -0.604764461517334,
        1.0067951679229736,
        1.1934055089950562,
        0.07307703793048859
      ],
      [
        -0.26916182041168213,
        0.010400567203760147,
        -0.07015614211559296,
        -0.6011703610420227,
        0.9703599214553833,
        1.2033909559249878,
        0.07325387001037598
      ]
    ],