{
  "sample_name": "sample_000018",
  "payload_path": "/home/sunpeng/sp/umi_project/universal_manipulation_interface/pika_dataset/exports/episode79/sample_000018/payload_raw.json",
  "actions_path": "/home/sunpeng/sp/umi_project/universal_manipulation_interface/pika_dataset/exports/episode79/sample_000018/actions.json",
  "meta": {
    "start_index": 36,
    "obs_horizon": 2,
    "act_horizon": 16,
    "stride": 2,
    "obs_timestamps": [
      1776398606.7596703,
      1776398606.7912264
    ],
    "action_timestamps": [
      1776398606.8216267,
      1776398606.859708,
      1776398606.8911812,
      1776398606.921649,
      1776398606.9595206,
      1776398606.9912298,
      1776398607.0216267,
      1776398607.0593703,
      1776398607.0912151,
      1776398607.1215694,
      1776398607.1593602,
      1776398607.19125,
      1776398607.2216332,
      1776398607.2593372,
      1776398607.291238,
      1776398607.3216622
    ]
  },
  "payload_pose_validation": {
    "format": "xyz_quat_xyzw",
    "pose_shape": [
      2,
      7
    ],
    "init_pose_shape": [
      7
    ],
    "quat_norm_mean": 1.0,
    "quat_norm_min": 0.9999999999999999,
    "quat_norm_max": 1.0,
    "init_quat_norm": 0.9999999999999999
  },
  "inference": {
    "selected_arm": "arm_l",
    "checkpoint_path": "/home/sunpeng/sp/umi_project/universal_manipulation_interface/data/outputs/2026.04.20/16.30.06_train_diffusion_unet_timm_picknplace/checkpoints",
    "device": "cuda",
    "action_pred_shape": [
      16,
      10
    ],
    "env_action_shape": [
      16,
      7
    ]
  },
  "metrics": {
    "aligned_shape": [
      16,
      7
    ],
    "pred_shape": [
      16,
      7
    ],
    "target_shape": [
      16,
      7
    ],
    "position": {
      "mean_l2_error": 0.029231641441583633,
      "rmse_l2_error": 0.03496668115258217,
      "max_l2_error": 0.0554678812623024,
      "per_axis_mae": [
        0.010423670522868633,
        0.016133993864059448,
        0.021847208961844444
      ],
      "per_axis_rmse": [
        0.012379424646496773,
        0.019222885370254517,
        0.026455607265233994
      ]
    },
    "rotation": {
      "mean_geodesic_rad": 0.14620479941368103,
      "rmse_geodesic_rad": 0.16296400129795074,
      "max_geodesic_rad": 0.24316184222698212,
      "mean_geodesic_deg": 8.376916885375977,
      "rmse_geodesic_deg": 9.337148666381836,
      "max_geodesic_deg": 13.932146072387695
    },
    "gripper": {
      "mean_abs_error": 0.0003938032314181328,
      "rmse": 0.0005049663013778627,
      "max_abs_error": 0.0009794607758522034
    },
    "combined_legacy": {
      "mean_abs_error": 0.038346435874700546,
      "max_abs_error": 0.19798749685287476,
      "rmse": 0.06537292152643204
    },
    "pred_action_aligned": [
      [
        -0.2643679678440094,
        -0.03490575775504112,
        -0.07781781256198883,
        -0.6101793646812439,
        0.8965332508087158,
        0.9010816216468811,
        0.09648023545742035
      ],
      [
        -0.261481374502182,
        -0.032648444175720215,
        -0.08132366836071014,
        -0.6189839243888855,
        0.8940680623054504,
        0.9112730622291565,
        0.09660231322050095
      ],
      [
        -0.26153069734573364,
        -0.03167685493826866,
        -0.08214615285396576,
        -0.648752748966217,
        0.9107731580734253,
        0.9302319884300232,
        0.09664399921894073
      ],
      [
        -0.25703465938568115,
        -0.025727111846208572,
        -0.08396739512681961,
        -0.6698768734931946,
        0.9072732329368591,
        0.9279114603996277,
        0.0966707170009613
      ],
      [
        -0.25374558568000793,
        -0.0217779241502285,
        -0.08804013580083847,
        -0.711669385433197,
        0.9153894782066345,
        0.92887943983078,
        0.09652306139469147
      ],
      [
        -0.24986883997917175,
        -0.016487428918480873,
        -0.08878792077302933,
        -0.74045729637146,
        0.9643987417221069,
        0.9333096742630005,
        0.09670703113079071
      ],
      [
        -0.2500613331794739,
        -0.012024030089378357,
        -0.09547530114650726,
        -0.7842788100242615,
        0.9810866117477417,
        0.9391137361526489,
        0.096544049680233
      ],
      [
        -0.24466335773468018,
        -0.0029426831752061844,
        -0.10444022715091705,
        -0.782519519329071,
        1.0093352794647217,
        0.9408090710639954,
        0.09659208357334137
      ],
      [
        -0.2455817461013794,
        -0.0008029676973819733,
        -0.10823746025562286,
        -0.8139708042144775,
        1.050290822982788,
        0.933246910572052,
        0.09625037759542465
      ],
      [
        -0.24135123193264008,
        0.00516316294670105,
        -0.1161142885684967,
        -0.8408772945404053,
        1.063881754875183,
        0.9358972311019897,
        0.09619823843240738
      ],
      [
        -0.2393338680267334,
        0.006704069674015045,
        -0.11984734982252121,
        -0.8518489003181458,
        1.0953718423843384,
        0.940622091293335,
        0.09611132740974426
      ],
      [
        -0.23815679550170898,
        0.00875934213399887,
        -0.12116861343383789,
        -0.8689205050468445,
        1.1184229850769043,
        0.9474843740463257,
        0.09590652585029602
      ],
      [
        -0.2363336682319641,
        0.012117747217416763,
        -0.13052251935005188,
        -0.8851076364517212,
        1.1288100481033325,
        0.9428066611289978,
        0.0957275778055191
      ],
      [
        -0.23509402573108673,
        0.012167014181613922,
        -0.1328287273645401,
        -0.9031373858451843,
        1.155754804611206,
        0.9498611092567444,
        0.09581973403692245
      ],
      [
        -0.23553550243377686,
        0.015123274177312851,
        -0.13740861415863037,
        -0.924669086933136,
        1.1805775165557861,
        0.9482892751693726,
        0.09624581038951874
      ],
      [
        -0.23581214249134064,
        0.01578112691640854,
        -0.1409120112657547,
        -0.9402336478233337,
        1.1977702379226685,
        0.9496448636054993,
        0.0959886834025383
      ]
    ],