{
  "sample_name": "sample_000101",
  "payload_path": "/home/sunpeng/sp/umi_project/universal_manipulation_interface/pika_dataset/exports/episode79/sample_000101/payload_raw.json",
  "actions_path": "/home/sunpeng/sp/umi_project/universal_manipulation_interface/pika_dataset/exports/episode79/sample_000101/actions.json",
  "meta": {
    "start_index": 202,
    "obs_horizon": 2,
    "act_horizon": 16,
    "stride": 2,
    "obs_timestamps": [
      1776398612.2913024,
      1776398612.3276784
    ],
    "action_timestamps": [
      1776398612.3594687,
      1776398612.3913581,
      1776398612.4277766,
      1776398612.459511,
      1776398612.4912949,
      1776398612.5277646,
      1776398612.559704,
      1776398612.591397,
      1776398612.6277316,
      1776398612.6595614,
      1776398612.6912947,
      1776398612.7276466,
      1776398612.7594557,
      1776398612.7913513,
      1776398612.8276937,
      1776398612.8595362
    ]
  },
  "payload_pose_validation": {
    "format": "xyz_quat_xyzw",
    "pose_shape": [
      2,
      7
    ],
    "init_pose_shape": [
      7
    ],
    "quat_norm_mean": 1.0,
    "quat_norm_min": 1.0,
    "quat_norm_max": 1.0,
    "init_quat_norm": 0.9999999999999999
  },
  "inference": {
    "selected_arm": "arm_l",
    "checkpoint_path": "/home/sunpeng/sp/umi_project/universal_manipulation_interface/data/outputs/2026.04.20/16.30.06_train_diffusion_unet_timm_picknplace/checkpoints",
    "device": "cuda",
    "action_pred_shape": [
      16,
      10
    ],
    "env_action_shape": [
      16,
      7
    ]
  },
  "metrics": {
    "aligned_shape": [
      16,
      7
    ],
    "pred_shape": [
      16,
      7
    ],
    "target_shape": [
      16,
      7
    ],
    "position": {
      "mean_l2_error": 0.03794413059949875,
      "rmse_l2_error": 0.04923497140407562,
      "max_l2_error": 0.09420330077409744,
      "per_axis_mae": [
        0.004941860213875771,
        0.03253966197371483,
        0.01563064567744732
      ],
      "per_axis_rmse": [
        0.005509479437023401,
        0.04360461235046387,
        0.022189322859048843
      ]
    },
    "rotation": {
      "mean_geodesic_rad": 0.13237112760543823,
      "rmse_geodesic_rad": 0.1741178035736084,
      "max_geodesic_rad": 0.3332529664039612,
      "mean_geodesic_deg": 7.5843071937561035,
      "rmse_geodesic_deg": 9.976214408874512,
      "max_geodesic_deg": 19.09398651123047
    },
    "gripper": {
      "mean_abs_error": 0.0005541089922189713,
      "rmse": 0.0006454820977523923,
      "max_abs_error": 0.001203194260597229
    },
    "combined_legacy": {
      "mean_abs_error": 0.03724922984838486,
      "max_abs_error": 0.2721065878868103,
      "rmse": 0.07298256456851959
    },
    "pred_action_aligned": [
      [
        -0.2566082775592804,
        0.017752062529325485,
        -0.06854883581399918,
        -0.5463685989379883,
        0.8572099804878235,
        1.1796059608459473,
        0.07269203662872314
      ],
      [
        -0.25814950466156006,
        0.012278873473405838,
        -0.06439188867807388,
        -0.5448932647705078,
        0.8470502495765686,
        1.173862338066101,
        0.07343719899654388
      ],
      [
        -0.254695862531662,
        0.01168061699718237,
        -0.06055593490600586,
        -0.5755910277366638,
        0.8337225317955017,
        1.1954134702682495,
        0.07344658672809601
      ],
      [
        -0.25272396206855774,
        0.022202132269740105,
        -0.062348704785108566,
        -0.558393120765686,
        0.8270508646965027,
        1.1938384771347046,
        0.07290641218423843
      ],
      [
        -0.2516472041606903,
        0.03144683688879013,
        -0.05863440781831741,
        -0.5589581727981567,
        0.7818300127983093,
        1.164811134338379,
        0.07227301597595215
      ],
      [
        -0.24771544337272644,
        0.0362531803548336,
        -0.052067793905735016,
        -0.554624080657959,
        0.7409510016441345,
        1.1803678274154663,
        0.07279188185930252
      ],
      [
        -0.24750962853431702,
        0.04625575989484787,
        -0.04312397539615631,
        -0.5531541705131531,
        0.7234590649604797,
        1.2018884420394897,
        0.0724228248000145
      ],
      [
        -0.2488548755645752,
        0.0631972923874855,
        -0.04575260728597641,
        -0.585441529750824,
        0.756262481212616,
        1.2200589179992676,
        0.07271517068147659
      ],
      [
        -0.24346846342086792,
        0.0812210738658905,
        -0.046828772872686386,
        -0.6186647415161133,
        0.8016620874404907,
        1.2187867164611816,
        0.07252705097198486
      ],
      [
        -0.24013599753379822,
        0.09913824498653412,
        -0.049085088074207306,
        -0.6619445085525513,
        0.8522472977638245,
        1.2153035402297974,
        0.07318799942731857
      ],
      [
        -0.239305779337883,
        0.1172887533903122,
        -0.059421468526124954,
        -0.7205031514167786,
        0.8964822888374329,
        1.2010761499404907,
        0.07306107878684998
      ],
      [
        -0.2406512349843979,
        0.1308201551437378,
        -0.07084329426288605,
        -0.76399165391922,
        0.9482296109199524,
        1.1953318119049072,
        0.07292507588863373
      ],
      [
        -0.24004684388637543,
        0.13965542614459991,
        -0.0779523104429245,
        -0.8026149272918701,
        0.9773763418197632,
        1.1960111856460571,
        0.07330001145601273
      ],
      [
        -0.2426534742116928,
        0.15042178332805634,
        -0.0839855819940567,
        -0.8460702300071716,
        1.017217755317688,
        1.1721549034118652,
        0.07293794304132462
      ],
      [
        -0.24032919108867645,
        0.16348247230052948,
        -0.09270477294921875,
        -0.8660646080970764,
        1.058029294013977,
        1.1644203662872314,
        0.07306288182735443
      ],
      [
        -0.23995818197727203,
        0.1713215559720993,
        -0.10176274180412292,
        -0.9039906859397888,
        1.0852092504501343,
        1.1495391130447388,
        0.07306645065546036
      ]
    ],