{
  "sample_name": "sample_000084",
  "payload_path": "/home/sunpeng/sp/umi_project/universal_manipulation_interface/pika_dataset/exports/episode79/sample_000084/payload_raw.json",
  "actions_path": "/home/sunpeng/sp/umi_project/universal_manipulation_interface/pika_dataset/exports/episode79/sample_000084/actions.json",
  "meta": {
    "start_index": 168,
    "obs_horizon": 2,
    "act_horizon": 16,
    "stride": 2,
    "obs_timestamps": [
      1776398611.1594741,
      1776398611.1913004
    ],
    "action_timestamps": [
      1776398611.2276905,
      1776398611.2595031,
      1776398611.291446,
      1776398611.327706,
      1776398611.359543,
      1776398611.3912938,
      1776398611.4278135,
      1776398611.459492,
      1776398611.4913552,
      1776398611.5276787,
      1776398611.5596828,
      1776398611.59132,
      1776398611.6276617,
      1776398611.6594505,
      1776398611.6912773,
      1776398611.7277238
    ]
  },
  "payload_pose_validation": {
    "format": "xyz_quat_xyzw",
    "pose_shape": [
      2,
      7
    ],
    "init_pose_shape": [
      7
    ],
    "quat_norm_mean": 1.0,
    "quat_norm_min": 0.9999999999999999,
    "quat_norm_max": 1.0,
    "init_quat_norm": 0.9999999999999999
  },
  "inference": {
    "selected_arm": "arm_l",
    "checkpoint_path": "/home/sunpeng/sp/umi_project/universal_manipulation_interface/data/outputs/2026.04.20/16.30.06_train_diffusion_unet_timm_picknplace/checkpoints",
    "device": "cuda",
    "action_pred_shape": [
      16,
      10
    ],
    "env_action_shape": [
      16,
      7
    ]
  },
  "metrics": {
    "aligned_shape": [
      16,
      7
    ],
    "pred_shape": [
      16,
      7
    ],
    "target_shape": [
      16,
      7
    ],
    "position": {
      "mean_l2_error": 0.019897226244211197,
      "rmse_l2_error": 0.022770479321479797,
      "max_l2_error": 0.04153847694396973,
      "per_axis_mae": [
        0.004686174914240837,
        0.010713190771639347,
        0.014933462254703045
      ],
      "per_axis_rmse": [
        0.006022608373314142,
        0.014636548236012459,
        0.016370533034205437
      ]
    },
    "rotation": {
      "mean_geodesic_rad": 0.03772687539458275,
      "rmse_geodesic_rad": 0.04261069372296333,
      "max_geodesic_rad": 0.07965308427810669,
      "mean_geodesic_deg": 2.161590576171875,
      "rmse_geodesic_deg": 2.4414126873016357,
      "max_geodesic_deg": 4.563785076141357
    },
    "gripper": {
      "mean_abs_error": 0.00037762150168418884,
      "rmse": 0.0005708912503905594,
      "max_abs_error": 0.0018362924456596375
    },
    "combined_legacy": {
      "mean_abs_error": 0.012860871851444244,
      "max_abs_error": 0.076213538646698,
      "rmse": 0.019131440669298172
    },
    "pred_action_aligned": [
      [
        -0.2546100616455078,
        0.027128590270876884,
        -0.07444147765636444,
        -0.6540043354034424,
        1.0252373218536377,
        1.1418564319610596,
        0.07465565949678421
      ],
      [
        -0.2569946050643921,
        0.024168796837329865,
        -0.06953798979520798,
        -0.6159986257553101,
        0.9794849157333374,
        1.1804887056350708,
        0.0743035152554512
      ],
      [
        -0.25927650928497314,
        0.022851750254631042,
        -0.06504009664058685,
        -0.5843269228935242,
        0.9230150580406189,
        1.1796479225158691,
        0.07391974329948425
      ],
      [
        -0.259907066822052,
        0.020597463473677635,
        -0.06362132728099823,
        -0.5709646940231323,
        0.8774240016937256,
        1.1736339330673218,
        0.07328557223081589
      ],
      [
        -0.2616596221923828,
        0.019704390317201614,
        -0.06605604290962219,
        -0.555740475654602,
        0.8754667639732361,
        1.1818984746932983,
        0.07343881577253342
      ],
      [
        -0.260021835565567,
        0.021870292723178864,
        -0.06392363458871841,
        -0.5632904171943665,
        0.8747146129608154,
        1.177630066871643,
        0.07388955354690552
      ],
      [
        -0.2614099979400635,
        0.024351520463824272,
        -0.06349960714578629,
        -0.5546276569366455,
        0.8901082277297974,
        1.1907504796981812,
        0.07394123077392578
      ],
      [
        -0.25937914848327637,
        0.023630088195204735,
        -0.059909384697675705,
        -0.5536245703697205,
        0.9005634188652039,
        1.1896758079528809,
        0.07358136028051376
      ],
      [
        -0.2599896490573883,
        0.025874925777316093,
        -0.06036432832479477,
        -0.571897566318512,
        0.9131577610969543,
        1.191297173500061,
        0.07358741015195847
      ],
      [
        -0.2585536241531372,
        0.026478959247469902,
        -0.06043162941932678,
        -0.568849503993988,
        0.9080207943916321,
        1.1934653520584106,
        0.07371722906827927
      ],
      [
        -0.255559504032135,
        0.02728549763560295,
        -0.05912460759282112,
        -0.5631353259086609,
        0.9054603576660156,
        1.174405813217163,
        0.07353715598583221
      ],
      [
        -0.25569888949394226,
        0.02750634402036667,
        -0.05465812236070633,
        -0.5492941737174988,
        0.8741030097007751,
        1.1884887218475342,
        0.0739654079079628
      ],
      [
        -0.2557844817638397,
        0.027165913954377174,
        -0.050152428448200226,
        -0.5465211868286133,
        0.8500686883926392,
        1.195494294166565,
        0.07371031492948532
      ],
      [
        -0.259529173374176,
        0.029578808695077896,
        -0.05367365479469299,
        -0.5475475192070007,
        0.8341968655586243,
        1.191913366317749,
        0.07351799309253693
      ],
      [
        -0.2579220235347748,
        0.03445741534233093,
        -0.059065427631139755,
        -0.5652894377708435,
        0.8211631178855896,
        1.1668000221252441,
        0.07314415276050568
      ],
      [
        -0.2597607970237732,
        0.044555578380823135,
        -0.06248726323246956,
        -0.5609712600708008,
        0.8362952470779419,
        1.186315894126892,
        0.0732632502913475
      ]
    ],