{
  "sample_name": "sample_000114",
  "payload_path": "/home/sunpeng/sp/umi_project/universal_manipulation_interface/pika_dataset/exports/episode79/sample_000114/payload_raw.json",
  "actions_path": "/home/sunpeng/sp/umi_project/universal_manipulation_interface/pika_dataset/exports/episode79/sample_000114/actions.json",
  "meta": {
    "start_index": 228,
    "obs_horizon": 2,
    "act_horizon": 16,
    "stride": 2,
    "obs_timestamps": [
      1776398613.1595042,
      1776398613.191496
    ],
    "action_timestamps": [
      1776398613.2277737,
      1776398613.259651,
      1776398613.291426,
      1776398613.3277295,
      1776398613.3595564,
      1776398613.3913634,
      1776398613.427778,
      1776398613.459609,
      1776398613.4913442,
      1776398613.527935,
      1776398613.559702,
      1776398613.5914123,
      1776398613.6277363,
      1776398613.659504,
      1776398613.6913922,
      1776398613.7277126
    ]
  },
  "payload_pose_validation": {
    "format": "xyz_quat_xyzw",
    "pose_shape": [
      2,
      7
    ],
    "init_pose_shape": [
      7
    ],
    "quat_norm_mean": 1.0,
    "quat_norm_min": 0.9999999999999999,
    "quat_norm_max": 1.0,
    "init_quat_norm": 0.9999999999999999
  },
  "inference": {
    "selected_arm": "arm_l",
    "checkpoint_path": "/home/sunpeng/sp/umi_project/universal_manipulation_interface/data/outputs/2026.04.20/16.30.06_train_diffusion_unet_timm_picknplace/checkpoints",
    "device": "cuda",
    "action_pred_shape": [
      16,
      10
    ],
    "env_action_shape": [
      16,
      7
    ]
  },
  "metrics": {
    "aligned_shape": [
      16,
      7
    ],
    "pred_shape": [
      16,
      7
    ],
    "target_shape": [
      16,
      7
    ],
    "position": {
      "mean_l2_error": 0.021352045238018036,
      "rmse_l2_error": 0.02247801050543785,
      "max_l2_error": 0.02784663811326027,
      "per_axis_mae": [
        0.009543555788695812,
        0.01700787991285324,
        0.006094946060329676
      ],
      "per_axis_rmse": [
        0.0104695875197649,
        0.018167436122894287,
        0.008098945021629333
      ]
    },
    "rotation": {
      "mean_geodesic_rad": 0.04470182955265045,
      "rmse_geodesic_rad": 0.04822828620672226,
      "max_geodesic_rad": 0.07270555198192596,
      "mean_geodesic_deg": 2.5612263679504395,
      "rmse_geodesic_deg": 2.763277053833008,
      "max_geodesic_deg": 4.1657209396362305
    },
    "gripper": {
      "mean_abs_error": 0.00032271211966872215,
      "rmse": 0.000378711469238624,
      "max_abs_error": 0.0008058696985244751
    },
    "combined_legacy": {
      "mean_abs_error": 0.015817036852240562,
      "max_abs_error": 0.06707698106765747,
      "rmse": 0.022130465134978294
    },
    "pred_action_aligned": [
      [
        -0.24200555682182312,
        0.14427527785301208,
        -0.07801847904920578,
        -0.7872933745384216,
        0.9757776260375977,
        1.180903673171997,
        0.07351765781641006
      ],
      [
        -0.24201135337352753,
        0.15357276797294617,
        -0.08337649703025818,
        -0.8145588040351868,
        1.0138622522354126,
        1.1762073040008545,
        0.07365982979536057
      ],
      [
        -0.2383008748292923,
        0.16562598943710327,
        -0.08804347366094589,
        -0.84531170129776,
        1.0608577728271484,
        1.154849648475647,
        0.07356168329715729
      ],
      [
        -0.23945669829845428,
        0.17539633810520172,
        -0.08824542909860611,
        -0.8690958619117737,
        1.0783573389053345,
        1.1611665487289429,
        0.07313679158687592
      ],
      [
        -0.23506900668144226,
        0.18285822868347168,
        -0.0934605523943901,
        -0.8854172825813293,
        1.0787354707717896,
        1.1471401453018188,
        0.07309028506278992
      ],
      [
        -0.23492485284805298,
        0.189445361495018,
        -0.09706223011016846,
        -0.9118798971176147,
        1.1027939319610596,
        1.1433714628219604,
        0.07300622761249542
      ],
      [
        -0.23233449459075928,
        0.1927577257156372,
        -0.10022900998592377,
        -0.9187893867492676,
        1.1144516468048096,
        1.1192922592163086,
        0.07305900007486343
      ],
      [
        -0.2323717176914215,
        0.1947973370552063,
        -0.10505080223083496,
        -0.9332242012023926,
        1.1335406303405762,
        1.1135163307189941,
        0.0732022151350975
      ],
      [
        -0.2310638576745987,
        0.19607359170913696,
        -0.11085154861211777,
        -0.950145423412323,
        1.1393977403640747,
        1.0917797088623047,
        0.07303886115550995
      ],
      [
        -0.2286040186882019,
        0.19926658272743225,
        -0.1149928867816925,
        -0.9647939801216125,
        1.1447031497955322,
        1.0732243061065674,
        0.07346252351999283
      ],
      [
        -0.22776304185390472,
        0.20351865887641907,
        -0.11860129982233047,
        -0.9702237844467163,
        1.1460596323013306,
        1.0683482885360718,
        0.07324671000242233
      ],
      [
        -0.22730708122253418,
        0.20472830533981323,
        -0.11950027942657471,
        -0.9732048511505127,
        1.14944326877594,
        1.052983045578003,
        0.07320438325405121
      ],
      [
        -0.22736769914627075,
        0.20708468556404114,
        -0.11531783640384674,
        -0.9702645540237427,
        1.1450458765029907,
        1.0580648183822632,
        0.07323247194290161
      ],
      [
        -0.22642068564891815,
        0.20880275964736938,
        -0.11319632828235626,
        -0.9590558409690857,
        1.1344225406646729,
        1.0603089332580566,
        0.07287999242544174
      ],
      [
        -0.22618257999420166,
        0.2083311229944229,
        -0.10874374955892563,
        -0.9492058157920837,
        1.1379656791687012,
        1.0645463466644287,
        0.07310807704925537
      ],
      [
        -0.2254921942949295,
        0.2079228013753891,
        -0.11217334121465683,
        -0.9658287763595581,
        1.1426658630371094,
        1.0635483264923096,
        0.0726703405380249
      ]
    ],