{
  "sample_name": "sample_000041",
  "payload_path": "/home/sunpeng/sp/umi_project/universal_manipulation_interface/pika_dataset/exports/episode79/sample_000041/payload_raw.json",
  "actions_path": "/home/sunpeng/sp/umi_project/universal_manipulation_interface/pika_dataset/exports/episode79/sample_000041/actions.json",
  "meta": {
    "start_index": 82,
    "obs_horizon": 2,
    "act_horizon": 16,
    "stride": 2,
    "obs_timestamps": [
      1776398608.2913167,
      1776398608.3216846
    ],
    "action_timestamps": [
      1776398608.359421,
      1776398608.3913038,
      1776398608.421738,
      1776398608.4595058,
      1776398608.4911988,
      1776398608.5216491,
      1776398608.559694,
      1776398608.5913665,
      1776398608.6217334,
      1776398608.6594543,
      1776398608.6912901,
      1776398608.7215853,
      1776398608.759486,
      1776398608.7913468,
      1776398608.821696,
      1776398608.859422
    ]
  },
  "payload_pose_validation": {
    "format": "xyz_quat_xyzw",
    "pose_shape": [
      2,
      7
    ],
    "init_pose_shape": [
      7
    ],
    "quat_norm_mean": 1.0,
    "quat_norm_min": 1.0,
    "quat_norm_max": 1.0,
    "init_quat_norm": 0.9999999999999999
  },
  "inference": {
    "selected_arm": "arm_l",
    "checkpoint_path": "/home/sunpeng/sp/umi_project/universal_manipulation_interface/data/outputs/2026.04.20/16.30.06_train_diffusion_unet_timm_picknplace/checkpoints",
    "device": "cuda",
    "action_pred_shape": [
      16,
      10
    ],
    "env_action_shape": [
      16,
      7
    ]
  },
  "metrics": {
    "aligned_shape": [
      16,
      7
    ],
    "pred_shape": [
      16,
      7
    ],
    "target_shape": [
      16,
      7
    ],
    "position": {
      "mean_l2_error": 0.012746873311698437,
      "rmse_l2_error": 0.014894617721438408,
      "max_l2_error": 0.023817116394639015,
      "per_axis_mae": [
        0.0033298637717962265,
        0.0078118545934557915,
        0.008977027609944344
      ],
      "per_axis_rmse": [
        0.003500112798064947,
        0.009157469496130943,
        0.011213366873562336
      ]
    },
    "rotation": {
      "mean_geodesic_rad": 0.019660014659166336,
      "rmse_geodesic_rad": 0.02094491571187973,
      "max_geodesic_rad": 0.03093566559255123,
      "mean_geodesic_deg": 1.1264358758926392,
      "rmse_geodesic_deg": 1.2000552415847778,
      "max_geodesic_deg": 1.772482991218567
    },
    "gripper": {
      "mean_abs_error": 0.0103398896753788,
      "rmse": 0.014744334854185581,
      "max_abs_error": 0.023974545300006866
    },
    "combined_legacy": {
      "mean_abs_error": 0.008910289034247398,
      "max_abs_error": 0.029768705368041992,
      "rmse": 0.011774229817092419
    },
    "pred_action_aligned": [
      [
        -0.23285193741321564,
        0.029388515278697014,
        -0.14720778167247772,
        -1.0387287139892578,
        1.3000012636184692,
        0.9252896904945374,
        0.09655909985303879
      ],
      [
        -0.2307838797569275,
        0.030103087425231934,
        -0.14996224641799927,
        -1.0574426651000977,
        1.3038815259933472,
        0.9160176515579224,
        0.09641042351722717
      ],
      [
        -0.22988909482955933,
        0.031408026814460754,
        -0.1501314491033554,
        -1.0665098428726196,
        1.3169617652893066,
        0.924677312374115,
        0.09642405062913895
      ],
      [
        -0.22970061004161835,
        0.032151106745004654,
        -0.151293084025383,
        -1.0702170133590698,
        1.3219753503799438,
        0.933695912361145,
        0.09647180140018463
      ],
      [
        -0.2310386598110199,
        0.032141514122486115,
        -0.15154904127120972,
        -1.0678092241287231,
        1.3272275924682617,
        0.939061164855957,
        0.09641610085964203
      ],
      [
        -0.2312932014465332,
        0.03263954073190689,
        -0.14878660440444946,
        -1.0675864219665527,
        1.3272812366485596,
        0.9429812431335449,
        0.09621153026819229
      ],
      [
        -0.2308359146118164,
        0.03259721025824547,
        -0.14850468933582306,
        -1.0665327310562134,
        1.3292750120162964,
        0.9471889138221741,
        0.0957295298576355
      ],
      [
        -0.23057737946510315,
        0.03299403190612793,
        -0.14656901359558105,
        -1.0696136951446533,
        1.3316500186920166,
        0.9402254223823547,
        0.09226826578378677
      ],
      [
        -0.23118996620178223,
        0.033400870859622955,
        -0.14596465229988098,
        -1.0633453130722046,
        1.3313745260238647,
        0.9356034398078918,
        0.08890435099601746
      ],
      [
        -0.2319207340478897,
        0.03542076051235199,
        -0.14217284321784973,
        -1.0570330619812012,
        1.3260470628738403,
        0.9400850534439087,
        0.08695638179779053
      ],
      [
        -0.22953538596630096,
        0.037374332547187805,
        -0.14111357927322388,
        -1.067556619644165,
        1.330725908279419,
        0.9406195282936096,
        0.0731707364320755
      ],
      [
        -0.23023246228694916,
        0.038920044898986816,
        -0.13943174481391907,
        -1.0509591102600098,
        1.3344519138336182,
        0.9415074586868286,
        0.07273249328136444
      ],
      [
        -0.2303447276353836,
        0.040973443537950516,
        -0.1393086314201355,
        -1.0438839197158813,
        1.3440673351287842,
        0.951187252998352,
        0.07303571701049805
      ],
      [
        -0.23170621693134308,
        0.04092571511864662,
        -0.1382855474948883,
        -1.0380936861038208,
        1.3549561500549316,
        0.9503169059753418,
        0.07324330508708954
      ],
      [
        -0.23256061971187592,
        0.04111063852906227,
        -0.13979879021644592,
        -1.0274752378463745,
        1.3674134016036987,
        0.9544429779052734,
        0.07340812683105469
      ],
      [
        -0.23290559649467468,
        0.04020272567868233,
        -0.13732481002807617,
        -1.0282385349273682,
        1.357969045639038,
        0.9529141783714294,
        0.0739324614405632
      ]
    ],