{
  "sample_name": "sample_000096",
  "payload_path": "/home/sunpeng/sp/umi_project/universal_manipulation_interface/pika_dataset/exports/episode79/sample_000096/payload_raw.json",
  "actions_path": "/home/sunpeng/sp/umi_project/universal_manipulation_interface/pika_dataset/exports/episode79/sample_000096/actions.json",
  "meta": {
    "start_index": 192,
    "obs_horizon": 2,
    "act_horizon": 16,
    "stride": 2,
    "obs_timestamps": [
      1776398611.9595175,
      1776398611.9914143
    ],
    "action_timestamps": [
      1776398612.027727,
      1776398612.0594988,
      1776398612.0913408,
      1776398612.1276798,
      1776398612.1595337,
      1776398612.1913884,
      1776398612.2276895,
      1776398612.2595081,
      1776398612.2913024,
      1776398612.3276784,
      1776398612.3594687,
      1776398612.3913581,
      1776398612.4277766,
      1776398612.459511,
      1776398612.4912949,
      1776398612.5277646
    ]
  },
  "payload_pose_validation": {
    "format": "xyz_quat_xyzw",
    "pose_shape": [
      2,
      7
    ],
    "init_pose_shape": [
      7
    ],
    "quat_norm_mean": 1.0,
    "quat_norm_min": 0.9999999999999999,
    "quat_norm_max": 1.0,
    "init_quat_norm": 0.9999999999999999
  },
  "inference": {
    "selected_arm": "arm_l",
    "checkpoint_path": "/home/sunpeng/sp/umi_project/universal_manipulation_interface/data/outputs/2026.04.20/16.30.06_train_diffusion_unet_timm_picknplace/checkpoints",
    "device": "cuda",
    "action_pred_shape": [
      16,
      10
    ],
    "env_action_shape": [
      16,
      7
    ]
  },
  "metrics": {
    "aligned_shape": [
      16,
      7
    ],
    "pred_shape": [
      16,
      7
    ],
    "target_shape": [
      16,
      7
    ],
    "position": {
      "mean_l2_error": 0.06195874512195587,
      "rmse_l2_error": 0.08052966743707657,
      "max_l2_error": 0.1503424048423767,
      "per_axis_mae": [
        0.010265663266181946,
        0.05621415004134178,
        0.017865246161818504
      ],
      "per_axis_rmse": [
        0.012710521928966045,
        0.07638100534677505,
        0.02212265506386757
      ]
    },
    "rotation": {
      "mean_geodesic_rad": 0.07897526025772095,
      "rmse_geodesic_rad": 0.11257633566856384,
      "max_geodesic_rad": 0.29700660705566406,
      "mean_geodesic_deg": 4.524948596954346,
      "rmse_geodesic_deg": 6.450148105621338,
      "max_geodesic_deg": 17.017223358154297
    },
    "gripper": {
      "mean_abs_error": 0.0005398695357143879,
      "rmse": 0.0005770249990746379,
      "max_abs_error": 0.0008627548813819885
    },
    "combined_legacy": {
      "mean_abs_error": 0.029517412185668945,
      "max_abs_error": 0.260966956615448,
      "rmse": 0.05505036190152168
    },
    "pred_action_aligned": [
      [
        -0.25648677349090576,
        0.009867271408438683,
        -0.060940295457839966,
        -0.5552653074264526,
        0.9072412252426147,
        1.1863691806793213,
        0.07353320717811584
      ],
      [
        -0.2588907480239868,
        0.016135387122631073,
        -0.055912621319293976,
        -0.5210807919502258,
        0.915654718875885,
        1.1927056312561035,
        0.07376094162464142
      ],
      [
        -0.2545897662639618,
        0.019319994375109673,
        -0.053673554211854935,
        -0.5032797455787659,
        0.8959592580795288,
        1.1917070150375366,
        0.07298022508621216
      ],
      [
        -0.25689584016799927,
        0.024554245173931122,
        -0.05011085420846939,
        -0.524655818939209,
        0.874165952205658,
        1.172452449798584,
        0.07274089008569717
      ],
      [
        -0.25549450516700745,
        0.02563718892633915,
        -0.05185921862721443,
        -0.5242555141448975,
        0.8696075677871704,
        1.1717809438705444,
        0.07291029393672943
      ],
      [
        -0.25284233689308167,
        0.027040958404541016,
        -0.049749985337257385,
        -0.5320858955383301,
        0.8737024068832397,
        1.1707100868225098,
        0.07266242802143097
      ],
      [
        -0.2497989535331726,
        0.03466112166643143,
        -0.042138613760471344,
        -0.5189743638038635,
        0.8646865487098694,
        1.1677303314208984,
        0.07280882447957993
      ],
      [
        -0.24548578262329102,
        0.042206428945064545,
        -0.04353346675634384,
        -0.5550840497016907,
        0.8647820353507996,
        1.1810436248779297,
        0.07261345535516739
      ],
      [
        -0.23893404006958008,
        0.04835934937000275,
        -0.042976271361112595,
        -0.5701190829277039,
        0.8595723509788513,
        1.1835862398147583,
        0.07276951521635056
      ],
      [
        -0.23980242013931274,
        0.06785174459218979,
        -0.03616069257259369,
        -0.5578464865684509,
        0.8344587683677673,
        1.2019871473312378,
        0.07296960800886154
      ],
      [
        -0.24069751799106598,
        0.08895386010408401,
        -0.03293176740407944,
        -0.5708563327789307,
        0.8145532608032227,
        1.2029362916946411,
        0.07294114679098129
      ],
      [
        -0.2397535890340805,
        0.11055391281843185,
        -0.028101470321416855,
        -0.6311897039413452,
        0.8056309819221497,
        1.1969364881515503,
        0.07298784703016281
      ],
      [
        -0.23969171941280365,
        0.1356121301651001,
        -0.032781053334474564,
        -0.661735475063324,
        0.8376905918121338,
        1.188481092453003,
        0.07294590771198273
      ],
      [
        -0.23997025191783905,
        0.15741565823554993,
        -0.049889471381902695,
        -0.697593092918396,
        0.8580527901649475,
        1.183580756187439,
        0.07409311085939407
      ],
      [
        -0.24537023901939392,
        0.17342674732208252,
        -0.0660179853439331,
        -0.7575976848602295,
        0.9324224591255188,
        1.177168846130371,
        0.07323915511369705
      ],
      [
        -0.25221365690231323,
        0.18384933471679688,
        -0.07919508218765259,
        -0.7988995909690857,
        0.98289954662323,
        1.1364283561706543,
        0.07294215261936188
      ]
    ],