{
  "sample_name": "sample_000158",
  "payload_path": "/home/sunpeng/sp/umi_project/universal_manipulation_interface/pika_dataset/exports/episode79/sample_000158/payload_raw.json",
  "actions_path": "/home/sunpeng/sp/umi_project/universal_manipulation_interface/pika_dataset/exports/episode79/sample_000158/actions.json",
  "meta": {
    "start_index": 316,
    "obs_horizon": 2,
    "act_horizon": 16,
    "stride": 2,
    "obs_timestamps": [
      1776398616.0914085,
      1776398616.1277854
    ],
    "action_timestamps": [
      1776398616.1595528,
      1776398616.1913958,
      1776398616.227772,
      1776398616.2595558,
      1776398616.2914371,
      1776398616.3277771,
      1776398616.359539,
      1776398616.3914185,
      1776398616.42781,
      1776398616.4597301,
      1776398616.4914372,
      1776398616.5278795,
      1776398616.559892,
      1776398616.5914965,
      1776398616.6278436,
      1776398616.659625
    ]
  },
  "payload_pose_validation": {
    "format": "xyz_quat_xyzw",
    "pose_shape": [
      2,
      7
    ],
    "init_pose_shape": [
      7
    ],
    "quat_norm_mean": 1.0,
    "quat_norm_min": 1.0,
    "quat_norm_max": 1.0,
    "init_quat_norm": 0.9999999999999999
  },
  "inference": {
    "selected_arm": "arm_l",
    "checkpoint_path": "/home/sunpeng/sp/umi_project/universal_manipulation_interface/data/outputs/2026.04.20/16.30.06_train_diffusion_unet_timm_picknplace/checkpoints",
    "device": "cuda",
    "action_pred_shape": [
      16,
      10
    ],
    "env_action_shape": [
      16,
      7
    ]
  },
  "metrics": {
    "aligned_shape": [
      16,
      7
    ],
    "pred_shape": [
      16,
      7
    ],
    "target_shape": [
      16,
      7
    ],
    "position": {
      "mean_l2_error": 0.07179123163223267,
      "rmse_l2_error": 0.08074415475130081,
      "max_l2_error": 0.10699444264173508,
      "per_axis_mae": [
        0.015310301445424557,
        0.04536062479019165,
        0.04295578598976135
      ],
      "per_axis_rmse": [
        0.020052587613463402,
        0.0591096356511116,
        0.05122073367238045
      ]
    },
    "rotation": {
      "mean_geodesic_rad": 0.23637130856513977,
      "rmse_geodesic_rad": 0.2656329274177551,
      "max_geodesic_rad": 0.3816472589969635,
      "mean_geodesic_deg": 13.54307746887207,
      "rmse_geodesic_deg": 15.219645500183105,
      "max_geodesic_deg": 21.866775512695312
    },
    "gripper": {
      "mean_abs_error": 0.0025117071345448494,
      "rmse": 0.00262742443010211,
      "max_abs_error": 0.0036300048232078552
    },
    "combined_legacy": {
      "mean_abs_error": 0.07110042124986649,
      "max_abs_error": 0.33350294828414917,
      "rmse": 0.11204582452774048
    },
    "pred_action_aligned": [
      [
        -0.23751796782016754,
        0.20793987810611725,
        -0.12472119927406311,
        -1.0202585458755493,
        1.21563720703125,
        1.103399634361267,
        0.09589806944131851
      ],
      [
        -0.2380608171224594,
        0.2091253101825714,
        -0.11327081173658371,
        -1.0011612176895142,
        1.1935696601867676,
        1.1135956048965454,
        0.0951145589351654
      ],
      [
        -0.24008826911449432,
        0.2071753591299057,
        -0.09757521748542786,
        -0.9730570316314697,
        1.1517903804779053,
        1.1467424631118774,
        0.09439317137002945
      ],
      [
        -0.24122373759746552,
        0.20846834778785706,
        -0.08324898779392242,
        -0.9113753437995911,
        1.1287211179733276,
        1.1832467317581177,
        0.09519567340612411
      ],
      [
        -0.23944765329360962,
        0.20297086238861084,
        -0.05783190578222275,
        -0.851412832736969,
        1.0702788829803467,
        1.2284328937530518,
        0.09480537474155426
      ],
      [
        -0.24462252855300903,
        0.19562609493732452,
        -0.03648064285516739,
        -0.790030837059021,
        1.0069118738174438,
        1.2421095371246338,
        0.09457205981016159
      ],
      [
        -0.24924559891223907,
        0.17902949452400208,
        -0.013126060366630554,
        -0.7334880232810974,
        0.9363381862640381,
        1.2518190145492554,
        0.0935569554567337
      ],
      [
        -0.25378045439720154,
        0.1628027707338333,
        0.003170117735862732,
        -0.6929344534873962,
        0.8979526162147522,
        1.2506628036499023,
        0.09346432238817215
      ],
      [
        -0.2564660310745239,
        0.14586038887500763,
        0.007726892828941345,
        -0.6448146104812622,
        0.8681176900863647,
        1.2332508563995361,
        0.09307703375816345
      ],
      [
        -0.26744815707206726,
        0.12993642687797546,
        0.005099892616271973,
        -0.6064040064811707,
        0.854324996471405,
        1.1963446140289307,
        0.09361881017684937
      ],
      [
        -0.2665802538394928,
        0.11478446424007416,
        0.003695756196975708,
        -0.5717440843582153,
        0.7989116907119751,
        1.1877797842025757,
        0.09412399679422379
      ],
      [
        -0.2716899812221527,
        0.1080707535147667,
        0.0012369304895401,
        -0.5486885905265808,
        0.7502585649490356,
        1.1695828437805176,
        0.09408092498779297
      ],
      [
        -0.2746553421020508,
        0.09500456601381302,
        -0.0030906349420547485,
        -0.5089110136032104,
        0.7666972875595093,
        1.1575947999954224,
        0.09335079044103622
      ],
      [
        -0.27756673097610474,
        0.09064537286758423,
        -0.014099366962909698,
        -0.5056859254837036,
        0.7911437749862671,
        1.1389458179473877,
        0.09344425052404404
      ],
      [
        -0.2783849835395813,
        0.08475611358880997,
        -0.022980958223342896,
        -0.5255120396614075,
        0.8226587772369385,
        1.1255594491958618,
        0.09465941041707993
      ],
      [
        -0.27504315972328186,
        0.0821031928062439,
        -0.029590807855129242,
        -0.5400583148002625,
        0.8541351556777954,
        1.1213237047195435,
        0.09376990050077438
      ]
    ],