{
  "sample_name": "sample_000088",
  "payload_path": "/home/sunpeng/sp/umi_project/universal_manipulation_interface/pika_dataset/exports/episode79/sample_000088/payload_raw.json",
  "actions_path": "/home/sunpeng/sp/umi_project/universal_manipulation_interface/pika_dataset/exports/episode79/sample_000088/actions.json",
  "meta": {
    "start_index": 176,
    "obs_horizon": 2,
    "act_horizon": 16,
    "stride": 2,
    "obs_timestamps": [
      1776398611.4278135,
      1776398611.459492
    ],
    "action_timestamps": [
      1776398611.4913552,
      1776398611.5276787,
      1776398611.5596828,
      1776398611.59132,
      1776398611.6276617,
      1776398611.6594505,
      1776398611.6912773,
      1776398611.7277238,
      1776398611.7595322,
      1776398611.7913105,
      1776398611.8276927,
      1776398611.8595483,
      1776398611.8914282,
      1776398611.9276845,
      1776398611.9595175,
      1776398611.9914143
    ]
  },
  "payload_pose_validation": {
    "format": "xyz_quat_xyzw",
    "pose_shape": [
      2,
      7
    ],
    "init_pose_shape": [
      7
    ],
    "quat_norm_mean": 1.0,
    "quat_norm_min": 1.0,
    "quat_norm_max": 1.0,
    "init_quat_norm": 0.9999999999999999
  },
  "inference": {
    "selected_arm": "arm_l",
    "checkpoint_path": "/home/sunpeng/sp/umi_project/universal_manipulation_interface/data/outputs/2026.04.20/16.30.06_train_diffusion_unet_timm_picknplace/checkpoints",
    "device": "cuda",
    "action_pred_shape": [
      16,
      10
    ],
    "env_action_shape": [
      16,
      7
    ]
  },
  "metrics": {
    "aligned_shape": [
      16,
      7
    ],
    "pred_shape": [
      16,
      7
    ],
    "target_shape": [
      16,
      7
    ],
    "position": {
      "mean_l2_error": 0.026979319751262665,
      "rmse_l2_error": 0.04214320704340935,
      "max_l2_error": 0.106844462454319,
      "per_axis_mae": [
        0.0049037812277674675,
        0.024528007954359055,
        0.005570336245000362
      ],
      "per_axis_rmse": [
        0.006771052721887827,
        0.04106026515364647,
        0.006652620621025562
      ]
    },
    "rotation": {
      "mean_geodesic_rad": 0.04655463993549347,
      "rmse_geodesic_rad": 0.05663551017642021,
      "max_geodesic_rad": 0.14779391884803772,
      "mean_geodesic_deg": 2.667384147644043,
      "rmse_geodesic_deg": 3.2449753284454346,
      "max_geodesic_deg": 8.46796703338623
    },
    "gripper": {
      "mean_abs_error": 0.0007600816898047924,
      "rmse": 0.0011517014354467392,
      "max_abs_error": 0.003153473138809204
    },
    "combined_legacy": {
      "mean_abs_error": 0.015218516811728477,
      "max_abs_error": 0.15260851383209229,
      "rmse": 0.028007322922348976
    },
    "pred_action_aligned": [
      [
        -0.26072782278060913,
        0.01347143854945898,
        -0.07986763119697571,
        -0.5526705384254456,
        0.9090947508811951,
        1.1730306148529053,
        0.07398185133934021
      ],
      [
        -0.2690131962299347,
        0.014191742055118084,
        -0.07998886704444885,
        -0.5730785131454468,
        0.8767867088317871,
        1.1916849613189697,
        0.07407152652740479
      ],
      [
        -0.2675401568412781,
        0.009945061057806015,
        -0.07914545387029648,
        -0.5638744235038757,
        0.8656803965568542,
        1.20998215675354,
        0.07376815378665924
      ],
      [
        -0.26599064469337463,
        0.008504997938871384,
        -0.07871074974536896,
        -0.5756608843803406,
        0.8689857721328735,
        1.1958774328231812,
        0.07398508489131927
      ],
      [
        -0.26626598834991455,
        0.012690937146544456,
        -0.07727435231208801,
        -0.5897876024246216,
        0.8937985897064209,
        1.19008207321167,
        0.07328713685274124
      ],
      [
        -0.2647869288921356,
        0.008838152512907982,
        -0.07798799127340317,
        -0.5807308554649353,
        0.8856870532035828,
        1.181359887123108,
        0.07348304986953735
      ],
      [
        -0.2666478753089905,
        0.009698943234980106,
        -0.07864485681056976,
        -0.5611826777458191,
        0.8717688918113708,
        1.1754746437072754,
        0.07370791584253311
      ],
      [
        -0.26507943868637085,
        0.014553911052644253,
        -0.07113617658615112,
        -0.547828733921051,
        0.8646557927131653,
        1.1811202764511108,
        0.07373593747615814
      ],
      [
        -0.264746755361557,
        0.01188803929835558,
        -0.07564840465784073,
        -0.5464974045753479,
        0.8277516961097717,
        1.1685327291488647,
        0.07442724704742432
      ],
      [
        -0.26228275895118713,
        0.02156313881278038,
        -0.07604866474866867,
        -0.5621796250343323,
        0.8285004496574402,
        1.1768475770950317,
        0.07615596055984497
      ],
      [
        -0.2634968161582947,
        0.02743568643927574,
        -0.0784917026758194,
        -0.5429754853248596,
        0.8265613913536072,
        1.1616865396499634,
        0.07662968337535858
      ],
      [
        -0.2570633590221405,
        0.04285869374871254,
        -0.06664527207612991,
        -0.5435059666633606,
        0.81101393699646,
        1.1919009685516357,
        0.07425840198993683
      ],
      [
        -0.2558170557022095,
        0.058410272002220154,
        -0.06338348984718323,
        -0.5530874729156494,
        0.8077147603034973,
        1.191443681716919,
        0.07388767600059509
      ],
      [
        -0.2499045729637146,
        0.07912623137235641,
        -0.058020807802677155,
        -0.58869868516922,
        0.8063486814498901,
        1.194196343421936,
        0.07410401105880737
      ],
      [
        -0.24677284061908722,
        0.10080941021442413,
        -0.06371377408504486,
        -0.6311447024345398,
        0.8664460182189941,
        1.2197086811065674,
        0.07349080592393875
      ],
      [
        -0.24413618445396423,
        0.11668245494365692,
        -0.06721226871013641,
        -0.7017105221748352,
        0.9018253684043884,
        1.2207765579223633,
        0.07442808151245117
      ]
    ],