{
  "sample_name": "sample_000143",
  "payload_path": "/home/sunpeng/sp/umi_project/universal_manipulation_interface/pika_dataset/exports/episode79/sample_000143/payload_raw.json",
  "actions_path": "/home/sunpeng/sp/umi_project/universal_manipulation_interface/pika_dataset/exports/episode79/sample_000143/actions.json",
  "meta": {
    "start_index": 286,
    "obs_horizon": 2,
    "act_horizon": 16,
    "stride": 2,
    "obs_timestamps": [
      1776398615.0914145,
      1776398615.1277435
    ],
    "action_timestamps": [
      1776398615.159631,
      1776398615.1914208,
      1776398615.2277205,
      1776398615.2595081,
      1776398615.291319,
      1776398615.3277652,
      1776398615.3596466,
      1776398615.3913822,
      1776398615.427863,
      1776398615.459566,
      1776398615.4913282,
      1776398615.5277436,
      1776398615.559781,
      1776398615.5914643,
      1776398615.6278827,
      1776398615.6595488
    ]
  },
  "payload_pose_validation": {
    "format": "xyz_quat_xyzw",
    "pose_shape": [
      2,
      7
    ],
    "init_pose_shape": [
      7
    ],
    "quat_norm_mean": 1.0,
    "quat_norm_min": 1.0,
    "quat_norm_max": 1.0,
    "init_quat_norm": 0.9999999999999999
  },
  "inference": {
    "selected_arm": "arm_l",
    "checkpoint_path": "/home/sunpeng/sp/umi_project/universal_manipulation_interface/data/outputs/2026.04.20/16.30.06_train_diffusion_unet_timm_picknplace/checkpoints",
    "device": "cuda",
    "action_pred_shape": [
      16,
      10
    ],
    "env_action_shape": [
      16,
      7
    ]
  },
  "metrics": {
    "aligned_shape": [
      16,
      7
    ],
    "pred_shape": [
      16,
      7
    ],
    "target_shape": [
      16,
      7
    ],
    "position": {
      "mean_l2_error": 0.00888785533607006,
      "rmse_l2_error": 0.011575932614505291,
      "max_l2_error": 0.03194019943475723,
      "per_axis_mae": [
        0.0033947667106986046,
        0.0032299188897013664,
        0.006340633146464825
      ],
      "per_axis_rmse": [
        0.004251641221344471,
        0.003835771232843399,
        0.010060448199510574
      ]
    },
    "rotation": {
      "mean_geodesic_rad": 0.03940720856189728,
      "rmse_geodesic_rad": 0.044417377561330795,
      "max_geodesic_rad": 0.08172840625047684,
      "mean_geodesic_deg": 2.257866382598877,
      "rmse_geodesic_deg": 2.5449280738830566,
      "max_geodesic_deg": 4.682692527770996
    },
    "gripper": {
      "mean_abs_error": 0.006598397623747587,
      "rmse": 0.008492360822856426,
      "max_abs_error": 0.014394581317901611
    },
    "combined_legacy": {
      "mean_abs_error": 0.01192435435950756,
      "max_abs_error": 0.08053421974182129,
      "rmse": 0.01940150186419487
    },
    "pred_action_aligned": [
      [
        -0.2286587357521057,
        0.20658843219280243,
        -0.13146668672561646,
        -1.04911470413208,
        1.1975147724151611,
        1.0047117471694946,
        0.07644772529602051
      ],
      [
        -0.23172923922538757,
        0.20575913786888123,
        -0.13180892169475555,
        -1.0521845817565918,
        1.203937292098999,
        1.0353076457977295,
        0.0743388906121254
      ],
      [
        -0.22958865761756897,
        0.20429682731628418,
        -0.13393071293830872,
        -1.033656120300293,
        1.1980317831039429,
        1.0258758068084717,
        0.07369989901781082
      ],
      [
        -0.23462165892124176,
        0.20318906009197235,
        -0.1338890641927719,
        -1.0461164712905884,
        1.206006646156311,
        1.0542988777160645,
        0.07391207665205002
      ],
      [
        -0.23202553391456604,
        0.20434990525245667,
        -0.12907695770263672,
        -1.048880696296692,
        1.2090051174163818,
        1.0429260730743408,
        0.0745316743850708
      ],
      [
        -0.2363794893026352,
        0.20735566318035126,
        -0.1219988539814949,
        -1.0455125570297241,
        1.2180559635162354,
        1.0505363941192627,
        0.07615027576684952
      ],
      [
        -0.23766955733299255,
        0.20580650866031647,
        -0.12600086629390717,
        -1.0241650342941284,
        1.2223331928253174,
        1.0624412298202515,
        0.07843479514122009
      ],
      [
        -0.2423705756664276,
        0.20124396681785583,
        -0.13032321631908417,
        -0.9830806255340576,
        1.2394028902053833,
        1.0904277563095093,
        0.08542327582836151
      ],
      [
        -0.23636353015899658,
        0.20455867052078247,
        -0.12467923015356064,
        -1.0141050815582275,
        1.1868797540664673,
        1.0776029825210571,
        0.09329863637685776
      ],
      [
        -0.23487965762615204,
        0.20739898085594177,
        -0.1259610950946808,
        -1.0279003381729126,
        1.1876088380813599,
        1.0706926584243774,
        0.09567750245332718
      ],
      [
        -0.2339281588792801,
        0.2039959728717804,
        -0.12845224142074585,
        -1.0337990522384644,
        1.178302526473999,
        1.0676047801971436,
        0.09670703113079071
      ],
      [
        -0.2313237190246582,
        0.2028343826532364,
        -0.12759274244308472,
        -1.0333263874053955,
        1.1771321296691895,
        1.0754475593566895,
        0.09639575332403183
      ],
      [
        -0.2310173660516739,
        0.20147369801998138,
        -0.12570025026798248,
        -1.0298619270324707,
        1.1582297086715698,
        1.0705922842025757,
        0.09640981256961823
      ],
      [
        -0.22912952303886414,
        0.20351338386535645,
        -0.12125426530838013,
        -1.037079095840454,
        1.1181432008743286,
        1.074626088142395,
        0.09646788239479065
      ],
      [
        -0.2320420891046524,
        0.2025403380393982,
        -0.10865691304206848,
        -1.0242178440093994,
        1.1210662126541138,
        1.102065086364746,
        0.09619627892971039
      ],
      [
        -0.23614980280399323,
        0.20192047953605652,
        -0.09517884254455566,
        -0.9812151789665222,
        1.1035666465759277,
        1.1072361469268799,
        0.09646087139844894
      ]
    ],