{
  "sample_name": "sample_000042",
  "payload_path": "/home/sunpeng/sp/umi_project/universal_manipulation_interface/pika_dataset/exports/episode79/sample_000042/payload_raw.json",
  "actions_path": "/home/sunpeng/sp/umi_project/universal_manipulation_interface/pika_dataset/exports/episode79/sample_000042/actions.json",
  "meta": {
    "start_index": 84,
    "obs_horizon": 2,
    "act_horizon": 16,
    "stride": 2,
    "obs_timestamps": [
      1776398608.359421,
      1776398608.3913038
    ],
    "action_timestamps": [
      1776398608.421738,
      1776398608.4595058,
      1776398608.4911988,
      1776398608.5216491,
      1776398608.559694,
      1776398608.5913665,
      1776398608.6217334,
      1776398608.6594543,
      1776398608.6912901,
      1776398608.7215853,
      1776398608.759486,
      1776398608.7913468,
      1776398608.821696,
      1776398608.859422,
      1776398608.891301,
      1776398608.9216907
    ]
  },
  "payload_pose_validation": {
    "format": "xyz_quat_xyzw",
    "pose_shape": [
      2,
      7
    ],
    "init_pose_shape": [
      7
    ],
    "quat_norm_mean": 1.0,
    "quat_norm_min": 0.9999999999999999,
    "quat_norm_max": 1.0,
    "init_quat_norm": 0.9999999999999999
  },
  "inference": {
    "selected_arm": "arm_l",
    "checkpoint_path": "/home/sunpeng/sp/umi_project/universal_manipulation_interface/data/outputs/2026.04.20/16.30.06_train_diffusion_unet_timm_picknplace/checkpoints",
    "device": "cuda",
    "action_pred_shape": [
      16,
      10
    ],
    "env_action_shape": [
      16,
      7
    ]
  },
  "metrics": {
    "aligned_shape": [
      16,
      7
    ],
    "pred_shape": [
      16,
      7
    ],
    "target_shape": [
      16,
      7
    ],
    "position": {
      "mean_l2_error": 0.022933408617973328,
      "rmse_l2_error": 0.028794750571250916,
      "max_l2_error": 0.07601255923509598,
      "per_axis_mae": [
        0.002222064882516861,
        0.00369191262871027,
        0.02235366404056549
      ],
      "per_axis_rmse": [
        0.0026032051537185907,
        0.005764016881585121,
        0.028091583400964737
      ]
    },
    "rotation": {
      "mean_geodesic_rad": 0.04805495962500572,
      "rmse_geodesic_rad": 0.05648248270153999,
      "max_geodesic_rad": 0.14296793937683105,
      "mean_geodesic_deg": 2.7533462047576904,
      "rmse_geodesic_deg": 3.2362074851989746,
      "max_geodesic_deg": 8.191458702087402
    },
    "gripper": {
      "mean_abs_error": 0.01343256700783968,
      "rmse": 0.01727399043738842,
      "max_abs_error": 0.024194836616516113
    },
    "combined_legacy": {
      "mean_abs_error": 0.017807181924581528,
      "max_abs_error": 0.11620402336120605,
      "rmse": 0.027522781863808632
    },
    "pred_action_aligned": [
      [
        -0.2316705286502838,
        0.025593020021915436,
        -0.14451490342617035,
        -1.0429933071136475,
        1.3005380630493164,
        0.9420570135116577,
        0.09666433930397034
      ],
      [
        -0.23456306755542755,
        0.02742222510278225,
        -0.14726251363754272,
        -1.0435454845428467,
        1.276790976524353,
        0.9379869699478149,
        0.09579633921384811
      ],
      [
        -0.23420493304729462,
        0.029792480170726776,
        -0.14272154867649078,
        -1.048475742340088,
        1.374040126800537,
        0.916926383972168,
        0.09670089185237885
      ],
      [
        -0.23821324110031128,
        0.026255007833242416,
        -0.1437283456325531,
        -1.0542948246002197,
        1.3720020055770874,
        0.9083957672119141,
        0.09638993442058563
      ],
      [
        -0.23202233016490936,
        0.025827111676335335,
        -0.14282117784023285,
        -1.0606647729873657,
        1.356485366821289,
        0.9168851971626282,
        0.09583290666341782
      ],
      [
        -0.2316226065158844,
        0.02703053131699562,
        -0.14094866812229156,
        -1.0547630786895752,
        1.3642022609710693,
        0.9221705198287964,
        0.09260716289281845
      ],
      [
        -0.23054595291614532,
        0.024131186306476593,
        -0.1403537392616272,
        -1.037172794342041,
        1.3707245588302612,
        0.9060242176055908,
        0.09187867492437363
      ],
      [
        -0.23306924104690552,
        0.021698839962482452,
        -0.13781286776065826,
        -1.0490864515304565,
        1.3841403722763062,
        0.9041027426719666,
        0.08417676389217377
      ],
      [
        -0.23477624356746674,
        0.025050094351172447,
        -0.1382809579372406,
        -1.0624665021896362,
        1.3793272972106934,
        0.8930737972259521,
        0.07315089553594589
      ],
      [
        -0.23311105370521545,
        0.027845095843076706,
        -0.1329900473356247,
        -1.0547043085098267,
        1.3473149538040161,
        0.9409422874450684,
        0.07306881994009018
      ],
      [
        -0.23215441405773163,
        0.029881704598665237,
        -0.12919452786445618,
        -1.0687041282653809,
        1.3664239645004272,
        0.922004222869873,
        0.07296260446310043
      ],
      [
        -0.23323366045951843,
        0.02887560799717903,
        -0.13123227655887604,
        -1.0545529127120972,
        1.3869349956512451,
        0.9419167637825012,
        0.07261896133422852
      ],
      [
        -0.2362532615661621,
        0.02729286253452301,
        -0.1263253539800644,
        -1.0697987079620361,
        1.3510559797286987,
        0.9685378670692444,
        0.0725122019648552
      ],
      [
        -0.23895148932933807,
        0.03176327049732208,
        -0.12215041369199753,
        -1.0362944602966309,
        1.351154088973999,
        0.9671457409858704,
        0.07267071306705475
      ],
      [
        -0.23755811154842377,
        0.03621939569711685,
        -0.11219411343336105,
        -0.9778876304626465,
        1.31869637966156,
        1.0056486129760742,
        0.07277867943048477
      ],
      [
        -0.2306976467370987,
        0.04540666192770004,
        -0.08376222848892212,
        -0.9277876615524292,
        1.301396369934082,
        1.0480414628982544,
        0.07258165627717972
      ]
    ],