{
  "sample_name": "sample_000119",
  "payload_path": "/home/sunpeng/sp/umi_project/universal_manipulation_interface/pika_dataset/exports/episode79/sample_000119/payload_raw.json",
  "actions_path": "/home/sunpeng/sp/umi_project/universal_manipulation_interface/pika_dataset/exports/episode79/sample_000119/actions.json",
  "meta": {
    "start_index": 238,
    "obs_horizon": 2,
    "act_horizon": 16,
    "stride": 2,
    "obs_timestamps": [
      1776398613.4913442,
      1776398613.527935
    ],
    "action_timestamps": [
      1776398613.559702,
      1776398613.5914123,
      1776398613.6277363,
      1776398613.659504,
      1776398613.6913922,
      1776398613.7277126,
      1776398613.7595196,
      1776398613.7913418,
      1776398613.8277562,
      1776398613.8595104,
      1776398613.8914251,
      1776398613.92779,
      1776398613.9594793,
      1776398613.9913046,
      1776398614.0276868,
      1776398614.0594265
    ]
  },
  "payload_pose_validation": {
    "format": "xyz_quat_xyzw",
    "pose_shape": [
      2,
      7
    ],
    "init_pose_shape": [
      7
    ],
    "quat_norm_mean": 1.0,
    "quat_norm_min": 1.0,
    "quat_norm_max": 1.0,
    "init_quat_norm": 0.9999999999999999
  },
  "inference": {
    "selected_arm": "arm_l",
    "checkpoint_path": "/home/sunpeng/sp/umi_project/universal_manipulation_interface/data/outputs/2026.04.20/16.30.06_train_diffusion_unet_timm_picknplace/checkpoints",
    "device": "cuda",
    "action_pred_shape": [
      16,
      10
    ],
    "env_action_shape": [
      16,
      7
    ]
  },
  "metrics": {
    "aligned_shape": [
      16,
      7
    ],
    "pred_shape": [
      16,
      7
    ],
    "target_shape": [
      16,
      7
    ],
    "position": {
      "mean_l2_error": 0.017200151458382607,
      "rmse_l2_error": 0.021824657917022705,
      "max_l2_error": 0.0520731583237648,
      "per_axis_mae": [
        0.004874702543020248,
        0.0030541103333234787,
        0.015142000280320644
      ],
      "per_axis_rmse": [
        0.005932331550866365,
        0.003691210178658366,
        0.0206760261207819
      ]
    },
    "rotation": {
      "mean_geodesic_rad": 0.04948104918003082,
      "rmse_geodesic_rad": 0.05473872646689415,
      "max_geodesic_rad": 0.09269886463880539,
      "mean_geodesic_deg": 2.835055112838745,
      "rmse_geodesic_deg": 3.1362979412078857,
      "max_geodesic_deg": 5.311253547668457
    },
    "gripper": {
      "mean_abs_error": 0.0005478141829371452,
      "rmse": 0.0005836294149048626,
      "max_abs_error": 0.000739365816116333
    },
    "combined_legacy": {
      "mean_abs_error": 0.016166551038622856,
      "max_abs_error": 0.08702468872070312,
      "rmse": 0.02482616901397705
    },
    "pred_action_aligned": [
      [
        -0.24290090799331665,
        0.17888164520263672,
        -0.10813865065574646,
        -0.8958848118782043,
        1.1127959489822388,
        1.119094729423523,
        0.0738595649600029
      ],
      [
        -0.23916496336460114,
        0.18666236102581024,
        -0.11488628387451172,
        -0.939270555973053,
        1.140981674194336,
        1.088982105255127,
        0.07284872233867645
      ],
      [
        -0.23794256150722504,
        0.19336462020874023,
        -0.12236326932907104,
        -0.9745425581932068,
        1.165808916091919,
        1.0739984512329102,
        0.07296828180551529
      ],
      [
        -0.23634473979473114,
        0.19705983996391296,
        -0.12845787405967712,
        -1.0090422630310059,
        1.1794707775115967,
        1.072471022605896,
        0.07279136776924133
      ],
      [
        -0.23651224374771118,
        0.2004096806049347,
        -0.13233883678913116,
        -1.018917441368103,
        1.1984668970108032,
        1.0558439493179321,
        0.07294365763664246
      ],
      [
        -0.23928487300872803,
        0.19939514994621277,
        -0.13782420754432678,
        -1.030514121055603,
        1.2173073291778564,
        1.0600718259811401,
        0.0727422833442688
      ],
      [
        -0.2356642782688141,
        0.19989807903766632,
        -0.13518604636192322,
        -1.0269962549209595,
        1.213491678237915,
        1.0458862781524658,
        0.07291663438081741
      ],
      [
        -0.23785574734210968,
        0.20089559257030487,
        -0.13555867969989777,
        -1.023865818977356,
        1.2106491327285767,
        1.058034062385559,
        0.07276450097560883
      ],
      [
        -0.23846034705638885,
        0.20135459303855896,
        -0.13407491147518158,
        -1.0201495885849,
        1.2220258712768555,
        1.0591471195220947,
        0.07284960895776749
      ],
      [
        -0.23697897791862488,
        0.20395547151565552,
        -0.13396506011486053,
        -1.0138068199157715,
        1.2153974771499634,
        1.0527669191360474,
        0.07279597967863083
      ],
      [
        -0.2361876517534256,
        0.2030181884765625,
        -0.13423794507980347,
        -1.005445122718811,
        1.2120596170425415,
        1.0512707233428955,
        0.07273684442043304
      ],
      [
        -0.23595568537712097,
        0.20383159816265106,
        -0.1329927295446396,
        -1.0013139247894287,
        1.2137972116470337,
        1.0513960123062134,
        0.07277637720108032
      ],
      [
        -0.23581215739250183,
        0.20684465765953064,
        -0.12840387225151062,
        -0.9937127232551575,
        1.2165745496749878,
        1.0452232360839844,
        0.07273893058300018
      ],
      [
        -0.2339770346879959,
        0.20678681135177612,
        -0.1288527548313141,
        -0.9994253516197205,
        1.2250852584838867,
        1.0439002513885498,
        0.07262438535690308
      ],
      [
        -0.23146657645702362,
        0.20687657594680786,
        -0.1260731816291809,
        -1.0020166635513306,
        1.2224493026733398,
        1.0358877182006836,
        0.0725860744714737
      ],
      [
        -0.22941264510154724,
        0.20763298869132996,
        -0.12851250171661377,
        -1.0114738941192627,
        1.225467562675476,
        1.0267267227172852,
        0.07270730286836624
      ]
    ],