{
  "sample_name": "sample_000051",
  "payload_path": "/home/sunpeng/sp/umi_project/universal_manipulation_interface/pika_dataset/exports/episode79/sample_000051/payload_raw.json",
  "actions_path": "/home/sunpeng/sp/umi_project/universal_manipulation_interface/pika_dataset/exports/episode79/sample_000051/actions.json",
  "meta": {
    "start_index": 102,
    "obs_horizon": 2,
    "act_horizon": 16,
    "stride": 2,
    "obs_timestamps": [
      1776398608.9594975,
      1776398608.9912822
    ],
    "action_timestamps": [
      1776398609.021676,
      1776398609.0594063,
      1776398609.0912998,
      1776398609.1216495,
      1776398609.1594095,
      1776398609.1913338,
      1776398609.221737,
      1776398609.259464,
      1776398609.2914066,
      1776398609.3276947,
      1776398609.3595989,
      1776398609.391411,
      1776398609.4218557,
      1776398609.4594648,
      1776398609.491288,
      1776398609.5216467
    ]
  },
  "payload_pose_validation": {
    "format": "xyz_quat_xyzw",
    "pose_shape": [
      2,
      7
    ],
    "init_pose_shape": [
      7
    ],
    "quat_norm_mean": 1.0,
    "quat_norm_min": 0.9999999999999999,
    "quat_norm_max": 1.0,
    "init_quat_norm": 0.9999999999999999
  },
  "inference": {
    "selected_arm": "arm_l",
    "checkpoint_path": "/home/sunpeng/sp/umi_project/universal_manipulation_interface/data/outputs/2026.04.20/16.30.06_train_diffusion_unet_timm_picknplace/checkpoints",
    "device": "cuda",
    "action_pred_shape": [
      16,
      10
    ],
    "env_action_shape": [
      16,
      7
    ]
  },
  "metrics": {
    "aligned_shape": [
      16,
      7
    ],
    "pred_shape": [
      16,
      7
    ],
    "target_shape": [
      16,
      7
    ],
    "position": {
      "mean_l2_error": 0.017447587102651596,
      "rmse_l2_error": 0.023089084774255753,
      "max_l2_error": 0.05603145435452461,
      "per_axis_mae": [
        0.0052657416090369225,
        0.0039750318974256516,
        0.013557139784097672
      ],
      "per_axis_rmse": [
        0.006105470471084118,
        0.004731701221317053,
        0.021758677437901497
      ]
    },
    "rotation": {
      "mean_geodesic_rad": 0.05294305458664894,
      "rmse_geodesic_rad": 0.06947378069162369,
      "max_geodesic_rad": 0.17983415722846985,
      "mean_geodesic_deg": 3.0334134101867676,
      "rmse_geodesic_deg": 3.9805543422698975,
      "max_geodesic_deg": 10.30373764038086
    },
    "gripper": {
      "mean_abs_error": 0.011081017553806305,
      "rmse": 0.014607613906264305,
      "max_abs_error": 0.025776498019695282
    },
    "combined_legacy": {
      "mean_abs_error": 0.018543539568781853,
      "max_abs_error": 0.16192126274108887,
      "rmse": 0.0311416108161211
    },
    "pred_action_aligned": [
      [
        -0.2306174784898758,
        0.028632603585720062,
        -0.13993288576602936,
        -1.0509954690933228,
        1.350188136100769,
        0.929747998714447,
        0.09434181451797485
      ],
      [
        -0.23206153512001038,
        0.020105265080928802,
        -0.14378908276557922,
        -1.0428872108459473,
        1.3701993227005005,
        0.923139214515686,
        0.08712342381477356
      ],
      [
        -0.23334722220897675,
        0.017959775403141975,
        -0.14251458644866943,
        -1.0547360181808472,
        1.3464882373809814,
        0.9366559982299805,
        0.08422280848026276
      ],
      [
        -0.22627224028110504,
        0.02457301877439022,
        -0.13761131465435028,
        -1.0644667148590088,
        1.3275080919265747,
        0.895363986492157,
        0.07216387987136841
      ],
      [
        -0.22319243848323822,
        0.02491890639066696,
        -0.13857458531856537,
        -1.0654083490371704,
        1.3395100831985474,
        0.9178058505058289,
        0.07093054056167603
      ],
      [
        -0.2226080298423767,
        0.031078562140464783,
        -0.1405787467956543,
        -1.0774413347244263,
        1.3219727277755737,
        0.9274607300758362,
        0.07183928787708282
      ],
      [
        -0.22454266250133514,
        0.027741650119423866,
        -0.14336831867694855,
        -1.0908796787261963,
        1.3247510194778442,
        0.9147687554359436,
        0.07232403755187988
      ],
      [
        -0.23036064207553864,
        0.02722659520804882,
        -0.1350719928741455,
        -1.0980879068374634,
        1.321429967880249,
        0.9294675588607788,
        0.07200904190540314
      ],
      [
        -0.23121215403079987,
        0.029561834409832954,
        -0.13992507755756378,
        -1.0818308591842651,
        1.3426108360290527,
        0.9263791441917419,
        0.0716586634516716
      ],
      [
        -0.23221078515052795,
        0.023951265960931778,
        -0.13565170764923096,
        -1.089784860610962,
        1.3035811185836792,
        0.9337295889854431,
        0.07210967689752579
      ],
      [
        -0.22752366960048676,
        0.020482230931520462,
        -0.1359492838382721,
        -1.0932830572128296,
        1.2958797216415405,
        0.9068594574928284,
        0.07309067249298096
      ],
      [
        -0.23264354467391968,
        0.023553485050797462,
        -0.13197343051433563,
        -1.0671273469924927,
        1.3147189617156982,
        0.9381101727485657,
        0.07371415942907333
      ],
      [
        -0.23191942274570465,
        0.025595158338546753,
        -0.12822213768959045,
        -1.0449498891830444,
        1.3074008226394653,
        0.9575340747833252,
        0.07518208771944046
      ],
      [
        -0.2335786670446396,
        0.03219684585928917,
        -0.11692476272583008,
        -1.0062698125839233,
        1.2929234504699707,
        0.9903605580329895,
        0.08183147013187408
      ],
      [
        -0.23219436407089233,
        0.03300821781158447,
        -0.11611086130142212,
        -0.9685549139976501,
        1.2737691402435303,
        0.9980213642120361,
        0.0851345881819725
      ],
      [
        -0.2319668084383011,
        0.034707408398389816,
        -0.1048041433095932,
        -0.9180881977081299,
        1.245103120803833,
        0.9874345660209656,
        0.07386565953493118
      ]
    ],