{
  "sample_name": "sample_000017",
  "payload_path": "/home/sunpeng/sp/umi_project/universal_manipulation_interface/pika_dataset/exports/episode79/sample_000017/payload_raw.json",
  "actions_path": "/home/sunpeng/sp/umi_project/universal_manipulation_interface/pika_dataset/exports/episode79/sample_000017/actions.json",
  "meta": {
    "start_index": 34,
    "obs_horizon": 2,
    "act_horizon": 16,
    "stride": 2,
    "obs_timestamps": [
      1776398606.6912098,
      1776398606.7215998
    ],
    "action_timestamps": [
      1776398606.7596703,
      1776398606.7912264,
      1776398606.8216267,
      1776398606.859708,
      1776398606.8911812,
      1776398606.921649,
      1776398606.9595206,
      1776398606.9912298,
      1776398607.0216267,
      1776398607.0593703,
      1776398607.0912151,
      1776398607.1215694,
      1776398607.1593602,
      1776398607.19125,
      1776398607.2216332,
      1776398607.2593372
    ]
  },
  "payload_pose_validation": {
    "format": "xyz_quat_xyzw",
    "pose_shape": [
      2,
      7
    ],
    "init_pose_shape": [
      7
    ],
    "quat_norm_mean": 1.0,
    "quat_norm_min": 1.0,
    "quat_norm_max": 1.0,
    "init_quat_norm": 0.9999999999999999
  },
  "inference": {
    "selected_arm": "arm_l",
    "checkpoint_path": "/home/sunpeng/sp/umi_project/universal_manipulation_interface/data/outputs/2026.04.20/16.30.06_train_diffusion_unet_timm_picknplace/checkpoints",
    "device": "cuda",
    "action_pred_shape": [
      16,
      10
    ],
    "env_action_shape": [
      16,
      7
    ]
  },
  "metrics": {
    "aligned_shape": [
      16,
      7
    ],
    "pred_shape": [
      16,
      7
    ],
    "target_shape": [
      16,
      7
    ],
    "position": {
      "mean_l2_error": 0.03912283480167389,
      "rmse_l2_error": 0.04675133526325226,
      "max_l2_error": 0.07425300031900406,
      "per_axis_mae": [
        0.01623905450105667,
        0.02528708428144455,
        0.02379399724304676
      ],
      "per_axis_rmse": [
        0.019223002716898918,
        0.029764806851744652,
        0.030499501153826714
      ]
    },
    "rotation": {
      "mean_geodesic_rad": 0.23674628138542175,
      "rmse_geodesic_rad": 0.27141645550727844,
      "max_geodesic_rad": 0.39438581466674805,
      "mean_geodesic_deg": 13.56456184387207,
      "rmse_geodesic_deg": 15.551015853881836,
      "max_geodesic_deg": 22.596641540527344
    },
    "gripper": {
      "mean_abs_error": 0.0005486495792865753,
      "rmse": 0.0005767546244896948,
      "max_abs_error": 0.0008050650358200073
    },
    "combined_legacy": {
      "mean_abs_error": 0.06115833297371864,
      "max_abs_error": 0.3194620609283447,
      "rmse": 0.10741734504699707
    },
    "pred_action_aligned": [
      [
        -0.2658880352973938,
        -0.03695208579301834,
        -0.0791669711470604,
        -0.5743932723999023,
        0.8894201517105103,
        0.8949872851371765,
        0.09666545689105988
      ],
      [
        -0.26146021485328674,
        -0.030945684760808945,
        -0.07625334709882736,
        -0.6018067598342896,
        0.8882524371147156,
        0.9137160778045654,
        0.09598973393440247
      ],
      [
        -0.2512458562850952,
        -0.02539670281112194,
        -0.07779216766357422,
        -0.659191906452179,
        0.8829687237739563,
        0.9134300947189331,
        0.09616648405790329
      ],
      [
        -0.25114136934280396,
        -0.020537277683615685,
        -0.07456668466329575,
        -0.6831445097923279,
        0.9116971492767334,
        0.9230530261993408,
        0.0959692895412445
      ],
      [
        -0.2523837387561798,
        -0.01387728936970234,
        -0.07798247784376144,
        -0.7228395938873291,
        0.9454700350761414,
        0.9467482566833496,
        0.0959019735455513
      ],
      [
        -0.2522904872894287,
        -0.010455865412950516,
        -0.08495920896530151,
        -0.7664817571640015,
        0.9913984537124634,
        0.948152482509613,
        0.09613293409347534
      ],
      [
        -0.25008004903793335,
        -0.008600186556577682,
        -0.09263215959072113,
        -0.7968769669532776,
        1.0444883108139038,
        0.9534485936164856,
        0.09620200097560883
      ],
      [
        -0.24832898378372192,
        -0.004999853670597076,
        -0.10171297192573547,
        -0.8356444835662842,
        1.0918703079223633,
        0.9499772191047668,
        0.09628678113222122
      ],
      [
        -0.24430833756923676,
        0.0005931295454502106,
        -0.11020226031541824,
        -0.8676554560661316,
        1.126170039176941,
        0.9537120461463928,
        0.09627585858106613
      ],
      [
        -0.23738528788089752,
        0.008012037724256516,
        -0.11772848665714264,
        -0.9013301134109497,
        1.1571074724197388,
        0.9480003118515015,
        0.09622595459222794
      ],
      [
        -0.231720969080925,
        0.014360856264829636,
        -0.12506812810897827,
        -0.9338644742965698,
        1.187961220741272,
        0.9410648345947266,
        0.09630513191223145
      ],
      [
        -0.22564497590065002,
        0.02037673443555832,
        -0.12664157152175903,
        -0.9576594829559326,
        1.212321162223816,
        0.9401121139526367,
        0.09619104117155075
      ],
      [
        -0.2234998494386673,
        0.02555346116423607,
        -0.13146716356277466,
        -0.9722660183906555,
        1.2326343059539795,
        0.9386030435562134,
        0.09600606560707092
      ],
      [
        -0.22480162978172302,
        0.02858446165919304,
        -0.13634030520915985,
        -1.00180983543396,
        1.2574330568313599,
        0.9444714784622192,
        0.09601549059152603
      ],
      [
        -0.22484023869037628,
        0.030659828335046768,
        -0.13972648978233337,
        -1.0172816514968872,
        1.26827871799469,
        0.9492509365081787,
        0.09603481739759445
      ],
      [
        -0.22769591212272644,
        0.036064814776182175,
        -0.14096975326538086,
        -1.0226465463638306,
        1.2743163108825684,
        0.9632266163825989,
        0.09616521000862122
      ]
    ],