{
  "sample_name": "sample_000049",
  "payload_path": "/home/sunpeng/sp/umi_project/universal_manipulation_interface/pika_dataset/exports/episode79/sample_000049/payload_raw.json",
  "actions_path": "/home/sunpeng/sp/umi_project/universal_manipulation_interface/pika_dataset/exports/episode79/sample_000049/actions.json",
  "meta": {
    "start_index": 98,
    "obs_horizon": 2,
    "act_horizon": 16,
    "stride": 2,
    "obs_timestamps": [
      1776398608.821696,
      1776398608.859422
    ],
    "action_timestamps": [
      1776398608.891301,
      1776398608.9216907,
      1776398608.9594975,
      1776398608.9912822,
      1776398609.021676,
      1776398609.0594063,
      1776398609.0912998,
      1776398609.1216495,
      1776398609.1594095,
      1776398609.1913338,
      1776398609.221737,
      1776398609.259464,
      1776398609.2914066,
      1776398609.3276947,
      1776398609.3595989,
      1776398609.391411
    ]
  },
  "payload_pose_validation": {
    "format": "xyz_quat_xyzw",
    "pose_shape": [
      2,
      7
    ],
    "init_pose_shape": [
      7
    ],
    "quat_norm_mean": 1.0,
    "quat_norm_min": 0.9999999999999999,
    "quat_norm_max": 1.0000000000000002,
    "init_quat_norm": 0.9999999999999999
  },
  "inference": {
    "selected_arm": "arm_l",
    "checkpoint_path": "/home/sunpeng/sp/umi_project/universal_manipulation_interface/data/outputs/2026.04.20/16.30.06_train_diffusion_unet_timm_picknplace/checkpoints",
    "device": "cuda",
    "action_pred_shape": [
      16,
      10
    ],
    "env_action_shape": [
      16,
      7
    ]
  },
  "metrics": {
    "aligned_shape": [
      16,
      7
    ],
    "pred_shape": [
      16,
      7
    ],
    "target_shape": [
      16,
      7
    ],
    "position": {
      "mean_l2_error": 0.010855055414140224,
      "rmse_l2_error": 0.012656359933316708,
      "max_l2_error": 0.030202411115169525,
      "per_axis_mae": [
        0.005043018609285355,
        0.0031193229369819164,
        0.008189095184206963
      ],
      "per_axis_rmse": [
        0.005992474500089884,
        0.004133444745093584,
        0.010353178717195988
      ]
    },
    "rotation": {
      "mean_geodesic_rad": 0.052005521953105927,
      "rmse_geodesic_rad": 0.0701989158987999,
      "max_geodesic_rad": 0.20013517141342163,
      "mean_geodesic_deg": 2.9796969890594482,
      "rmse_geodesic_deg": 4.022101402282715,
      "max_geodesic_deg": 11.466899871826172
    },
    "gripper": {
      "mean_abs_error": 0.016284450888633728,
      "rmse": 0.01919652707874775,
      "max_abs_error": 0.025887109339237213
    },
    "combined_legacy": {
      "mean_abs_error": 0.018188251182436943,
      "max_abs_error": 0.14023566246032715,
      "rmse": 0.030990248546004295
    },
    "pred_action_aligned": [
      [
        -0.2333788126707077,
        0.025721022859215736,
        -0.15737208724021912,
        -1.0539568662643433,
        1.3309893608093262,
        0.9272193312644958,
        0.0943794697523117
      ],
      [
        -0.231642484664917,
        0.02543473057448864,
        -0.15201117098331451,
        -1.082772135734558,
        1.3562403917312622,
        0.8995265960693359,
        0.08869816362857819
      ],
      [
        -0.23863984644412994,
        0.0273574311286211,
        -0.15881814062595367,
        -1.0782512426376343,
        1.3775689601898193,
        0.9237146377563477,
        0.07246965914964676
      ],
      [
        -0.23413793742656708,
        0.03052213042974472,
        -0.15591232478618622,
        -1.07418692111969,
        1.3647842407226562,
        0.915746808052063,
        0.07298463582992554
      ],
      [
        -0.2300984412431717,
        0.0358491875231266,
        -0.15066884458065033,
        -1.068660020828247,
        1.3591829538345337,
        0.9207102060317993,
        0.07223020493984222
      ],
      [
        -0.22534321248531342,
        0.03772726655006409,
        -0.14808516204357147,
        -1.050304651260376,
        1.346179485321045,
        0.9009471535682678,
        0.0728749930858612
      ],
      [
        -0.2294989675283432,
        0.03357676789164543,
        -0.1457567811012268,
        -1.059076189994812,
        1.3557603359222412,
        0.9402332305908203,
        0.0733974277973175
      ],
      [
        -0.23644964396953583,
        0.02852829359471798,
        -0.14950546622276306,
        -1.0438705682754517,
        1.3817623853683472,
        0.9358421564102173,
        0.0708199292421341
      ],
      [
        -0.23885811865329742,
        0.02768677845597267,
        -0.14674530923366547,
        -1.0770843029022217,
        1.3472023010253906,
        0.9679614901542664,
        0.07145243138074875
      ],
      [
        -0.23800787329673767,
        0.028120823204517365,
        -0.14505615830421448,
        -1.0667041540145874,
        1.3227579593658447,
        0.9719508290290833,
        0.07191586494445801
      ],
      [
        -0.2358531653881073,
        0.029420077800750732,
        -0.14574813842773438,
        -1.0681610107421875,
        1.3286464214324951,
        0.9474369883537292,
        0.07193971425294876
      ],
      [
        -0.2371188998222351,
        0.02474035508930683,
        -0.14673422276973724,
        -1.0667481422424316,
        1.3155982494354248,
        0.9470718502998352,
        0.07224925607442856
      ],
      [
        -0.23782974481582642,
        0.024016989395022392,
        -0.14304600656032562,
        -1.0577037334442139,
        1.3243056535720825,
        0.9563186168670654,
        0.07205764204263687
      ],
      [
        -0.2356763482093811,
        0.020973384380340576,
        -0.13676892220973969,
        -1.0271005630493164,
        1.2990164756774902,
        0.9689677953720093,
        0.07249843329191208
      ],
      [
        -0.23435011506080627,
        0.029988877475261688,
        -0.1322912573814392,
        -1.0040557384490967,
        1.2319257259368896,
        0.9993149042129517,
        0.07219137251377106
      ],
      [
        -0.23830793797969818,
        0.02492578700184822,
        -0.1231788620352745,
        -0.9510258436203003,
        1.2046505212783813,
        1.0485259294509888,
        0.07172977924346924
      ]
    ],