{
  "sample_name": "sample_000033",
  "payload_path": "/home/sunpeng/sp/umi_project/universal_manipulation_interface/pika_dataset/exports/episode79/sample_000033/payload_raw.json",
  "actions_path": "/home/sunpeng/sp/umi_project/universal_manipulation_interface/pika_dataset/exports/episode79/sample_000033/actions.json",
  "meta": {
    "start_index": 66,
    "obs_horizon": 2,
    "act_horizon": 16,
    "stride": 2,
    "obs_timestamps": [
      1776398607.7595112,
      1776398607.791254
    ],
    "action_timestamps": [
      1776398607.8216379,
      1776398607.8594265,
      1776398607.891235,
      1776398607.9215744,
      1776398607.9594307,
      1776398607.9913018,
      1776398608.0217173,
      1776398608.0594761,
      1776398608.091265,
      1776398608.1216795,
      1776398608.159439,
      1776398608.191332,
      1776398608.2217045,
      1776398608.2594833,
      1776398608.2913167,
      1776398608.3216846
    ]
  },
  "payload_pose_validation": {
    "format": "xyz_quat_xyzw",
    "pose_shape": [
      2,
      7
    ],
    "init_pose_shape": [
      7
    ],
    "quat_norm_mean": 1.0,
    "quat_norm_min": 0.9999999999999999,
    "quat_norm_max": 1.0,
    "init_quat_norm": 0.9999999999999999
  },
  "inference": {
    "selected_arm": "arm_l",
    "checkpoint_path": "/home/sunpeng/sp/umi_project/universal_manipulation_interface/data/outputs/2026.04.20/16.30.06_train_diffusion_unet_timm_picknplace/checkpoints",
    "device": "cuda",
    "action_pred_shape": [
      16,
      10
    ],
    "env_action_shape": [
      16,
      7
    ]
  },
  "metrics": {
    "aligned_shape": [
      16,
      7
    ],
    "pred_shape": [
      16,
      7
    ],
    "target_shape": [
      16,
      7
    ],
    "position": {
      "mean_l2_error": 0.006780823227018118,
      "rmse_l2_error": 0.007553520612418652,
      "max_l2_error": 0.017789723351597786,
      "per_axis_mae": [
        0.004059993661940098,
        0.0018037615809589624,
        0.0043611349537968636
      ],
      "per_axis_rmse": [
        0.004956807941198349,
        0.0021335002966225147,
        0.005285254213958979
      ]
    },
    "rotation": {
      "mean_geodesic_rad": 0.06451936811208725,
      "rmse_geodesic_rad": 0.06962158530950546,
      "max_geodesic_rad": 0.10673089325428009,
      "mean_geodesic_deg": 3.6966872215270996,
      "rmse_geodesic_deg": 3.989022970199585,
      "max_geodesic_deg": 6.115229606628418
    },
    "gripper": {
      "mean_abs_error": 0.0036451430059969425,
      "rmse": 0.008040769025683403,
      "max_abs_error": 0.024322807788848877
    },
    "combined_legacy": {
      "mean_abs_error": 0.017000393941998482,
      "max_abs_error": 0.09340882301330566,
      "rmse": 0.02872379496693611
    },
    "pred_action_aligned": [
      [
        -0.24086202681064606,
        0.011892745271325111,
        -0.12834584712982178,
        -0.9316451549530029,
        1.177559733390808,
        0.9247038960456848,
        0.09639135003089905
      ],
      [
        -0.23969332873821259,
        0.016658734530210495,
        -0.13197298347949982,
        -0.9563090801239014,
        1.1930594444274902,
        0.933275580406189,
        0.09619554877281189
      ],
      [
        -0.239424467086792,
        0.018928784877061844,
        -0.13778355717658997,
        -0.9890846610069275,
        1.2406412363052368,
        0.928156852722168,
        0.09625256061553955
      ],
      [
        -0.2376207709312439,
        0.02180861309170723,
        -0.13935557007789612,
        -0.995822548866272,
        1.2623119354248047,
        0.9329990148544312,
        0.096345916390419
      ],
      [
        -0.23928581178188324,
        0.024039525538682938,
        -0.1380106508731842,
        -0.9977816939353943,
        1.280893325805664,
        0.936539888381958,
        0.09586119651794434
      ],
      [
        -0.23488682508468628,
        0.02620876207947731,
        -0.1411374807357788,
        -1.0177924633026123,
        1.2990264892578125,
        0.9290343523025513,
        0.09616672992706299
      ],
      [
        -0.23053741455078125,
        0.026237405836582184,
        -0.14443901181221008,
        -1.0295405387878418,
        1.2954981327056885,
        0.9198459982872009,
        0.0960497111082077
      ],
      [
        -0.23049870133399963,
        0.027084842324256897,
        -0.14185677468776703,
        -1.0396318435668945,
        1.3045694828033447,
        0.9046458005905151,
        0.09566066414117813
      ],
      [
        -0.23105576634407043,
        0.027245646342635155,
        -0.14648635685443878,
        -1.0319175720214844,
        1.3019307851791382,
        0.9095153212547302,
        0.0961727723479271
      ],
      [
        -0.23126712441444397,
        0.02661716565489769,
        -0.1456555277109146,
        -1.043743371963501,
        1.3082793951034546,
        0.9006354808807373,
        0.09602703154087067
      ],
      [
        -0.22656603157520294,
        0.027978381142020226,
        -0.1476624310016632,
        -1.0418624877929688,
        1.285548210144043,
        0.8929622173309326,
        0.0961330235004425
      ],
      [
        -0.232448548078537,
        0.029882900416851044,
        -0.14537766575813293,
        -1.0528069734573364,
        1.2890020608901978,
        0.9014662504196167,
        0.0958079919219017
      ],
      [
        -0.23185917735099792,
        0.02954958565533161,
        -0.149072527885437,
        -1.0402127504348755,
        1.3021857738494873,
        0.9041352868080139,
        0.0957813486456871
      ],
      [
        -0.22934117913246155,
        0.029559310525655746,
        -0.15295416116714478,
        -1.0454121828079224,
        1.3263678550720215,
        0.9052866101264954,
        0.09122280776500702
      ],
      [
        -0.22714437544345856,
        0.02764897421002388,
        -0.150230273604393,
        -1.0299490690231323,
        1.337441086769104,
        0.8839633464813232,
        0.07653744518756866
      ],
      [
        -0.2225571721792221,
        0.02963078022003174,
        -0.16335240006446838,
        -1.030450701713562,
        1.3850914239883423,
        0.8481627702713013,
        0.07238423079252243
      ]
    ],