{
  "sample_name": "sample_000102",
  "payload_path": "/home/sunpeng/sp/umi_project/universal_manipulation_interface/pika_dataset/exports/episode79/sample_000102/payload_raw.json",
  "actions_path": "/home/sunpeng/sp/umi_project/universal_manipulation_interface/pika_dataset/exports/episode79/sample_000102/actions.json",
  "meta": {
    "start_index": 204,
    "obs_horizon": 2,
    "act_horizon": 16,
    "stride": 2,
    "obs_timestamps": [
      1776398612.3594687,
      1776398612.3913581
    ],
    "action_timestamps": [
      1776398612.4277766,
      1776398612.459511,
      1776398612.4912949,
      1776398612.5277646,
      1776398612.559704,
      1776398612.591397,
      1776398612.6277316,
      1776398612.6595614,
      1776398612.6912947,
      1776398612.7276466,
      1776398612.7594557,
      1776398612.7913513,
      1776398612.8276937,
      1776398612.8595362,
      1776398612.8913043,
      1776398612.927757
    ]
  },
  "payload_pose_validation": {
    "format": "xyz_quat_xyzw",
    "pose_shape": [
      2,
      7
    ],
    "init_pose_shape": [
      7
    ],
    "quat_norm_mean": 0.9999999999999999,
    "quat_norm_min": 0.9999999999999999,
    "quat_norm_max": 0.9999999999999999,
    "init_quat_norm": 0.9999999999999999
  },
  "inference": {
    "selected_arm": "arm_l",
    "checkpoint_path": "/home/sunpeng/sp/umi_project/universal_manipulation_interface/data/outputs/2026.04.20/16.30.06_train_diffusion_unet_timm_picknplace/checkpoints",
    "device": "cuda",
    "action_pred_shape": [
      16,
      10
    ],
    "env_action_shape": [
      16,
      7
    ]
  },
  "metrics": {
    "aligned_shape": [
      16,
      7
    ],
    "pred_shape": [
      16,
      7
    ],
    "target_shape": [
      16,
      7
    ],
    "position": {
      "mean_l2_error": 0.09677775204181671,
      "rmse_l2_error": 0.11044170707464218,
      "max_l2_error": 0.15405325591564178,
      "per_axis_mae": [
        0.010866419412195683,
        0.0826086699962616,
        0.042795270681381226
      ],
      "per_axis_rmse": [
        0.012303776107728481,
        0.09249032288789749,
        0.05908914655447006
      ]
    },
    "rotation": {
      "mean_geodesic_rad": 0.2993656396865845,
      "rmse_geodesic_rad": 0.3511468470096588,
      "max_geodesic_rad": 0.5081616044044495,
      "mean_geodesic_deg": 17.152387619018555,
      "rmse_geodesic_deg": 20.119230270385742,
      "max_geodesic_deg": 29.11551284790039
    },
    "gripper": {
      "mean_abs_error": 0.0003987685777246952,
      "rmse": 0.0007810409879311919,
      "max_abs_error": 0.002920500934123993
    },
    "combined_legacy": {
      "mean_abs_error": 0.09228527545928955,
      "max_abs_error": 0.39121878147125244,
      "rmse": 0.15009650588035583
    },
    "pred_action_aligned": [
      [
        -0.2598167359828949,
        0.022351786494255066,
        -0.0689697414636612,
        -0.5426675081253052,
        0.8338775634765625,
        1.179059386253357,
        0.07304921746253967
      ],
      [
        -0.2575891613960266,
        0.03508974239230156,
        -0.06429184973239899,
        -0.571211576461792,
        0.8186209201812744,
        1.1695281267166138,
        0.0735052302479744
      ],
      [
        -0.2539636194705963,
        0.05393528193235397,
        -0.05841276794672012,
        -0.6013169288635254,
        0.8017355799674988,
        1.1986689567565918,
        0.07287812232971191
      ],
      [
        -0.2491527497768402,
        0.07328158617019653,
        -0.05797020345926285,
        -0.6149677038192749,
        0.8376673460006714,
        1.2049304246902466,
        0.07339426875114441
      ],
      [
        -0.24367555975914001,
        0.09521190822124481,
        -0.05792740732431412,
        -0.6771534085273743,
        0.8608860373497009,
        1.2111626863479614,
        0.07324223220348358
      ],
      [
        -0.24043038487434387,
        0.1168290227651596,
        -0.060081686824560165,
        -0.7160007953643799,
        0.8917866945266724,
        1.2018861770629883,
        0.07318016141653061
      ],
      [
        -0.2414931207895279,
        0.1449112743139267,
        -0.06859487295150757,
        -0.7575310468673706,
        0.9578434824943542,
        1.2163774967193604,
        0.07347214221954346
      ],
      [
        -0.23858165740966797,
        0.16083550453186035,
        -0.0743308737874031,
        -0.8215810656547546,
        0.986941933631897,
        1.1871414184570312,
        0.0735853910446167
      ],
      [
        -0.23676295578479767,
        0.17600782215595245,
        -0.08277396112680435,
        -0.8709070682525635,
        1.0405594110488892,
        1.1636453866958618,
        0.07379499822854996
      ],
      [
        -0.23285119235515594,
        0.1894916445016861,
        -0.09802144765853882,
        -0.9176411628723145,
        1.0979490280151367,
        1.1288882493972778,
        0.07378983497619629
      ],
      [
        -0.2337680160999298,
        0.19725045561790466,
        -0.11484916508197784,
        -0.9402007460594177,
        1.1539583206176758,
        1.0947299003601074,
        0.07337481528520584
      ],
      [
        -0.23107481002807617,
        0.20330975949764252,
        -0.13021570444107056,
        -0.9706413149833679,
        1.19511878490448,
        1.0820188522338867,
        0.07359763979911804
      ],
      [
        -0.22978033125400543,
        0.20637015998363495,
        -0.14169111847877502,
        -1.0021581649780273,
        1.1996244192123413,
        1.052261233329773,
        0.0733393058180809
      ],
      [
        -0.22559764981269836,
        0.20870603621006012,
        -0.1496594250202179,
        -1.0119349956512451,
        1.213384747505188,
        1.023541808128357,
        0.07297632098197937
      ],
      [
        -0.2262285202741623,
        0.20827420055866241,
        -0.15145044028759003,
        -1.0216853618621826,
        1.2155786752700806,
        1.0271607637405396,
        0.07328776270151138
      ],
      [
        -0.22277489304542542,
        0.20888493955135345,
        -0.1566133052110672,
        -1.0314538478851318,
        1.2159812450408936,
        1.0346336364746094,
        0.07639671117067337
      ]
    ],