{
  "sample_name": "sample_000037",
  "payload_path": "/home/sunpeng/sp/umi_project/universal_manipulation_interface/pika_dataset/exports/episode79/sample_000037/payload_raw.json",
  "actions_path": "/home/sunpeng/sp/umi_project/universal_manipulation_interface/pika_dataset/exports/episode79/sample_000037/actions.json",
  "meta": {
    "start_index": 74,
    "obs_horizon": 2,
    "act_horizon": 16,
    "stride": 2,
    "obs_timestamps": [
      1776398608.0217173,
      1776398608.0594761
    ],
    "action_timestamps": [
      1776398608.091265,
      1776398608.1216795,
      1776398608.159439,
      1776398608.191332,
      1776398608.2217045,
      1776398608.2594833,
      1776398608.2913167,
      1776398608.3216846,
      1776398608.359421,
      1776398608.3913038,
      1776398608.421738,
      1776398608.4595058,
      1776398608.4911988,
      1776398608.5216491,
      1776398608.559694,
      1776398608.5913665
    ]
  },
  "payload_pose_validation": {
    "format": "xyz_quat_xyzw",
    "pose_shape": [
      2,
      7
    ],
    "init_pose_shape": [
      7
    ],
    "quat_norm_mean": 1.0,
    "quat_norm_min": 0.9999999999999999,
    "quat_norm_max": 1.0,
    "init_quat_norm": 0.9999999999999999
  },
  "inference": {
    "selected_arm": "arm_l",
    "checkpoint_path": "/home/sunpeng/sp/umi_project/universal_manipulation_interface/data/outputs/2026.04.20/16.30.06_train_diffusion_unet_timm_picknplace/checkpoints",
    "device": "cuda",
    "action_pred_shape": [
      16,
      10
    ],
    "env_action_shape": [
      16,
      7
    ]
  },
  "metrics": {
    "aligned_shape": [
      16,
      7
    ],
    "pred_shape": [
      16,
      7
    ],
    "target_shape": [
      16,
      7
    ],
    "position": {
      "mean_l2_error": 0.016403239220380783,
      "rmse_l2_error": 0.01956118643283844,
      "max_l2_error": 0.03659199923276901,
      "per_axis_mae": [
        0.0036913948133587837,
        0.00718338880687952,
        0.013367174193263054
      ],
      "per_axis_rmse": [
        0.004245101939886808,
        0.008579131215810776,
        0.017059240490198135
      ]
    },
    "rotation": {
      "mean_geodesic_rad": 0.03039581887423992,
      "rmse_geodesic_rad": 0.03231729194521904,
      "max_geodesic_rad": 0.053305111825466156,
      "mean_geodesic_deg": 1.7415521144866943,
      "rmse_geodesic_deg": 1.8516441583633423,
      "max_geodesic_deg": 3.0541577339172363
    },
    "gripper": {
      "mean_abs_error": 0.004750500433146954,
      "rmse": 0.008701751008629799,
      "max_abs_error": 0.023720115423202515
    },
    "combined_legacy": {
      "mean_abs_error": 0.010950866155326366,
      "max_abs_error": 0.056916773319244385,
      "rmse": 0.015527267940342426
    },
    "pred_action_aligned": [
      [
        -0.23904109001159668,
        0.02470758557319641,
        -0.13670967519283295,
        -0.997508704662323,
        1.2389057874679565,
        0.9197419285774231,
        0.09668233245611191
      ],
      [
        -0.2399028092622757,
        0.02715102955698967,
        -0.1435728669166565,
        -0.9943675994873047,
        1.2685917615890503,
        0.9290738105773926,
        0.09599404782056808
      ],
      [
        -0.233846053481102,
        0.0281208623200655,
        -0.1447298675775528,
        -1.017591118812561,
        1.2782593965530396,
        0.9374732971191406,
        0.09618698060512543
      ],
      [
        -0.22904600203037262,
        0.026537228375673294,
        -0.14161217212677002,
        -1.030922532081604,
        1.2992757558822632,
        0.9161561727523804,
        0.09410924464464188
      ],
      [
        -0.22838714718818665,
        0.031600065529346466,
        -0.14988932013511658,
        -1.0363951921463013,
        1.2839349508285522,
        0.9179455041885376,
        0.09542877972126007
      ],
      [
        -0.22891494631767273,
        0.031223712489008904,
        -0.14582906663417816,
        -1.039725661277771,
        1.315063714981079,
        0.947508692741394,
        0.09619947522878647
      ],
      [
        -0.2270900458097458,
        0.03680119663476944,
        -0.1416194885969162,
        -1.0350725650787354,
        1.2974154949188232,
        0.960054337978363,
        0.09574083983898163
      ],
      [
        -0.22912245988845825,
        0.0369250550866127,
        -0.13957814872264862,
        -1.0415675640106201,
        1.3076907396316528,
        0.9621065258979797,
        0.0958142802119255
      ],
      [
        -0.22974732518196106,
        0.036918774247169495,
        -0.13188527524471283,
        -1.059374213218689,
        1.294562816619873,
        0.9790591597557068,
        0.09606422483921051
      ],
      [
        -0.23272210359573364,
        0.04084191471338272,
        -0.13476519286632538,
        -1.0422908067703247,
        1.3204916715621948,
        0.9658088684082031,
        0.09576398879289627
      ],
      [
        -0.23507754504680634,
        0.0369265154004097,
        -0.1336473673582077,
        -1.0405850410461426,
        1.3225229978561401,
        0.9499626159667969,
        0.09378655254840851
      ],
      [
        -0.23265020549297333,
        0.03686824440956116,
        -0.12559577822685242,
        -1.0406438112258911,
        1.338516116142273,
        0.9382387399673462,
        0.09334401786327362
      ],
      [
        -0.2302187979221344,
        0.03840743005275726,
        -0.12858104705810547,
        -1.0472288131713867,
        1.343402624130249,
        0.9463850855827332,
        0.09176068007946014
      ],
      [
        -0.23244579136371613,
        0.04168111830949783,
        -0.1307884156703949,
        -1.0367246866226196,
        1.3271844387054443,
        0.9625732898712158,
        0.08708611130714417
      ],
      [
        -0.22601749002933502,
        0.04102712869644165,
        -0.12671416997909546,
        -1.0180286169052124,
        1.3418525457382202,
        0.9243433475494385,
        0.07435613125562668
      ],
      [
        -0.22851786017417908,
        0.040306128561496735,
        -0.12051430344581604,
        -0.9927187561988831,
        1.3248156309127808,
        0.9584891200065613,
        0.07298692315816879
      ]
    ],