{
  "sample_name": "sample_000121",
  "payload_path": "/home/sunpeng/sp/umi_project/universal_manipulation_interface/pika_dataset/exports/episode79/sample_000121/payload_raw.json",
  "actions_path": "/home/sunpeng/sp/umi_project/universal_manipulation_interface/pika_dataset/exports/episode79/sample_000121/actions.json",
  "meta": {
    "start_index": 242,
    "obs_horizon": 2,
    "act_horizon": 16,
    "stride": 2,
    "obs_timestamps": [
      1776398613.6277363,
      1776398613.659504
    ],
    "action_timestamps": [
      1776398613.6913922,
      1776398613.7277126,
      1776398613.7595196,
      1776398613.7913418,
      1776398613.8277562,
      1776398613.8595104,
      1776398613.8914251,
      1776398613.92779,
      1776398613.9594793,
      1776398613.9913046,
      1776398614.0276868,
      1776398614.0594265,
      1776398614.0913184,
      1776398614.127781,
      1776398614.1595907,
      1776398614.191367
    ]
  },
  "payload_pose_validation": {
    "format": "xyz_quat_xyzw",
    "pose_shape": [
      2,
      7
    ],
    "init_pose_shape": [
      7
    ],
    "quat_norm_mean": 1.0,
    "quat_norm_min": 0.9999999999999999,
    "quat_norm_max": 1.0,
    "init_quat_norm": 0.9999999999999999
  },
  "inference": {
    "selected_arm": "arm_l",
    "checkpoint_path": "/home/sunpeng/sp/umi_project/universal_manipulation_interface/data/outputs/2026.04.20/16.30.06_train_diffusion_unet_timm_picknplace/checkpoints",
    "device": "cuda",
    "action_pred_shape": [
      16,
      10
    ],
    "env_action_shape": [
      16,
      7
    ]
  },
  "metrics": {
    "aligned_shape": [
      16,
      7
    ],
    "pred_shape": [
      16,
      7
    ],
    "target_shape": [
      16,
      7
    ],
    "position": {
      "mean_l2_error": 0.02030368521809578,
      "rmse_l2_error": 0.022811930626630783,
      "max_l2_error": 0.036793582141399384,
      "per_axis_mae": [
        0.005321834236383438,
        0.003904910758137703,
        0.018244612962007523
      ],
      "per_axis_rmse": [
        0.0062369233928620815,
        0.00465346546843648,
        0.021443651989102364
      ]
    },
    "rotation": {
      "mean_geodesic_rad": 0.0637316182255745,
      "rmse_geodesic_rad": 0.06557182967662811,
      "max_geodesic_rad": 0.09017778933048248,
      "mean_geodesic_deg": 3.651552200317383,
      "rmse_geodesic_deg": 3.756989002227783,
      "max_geodesic_deg": 5.166806221008301
    },
    "gripper": {
      "mean_abs_error": 0.0007441318593919277,
      "rmse": 0.0015085894847288728,
      "max_abs_error": 0.005607031285762787
    },
    "combined_legacy": {
      "mean_abs_error": 0.019748413935303688,
      "max_abs_error": 0.09002888202667236,
      "rmse": 0.029617369174957275
    },
    "pred_action_aligned": [
      [
        -0.23985688388347626,
        0.19101594388484955,
        -0.11681121587753296,
        -0.9251391291618347,
        1.1433011293411255,
        1.0868552923202515,
        0.0729980617761612
      ],
      [
        -0.23752368986606598,
        0.19596031308174133,
        -0.12260707467794418,
        -0.9618368744850159,
        1.1419577598571777,
        1.0647295713424683,
        0.07345718145370483
      ],
      [
        -0.23575356602668762,
        0.1992836445569992,
        -0.13163015246391296,
        -0.9913955330848694,
        1.1682651042938232,
        1.0448803901672363,
        0.0730135589838028
      ],
      [
        -0.23609775304794312,
        0.19971179962158203,
        -0.13605374097824097,
        -1.0020376443862915,
        1.1905744075775146,
        1.0282986164093018,
        0.07329726219177246
      ],
      [
        -0.23658964037895203,
        0.19908137619495392,
        -0.14059753715991974,
        -1.0169405937194824,
        1.2065876722335815,
        1.0112578868865967,
        0.07311539351940155
      ],
      [
        -0.23622725903987885,
        0.19682034850120544,
        -0.14237184822559357,
        -1.0309836864471436,
        1.227535367012024,
        0.9997233748435974,
        0.07323016226291656
      ],
      [
        -0.2348569929599762,
        0.19328995048999786,
        -0.1453482210636139,
        -1.0162947177886963,
        1.2325674295425415,
        0.986303448677063,
        0.07300306856632233
      ],
      [
        -0.23446400463581085,
        0.1948062777519226,
        -0.142108753323555,
        -1.0163862705230713,
        1.2319144010543823,
        0.9916496276855469,
        0.07310789078474045
      ],
      [
        -0.2355390191078186,
        0.1983739137649536,
        -0.1398291438817978,
        -1.0087676048278809,
        1.2328836917877197,
        1.0089904069900513,
        0.07292722910642624
      ],
      [
        -0.23420876264572144,
        0.19903072714805603,
        -0.14241532981395721,
        -1.0038337707519531,
        1.2324858903884888,
        1.0020101070404053,
        0.07295063883066177
      ],
      [
        -0.23216645419597626,
        0.19996300339698792,
        -0.14201593399047852,
        -0.9940176010131836,
        1.2294093370437622,
        1.0074392557144165,
        0.07315301895141602
      ],
      [
        -0.23255455493927002,
        0.20152245461940765,
        -0.13993871212005615,
        -0.9775726199150085,
        1.228554368019104,
        1.0132981538772583,
        0.07297856360673904
      ],
      [
        -0.23260436952114105,
        0.2002505660057068,
        -0.14102716743946075,
        -0.9717882871627808,
        1.2235878705978394,
        1.0132962465286255,
        0.07312431931495667
      ],
      [
        -0.22926926612854004,
        0.19927820563316345,
        -0.13986730575561523,
        -0.9617713689804077,
        1.2153680324554443,
        1.0155969858169556,
        0.07326331734657288
      ],
      [
        -0.23001918196678162,
        0.20098790526390076,
        -0.14140361547470093,
        -0.9506383538246155,
        1.2071951627731323,
        1.0380347967147827,
        0.07460933923721313
      ],
      [
        -0.23010793328285217,
        0.19978614151477814,
        -0.13905704021453857,
        -0.942323625087738,
        1.2040164470672607,
        1.0294042825698853,
        0.07842639833688736
      ]
    ],