{
  "sample_name": "sample_000120",
  "payload_path": "/home/sunpeng/sp/umi_project/universal_manipulation_interface/pika_dataset/exports/episode79/sample_000120/payload_raw.json",
  "actions_path": "/home/sunpeng/sp/umi_project/universal_manipulation_interface/pika_dataset/exports/episode79/sample_000120/actions.json",
  "meta": {
    "start_index": 240,
    "obs_horizon": 2,
    "act_horizon": 16,
    "stride": 2,
    "obs_timestamps": [
      1776398613.559702,
      1776398613.5914123
    ],
    "action_timestamps": [
      1776398613.6277363,
      1776398613.659504,
      1776398613.6913922,
      1776398613.7277126,
      1776398613.7595196,
      1776398613.7913418,
      1776398613.8277562,
      1776398613.8595104,
      1776398613.8914251,
      1776398613.92779,
      1776398613.9594793,
      1776398613.9913046,
      1776398614.0276868,
      1776398614.0594265,
      1776398614.0913184,
      1776398614.127781
    ]
  },
  "payload_pose_validation": {
    "format": "xyz_quat_xyzw",
    "pose_shape": [
      2,
      7
    ],
    "init_pose_shape": [
      7
    ],
    "quat_norm_mean": 1.0,
    "quat_norm_min": 1.0,
    "quat_norm_max": 1.0,
    "init_quat_norm": 0.9999999999999999
  },
  "inference": {
    "selected_arm": "arm_l",
    "checkpoint_path": "/home/sunpeng/sp/umi_project/universal_manipulation_interface/data/outputs/2026.04.20/16.30.06_train_diffusion_unet_timm_picknplace/checkpoints",
    "device": "cuda",
    "action_pred_shape": [
      16,
      10
    ],
    "env_action_shape": [
      16,
      7
    ]
  },
  "metrics": {
    "aligned_shape": [
      16,
      7
    ],
    "pred_shape": [
      16,
      7
    ],
    "target_shape": [
      16,
      7
    ],
    "position": {
      "mean_l2_error": 0.016240805387496948,
      "rmse_l2_error": 0.019669393077492714,
      "max_l2_error": 0.04520324245095253,
      "per_axis_mae": [
        0.005319730378687382,
        0.004656110890209675,
        0.012392558157444
      ],
      "per_axis_rmse": [
        0.006639560684561729,
        0.005038541276007891,
        0.017816128209233284
      ]
    },
    "rotation": {
      "mean_geodesic_rad": 0.03331591933965683,
      "rmse_geodesic_rad": 0.03625362738966942,
      "max_geodesic_rad": 0.05594727396965027,
      "mean_geodesic_deg": 1.9088613986968994,
      "rmse_geodesic_deg": 2.0771796703338623,
      "max_geodesic_deg": 3.20554256439209
    },
    "gripper": {
      "mean_abs_error": 0.0006049801595509052,
      "rmse": 0.0016455819131806493,
      "max_abs_error": 0.006496325135231018
    },
    "combined_legacy": {
      "mean_abs_error": 0.01196490041911602,
      "max_abs_error": 0.05068475008010864,
      "rmse": 0.017444642260670662
    },
    "pred_action_aligned": [
      [
        -0.2392926812171936,
        0.18643145263195038,
        -0.11290373653173447,
        -0.9092537760734558,
        1.1504392623901367,
        1.107778787612915,
        0.07326818257570267
      ],
      [
        -0.23841045796871185,
        0.19410239160060883,
        -0.11673343926668167,
        -0.9262677431106567,
        1.1638480424880981,
        1.1086324453353882,
        0.0732918530702591
      ],
      [
        -0.23633462190628052,
        0.19943320751190186,
        -0.12353597581386566,
        -0.9598817825317383,
        1.1925709247589111,
        1.0710142850875854,
        0.07303351163864136
      ],
      [
        -0.23600561916828156,
        0.20046159625053406,
        -0.13140231370925903,
        -0.9876750111579895,
        1.1934903860092163,
        1.0731123685836792,
        0.0733916163444519
      ],
      [
        -0.2359360307455063,
        0.20363447070121765,
        -0.13145670294761658,
        -0.9959568381309509,
        1.2035279273986816,
        1.052243947982788,
        0.07299315929412842
      ],
      [
        -0.23540164530277252,
        0.2024959772825241,
        -0.13232989609241486,
        -1.0111452341079712,
        1.1931040287017822,
        1.0518035888671875,
        0.0734264999628067
      ],
      [
        -0.23453162610530853,
        0.20486050844192505,
        -0.13099507987499237,
        -1.0093079805374146,
        1.1970442533493042,
        1.0470188856124878,
        0.07330906391143799
      ],
      [
        -0.23396015167236328,
        0.20584146678447723,
        -0.12873098254203796,
        -1.0152086019515991,
        1.2079757452011108,
        1.038541555404663,
        0.07347740232944489
      ],
      [
        -0.23292626440525055,
        0.20754125714302063,
        -0.13211603462696075,
        -1.0074923038482666,
        1.2082066535949707,
        1.0417481660842896,
        0.0732574313879013
      ],
      [
        -0.23327481746673584,
        0.20595736801624298,
        -0.132047638297081,
        -1.013885498046875,
        1.208346962928772,
        1.0504961013793945,
        0.073459692299366
      ],
      [
        -0.23380598425865173,
        0.2082969844341278,
        -0.13310790061950684,
        -1.0119999647140503,
        1.1995253562927246,
        1.054902195930481,
        0.07343882322311401
      ],
      [
        -0.23363547027111053,
        0.20862823724746704,
        -0.13409966230392456,
        -1.0073957443237305,
        1.2065201997756958,
        1.0405055284500122,
        0.07338179647922516
      ],
      [
        -0.23108230531215668,
        0.21053193509578705,
        -0.13273699581623077,
        -1.0092865228652954,
        1.1946123838424683,
        1.042357087135315,
        0.0732215866446495
      ],
      [
        -0.2286781221628189,
        0.21078196167945862,
        -0.12977486848831177,
        -0.9925388693809509,
        1.2030625343322754,
        1.0405470132827759,
        0.07266426086425781
      ],
      [
        -0.22786566615104675,
        0.2121591567993164,
        -0.1318279206752777,
        -0.9981606602668762,
        1.2232898473739624,
        1.0420421361923218,
        0.07264922559261322
      ],
      [
        -0.2252953052520752,
        0.20386651158332825,
        -0.12945730984210968,
        -0.9842764735221863,
        1.217995047569275,
        1.0385724306106567,
        0.07931569218635559
      ]
    ],