{
  "sample_name": "sample_000063",
  "payload_path": "/home/sunpeng/sp/umi_project/universal_manipulation_interface/pika_dataset/exports/episode79/sample_000063/payload_raw.json",
  "actions_path": "/home/sunpeng/sp/umi_project/universal_manipulation_interface/pika_dataset/exports/episode79/sample_000063/actions.json",
  "meta": {
    "start_index": 126,
    "obs_horizon": 2,
    "act_horizon": 16,
    "stride": 2,
    "obs_timestamps": [
      1776398609.7594206,
      1776398609.791275
    ],
    "action_timestamps": [
      1776398609.8277245,
      1776398609.8594875,
      1776398609.8913586,
      1776398609.9276798,
      1776398609.9594717,
      1776398609.9913273,
      1776398610.0276623,
      1776398610.0595322,
      1776398610.0913184,
      1776398610.127669,
      1776398610.159488,
      1776398610.1912985,
      1776398610.2276928,
      1776398610.2594612,
      1776398610.2913494,
      1776398610.3276358
    ]
  },
  "payload_pose_validation": {
    "format": "xyz_quat_xyzw",
    "pose_shape": [
      2,
      7
    ],
    "init_pose_shape": [
      7
    ],
    "quat_norm_mean": 1.0,
    "quat_norm_min": 1.0,
    "quat_norm_max": 1.0000000000000002,
    "init_quat_norm": 0.9999999999999999
  },
  "inference": {
    "selected_arm": "arm_l",
    "checkpoint_path": "/home/sunpeng/sp/umi_project/universal_manipulation_interface/data/outputs/2026.04.20/16.30.06_train_diffusion_unet_timm_picknplace/checkpoints",
    "device": "cuda",
    "action_pred_shape": [
      16,
      10
    ],
    "env_action_shape": [
      16,
      7
    ]
  },
  "metrics": {
    "aligned_shape": [
      16,
      7
    ],
    "pred_shape": [
      16,
      7
    ],
    "target_shape": [
      16,
      7
    ],
    "position": {
      "mean_l2_error": 0.02431723102927208,
      "rmse_l2_error": 0.03203168511390686,
      "max_l2_error": 0.057039525359869,
      "per_axis_mae": [
        0.004437725059688091,
        0.007277553901076317,
        0.022417057305574417
      ],
      "per_axis_rmse": [
        0.005291401874274015,
        0.010620814748108387,
        0.029752785339951515
      ]
    },
    "rotation": {
      "mean_geodesic_rad": 0.20919498801231384,
      "rmse_geodesic_rad": 0.27925845980644226,
      "max_geodesic_rad": 0.5171529650688171,
      "mean_geodesic_deg": 11.985989570617676,
      "rmse_geodesic_deg": 16.000329971313477,
      "max_geodesic_deg": 29.630680084228516
    },
    "gripper": {
      "mean_abs_error": 0.0009095631539821625,
      "rmse": 0.001001332770101726,
      "max_abs_error": 0.0016441196203231812
    },
    "combined_legacy": {
      "mean_abs_error": 0.05756901949644089,
      "max_abs_error": 0.45820945501327515,
      "rmse": 0.11671725660562515
    },
    "pred_action_aligned": [
      [
        -0.2281280755996704,
        0.032969698309898376,
        -0.14441412687301636,
        -1.0537084341049194,
        1.3510193824768066,
        0.919517993927002,
        0.0721479058265686
      ],
      [
        -0.22899018228054047,
        0.03157499060034752,
        -0.1442687213420868,
        -1.0646631717681885,
        1.3530954122543335,
        0.911095380783081,
        0.07189023494720459
      ],
      [
        -0.23107443749904633,
        0.03176816552877426,
        -0.14342932403087616,
        -1.0570404529571533,
        1.347488522529602,
        0.9192185997962952,
        0.0720314234495163
      ],
      [
        -0.22655990719795227,
        0.0321836918592453,
        -0.13821810483932495,
        -1.0768113136291504,
        1.3472806215286255,
        0.920053243637085,
        0.07220640033483505
      ],
      [
        -0.2273285984992981,
        0.03262540325522423,
        -0.13786886632442474,
        -1.0566977262496948,
        1.3523344993591309,
        0.9217953085899353,
        0.07171693444252014
      ],
      [
        -0.2283647507429123,
        0.034778133034706116,
        -0.13540467619895935,
        -1.0481748580932617,
        1.3168931007385254,
        0.9384750127792358,
        0.07117524743080139
      ],
      [
        -0.2270435392856598,
        0.03595069423317909,
        -0.12756562232971191,
        -1.0022685527801514,
        1.294243574142456,
        0.959528923034668,
        0.07162965089082718
      ],
      [
        -0.23163752257823944,
        0.03433333337306976,
        -0.12312059104442596,
        -0.9482185244560242,
        1.281805157661438,
        0.9917618036270142,
        0.0714181587100029
      ],
      [
        -0.23248668015003204,
        0.03240731358528137,
        -0.11832250654697418,
        -0.8896796703338623,
        1.256281852722168,
        1.0149405002593994,
        0.07128750532865524
      ],
      [
        -0.2328375279903412,
        0.029582470655441284,
        -0.10726066678762436,
        -0.8410545587539673,
        1.2083383798599243,
        1.0411906242370605,
        0.07186547666788101
      ],
      [
        -0.2358640879392624,
        0.02645743452012539,
        -0.09939605742692947,
        -0.784607470035553,
        1.1730185747146606,
        1.0677330493927002,
        0.07148665189743042
      ],
      [
        -0.2377696931362152,
        0.02407930977642536,
        -0.09099392592906952,
        -0.7258974313735962,
        1.1261323690414429,
        1.0981336832046509,
        0.07201440632343292
      ],
      [
        -0.24058140814304352,
        0.020655758678913116,
        -0.08821654319763184,
        -0.6646931767463684,
        1.0921592712402344,
        1.1084874868392944,
        0.07242505997419357
      ],
      [
        -0.24388228356838226,
        0.017775235697627068,
        -0.08580867201089859,
        -0.6168839931488037,
        1.0343804359436035,
        1.1192766427993774,
        0.07307493686676025
      ],
      [
        -0.24606260657310486,
        0.016748907044529915,
        -0.08385233581066132,
        -0.5874422788619995,
        0.9979527592658997,
        1.1448861360549927,
        0.07307668775320053
      ],
      [
        -0.25007835030555725,
        0.013022370636463165,
        -0.08329883217811584,
        -0.5600886940956116,
        0.9964479804039001,
        1.143566608428955,
        0.07350277155637741
      ]
    ],