{
  "sample_name": "sample_000166",
  "payload_path": "/home/sunpeng/sp/umi_project/universal_manipulation_interface/pika_dataset/exports/episode79/sample_000166/payload_raw.json",
  "actions_path": "/home/sunpeng/sp/umi_project/universal_manipulation_interface/pika_dataset/exports/episode79/sample_000166/actions.json",
  "meta": {
    "start_index": 332,
    "obs_horizon": 2,
    "act_horizon": 16,
    "stride": 2,
    "obs_timestamps": [
      1776398616.6278436,
      1776398616.659625
    ],
    "action_timestamps": [
      1776398616.691384,
      1776398616.727801,
      1776398616.7595997,
      1776398616.791461,
      1776398616.8279164,
      1776398616.8596697,
      1776398616.8914468,
      1776398616.9277928,
      1776398616.959669,
      1776398616.991434,
      1776398617.0278168,
      1776398617.0596163,
      1776398617.091398,
      1776398617.1278334,
      1776398617.1595967,
      1776398617.1914198
    ]
  },
  "payload_pose_validation": {
    "format": "xyz_quat_xyzw",
    "pose_shape": [
      2,
      7
    ],
    "init_pose_shape": [
      7
    ],
    "quat_norm_mean": 0.9999999999999999,
    "quat_norm_min": 0.9999999999999998,
    "quat_norm_max": 1.0,
    "init_quat_norm": 0.9999999999999999
  },
  "inference": {
    "selected_arm": "arm_l",
    "checkpoint_path": "/home/sunpeng/sp/umi_project/universal_manipulation_interface/data/outputs/2026.04.20/16.30.06_train_diffusion_unet_timm_picknplace/checkpoints",
    "device": "cuda",
    "action_pred_shape": [
      16,
      10
    ],
    "env_action_shape": [
      16,
      7
    ]
  },
  "metrics": {
    "aligned_shape": [
      16,
      7
    ],
    "pred_shape": [
      16,
      7
    ],
    "target_shape": [
      16,
      7
    ],
    "position": {
      "mean_l2_error": 0.032921530306339264,
      "rmse_l2_error": 0.03677653521299362,
      "max_l2_error": 0.05302133411169052,
      "per_axis_mae": [
        0.012125829234719276,
        0.028502747416496277,
        0.008089873008430004
      ],
      "per_axis_rmse": [
        0.01299266330897808,
        0.03302059695124626,
        0.009661499410867691
      ]
    },
    "rotation": {
      "mean_geodesic_rad": 0.04388083890080452,
      "rmse_geodesic_rad": 0.046711571514606476,
      "max_geodesic_rad": 0.06643584370613098,
      "mean_geodesic_deg": 2.514186382293701,
      "rmse_geodesic_deg": 2.6763758659362793,
      "max_geodesic_deg": 3.8064932823181152
    },
    "gripper": {
      "mean_abs_error": 0.003361369948834181,
      "rmse": 0.003533874172717333,
      "max_abs_error": 0.005279608070850372
    },
    "combined_legacy": {
      "mean_abs_error": 0.01747998222708702,
      "max_abs_error": 0.06697773933410645,
      "rmse": 0.023225443437695503
    },
    "pred_action_aligned": [
      [
        -0.2464868426322937,
        0.17236948013305664,
        -0.032823361456394196,
        -0.7831577062606812,
        0.9527548551559448,
        1.1961090564727783,
        0.09456934779882431
      ],
      [
        -0.24497464299201965,
        0.1621600091457367,
        -0.024384669959545135,
        -0.7526116371154785,
        0.9233482480049133,
        1.1978601217269897,
        0.0944007858633995
      ],
      [
        -0.24484039843082428,
        0.149547278881073,
        -0.017264872789382935,
        -0.7280986309051514,
        0.8977294564247131,
        1.1940155029296875,
        0.09429749846458435
      ],
      [
        -0.2430964559316635,
        0.13821113109588623,
        -0.01268446072936058,
        -0.6992284059524536,
        0.86933833360672,
        1.1840741634368896,
        0.09426149725914001
      ],
      [
        -0.24342545866966248,
        0.1241317018866539,
        -0.008338198065757751,
        -0.6784158945083618,
        0.8532872200012207,
        1.1831276416778564,
        0.09430652111768723
      ],
      [
        -0.2446371614933014,
        0.11036646366119385,
        -0.00731910765171051,
        -0.6465541124343872,
        0.8416234850883484,
        1.183854341506958,
        0.09431426227092743
      ],
      [
        -0.24733829498291016,
        0.09614377468824387,
        -0.00800815038383007,
        -0.6215429306030273,
        0.8350681662559509,
        1.1837478876113892,
        0.0941367894411087
      ],
      [
        -0.25014033913612366,
        0.08228422701358795,
        -0.011361727491021156,
        -0.6008669137954712,
        0.8335970044136047,
        1.1814554929733276,
        0.09396647661924362
      ],
      [
        -0.25350573658943176,
        0.06983041763305664,
        -0.01560153067111969,
        -0.5854712128639221,
        0.838554322719574,
        1.180128574371338,
        0.09374488145112991
      ],
      [
        -0.256561279296875,
        0.06156351417303085,
        -0.018367595970630646,
        -0.5709913372993469,
        0.8446783423423767,
        1.1840136051177979,
        0.09322632104158401
      ],
      [
        -0.2583463490009308,
        0.056589871644973755,
        -0.01631029322743416,
        -0.5681279301643372,
        0.8523138165473938,
        1.190185785293579,
        0.09284389764070511
      ],
      [
        -0.25881677865982056,
        0.054163217544555664,
        -0.014267534017562866,
        -0.5654037594795227,
        0.8439579010009766,
        1.190576434135437,
        0.0925779864192009
      ],
      [
        -0.2590378522872925,
        0.049776867032051086,
        -0.013777229934930801,
        -0.5724725723266602,
        0.836108386516571,
        1.1949020624160767,
        0.09209680557250977
      ],
      [
        -0.25835394859313965,
        0.046604469418525696,
        -0.012689080089330673,
        -0.57049560546875,
        0.8216453790664673,
        1.195413589477539,
        0.09170245379209518
      ],
      [
        -0.25769662857055664,
        0.04453524947166443,
        -0.011085014790296555,
        -0.5671676993370056,
        0.8055384159088135,
        1.1912992000579834,
        0.09165774285793304
      ],
      [
        -0.25585421919822693,
        0.04258105158805847,
        -0.010973837226629257,
        -0.569866418838501,
        0.8020941615104675,
        1.1942448616027832,
        0.09142743051052094
      ]
    ],