{
  "sample_name": "sample_000046",
  "payload_path": "/home/sunpeng/sp/umi_project/universal_manipulation_interface/pika_dataset/exports/episode79/sample_000046/payload_raw.json",
  "actions_path": "/home/sunpeng/sp/umi_project/universal_manipulation_interface/pika_dataset/exports/episode79/sample_000046/actions.json",
  "meta": {
    "start_index": 92,
    "obs_horizon": 2,
    "act_horizon": 16,
    "stride": 2,
    "obs_timestamps": [
      1776398608.6217334,
      1776398608.6594543
    ],
    "action_timestamps": [
      1776398608.6912901,
      1776398608.7215853,
      1776398608.759486,
      1776398608.7913468,
      1776398608.821696,
      1776398608.859422,
      1776398608.891301,
      1776398608.9216907,
      1776398608.9594975,
      1776398608.9912822,
      1776398609.021676,
      1776398609.0594063,
      1776398609.0912998,
      1776398609.1216495,
      1776398609.1594095,
      1776398609.1913338
    ]
  },
  "payload_pose_validation": {
    "format": "xyz_quat_xyzw",
    "pose_shape": [
      2,
      7
    ],
    "init_pose_shape": [
      7
    ],
    "quat_norm_mean": 1.0,
    "quat_norm_min": 1.0,
    "quat_norm_max": 1.0,
    "init_quat_norm": 0.9999999999999999
  },
  "inference": {
    "selected_arm": "arm_l",
    "checkpoint_path": "/home/sunpeng/sp/umi_project/universal_manipulation_interface/data/outputs/2026.04.20/16.30.06_train_diffusion_unet_timm_picknplace/checkpoints",
    "device": "cuda",
    "action_pred_shape": [
      16,
      10
    ],
    "env_action_shape": [
      16,
      7
    ]
  },
  "metrics": {
    "aligned_shape": [
      16,
      7
    ],
    "pred_shape": [
      16,
      7
    ],
    "target_shape": [
      16,
      7
    ],
    "position": {
      "mean_l2_error": 0.004764535930007696,
      "rmse_l2_error": 0.005288983229547739,
      "max_l2_error": 0.01035644393414259,
      "per_axis_mae": [
        0.0018965629860758781,
        0.0026306333020329475,
        0.0028870301321148872
      ],
      "per_axis_rmse": [
        0.0022560006473213434,
        0.0030342410318553448,
        0.003698267973959446
      ]
    },
    "rotation": {
      "mean_geodesic_rad": 0.028303423896431923,
      "rmse_geodesic_rad": 0.03146352991461754,
      "max_geodesic_rad": 0.054404690861701965,
      "mean_geodesic_deg": 1.621666669845581,
      "rmse_geodesic_deg": 1.8027273416519165,
      "max_geodesic_deg": 3.117158889770508
    },
    "gripper": {
      "mean_abs_error": 0.0134127801284194,
      "rmse": 0.017729677259922028,
      "max_abs_error": 0.026269450783729553
    },
    "combined_legacy": {
      "mean_abs_error": 0.009116348810493946,
      "max_abs_error": 0.05955994129180908,
      "rmse": 0.015024388208985329
    },
    "pred_action_aligned": [
      [
        -0.23334760963916779,
        0.029724471271038055,
        -0.15789873898029327,
        -1.0411453247070312,
        1.3186675310134888,
        0.9360826015472412,
        0.09632187336683273
      ],
      [
        -0.2313273698091507,
        0.028543662279844284,
        -0.15495635569095612,
        -1.0537832975387573,
        1.3254475593566895,
        0.9223657846450806,
        0.09591016918420792
      ],
      [
        -0.23497961461544037,
        0.028639309108257294,
        -0.15554462373256683,
        -1.0503909587860107,
        1.346631407737732,
        0.9379761815071106,
        0.09620223194360733
      ],
      [
        -0.23528145253658295,
        0.028104981407523155,
        -0.15479375422000885,
        -1.0494526624679565,
        1.3434292078018188,
        0.9389863014221191,
        0.09618367999792099
      ],
      [
        -0.23297829926013947,
        0.02920873835682869,
        -0.1530957818031311,
        -1.0580224990844727,
        1.3282513618469238,
        0.9287242889404297,
        0.09573827683925629
      ],
      [
        -0.2326914668083191,
        0.030169501900672913,
        -0.15324486792087555,
        -1.0644843578338623,
        1.3177540302276611,
        0.9438454508781433,
        0.0956524908542633
      ],
      [
        -0.232293501496315,
        0.032597865909338,
        -0.15478146076202393,
        -1.076267957687378,
        1.3111205101013184,
        0.946740448474884,
        0.09372925758361816
      ],
      [
        -0.23554697632789612,
        0.02797292172908783,
        -0.15609489381313324,
        -1.056801676750183,
        1.3458421230316162,
        0.9325052499771118,
        0.08813617378473282
      ],
      [
        -0.23481830954551697,
        0.030135242268443108,
        -0.15202662348747253,
        -1.0847926139831543,
        1.3345211744308472,
        0.9306209683418274,
        0.07043758779764175
      ],
      [
        -0.2363175004720688,
        0.033863067626953125,
        -0.14840713143348694,
        -1.0583206415176392,
        1.3797879219055176,
        0.9320893883705139,
        0.07175969332456589
      ],
      [
        -0.23688563704490662,
        0.030177276581525803,
        -0.14601318538188934,
        -1.081186056137085,
        1.3538668155670166,
        0.9371298551559448,
        0.07185952365398407
      ],
      [
        -0.23180539906024933,
        0.029269374907016754,
        -0.14541424810886383,
        -1.07862389087677,
        1.3692002296447754,
        0.9351921677589417,
        0.07221855223178864
      ],
      [
        -0.23078757524490356,
        0.02772405371069908,
        -0.14576362073421478,
        -1.1086926460266113,
        1.3542399406433105,
        0.9410604238510132,
        0.07216336578130722
      ],
      [
        -0.23301216959953308,
        0.029637249186635017,
        -0.14103594422340393,
        -1.0976673364639282,
        1.3359113931655884,
        0.9430245161056519,
        0.07217315584421158
      ],
      [
        -0.23143239319324493,
        0.02697664685547352,
        -0.1388643980026245,
        -1.0943057537078857,
        1.3508689403533936,
        0.9362089037895203,
        0.07216595858335495
      ],
      [
        -0.23310920596122742,
        0.025369150564074516,
        -0.14001977443695068,
        -1.0699340105056763,
        1.377070426940918,
        0.930351197719574,
        0.07205614447593689
      ]
    ],