{
  "sample_name": "sample_000094",
  "payload_path": "/home/sunpeng/sp/umi_project/universal_manipulation_interface/pika_dataset/exports/episode79/sample_000094/payload_raw.json",
  "actions_path": "/home/sunpeng/sp/umi_project/universal_manipulation_interface/pika_dataset/exports/episode79/sample_000094/actions.json",
  "meta": {
    "start_index": 188,
    "obs_horizon": 2,
    "act_horizon": 16,
    "stride": 2,
    "obs_timestamps": [
      1776398611.8276927,
      1776398611.8595483
    ],
    "action_timestamps": [
      1776398611.8914282,
      1776398611.9276845,
      1776398611.9595175,
      1776398611.9914143,
      1776398612.027727,
      1776398612.0594988,
      1776398612.0913408,
      1776398612.1276798,
      1776398612.1595337,
      1776398612.1913884,
      1776398612.2276895,
      1776398612.2595081,
      1776398612.2913024,
      1776398612.3276784,
      1776398612.3594687,
      1776398612.3913581
    ]
  },
  "payload_pose_validation": {
    "format": "xyz_quat_xyzw",
    "pose_shape": [
      2,
      7
    ],
    "init_pose_shape": [
      7
    ],
    "quat_norm_mean": 1.0,
    "quat_norm_min": 1.0,
    "quat_norm_max": 1.0,
    "init_quat_norm": 0.9999999999999999
  },
  "inference": {
    "selected_arm": "arm_l",
    "checkpoint_path": "/home/sunpeng/sp/umi_project/universal_manipulation_interface/data/outputs/2026.04.20/16.30.06_train_diffusion_unet_timm_picknplace/checkpoints",
    "device": "cuda",
    "action_pred_shape": [
      16,
      10
    ],
    "env_action_shape": [
      16,
      7
    ]
  },
  "metrics": {
    "aligned_shape": [
      16,
      7
    ],
    "pred_shape": [
      16,
      7
    ],
    "target_shape": [
      16,
      7
    ],
    "position": {
      "mean_l2_error": 0.06594733893871307,
      "rmse_l2_error": 0.08488324284553528,
      "max_l2_error": 0.1583022028207779,
      "per_axis_mae": [
        0.005165538750588894,
        0.061888474971055984,
        0.011360155418515205
      ],
      "per_axis_rmse": [
        0.0061898427084088326,
        0.08355271071195602,
        0.013630660250782967
      ]
    },
    "rotation": {
      "mean_geodesic_rad": 0.16656248271465302,
      "rmse_geodesic_rad": 0.21300393342971802,
      "max_geodesic_rad": 0.4721216559410095,
      "mean_geodesic_deg": 9.543327331542969,
      "rmse_geodesic_deg": 12.20422649383545,
      "max_geodesic_deg": 27.05057716369629
    },
    "gripper": {
      "mean_abs_error": 0.0004877639003098011,
      "rmse": 0.0005207259673625231,
      "max_abs_error": 0.0008046180009841919
    },
    "combined_legacy": {
      "mean_abs_error": 0.0478597991168499,
      "max_abs_error": 0.4441804885864258,
      "rmse": 0.09184901416301727
    },
    "pred_action_aligned": [
      [
        -0.2637884318828583,
        0.009806173853576183,
        -0.07394924759864807,
        -0.5555464029312134,
        0.861773669719696,
        1.1742842197418213,
        0.07308134436607361
      ],
      [
        -0.2615300118923187,
        0.01088978722691536,
        -0.06783542782068253,
        -0.5442839860916138,
        0.8538135886192322,
        1.186541199684143,
        0.07271770387887955
      ],
      [
        -0.2579711675643921,
        0.013935652561485767,
        -0.06187071651220322,
        -0.5352214574813843,
        0.8236302733421326,
        1.1866594552993774,
        0.07283267378807068
      ],
      [
        -0.25688326358795166,
        0.013095722533762455,
        -0.06218384951353073,
        -0.5590171217918396,
        0.8191913962364197,
        1.189131736755371,
        0.07292435318231583
      ],
      [
        -0.25700828433036804,
        0.014899645932018757,
        -0.05968814343214035,
        -0.5562556385993958,
        0.8248488306999207,
        1.1914342641830444,
        0.07303880155086517
      ],
      [
        -0.25418809056282043,
        0.02397868037223816,
        -0.05678076669573784,
        -0.5692045092582703,
        0.7900970578193665,
        1.2020618915557861,
        0.07290023565292358
      ],
      [
        -0.24740268290042877,
        0.03584668040275574,
        -0.049219124019145966,
        -0.5930050015449524,
        0.774020791053772,
        1.2199662923812866,
        0.07273977249860764
      ],
      [
        -0.24953855574131012,
        0.05392363667488098,
        -0.046253785490989685,
        -0.6112661361694336,
        0.7726410031318665,
        1.2187342643737793,
        0.07267159223556519
      ],
      [
        -0.24839100241661072,
        0.06967775523662567,
        -0.04133320972323418,
        -0.6351006031036377,
        0.765984058380127,
        1.2190618515014648,
        0.07304646819829941
      ],
      [
        -0.24697482585906982,
        0.09242937713861465,
        -0.046548813581466675,
        -0.6732515692710876,
        0.8040295839309692,
        1.2371034622192383,
        0.07299340516328812
      ],
      [
        -0.24917541444301605,
        0.10807143896818161,
        -0.05365673825144768,
        -0.7108275294303894,
        0.8462123870849609,
        1.24208664894104,
        0.07310467958450317
      ],
      [
        -0.25154733657836914,
        0.12203580886125565,
        -0.06602843105792999,
        -0.7691314220428467,
        0.8969292640686035,
        1.2379307746887207,
        0.0732065886259079
      ],
      [
        -0.2540421485900879,
        0.1355825811624527,
        -0.07293950766324997,
        -0.8207132816314697,
        0.9553045630455017,
        1.215198040008545,
        0.07319211959838867
      ],
      [
        -0.25715017318725586,
        0.1497148722410202,
        -0.08187878131866455,
        -0.8704577684402466,
        0.9897750020027161,
        1.2026704549789429,
        0.07310336083173752
      ],
      [
        -0.25573983788490295,
        0.16120420396327972,
        -0.09069150686264038,
        -0.9249331951141357,
        1.0306386947631836,
        1.1851698160171509,
        0.07334218919277191
      ],
      [
        -0.25793975591659546,
        0.17310257256031036,
        -0.10115496814250946,
        -0.986652672290802,
        1.0816795825958252,
        1.1658886671066284,
        0.07291985303163528
      ]
    ],