{
  "sample_name": "sample_000045",
  "payload_path": "/home/sunpeng/sp/umi_project/universal_manipulation_interface/pika_dataset/exports/episode79/sample_000045/payload_raw.json",
  "actions_path": "/home/sunpeng/sp/umi_project/universal_manipulation_interface/pika_dataset/exports/episode79/sample_000045/actions.json",
  "meta": {
    "start_index": 90,
    "obs_horizon": 2,
    "act_horizon": 16,
    "stride": 2,
    "obs_timestamps": [
      1776398608.559694,
      1776398608.5913665
    ],
    "action_timestamps": [
      1776398608.6217334,
      1776398608.6594543,
      1776398608.6912901,
      1776398608.7215853,
      1776398608.759486,
      1776398608.7913468,
      1776398608.821696,
      1776398608.859422,
      1776398608.891301,
      1776398608.9216907,
      1776398608.9594975,
      1776398608.9912822,
      1776398609.021676,
      1776398609.0594063,
      1776398609.0912998,
      1776398609.1216495
    ]
  },
  "payload_pose_validation": {
    "format": "xyz_quat_xyzw",
    "pose_shape": [
      2,
      7
    ],
    "init_pose_shape": [
      7
    ],
    "quat_norm_mean": 1.0,
    "quat_norm_min": 1.0,
    "quat_norm_max": 1.0,
    "init_quat_norm": 0.9999999999999999
  },
  "inference": {
    "selected_arm": "arm_l",
    "checkpoint_path": "/home/sunpeng/sp/umi_project/universal_manipulation_interface/data/outputs/2026.04.20/16.30.06_train_diffusion_unet_timm_picknplace/checkpoints",
    "device": "cuda",
    "action_pred_shape": [
      16,
      10
    ],
    "env_action_shape": [
      16,
      7
    ]
  },
  "metrics": {
    "aligned_shape": [
      16,
      7
    ],
    "pred_shape": [
      16,
      7
    ],
    "target_shape": [
      16,
      7
    ],
    "position": {
      "mean_l2_error": 0.0069055152125656605,
      "rmse_l2_error": 0.007939308881759644,
      "max_l2_error": 0.013847129419445992,
      "per_axis_mae": [
        0.0010940246284008026,
        0.0007011094130575657,
        0.006615843623876572
      ],
      "per_axis_rmse": [
        0.001307120081037283,
        0.0009419149137102067,
        0.0077741146087646484
      ]
    },
    "rotation": {
      "mean_geodesic_rad": 0.026567360386252403,
      "rmse_geodesic_rad": 0.027352703735232353,
      "max_geodesic_rad": 0.03850986063480377,
      "mean_geodesic_deg": 1.5221974849700928,
      "rmse_geodesic_deg": 1.5671943426132202,
      "max_geodesic_deg": 2.2064523696899414
    },
    "gripper": {
      "mean_abs_error": 0.015694601461291313,
      "rmse": 0.0183913204818964,
      "max_abs_error": 0.024446405470371246
    },
    "combined_legacy": {
      "mean_abs_error": 0.009271994233131409,
      "max_abs_error": 0.0404202938079834,
      "rmse": 0.013375889509916306
    },
    "pred_action_aligned": [
      [
        -0.23597441613674164,
        0.027854260057210922,
        -0.15023699402809143,
        -1.033125877380371,
        1.3418734073638916,
        0.9367038011550903,
        0.09565165638923645
      ],
      [
        -0.23487712442874908,
        0.026186512783169746,
        -0.15181492269039154,
        -1.0498137474060059,
        1.3516384363174438,
        0.9273607730865479,
        0.09497044235467911
      ],
      [
        -0.23383228480815887,
        0.0260770283639431,
        -0.15108807384967804,
        -1.0407519340515137,
        1.3575505018234253,
        0.9287434816360474,
        0.09251273423433304
      ],
      [
        -0.23421883583068848,
        0.02683834359049797,
        -0.15017656981945038,
        -1.0407522916793823,
        1.36259925365448,
        0.9304394721984863,
        0.09380552172660828
      ],
      [
        -0.23496834933757782,
        0.026277337223291397,
        -0.14966031908988953,
        -1.049027919769287,
        1.3571866750717163,
        0.9342448115348816,
        0.09254913032054901
      ],
      [
        -0.23356993496418,
        0.026556797325611115,
        -0.1465071737766266,
        -1.048451542854309,
        1.3627164363861084,
        0.9351434111595154,
        0.08648815006017685
      ],
      [
        -0.23496001958847046,
        0.02677473984658718,
        -0.1461779922246933,
        -1.0468218326568604,
        1.3634179830551147,
        0.9428738951683044,
        0.08326703310012817
      ],
      [
        -0.2367219179868698,
        0.02557678520679474,
        -0.1460859775543213,
        -1.0524593591690063,
        1.369057297706604,
        0.9433119893074036,
        0.07709041982889175
      ],
      [
        -0.23673763871192932,
        0.02441542223095894,
        -0.1456543505191803,
        -1.061551809310913,
        1.3676490783691406,
        0.9492542743682861,
        0.07237663865089417
      ],
      [
        -0.23486322164535522,
        0.02687692828476429,
        -0.1434774547815323,
        -1.0674216747283936,
        1.371889591217041,
        0.9496349096298218,
        0.07268492132425308
      ],
      [
        -0.23515766859054565,
        0.026642469689249992,
        -0.14375928044319153,
        -1.0660756826400757,
        1.3782438039779663,
        0.9428680539131165,
        0.07251197099685669
      ],
      [
        -0.23423893749713898,
        0.026919417083263397,
        -0.14398612082004547,
        -1.0602586269378662,
        1.3813581466674805,
        0.9424669146537781,
        0.0725039541721344
      ],
      [
        -0.23415669798851013,
        0.027619140222668648,
        -0.14280788600444794,
        -1.047387719154358,
        1.3791191577911377,
        0.9456896185874939,
        0.07226063311100006
      ],
      [
        -0.2327927201986313,
        0.02673131413757801,
        -0.14296133816242218,
        -1.0490213632583618,
        1.3799426555633545,
        0.9381793141365051,
        0.07255014777183533
      ],
      [
        -0.23213574290275574,
        0.026915891095995903,
        -0.14003536105155945,
        -1.029441475868225,
        1.3750118017196655,
        0.9371854066848755,
        0.07254128903150558
      ],
      [
        -0.2304404079914093,
        0.027834996581077576,
        -0.13589148223400116,
        -1.008000135421753,
        1.3583987951278687,
        0.9409310817718506,
        0.07243435084819794
      ]
    ],