{
  "sample_name": "sample_000098",
  "payload_path": "/home/sunpeng/sp/umi_project/universal_manipulation_interface/pika_dataset/exports/episode79/sample_000098/payload_raw.json",
  "actions_path": "/home/sunpeng/sp/umi_project/universal_manipulation_interface/pika_dataset/exports/episode79/sample_000098/actions.json",
  "meta": {
    "start_index": 196,
    "obs_horizon": 2,
    "act_horizon": 16,
    "stride": 2,
    "obs_timestamps": [
      1776398612.0913408,
      1776398612.1276798
    ],
    "action_timestamps": [
      1776398612.1595337,
      1776398612.1913884,
      1776398612.2276895,
      1776398612.2595081,
      1776398612.2913024,
      1776398612.3276784,
      1776398612.3594687,
      1776398612.3913581,
      1776398612.4277766,
      1776398612.459511,
      1776398612.4912949,
      1776398612.5277646,
      1776398612.559704,
      1776398612.591397,
      1776398612.6277316,
      1776398612.6595614
    ]
  },
  "payload_pose_validation": {
    "format": "xyz_quat_xyzw",
    "pose_shape": [
      2,
      7
    ],
    "init_pose_shape": [
      7
    ],
    "quat_norm_mean": 1.0,
    "quat_norm_min": 1.0,
    "quat_norm_max": 1.0,
    "init_quat_norm": 0.9999999999999999
  },
  "inference": {
    "selected_arm": "arm_l",
    "checkpoint_path": "/home/sunpeng/sp/umi_project/universal_manipulation_interface/data/outputs/2026.04.20/16.30.06_train_diffusion_unet_timm_picknplace/checkpoints",
    "device": "cuda",
    "action_pred_shape": [
      16,
      10
    ],
    "env_action_shape": [
      16,
      7
    ]
  },
  "metrics": {
    "aligned_shape": [
      16,
      7
    ],
    "pred_shape": [
      16,
      7
    ],
    "target_shape": [
      16,
      7
    ],
    "position": {
      "mean_l2_error": 0.03883296251296997,
      "rmse_l2_error": 0.05044768378138542,
      "max_l2_error": 0.10172675549983978,
      "per_axis_mae": [
        0.0012314943596720695,
        0.03189260512590408,
        0.013623343780636787
      ],
      "per_axis_rmse": [
        0.0014619160210713744,
        0.04801928251981735,
        0.015394162386655807
      ]
    },
    "rotation": {
      "mean_geodesic_rad": 0.097251757979393,
      "rmse_geodesic_rad": 0.1353989988565445,
      "max_geodesic_rad": 0.29684722423553467,
      "mean_geodesic_deg": 5.572114944458008,
      "rmse_geodesic_deg": 7.757791042327881,
      "max_geodesic_deg": 17.008092880249023
    },
    "gripper": {
      "mean_abs_error": 0.00022375723347067833,
      "rmse": 0.00028989993734285235,
      "max_abs_error": 0.000750809907913208
    },
    "combined_legacy": {
      "mean_abs_error": 0.028345197439193726,
      "max_abs_error": 0.2614794373512268,
      "rmse": 0.057245802134275436
    },
    "pred_action_aligned": [
      [
        -0.25701966881752014,
        0.012769393622875214,
        -0.055723171681165695,
        -0.5558372735977173,
        0.8838575482368469,
        1.1671333312988281,
        0.0739360898733139
      ],
      [
        -0.2576574683189392,
        0.012303682044148445,
        -0.05509452894330025,
        -0.5489028096199036,
        0.8835377097129822,
        1.1730321645736694,
        0.07387061417102814
      ],
      [
        -0.25778689980506897,
        0.012102773413062096,
        -0.054972290992736816,
        -0.5511036515235901,
        0.8970844149589539,
        1.1698215007781982,
        0.07352747023105621
      ],
      [
        -0.25699159502983093,
        0.012624765746295452,
        -0.05476995185017586,
        -0.554448127746582,
        0.8970205783843994,
        1.1696176528930664,
        0.07373739778995514
      ],
      [
        -0.2578323781490326,
        0.01760655641555786,
        -0.05294695124030113,
        -0.5423688888549805,
        0.8962391018867493,
        1.1783610582351685,
        0.0734780803322792
      ],
      [
        -0.25765180587768555,
        0.01705024391412735,
        -0.05384308472275734,
        -0.5489646792411804,
        0.8920669555664062,
        1.1858949661254883,
        0.07375133782625198
      ],
      [
        -0.257924348115921,
        0.02114611677825451,
        -0.05123044177889824,
        -0.5404518842697144,
        0.8635172247886658,
        1.1954879760742188,
        0.07349108904600143
      ],
      [
        -0.2576541602611542,
        0.027507562190294266,
        -0.045417528599500656,
        -0.550617516040802,
        0.8369487524032593,
        1.2024682760238647,
        0.07339119166135788
      ],
      [
        -0.25771746039390564,
        0.036699339747428894,
        -0.04238224774599075,
        -0.5740568041801453,
        0.816716194152832,
        1.215593695640564,
        0.07324670255184174
      ],
      [
        -0.25716638565063477,
        0.05020493268966675,
        -0.04348029941320419,
        -0.5931926965713501,
        0.8279996514320374,
        1.2222739458084106,
        0.07324706017971039
      ],
      [
        -0.2556678056716919,
        0.07015631347894669,
        -0.04348701238632202,
        -0.6241430640220642,
        0.8423001766204834,
        1.2287474870681763,
        0.07325185090303421
      ],
      [
        -0.25558680295944214,
        0.09105463325977325,
        -0.044584181159734726,
        -0.6604129076004028,
        0.8628309369087219,
        1.239498257637024,
        0.07336319237947464
      ],
      [
        -0.25097954273223877,
        0.11187360435724258,
        -0.04693986847996712,
        -0.6947715878486633,
        0.8965872526168823,
        1.2330912351608276,
        0.07355411350727081
      ],
      [
        -0.25090736150741577,
        0.12847155332565308,
        -0.05529991537332535,
        -0.7414775490760803,
        0.9376218318939209,
        1.225149393081665,
        0.07370194792747498
      ],
      [
        -0.24835768342018127,
        0.14669671654701233,
        -0.061402592808008194,
        -0.7887815833091736,
        0.9672924876213074,
        1.2078585624694824,
        0.07422702014446259
      ],
      [
        -0.24676614999771118,
        0.1575571745634079,
        -0.07135005295276642,
        -0.812164306640625,
        0.9794309735298157,
        1.1980558633804321,
        0.07366221398115158
      ]
    ],