{
  "sample_name": "sample_000107",
  "payload_path": "/home/sunpeng/sp/umi_project/universal_manipulation_interface/pika_dataset/exports/episode79/sample_000107/payload_raw.json",
  "actions_path": "/home/sunpeng/sp/umi_project/universal_manipulation_interface/pika_dataset/exports/episode79/sample_000107/actions.json",
  "meta": {
    "start_index": 214,
    "obs_horizon": 2,
    "act_horizon": 16,
    "stride": 2,
    "obs_timestamps": [
      1776398612.6912947,
      1776398612.7276466
    ],
    "action_timestamps": [
      1776398612.7594557,
      1776398612.7913513,
      1776398612.8276937,
      1776398612.8595362,
      1776398612.8913043,
      1776398612.927757,
      1776398612.9594653,
      1776398612.9912927,
      1776398613.0276139,
      1776398613.0594413,
      1776398613.09128,
      1776398613.1277084,
      1776398613.1595042,
      1776398613.191496,
      1776398613.2277737,
      1776398613.259651
    ]
  },
  "payload_pose_validation": {
    "format": "xyz_quat_xyzw",
    "pose_shape": [
      2,
      7
    ],
    "init_pose_shape": [
      7
    ],
    "quat_norm_mean": 1.0,
    "quat_norm_min": 1.0,
    "quat_norm_max": 1.0,
    "init_quat_norm": 0.9999999999999999
  },
  "inference": {
    "selected_arm": "arm_l",
    "checkpoint_path": "/home/sunpeng/sp/umi_project/universal_manipulation_interface/data/outputs/2026.04.20/16.30.06_train_diffusion_unet_timm_picknplace/checkpoints",
    "device": "cuda",
    "action_pred_shape": [
      16,
      10
    ],
    "env_action_shape": [
      16,
      7
    ]
  },
  "metrics": {
    "aligned_shape": [
      16,
      7
    ],
    "pred_shape": [
      16,
      7
    ],
    "target_shape": [
      16,
      7
    ],
    "position": {
      "mean_l2_error": 0.04430772364139557,
      "rmse_l2_error": 0.04956983029842377,
      "max_l2_error": 0.06526486575603485,
      "per_axis_mae": [
        0.009050682187080383,
        0.037017617374658585,
        0.02158871479332447
      ],
      "per_axis_rmse": [
        0.011103678494691849,
        0.04079676792025566,
        0.025874700397253036
      ]
    },
    "rotation": {
      "mean_geodesic_rad": 0.13791044056415558,
      "rmse_geodesic_rad": 0.1569565087556839,
      "max_geodesic_rad": 0.22356179356575012,
      "mean_geodesic_deg": 7.90168571472168,
      "rmse_geodesic_deg": 8.992944717407227,
      "max_geodesic_deg": 12.809146881103516
    },
    "gripper": {
      "mean_abs_error": 0.0007352125830948353,
      "rmse": 0.0007870164699852467,
      "max_abs_error": 0.0013742595911026
    },
    "combined_legacy": {
      "mean_abs_error": 0.045335181057453156,
      "max_abs_error": 0.19100236892700195,
      "rmse": 0.06900490075349808
    },
    "pred_action_aligned": [
      [
        -0.2450130432844162,
        0.07064852863550186,
        -0.04827357083559036,
        -0.5640159249305725,
        0.8111594915390015,
        1.202001929283142,
        0.07298823446035385
      ],
      [
        -0.24439312517642975,
        0.08409368991851807,
        -0.04857126250863075,
        -0.5831946134567261,
        0.8354678750038147,
        1.2086576223373413,
        0.07300478965044022
      ],
      [
        -0.24235950410366058,
        0.09846428036689758,
        -0.048922862857580185,
        -0.6138902306556702,
        0.8669303059577942,
        1.2056884765625,
        0.07294057309627533
      ],
      [
        -0.24280677735805511,
        0.1132809966802597,
        -0.053531184792518616,
        -0.6627396941184998,
        0.9050217866897583,
        1.2063913345336914,
        0.07291416823863983
      ],
      [
        -0.24076053500175476,
        0.12748931348323822,
        -0.058914005756378174,
        -0.6966861486434937,
        0.9472013711929321,
        1.198207974433899,
        0.07292564958333969
      ],
      [
        -0.2388601154088974,
        0.14052921533584595,
        -0.06552425771951675,
        -0.7250617146492004,
        0.9818877577781677,
        1.183028221130371,
        0.07297952473163605
      ],
      [
        -0.2363603413105011,
        0.1512231081724167,
        -0.07159774005413055,
        -0.7572193145751953,
        1.0164408683776855,
        1.167196273803711,
        0.0728362649679184
      ],
      [
        -0.23550382256507874,
        0.16078203916549683,
        -0.0787838026881218,
        -0.7794211506843567,
        1.0487747192382812,
        1.1492139101028442,
        0.07264567166566849
      ],
      [
        -0.2332749217748642,
        0.16770276427268982,
        -0.08511146903038025,
        -0.7993994355201721,
        1.0673061609268188,
        1.1255677938461304,
        0.07245415449142456
      ],
      [
        -0.23228833079338074,
        0.173796609044075,
        -0.09412656724452972,
        -0.8131515383720398,
        1.0798145532608032,
        1.1027175188064575,
        0.07210195064544678
      ],
      [
        -0.2300204038619995,
        0.18294498324394226,
        -0.10126568377017975,
        -0.8304134011268616,
        1.1034787893295288,
        1.085649013519287,
        0.07234310358762741
      ],
      [
        -0.22814041376113892,
        0.18651247024536133,
        -0.1038418635725975,
        -0.8466174006462097,
        1.1138495206832886,
        1.069412350654602,
        0.07257986813783646
      ],
      [
        -0.22640883922576904,
        0.19120748341083527,
        -0.11031052470207214,
        -0.8604618310928345,
        1.141008973121643,
        1.048830270767212,
        0.07266892492771149
      ],
      [
        -0.2265320122241974,
        0.19349738955497742,
        -0.11601611226797104,
        -0.8711710572242737,
        1.1606581211090088,
        1.0412849187850952,
        0.07261992245912552
      ],
      [
        -0.22613520920276642,
        0.19619911909103394,
        -0.1194327101111412,
        -0.8823361396789551,
        1.1862859725952148,
        1.0303058624267578,
        0.07261969894170761
      ],
      [
        -0.22608572244644165,
        0.19775550067424774,
        -0.12317504733800888,
        -0.8879542946815491,
        1.1962860822677612,
        1.0203357934951782,
        0.07371895760297775
      ]
    ],