{
  "sample_name": "sample_000104",
  "payload_path": "/home/sunpeng/sp/umi_project/universal_manipulation_interface/pika_dataset/exports/episode79/sample_000104/payload_raw.json",
  "actions_path": "/home/sunpeng/sp/umi_project/universal_manipulation_interface/pika_dataset/exports/episode79/sample_000104/actions.json",
  "meta": {
    "start_index": 208,
    "obs_horizon": 2,
    "act_horizon": 16,
    "stride": 2,
    "obs_timestamps": [
      1776398612.4912949,
      1776398612.5277646
    ],
    "action_timestamps": [
      1776398612.559704,
      1776398612.591397,
      1776398612.6277316,
      1776398612.6595614,
      1776398612.6912947,
      1776398612.7276466,
      1776398612.7594557,
      1776398612.7913513,
      1776398612.8276937,
      1776398612.8595362,
      1776398612.8913043,
      1776398612.927757,
      1776398612.9594653,
      1776398612.9912927,
      1776398613.0276139,
      1776398613.0594413
    ]
  },
  "payload_pose_validation": {
    "format": "xyz_quat_xyzw",
    "pose_shape": [
      2,
      7
    ],
    "init_pose_shape": [
      7
    ],
    "quat_norm_mean": 1.0,
    "quat_norm_min": 0.9999999999999999,
    "quat_norm_max": 1.0,
    "init_quat_norm": 0.9999999999999999
  },
  "inference": {
    "selected_arm": "arm_l",
    "checkpoint_path": "/home/sunpeng/sp/umi_project/universal_manipulation_interface/data/outputs/2026.04.20/16.30.06_train_diffusion_unet_timm_picknplace/checkpoints",
    "device": "cuda",
    "action_pred_shape": [
      16,
      10
    ],
    "env_action_shape": [
      16,
      7
    ]
  },
  "metrics": {
    "aligned_shape": [
      16,
      7
    ],
    "pred_shape": [
      16,
      7
    ],
    "target_shape": [
      16,
      7
    ],
    "position": {
      "mean_l2_error": 0.06271851062774658,
      "rmse_l2_error": 0.07018309831619263,
      "max_l2_error": 0.09501688182353973,
      "per_axis_mae": [
        0.004538682289421558,
        0.04800217226147652,
        0.03639058768749237
      ],
      "per_axis_rmse": [
        0.005702822469174862,
        0.053237080574035645,
        0.04537573829293251
      ]
    },
    "rotation": {
      "mean_geodesic_rad": 0.22857163846492767,
      "rmse_geodesic_rad": 0.2617369294166565,
      "max_geodesic_rad": 0.35755059123039246,
      "mean_geodesic_deg": 13.096189498901367,
      "rmse_geodesic_deg": 14.996421813964844,
      "max_geodesic_deg": 20.48613929748535
    },
    "gripper": {
      "mean_abs_error": 0.000972346868366003,
      "rmse": 0.00101427489425987,
      "max_abs_error": 0.0015100613236427307
    },
    "combined_legacy": {
      "mean_abs_error": 0.0690162256360054,
      "max_abs_error": 0.2784515619277954,
      "rmse": 0.11057601869106293
    },
    "pred_action_aligned": [
      [
        -0.2535882294178009,
        0.034451358020305634,
        -0.055958718061447144,
        -0.531013011932373,
        0.7933900952339172,
        1.1964359283447266,
        0.07284962385892868
      ],
      [
        -0.25295954942703247,
        0.046313442289829254,
        -0.043738141655921936,
        -0.53849858045578,
        0.7872559428215027,
        1.1993494033813477,
        0.07196614891290665
      ],
      [
        -0.25152358412742615,
        0.06611976027488708,
        -0.042706090956926346,
        -0.5681508779525757,
        0.8182981610298157,
        1.2265759706497192,
        0.07251006364822388
      ],
      [
        -0.2503727972507477,
        0.08383829891681671,
        -0.04210412874817848,
        -0.6118406653404236,
        0.8676646947860718,
        1.2328354120254517,
        0.07266511768102646
      ],
      [
        -0.249640554189682,
        0.10308346152305603,
        -0.04396425932645798,
        -0.6552180647850037,
        0.8991844654083252,
        1.2327117919921875,
        0.07287920266389847
      ],
      [
        -0.2511085271835327,
        0.12130098044872284,
        -0.052501946687698364,
        -0.6993640065193176,
        0.9249776005744934,
        1.2261379957199097,
        0.07248833030462265
      ],
      [
        -0.2529590129852295,
        0.1360720843076706,
        -0.06166490912437439,
        -0.7491667866706848,
        0.9623672962188721,
        1.2193536758422852,
        0.07283420115709305
      ],
      [
        -0.25440916419029236,
        0.1509518325328827,
        -0.07814235985279083,
        -0.7906336188316345,
        1.0054388046264648,
        1.1983776092529297,
        0.07258045673370361
      ],
      [
        -0.2544233798980713,
        0.15751679241657257,
        -0.09561547636985779,
        -0.8588880300521851,
        1.056563138961792,
        1.1643149852752686,
        0.07231145352125168
      ],
      [
        -0.25223270058631897,
        0.16359883546829224,
        -0.10846918076276779,
        -0.8917648792266846,
        1.1108028888702393,
        1.1339809894561768,
        0.0726044699549675
      ],
      [
        -0.2513214349746704,
        0.16757327318191528,
        -0.1138233095407486,
        -0.9171282649040222,
        1.1473253965377808,
        1.1191478967666626,
        0.07280094921588898
      ],
      [
        -0.2490464746952057,
        0.17141161859035492,
        -0.11753000319004059,
        -0.9388416409492493,
        1.156333327293396,
        1.1084811687469482,
        0.07258753478527069
      ],
      [
        -0.24597427248954773,
        0.1713620275259018,
        -0.12202538549900055,
        -0.9583026766777039,
        1.1526366472244263,
        1.0893830060958862,
        0.07260680943727493
      ],
      [
        -0.24890582263469696,
        0.1718088537454605,
        -0.12351667881011963,
        -0.9593113660812378,
        1.1576200723648071,
        1.0940814018249512,
        0.07200118899345398
      ],
      [
        -0.2475551962852478,
        0.17328089475631714,
        -0.12829557061195374,
        -0.9685972929000854,
        1.1661481857299805,
        1.0729420185089111,
        0.07232382893562317
      ],
      [
        -0.24369430541992188,
        0.1731371134519577,
        -0.12108168005943298,
        -0.9431963562965393,
        1.1606467962265015,
        1.0872118473052979,
        0.07205243408679962
      ]
    ],