{
  "sample_name": "sample_000056",
  "payload_path": "/home/sunpeng/sp/umi_project/universal_manipulation_interface/pika_dataset/exports/episode79/sample_000056/payload_raw.json",
  "actions_path": "/home/sunpeng/sp/umi_project/universal_manipulation_interface/pika_dataset/exports/episode79/sample_000056/actions.json",
  "meta": {
    "start_index": 112,
    "obs_horizon": 2,
    "act_horizon": 16,
    "stride": 2,
    "obs_timestamps": [
      1776398609.2914066,
      1776398609.3276947
    ],
    "action_timestamps": [
      1776398609.3595989,
      1776398609.391411,
      1776398609.4218557,
      1776398609.4594648,
      1776398609.491288,
      1776398609.5216467,
      1776398609.5596886,
      1776398609.5913904,
      1776398609.6277323,
      1776398609.6594734,
      1776398609.691274,
      1776398609.7276528,
      1776398609.7594206,
      1776398609.791275,
      1776398609.8277245,
      1776398609.8594875
    ]
  },
  "payload_pose_validation": {
    "format": "xyz_quat_xyzw",
    "pose_shape": [
      2,
      7
    ],
    "init_pose_shape": [
      7
    ],
    "quat_norm_mean": 1.0,
    "quat_norm_min": 1.0,
    "quat_norm_max": 1.0,
    "init_quat_norm": 0.9999999999999999
  },
  "inference": {
    "selected_arm": "arm_l",
    "checkpoint_path": "/home/sunpeng/sp/umi_project/universal_manipulation_interface/data/outputs/2026.04.20/16.30.06_train_diffusion_unet_timm_picknplace/checkpoints",
    "device": "cuda",
    "action_pred_shape": [
      16,
      10
    ],
    "env_action_shape": [
      16,
      7
    ]
  },
  "metrics": {
    "aligned_shape": [
      16,
      7
    ],
    "pred_shape": [
      16,
      7
    ],
    "target_shape": [
      16,
      7
    ],
    "position": {
      "mean_l2_error": 0.0207056887447834,
      "rmse_l2_error": 0.02503550983965397,
      "max_l2_error": 0.051711514592170715,
      "per_axis_mae": [
        0.005276215262711048,
        0.0012582706985995173,
        0.019430316984653473
      ],
      "per_axis_rmse": [
        0.006564523093402386,
        0.0016099470667541027,
        0.024105848744511604
      ]
    },
    "rotation": {
      "mean_geodesic_rad": 0.14257030189037323,
      "rmse_geodesic_rad": 0.1997537910938263,
      "max_geodesic_rad": 0.4308297038078308,
      "mean_geodesic_deg": 8.168676376342773,
      "rmse_geodesic_deg": 11.445048332214355,
      "max_geodesic_deg": 24.684722900390625
    },
    "gripper": {
      "mean_abs_error": 0.00041159382089972496,
      "rmse": 0.0005285194492898881,
      "max_abs_error": 0.0013393834233283997
    },
    "combined_legacy": {
      "mean_abs_error": 0.04036000743508339,
      "max_abs_error": 0.3697546124458313,
      "rmse": 0.0836690366268158
    },
    "pred_action_aligned": [
      [
        -0.22470036149024963,
        0.025361720472574234,
        -0.14601045846939087,
        -1.075585126876831,
        1.3111892938613892,
        0.9544880986213684,
        0.07481559365987778
      ],
      [
        -0.22840121388435364,
        0.025784434750676155,
        -0.14556977152824402,
        -1.0901113748550415,
        1.3322126865386963,
        0.945440948009491,
        0.0733315646648407
      ],
      [
        -0.22490689158439636,
        0.026951201260089874,
        -0.14247500896453857,
        -1.070308804512024,
        1.3351699113845825,
        0.9459920525550842,
        0.07313231378793716
      ],
      [
        -0.2284669727087021,
        0.02797020599246025,
        -0.1391933709383011,
        -1.0848671197891235,
        1.3326125144958496,
        0.9470400810241699,
        0.07325981557369232
      ],
      [
        -0.22762300074100494,
        0.029363244771957397,
        -0.1399983912706375,
        -1.0631650686264038,
        1.3345551490783691,
        0.958051323890686,
        0.07293619215488434
      ],
      [
        -0.23044559359550476,
        0.027502398937940598,
        -0.13711629807949066,
        -1.0422230958938599,
        1.3406356573104858,
        0.9585503339767456,
        0.07277346402406693
      ],
      [
        -0.22813400626182556,
        0.02805766835808754,
        -0.1309417337179184,
        -1.0363073348999023,
        1.3249887228012085,
        0.9686325788497925,
        0.07284747809171677
      ],
      [
        -0.23218978941440582,
        0.026651859283447266,
        -0.13079851865768433,
        -1.045074224472046,
        1.3175138235092163,
        0.9626118540763855,
        0.072736956179142
      ],
      [
        -0.2333136796951294,
        0.026028839871287346,
        -0.13668596744537354,
        -1.0104056596755981,
        1.308997392654419,
        0.9788994193077087,
        0.07258844375610352
      ],
      [
        -0.23602640628814697,
        0.027307402342557907,
        -0.1360248476266861,
        -0.9888145923614502,
        1.2964972257614136,
        0.9681554436683655,
        0.07256358116865158
      ],
      [
        -0.23594196140766144,
        0.02820681408047676,
        -0.13210199773311615,
        -0.9285649061203003,
        1.2678478956222534,
        0.9817615151405334,
        0.07239954173564911
      ],
      [
        -0.23369981348514557,
        0.030137373134493828,
        -0.12535670399665833,
        -0.8898819088935852,
        1.2366498708724976,
        1.0035810470581055,
        0.0722743347287178
      ],
      [
        -0.2378741055727005,
        0.02923920378088951,
        -0.12213561683893204,
        -0.8122904300689697,
        1.2050843238830566,
        1.0074468851089478,
        0.07212767004966736
      ],
      [
        -0.24148006737232208,
        0.030637314543128014,
        -0.10978293418884277,
        -0.7845388650894165,
        1.1580651998519897,
        1.0588618516921997,
        0.07205095142126083
      ],
      [
        -0.24087820947170258,
        0.030777057632803917,
        -0.10210348665714264,
        -0.7376996278762817,
        1.1034635305404663,
        1.071169376373291,
        0.07226744294166565
      ],
      [
        -0.243062362074852,
        0.03322555124759674,
        -0.09993429481983185,
        -0.7041252255439758,
        1.0924928188323975,
        1.0871891975402832,
        0.07220814377069473
      ]
    ],