{
  "sample_name": "sample_000071",
  "payload_path": "/home/sunpeng/sp/umi_project/universal_manipulation_interface/pika_dataset/exports/episode79/sample_000071/payload_raw.json",
  "actions_path": "/home/sunpeng/sp/umi_project/universal_manipulation_interface/pika_dataset/exports/episode79/sample_000071/actions.json",
  "meta": {
    "start_index": 142,
    "obs_horizon": 2,
    "act_horizon": 16,
    "stride": 2,
    "obs_timestamps": [
      1776398610.2913494,
      1776398610.3276358
    ],
    "action_timestamps": [
      1776398610.3594348,
      1776398610.391309,
      1776398610.427656,
      1776398610.459488,
      1776398610.4913304,
      1776398610.527686,
      1776398610.5595992,
      1776398610.5912726,
      1776398610.6276472,
      1776398610.6594322,
      1776398610.6912158,
      1776398610.7276762,
      1776398610.759506,
      1776398610.7913167,
      1776398610.827731,
      1776398610.8594959
    ]
  },
  "payload_pose_validation": {
    "format": "xyz_quat_xyzw",
    "pose_shape": [
      2,
      7
    ],
    "init_pose_shape": [
      7
    ],
    "quat_norm_mean": 1.0,
    "quat_norm_min": 0.9999999999999999,
    "quat_norm_max": 1.0000000000000002,
    "init_quat_norm": 0.9999999999999999
  },
  "inference": {
    "selected_arm": "arm_l",
    "checkpoint_path": "/home/sunpeng/sp/umi_project/universal_manipulation_interface/data/outputs/2026.04.20/16.30.06_train_diffusion_unet_timm_picknplace/checkpoints",
    "device": "cuda",
    "action_pred_shape": [
      16,
      10
    ],
    "env_action_shape": [
      16,
      7
    ]
  },
  "metrics": {
    "aligned_shape": [
      16,
      7
    ],
    "pred_shape": [
      16,
      7
    ],
    "target_shape": [
      16,
      7
    ],
    "position": {
      "mean_l2_error": 0.025389909744262695,
      "rmse_l2_error": 0.027823079377412796,
      "max_l2_error": 0.037081312388181686,
      "per_axis_mae": [
        0.010224109515547752,
        0.0160971712321043,
        0.014598308131098747
      ],
      "per_axis_rmse": [
        0.01172303780913353,
        0.019220765680074692,
        0.01634797640144825
      ]
    },
    "rotation": {
      "mean_geodesic_rad": 0.28621429204940796,
      "rmse_geodesic_rad": 0.31756338477134705,
      "max_geodesic_rad": 0.42130276560783386,
      "mean_geodesic_deg": 16.39887046813965,
      "rmse_geodesic_deg": 18.19504165649414,
      "max_geodesic_deg": 24.13886833190918
    },
    "gripper": {
      "mean_abs_error": 0.00030442653223872185,
      "rmse": 0.00037624509423039854,
      "max_abs_error": 0.0006664842367172241
    },
    "combined_legacy": {
      "mean_abs_error": 0.07775689661502838,
      "max_abs_error": 0.3415926694869995,
      "rmse": 0.13085462152957916
    },
    "pred_action_aligned": [
      [
        -0.2398512363433838,
        0.03682592883706093,
        -0.1366671472787857,
        -1.011391282081604,
        1.271148920059204,
        1.003278136253357,
        0.07246795296669006
      ],
      [
        -0.24189719557762146,
        0.03667904809117317,
        -0.12987324595451355,
        -0.9860700368881226,
        1.2421658039093018,
        1.0315426588058472,
        0.07222449779510498
      ],
      [
        -0.244362935423851,
        0.034918684512376785,
        -0.12273667007684708,
        -0.9352291226387024,
        1.2066750526428223,
        1.0579873323440552,
        0.07215288281440735
      ],
      [
        -0.24528659880161285,
        0.033577147871255875,
        -0.1129940077662468,
        -0.8849033713340759,
        1.1721360683441162,
        1.0814907550811768,
        0.07234087586402893
      ],
      [
        -0.24817177653312683,
        0.0318678542971611,
        -0.10347526520490646,
        -0.824787437915802,
        1.1217925548553467,
        1.1173710823059082,
        0.07259197533130646
      ],
      [
        -0.2505183815956116,
        0.028175994753837585,
        -0.09814134240150452,
        -0.7669879794120789,
        1.071380853652954,
        1.1386147737503052,
        0.07337485253810883
      ],
      [
        -0.2556860148906708,
        0.025577351450920105,
        -0.09348466992378235,
        -0.7204680442810059,
        1.0120635032653809,
        1.1666089296340942,
        0.07227328419685364
      ],
      [
        -0.25960278511047363,
        0.02381664514541626,
        -0.0901399776339531,
        -0.6798303723335266,
        0.9652171730995178,
        1.1813864707946777,
        0.07271897047758102
      ],
      [
        -0.26063019037246704,
        0.019464313983917236,
        -0.09118655323982239,
        -0.6500759720802307,
        0.9408513307571411,
        1.1861940622329712,
        0.07290925830602646
      ],
      [
        -0.26446518301963806,
        0.02059289440512657,
        -0.0931706577539444,
        -0.6199222207069397,
        0.9078878164291382,
        1.190717339515686,
        0.07331985235214233
      ],
      [
        -0.2658095955848694,
        0.01902811974287033,
        -0.09361420571804047,
        -0.5745862722396851,
        0.9147664904594421,
        1.1865392923355103,
        0.07287947088479996
      ],
      [
        -0.26504382491111755,
        0.01433122344315052,
        -0.09238693118095398,
        -0.5703004598617554,
        0.9190423488616943,
        1.1719257831573486,
        0.07277234643697739
      ],
      [
        -0.26388686895370483,
        0.010880976915359497,
        -0.09020623564720154,
        -0.5663268566131592,
        0.9118514657020569,
        1.161285161972046,
        0.07292282581329346
      ],
      [
        -0.2618597745895386,
        0.00950619950890541,
        -0.08922132849693298,
        -0.5649112462997437,
        0.9002837538719177,
        1.1598997116088867,
        0.07296258211135864
      ],
      [
        -0.26111817359924316,
        0.009101493284106255,
        -0.08729924261569977,
        -0.555444598197937,
        0.8937565088272095,
        1.162927269935608,
        0.0728381872177124
      ],
      [
        -0.25825995206832886,
        0.007440831512212753,
        -0.07865780591964722,
        -0.5407918095588684,
        0.8627381324768066,
        1.161440372467041,
        0.07243215292692184
      ]
    ],