{
  "sample_name": "sample_000014",
  "payload_path": "/home/sunpeng/sp/umi_project/universal_manipulation_interface/pika_dataset/exports/episode79/sample_000014/payload_raw.json",
  "actions_path": "/home/sunpeng/sp/umi_project/universal_manipulation_interface/pika_dataset/exports/episode79/sample_000014/actions.json",
  "meta": {
    "start_index": 28,
    "obs_horizon": 2,
    "act_horizon": 16,
    "stride": 2,
    "obs_timestamps": [
      1776398606.491232,
      1776398606.5215523
    ],
    "action_timestamps": [
      1776398606.5595968,
      1776398606.5912998,
      1776398606.6216214,
      1776398606.659729,
      1776398606.6912098,
      1776398606.7215998,
      1776398606.7596703,
      1776398606.7912264,
      1776398606.8216267,
      1776398606.859708,
      1776398606.8911812,
      1776398606.921649,
      1776398606.9595206,
      1776398606.9912298,
      1776398607.0216267,
      1776398607.0593703
    ]
  },
  "payload_pose_validation": {
    "format": "xyz_quat_xyzw",
    "pose_shape": [
      2,
      7
    ],
    "init_pose_shape": [
      7
    ],
    "quat_norm_mean": 1.0,
    "quat_norm_min": 0.9999999999999999,
    "quat_norm_max": 1.0,
    "init_quat_norm": 0.9999999999999999
  },
  "inference": {
    "selected_arm": "arm_l",
    "checkpoint_path": "/home/sunpeng/sp/umi_project/universal_manipulation_interface/data/outputs/2026.04.20/16.30.06_train_diffusion_unet_timm_picknplace/checkpoints",
    "device": "cuda",
    "action_pred_shape": [
      16,
      10
    ],
    "env_action_shape": [
      16,
      7
    ]
  },
  "metrics": {
    "aligned_shape": [
      16,
      7
    ],
    "pred_shape": [
      16,
      7
    ],
    "target_shape": [
      16,
      7
    ],
    "position": {
      "mean_l2_error": 0.045946426689624786,
      "rmse_l2_error": 0.05523231625556946,
      "max_l2_error": 0.09285204857587814,
      "per_axis_mae": [
        0.008445873856544495,
        0.02962556853890419,
        0.03334300220012665
      ],
      "per_axis_rmse": [
        0.00941122230142355,
        0.03699798136949539,
        0.03991474583745003
      ]
    },
    "rotation": {
      "mean_geodesic_rad": 0.23717078566551208,
      "rmse_geodesic_rad": 0.27505239844322205,
      "max_geodesic_rad": 0.4305149018764496,
      "mean_geodesic_deg": 13.588884353637695,
      "rmse_geodesic_deg": 15.7593412399292,
      "max_geodesic_deg": 24.666685104370117
    },
    "gripper": {
      "mean_abs_error": 0.00026670005172491074,
      "rmse": 0.0003254592593293637,
      "max_abs_error": 0.0006498247385025024
    },
    "combined_legacy": {
      "mean_abs_error": 0.0653032511472702,
      "max_abs_error": 0.3468133807182312,
      "rmse": 0.10837998241186142
    },
    "pred_action_aligned": [
      [
        -0.28351402282714844,
        -0.039899032562971115,
        -0.07794545590877533,
        -0.5422549247741699,
        0.8183411359786987,
        0.8990964889526367,
        0.09619307518005371
      ],
      [
        -0.2764755189418793,
        -0.0393642783164978,
        -0.08568250387907028,
        -0.5375113487243652,
        0.8535927534103394,
        0.8931971788406372,
        0.09664062410593033
      ],
      [
        -0.2771652340888977,
        -0.034250326454639435,
        -0.08829068392515182,
        -0.5715462565422058,
        0.8620725870132446,
        0.931441068649292,
        0.09651656448841095
      ],
      [
        -0.27452707290649414,
        -0.03160173445940018,
        -0.0913253128528595,
        -0.6228305697441101,
        0.8680785894393921,
        0.9465551376342773,
        0.0960572138428688
      ],
      [
        -0.2757318913936615,
        -0.029479239135980606,
        -0.09736079722642899,
        -0.6649972200393677,
        0.8924257159233093,
        0.958788275718689,
        0.09638434648513794
      ],
      [
        -0.27571046352386475,
        -0.0209000613540411,
        -0.10073225200176239,
        -0.680620014667511,
        0.9506829977035522,
        0.9871322512626648,
        0.09628558903932571
      ],
      [
        -0.2657671570777893,
        -0.02600332349538803,
        -0.10652485489845276,
        -0.7747877240180969,
        0.9470692276954651,
        0.9874792695045471,
        0.09658176451921463
      ],
      [
        -0.2685377895832062,
        -0.013487476855516434,
        -0.10591243207454681,
        -0.7829490900039673,
        1.0130871534347534,
        0.9813159108161926,
        0.0964890867471695
      ],
      [
        -0.26935121417045593,
        -0.0050675831735134125,
        -0.10692322254180908,
        -0.8197454810142517,
        1.0446605682373047,
        0.9886338710784912,
        0.09639625251293182
      ],
      [
        -0.27135995030403137,
        0.006538771092891693,
        -0.11101584136486053,
        -0.8326898217201233,
        1.06131911277771,
        0.9909002184867859,
        0.09650160372257233
      ],
      [
        -0.27003562450408936,
        0.014681532979011536,
        -0.11767353862524033,
        -0.8566305041313171,
        1.0906834602355957,
        1.0069648027420044,
        0.09648707509040833
      ],
      [
        -0.2695210576057434,
        0.023660846054553986,
        -0.12930737435817719,
        -0.8907660245895386,
        1.1277720928192139,
        1.002807378768921,
        0.09610883891582489
      ],
      [
        -0.2739420533180237,
        0.029081150889396667,
        -0.1397663801908493,
        -0.9167221188545227,
        1.1651190519332886,
        1.0099105834960938,
        0.09667308628559113
      ],
      [
        -0.2705439627170563,
        0.03420475125312805,
        -0.1483331173658371,
        -0.9629718661308289,
        1.1602565050125122,
        0.9928107857704163,
        0.09650233387947083
      ],
      [
        -0.27187472581863403,
        0.03818253427743912,
        -0.1434045284986496,
        -0.9649958610534668,
        1.1920979022979736,
        0.9861449599266052,
        0.09652093052864075
      ],
      [
        -0.26898297667503357,
        0.039793021976947784,
        -0.15078604221343994,
        -0.9921261072158813,
        1.2340184450149536,
        0.9771890044212341,
        0.09670703113079071
      ]
    ],