{
  "sample_name": "sample_000142",
  "payload_path": "/home/sunpeng/sp/umi_project/universal_manipulation_interface/pika_dataset/exports/episode79/sample_000142/payload_raw.json",
  "actions_path": "/home/sunpeng/sp/umi_project/universal_manipulation_interface/pika_dataset/exports/episode79/sample_000142/actions.json",
  "meta": {
    "start_index": 284,
    "obs_horizon": 2,
    "act_horizon": 16,
    "stride": 2,
    "obs_timestamps": [
      1776398615.0277956,
      1776398615.0595434
    ],
    "action_timestamps": [
      1776398615.0914145,
      1776398615.1277435,
      1776398615.159631,
      1776398615.1914208,
      1776398615.2277205,
      1776398615.2595081,
      1776398615.291319,
      1776398615.3277652,
      1776398615.3596466,
      1776398615.3913822,
      1776398615.427863,
      1776398615.459566,
      1776398615.4913282,
      1776398615.5277436,
      1776398615.559781,
      1776398615.5914643
    ]
  },
  "payload_pose_validation": {
    "format": "xyz_quat_xyzw",
    "pose_shape": [
      2,
      7
    ],
    "init_pose_shape": [
      7
    ],
    "quat_norm_mean": 1.0,
    "quat_norm_min": 1.0,
    "quat_norm_max": 1.0,
    "init_quat_norm": 0.9999999999999999
  },
  "inference": {
    "selected_arm": "arm_l",
    "checkpoint_path": "/home/sunpeng/sp/umi_project/universal_manipulation_interface/data/outputs/2026.04.20/16.30.06_train_diffusion_unet_timm_picknplace/checkpoints",
    "device": "cuda",
    "action_pred_shape": [
      16,
      10
    ],
    "env_action_shape": [
      16,
      7
    ]
  },
  "metrics": {
    "aligned_shape": [
      16,
      7
    ],
    "pred_shape": [
      16,
      7
    ],
    "target_shape": [
      16,
      7
    ],
    "position": {
      "mean_l2_error": 0.005793286487460136,
      "rmse_l2_error": 0.006217560265213251,
      "max_l2_error": 0.008984344080090523,
      "per_axis_mae": [
        0.0016766171902418137,
        0.003225891850888729,
        0.004199519753456116
      ],
      "per_axis_rmse": [
        0.0020072520710527897,
        0.003741886932402849,
        0.004541726317256689
      ]
    },
    "rotation": {
      "mean_geodesic_rad": 0.03822633996605873,
      "rmse_geodesic_rad": 0.04084743186831474,
      "max_geodesic_rad": 0.05590594559907913,
      "mean_geodesic_deg": 2.1902077198028564,
      "rmse_geodesic_deg": 2.3403851985931396,
      "max_geodesic_deg": 3.203174591064453
    },
    "gripper": {
      "mean_abs_error": 0.007304764352738857,
      "rmse": 0.00879682321101427,
      "max_abs_error": 0.014743641018867493
    },
    "combined_legacy": {
      "mean_abs_error": 0.011122371070086956,
      "max_abs_error": 0.05461323261260986,
      "rmse": 0.017651857808232307
    },
    "pred_action_aligned": [
      [
        -0.23207241296768188,
        0.20549115538597107,
        -0.13410888612270355,
        -1.0371216535568237,
        1.2098201513290405,
        1.0328660011291504,
        0.07397806644439697
      ],
      [
        -0.23319624364376068,
        0.2050134539604187,
        -0.1353539079427719,
        -1.0418987274169922,
        1.216511607170105,
        1.032515048980713,
        0.07439368963241577
      ],
      [
        -0.23289696872234344,
        0.2037896364927292,
        -0.1344185620546341,
        -1.0453789234161377,
        1.220234751701355,
        1.0229953527450562,
        0.07441802322864532
      ],
      [
        -0.23360992968082428,
        0.202825665473938,
        -0.13589857518672943,
        -1.0421512126922607,
        1.219765067100525,
        1.0249686241149902,
        0.07411571592092514
      ],
      [
        -0.23338520526885986,
        0.20236442983150482,
        -0.13515512645244598,
        -1.0440113544464111,
        1.219580054283142,
        1.0234991312026978,
        0.07414225488901138
      ],
      [
        -0.23366129398345947,
        0.20169129967689514,
        -0.13487258553504944,
        -1.049202799797058,
        1.2238649129867554,
        1.02224600315094,
        0.07418905943632126
      ],
      [
        -0.23419012129306793,
        0.20048631727695465,
        -0.13565292954444885,
        -1.047682523727417,
        1.2275383472442627,
        1.0230611562728882,
        0.07412979006767273
      ],
      [
        -0.23499760031700134,
        0.2009982466697693,
        -0.13402408361434937,
        -1.048505425453186,
        1.2267817258834839,
        1.0304768085479736,
        0.07565715163946152
      ],
      [
        -0.23512184619903564,
        0.20331862568855286,
        -0.13501696288585663,
        -1.0491442680358887,
        1.2201138734817505,
        1.0387147665023804,
        0.07931410521268845
      ],
      [
        -0.23629769682884216,
        0.20418891310691833,
        -0.13499079644680023,
        -1.0495836734771729,
        1.2106889486312866,
        1.0471214056015015,
        0.08533373475074768
      ],
      [
        -0.23626799881458282,
        0.20423924922943115,
        -0.13607670366764069,
        -1.050020694732666,
        1.1988271474838257,
        1.0529159307479858,
        0.093867227435112
      ],
      [
        -0.23413163423538208,
        0.20479035377502441,
        -0.13468694686889648,
        -1.060530424118042,
        1.1790871620178223,
        1.0446034669876099,
        0.09553879499435425
      ],
      [
        -0.2347451001405716,
        0.20436584949493408,
        -0.1363704353570938,
        -1.0728236436843872,
        1.1852989196777344,
        1.0448483228683472,
        0.09569335728883743
      ],
      [
        -0.23405097424983978,
        0.20397348701953888,
        -0.13593202829360962,
        -1.076215386390686,
        1.1951454877853394,
        1.045434832572937,
        0.09557539969682693
      ],
      [
        -0.23443292081356049,
        0.2045813500881195,
        -0.13570541143417358,
        -1.0751506090164185,
        1.1935566663742065,
        1.0493483543395996,
        0.09547024965286255
      ],
      [
        -0.23669035732746124,
        0.20486070215702057,
        -0.13415192067623138,
        -1.0677798986434937,
        1.2025303840637207,
        1.0464987754821777,
        0.09448830783367157
      ]
    ],