{
  "sample_name": "sample_000054",
  "payload_path": "/home/sunpeng/sp/umi_project/universal_manipulation_interface/pika_dataset/exports/episode79/sample_000054/payload_raw.json",
  "actions_path": "/home/sunpeng/sp/umi_project/universal_manipulation_interface/pika_dataset/exports/episode79/sample_000054/actions.json",
  "meta": {
    "start_index": 108,
    "obs_horizon": 2,
    "act_horizon": 16,
    "stride": 2,
    "obs_timestamps": [
      1776398609.1594095,
      1776398609.1913338
    ],
    "action_timestamps": [
      1776398609.221737,
      1776398609.259464,
      1776398609.2914066,
      1776398609.3276947,
      1776398609.3595989,
      1776398609.391411,
      1776398609.4218557,
      1776398609.4594648,
      1776398609.491288,
      1776398609.5216467,
      1776398609.5596886,
      1776398609.5913904,
      1776398609.6277323,
      1776398609.6594734,
      1776398609.691274,
      1776398609.7276528
    ]
  },
  "payload_pose_validation": {
    "format": "xyz_quat_xyzw",
    "pose_shape": [
      2,
      7
    ],
    "init_pose_shape": [
      7
    ],
    "quat_norm_mean": 1.0,
    "quat_norm_min": 1.0,
    "quat_norm_max": 1.0,
    "init_quat_norm": 0.9999999999999999
  },
  "inference": {
    "selected_arm": "arm_l",
    "checkpoint_path": "/home/sunpeng/sp/umi_project/universal_manipulation_interface/data/outputs/2026.04.20/16.30.06_train_diffusion_unet_timm_picknplace/checkpoints",
    "device": "cuda",
    "action_pred_shape": [
      16,
      10
    ],
    "env_action_shape": [
      16,
      7
    ]
  },
  "metrics": {
    "aligned_shape": [
      16,
      7
    ],
    "pred_shape": [
      16,
      7
    ],
    "target_shape": [
      16,
      7
    ],
    "position": {
      "mean_l2_error": 0.018101777881383896,
      "rmse_l2_error": 0.019954591989517212,
      "max_l2_error": 0.03438393771648407,
      "per_axis_mae": [
        0.002815723419189453,
        0.00414302758872509,
        0.01672690361738205
      ],
      "per_axis_rmse": [
        0.003517027711495757,
        0.00467032240703702,
        0.019078899174928665
      ]
    },
    "rotation": {
      "mean_geodesic_rad": 0.05965213477611542,
      "rmse_geodesic_rad": 0.06473901867866516,
      "max_geodesic_rad": 0.09941990673542023,
      "mean_geodesic_deg": 3.4178154468536377,
      "rmse_geodesic_deg": 3.7092721462249756,
      "max_geodesic_deg": 5.696340560913086
    },
    "gripper": {
      "mean_abs_error": 0.002433416433632374,
      "rmse": 0.004057195968925953,
      "max_abs_error": 0.01091274619102478
    },
    "combined_legacy": {
      "mean_abs_error": 0.01834860071539879,
      "max_abs_error": 0.1115226149559021,
      "rmse": 0.029504306614398956
    },
    "pred_action_aligned": [
      [
        -0.2371765524148941,
        0.025585267692804337,
        -0.13959327340126038,
        -1.0225003957748413,
        1.3780025243759155,
        0.92290198802948,
        0.08531471341848373
      ],
      [
        -0.23236238956451416,
        0.02734747901558876,
        -0.1414012908935547,
        -1.052664041519165,
        1.3627334833145142,
        0.9225339889526367,
        0.08587875217199326
      ],
      [
        -0.23125290870666504,
        0.03219563513994217,
        -0.13555482029914856,
        -1.0452157258987427,
        1.371293306350708,
        0.9274256229400635,
        0.07986827194690704
      ],
      [
        -0.2300703227519989,
        0.032303329557180405,
        -0.13250471651554108,
        -1.0522313117980957,
        1.3517340421676636,
        0.9216593503952026,
        0.08194442093372345
      ],
      [
        -0.22611373662948608,
        0.03169809654355049,
        -0.1311950534582138,
        -1.0472774505615234,
        1.3653422594070435,
        0.9150668978691101,
        0.07870351523160934
      ],
      [
        -0.22760500013828278,
        0.03267999738454819,
        -0.13202162086963654,
        -1.0482940673828125,
        1.39303719997406,
        0.9109330773353577,
        0.07414376735687256
      ],
      [
        -0.22698089480400085,
        0.031103966757655144,
        -0.13237619400024414,
        -1.0677622556686401,
        1.389751672744751,
        0.9151194095611572,
        0.07366017252206802
      ],
      [
        -0.2257268875837326,
        0.030090926215052605,
        -0.13225384056568146,
        -1.0478981733322144,
        1.3996981382369995,
        0.909595787525177,
        0.07333014905452728
      ],
      [
        -0.22783653438091278,
        0.02858923375606537,
        -0.1333937793970108,
        -1.0242754220962524,
        1.404962420463562,
        0.9222278594970703,
        0.07253947854042053
      ],
      [
        -0.22687159478664398,
        0.03069475293159485,
        -0.1291881650686264,
        -1.0363131761550903,
        1.4027019739151,
        0.919283926486969,
        0.07254686206579208
      ],
      [
        -0.23133999109268188,
        0.03308984264731407,
        -0.1280662715435028,
        -1.0294026136398315,
        1.4169384241104126,
        0.9300108551979065,
        0.07242904603481293
      ],
      [
        -0.23228394985198975,
        0.03487388789653778,
        -0.12972086668014526,
        -1.0249674320220947,
        1.4282643795013428,
        0.9250372648239136,
        0.07219240069389343
      ],
      [
        -0.23081161081790924,
        0.03650157153606415,
        -0.12600639462471008,
        -1.0204851627349854,
        1.4014251232147217,
        0.919178307056427,
        0.07226680964231491
      ],
      [
        -0.2351316213607788,
        0.03862171620130539,
        -0.12275625765323639,
        -0.9988467693328857,
        1.3895388841629028,
        0.9361131191253662,
        0.07232299447059631
      ],
      [
        -0.23345597088336945,
        0.03181672841310501,
        -0.12797442078590393,
        -0.9854441285133362,
        1.3748148679733276,
        0.9406893849372864,
        0.07219579070806503
      ],
      [
        -0.23635637760162354,
        0.03361140936613083,
        -0.12444975972175598,
        -0.9713374972343445,
        1.35659921169281,
        0.9495968818664551,
        0.07241594791412354
      ]
    ],