{
  "sample_name": "sample_000004",
  "payload_path": "/home/sunpeng/sp/umi_project/universal_manipulation_interface/pika_dataset/exports/episode79/sample_000004/payload_raw.json",
  "actions_path": "/home/sunpeng/sp/umi_project/universal_manipulation_interface/pika_dataset/exports/episode79/sample_000004/actions.json",
  "meta": {
    "start_index": 8,
    "obs_horizon": 2,
    "act_horizon": 16,
    "stride": 2,
    "obs_timestamps": [
      1776398605.7911599,
      1776398605.8596745
    ],
    "action_timestamps": [
      1776398605.8911698,
      1776398605.9216297,
      1776398605.9595482,
      1776398605.9911747,
      1776398606.0216043,
      1776398606.059558,
      1776398606.091078,
      1776398606.1215608,
      1776398606.1596916,
      1776398606.1912963,
      1776398606.2215118,
      1776398606.2597332,
      1776398606.2911484,
      1776398606.321565,
      1776398606.3595877,
      1776398606.3911555
    ]
  },
  "payload_pose_validation": {
    "format": "xyz_quat_xyzw",
    "pose_shape": [
      2,
      7
    ],
    "init_pose_shape": [
      7
    ],
    "quat_norm_mean": 1.0,
    "quat_norm_min": 0.9999999999999999,
    "quat_norm_max": 1.0,
    "init_quat_norm": 0.9999999999999999
  },
  "inference": {
    "selected_arm": "arm_l",
    "checkpoint_path": "/home/sunpeng/sp/umi_project/universal_manipulation_interface/data/outputs/2026.04.20/16.30.06_train_diffusion_unet_timm_picknplace/checkpoints",
    "device": "cuda",
    "action_pred_shape": [
      16,
      10
    ],
    "env_action_shape": [
      16,
      7
    ]
  },
  "metrics": {
    "aligned_shape": [
      16,
      7
    ],
    "pred_shape": [
      16,
      7
    ],
    "target_shape": [
      16,
      7
    ],
    "position": {
      "mean_l2_error": 0.023724691942334175,
      "rmse_l2_error": 0.030574945732951164,
      "max_l2_error": 0.06044365465641022,
      "per_axis_mae": [
        0.014842774718999863,
        0.017128294333815575,
        0.005977515131235123
      ],
      "per_axis_rmse": [
        0.019344182685017586,
        0.02215132862329483,
        0.008363520726561546
      ]
    },
    "rotation": {
      "mean_geodesic_rad": 0.17582936584949493,
      "rmse_geodesic_rad": 0.23184266686439514,
      "max_geodesic_rad": 0.46261557936668396,
      "mean_geodesic_deg": 10.07427978515625,
      "rmse_geodesic_deg": 13.28360652923584,
      "max_geodesic_deg": 26.505918502807617
    },
    "gripper": {
      "mean_abs_error": 1.135328784584999e-05,
      "rmse": 4.53852117061615e-05,
      "max_abs_error": 0.000181540846824646
    },
    "combined_legacy": {
      "mean_abs_error": 0.044222183525562286,
      "max_abs_error": 0.3469381034374237,
      "rmse": 0.09114301204681396
    },
    "pred_action_aligned": [
      [
        -0.27311649918556213,
        -0.05582057684659958,
        -0.0816563293337822,
        -0.47870713472366333,
        0.9855445623397827,
        0.8381301760673523,
        0.09670703113079071
      ],
      [
        -0.27351757884025574,
        -0.05467028543353081,
        -0.08174806833267212,
        -0.48183801770210266,
        0.9712679982185364,
        0.8471781015396118,
        0.09670703113079071
      ],
      [
        -0.2727099657058716,
        -0.05319027230143547,
        -0.08195296674966812,
        -0.487153023481369,
        0.9551042318344116,
        0.8515269756317139,
        0.09670703113079071
      ],
      [
        -0.27071088552474976,
        -0.05141511932015419,
        -0.08131799846887589,
        -0.5047543048858643,
        0.9421432018280029,
        0.849950909614563,
        0.09670703113079071
      ],
      [
        -0.2686373293399811,
        -0.04955723136663437,
        -0.07813351601362228,
        -0.5102561116218567,
        0.931119978427887,
        0.8564786314964294,
        0.09670703113079071
      ],
      [
        -0.2672460377216339,
        -0.047659389674663544,
        -0.07770109176635742,
        -0.5293087959289551,
        0.9266390800476074,
        0.8623411059379578,
        0.09670703113079071
      ],
      [
        -0.2652412950992584,
        -0.044685766100883484,
        -0.07793165743350983,
        -0.5526456832885742,
        0.9423997402191162,
        0.871616542339325,
        0.09670703113079071
      ],
      [
        -0.26223546266555786,
        -0.04209277778863907,
        -0.07775922119617462,
        -0.5837956070899963,
        0.9578819870948792,
        0.8741587996482849,
        0.09670703113079071
      ],
      [
        -0.2599610984325409,
        -0.0382077619433403,
        -0.08035135269165039,
        -0.6174810528755188,
        0.9922536611557007,
        0.884393572807312,
        0.09670703113079071
      ],
      [
        -0.25613510608673096,
        -0.034756071865558624,
        -0.08234068006277084,
        -0.6579075455665588,
        1.027690052986145,
        0.8835005164146423,
        0.09670703113079071
      ],
      [
        -0.2529643774032593,
        -0.030103646218776703,
        -0.08692587167024612,
        -0.689163863658905,
        1.0558043718338013,
        0.8932226300239563,
        0.09670703113079071
      ],
      [
        -0.2504372298717499,
        -0.025488609448075294,
        -0.09061005711555481,
        -0.724582314491272,
        1.0844310522079468,
        0.8993521332740784,
        0.09670703113079071
      ],
      [
        -0.24696293473243713,
        -0.02055063471198082,
        -0.09772761166095734,
        -0.7551663517951965,
        1.1107656955718994,
        0.9063491821289062,
        0.09670703113079071
      ],
      [
        -0.2449638843536377,
        -0.015119027346372604,
        -0.10368895530700684,
        -0.7867822647094727,
        1.1451656818389893,
        0.909424901008606,
        0.09670703113079071
      ],
      [
        -0.24281857907772064,
        -0.010063741356134415,
        -0.10804057121276855,
        -0.8069124221801758,
        1.1663931608200073,
        0.9205055832862854,
        0.09670703113079071
      ],
      [
        -0.241099014878273,
        -0.004690233618021011,
        -0.11374057829380035,
        -0.8355838656425476,
        1.19059419631958,
        0.9249094724655151,
        0.09652549773454666
      ]
    ],