{
  "sample_name": "sample_000099",
  "payload_path": "/home/sunpeng/sp/umi_project/universal_manipulation_interface/pika_dataset/exports/episode79/sample_000099/payload_raw.json",
  "actions_path": "/home/sunpeng/sp/umi_project/universal_manipulation_interface/pika_dataset/exports/episode79/sample_000099/actions.json",
  "meta": {
    "start_index": 198,
    "obs_horizon": 2,
    "act_horizon": 16,
    "stride": 2,
    "obs_timestamps": [
      1776398612.1595337,
      1776398612.1913884
    ],
    "action_timestamps": [
      1776398612.2276895,
      1776398612.2595081,
      1776398612.2913024,
      1776398612.3276784,
      1776398612.3594687,
      1776398612.3913581,
      1776398612.4277766,
      1776398612.459511,
      1776398612.4912949,
      1776398612.5277646,
      1776398612.559704,
      1776398612.591397,
      1776398612.6277316,
      1776398612.6595614,
      1776398612.6912947,
      1776398612.7276466
    ]
  },
  "payload_pose_validation": {
    "format": "xyz_quat_xyzw",
    "pose_shape": [
      2,
      7
    ],
    "init_pose_shape": [
      7
    ],
    "quat_norm_mean": 1.0,
    "quat_norm_min": 1.0,
    "quat_norm_max": 1.0,
    "init_quat_norm": 0.9999999999999999
  },
  "inference": {
    "selected_arm": "arm_l",
    "checkpoint_path": "/home/sunpeng/sp/umi_project/universal_manipulation_interface/data/outputs/2026.04.20/16.30.06_train_diffusion_unet_timm_picknplace/checkpoints",
    "device": "cuda",
    "action_pred_shape": [
      16,
      10
    ],
    "env_action_shape": [
      16,
      7
    ]
  },
  "metrics": {
    "aligned_shape": [
      16,
      7
    ],
    "pred_shape": [
      16,
      7
    ],
    "target_shape": [
      16,
      7
    ],
    "position": {
      "mean_l2_error": 0.06835027039051056,
      "rmse_l2_error": 0.08219053596258163,
      "max_l2_error": 0.13102489709854126,
      "per_axis_mae": [
        0.005823308601975441,
        0.060894180089235306,
        0.02540672942996025
      ],
      "per_axis_rmse": [
        0.007215333171188831,
        0.07406354695558548,
        0.03489718958735466
      ]
    },
    "rotation": {
      "mean_geodesic_rad": 0.19221259653568268,
      "rmse_geodesic_rad": 0.2552722096443176,
      "max_geodesic_rad": 0.4821103811264038,
      "mean_geodesic_deg": 11.012969970703125,
      "rmse_geodesic_deg": 14.626020431518555,
      "max_geodesic_deg": 27.622888565063477
    },
    "gripper": {
      "mean_abs_error": 0.00028072018176317215,
      "rmse": 0.00036005026777274907,
      "max_abs_error": 0.000737316906452179
    },
    "combined_legacy": {
      "mean_abs_error": 0.05637797340750694,
      "max_abs_error": 0.4153594970703125,
      "rmse": 0.10780426114797592
    },
    "pred_action_aligned": [
      [
        -0.2574184238910675,
        0.012249329127371311,
        -0.060090262442827225,
        -0.5502148270606995,
        0.8745291233062744,
        1.166061520576477,
        0.07353053241968155
      ],
      [
        -0.2556992173194885,
        0.014671741984784603,
        -0.05800123140215874,
        -0.5476976633071899,
        0.8515352010726929,
        1.160029649734497,
        0.07338549941778183
      ],
      [
        -0.25566402077674866,
        0.017685608938336372,
        -0.05885514244437218,
        -0.5471299886703491,
        0.8431182503700256,
        1.1643695831298828,
        0.07337459921836853
      ],
      [
        -0.2558233141899109,
        0.02457953616976738,
        -0.05880250036716461,
        -0.5552557110786438,
        0.8435359597206116,
        1.171498417854309,
        0.07333303987979889
      ],
      [
        -0.25498583912849426,
        0.03378743305802345,
        -0.05584725737571716,
        -0.5689770579338074,
        0.8474404811859131,
        1.1864912509918213,
        0.07316680252552032
      ],
      [
        -0.2523726224899292,
        0.04921124130487442,
        -0.05170737951993942,
        -0.5864662528038025,
        0.8346617221832275,
        1.203646183013916,
        0.07335690408945084
      ],
      [
        -0.2530931532382965,
        0.06941035389900208,
        -0.049979403614997864,
        -0.6171057820320129,
        0.8356690406799316,
        1.216130018234253,
        0.07351341843605042
      ],
      [
        -0.2526341676712036,
        0.09091126918792725,
        -0.053258541971445084,
        -0.6579402089118958,
        0.8546253442764282,
        1.2300326824188232,
        0.07345300167798996
      ],
      [
        -0.2537898123264313,
        0.10818946361541748,
        -0.05915980786085129,
        -0.6926971077919006,
        0.8829277753829956,
        1.2358510494232178,
        0.07371116429567337
      ],
      [
        -0.2530853748321533,
        0.12562866508960724,
        -0.06560128182172775,
        -0.75152587890625,
        0.8964968919754028,
        1.229867696762085,
        0.0736265555024147
      ],
      [
        -0.25424614548683167,
        0.1387273073196411,
        -0.07568366825580597,
        -0.7817075848579407,
        0.9410922527313232,
        1.2141389846801758,
        0.07387858629226685
      ],
      [
        -0.2594296932220459,
        0.1493857055902481,
        -0.08554097265005112,
        -0.819536566734314,
        1.0000627040863037,
        1.2093740701675415,
        0.07397941499948502
      ],
      [
        -0.2590581774711609,
        0.15846717357635498,
        -0.09870436787605286,
        -0.882427990436554,
        1.0342336893081665,
        1.186301589012146,
        0.07421352714300156
      ],
      [
        -0.26044178009033203,
        0.1640443652868271,
        -0.10985734313726425,
        -0.9213930368423462,
        1.0590184926986694,
        1.1676892042160034,
        0.0740216076374054
      ],
      [
        -0.26273423433303833,
        0.16966456174850464,
        -0.1207188069820404,
        -0.9555534720420837,
        1.078346848487854,
        1.1360201835632324,
        0.07414821535348892
      ],
      [
        -0.2610141336917877,
        0.17300038039684296,
        -0.12848785519599915,
        -0.9819411039352417,
        1.113667607307434,
        1.1229890584945679,
        0.07384318858385086
      ]
    ],