{
  "sample_name": "sample_000130",
  "payload_path": "/home/sunpeng/sp/umi_project/universal_manipulation_interface/pika_dataset/exports/episode79/sample_000130/payload_raw.json",
  "actions_path": "/home/sunpeng/sp/umi_project/universal_manipulation_interface/pika_dataset/exports/episode79/sample_000130/actions.json",
  "meta": {
    "start_index": 260,
    "obs_horizon": 2,
    "act_horizon": 16,
    "stride": 2,
    "obs_timestamps": [
      1776398614.2277157,
      1776398614.2595606
    ],
    "action_timestamps": [
      1776398614.291338,
      1776398614.3277342,
      1776398614.359505,
      1776398614.391321,
      1776398614.4277146,
      1776398614.4594586,
      1776398614.4913654,
      1776398614.5277576,
      1776398614.5597117,
      1776398614.5913773,
      1776398614.6277854,
      1776398614.6594963,
      1776398614.6913636,
      1776398614.7277372,
      1776398614.759473,
      1776398614.7912495
    ]
  },
  "payload_pose_validation": {
    "format": "xyz_quat_xyzw",
    "pose_shape": [
      2,
      7
    ],
    "init_pose_shape": [
      7
    ],
    "quat_norm_mean": 1.0,
    "quat_norm_min": 0.9999999999999999,
    "quat_norm_max": 1.0,
    "init_quat_norm": 0.9999999999999999
  },
  "inference": {
    "selected_arm": "arm_l",
    "checkpoint_path": "/home/sunpeng/sp/umi_project/universal_manipulation_interface/data/outputs/2026.04.20/16.30.06_train_diffusion_unet_timm_picknplace/checkpoints",
    "device": "cuda",
    "action_pred_shape": [
      16,
      10
    ],
    "env_action_shape": [
      16,
      7
    ]
  },
  "metrics": {
    "aligned_shape": [
      16,
      7
    ],
    "pred_shape": [
      16,
      7
    ],
    "target_shape": [
      16,
      7
    ],
    "position": {
      "mean_l2_error": 0.009111503139138222,
      "rmse_l2_error": 0.00976745318621397,
      "max_l2_error": 0.014812499284744263,
      "per_axis_mae": [
        0.0025583533570170403,
        0.005203782580792904,
        0.005664613097906113
      ],
      "per_axis_rmse": [
        0.0031119873747229576,
        0.006388260517269373,
        0.006701403297483921
      ]
    },
    "rotation": {
      "mean_geodesic_rad": 0.042680773884058,
      "rmse_geodesic_rad": 0.046259041875600815,
      "max_geodesic_rad": 0.08613201975822449,
      "mean_geodesic_deg": 2.4454281330108643,
      "rmse_geodesic_deg": 2.6504478454589844,
      "max_geodesic_deg": 4.935000896453857
    },
    "gripper": {
      "mean_abs_error": 0.007882301695644855,
      "rmse": 0.011966981925070286,
      "max_abs_error": 0.022576220333576202
    },
    "combined_legacy": {
      "mean_abs_error": 0.013044650666415691,
      "max_abs_error": 0.07843732833862305,
      "rmse": 0.01995859481394291
    },
    "pred_action_aligned": [
      [
        -0.2380022406578064,
        0.20973588526248932,
        -0.13926944136619568,
        -0.9993440508842468,
        1.230570673942566,
        1.0486860275268555,
        0.07372721284627914
      ],
      [
        -0.23858049511909485,
        0.21730798482894897,
        -0.1326705664396286,
        -1.0471237897872925,
        1.2125225067138672,
        1.0526145696640015,
        0.07328081876039505
      ],
      [
        -0.2363569289445877,
        0.20882390439510345,
        -0.1368473619222641,
        -1.069175124168396,
        1.2057206630706787,
        1.0589861869812012,
        0.07272564619779587
      ],
      [
        -0.241286963224411,
        0.21633975207805634,
        -0.141388937830925,
        -1.0923619270324707,
        1.2543845176696777,
        1.0169693231582642,
        0.0729277953505516
      ],
      [
        -0.23875735700130463,
        0.21924421191215515,
        -0.13847696781158447,
        -1.0532273054122925,
        1.2597744464874268,
        1.03225839138031,
        0.07287776470184326
      ],
      [
        -0.23471598327159882,
        0.2091892957687378,
        -0.13478054106235504,
        -1.0418556928634644,
        1.257828712463379,
        1.0326130390167236,
        0.07292914390563965
      ],
      [
        -0.23462656140327454,
        0.2089695930480957,
        -0.13809628784656525,
        -1.0529673099517822,
        1.2328379154205322,
        1.047936201095581,
        0.07263219356536865
      ],
      [
        -0.23628106713294983,
        0.2099618911743164,
        -0.136677548289299,
        -1.0076091289520264,
        1.2262459993362427,
        1.0574957132339478,
        0.07342313975095749
      ],
      [
        -0.2336665540933609,
        0.2085733562707901,
        -0.14426660537719727,
        -1.0272587537765503,
        1.253929853439331,
        1.0477075576782227,
        0.08419445902109146
      ],
      [
        -0.2390223741531372,
        0.21061299741268158,
        -0.13609133660793304,
        -0.9947859048843384,
        1.233008861541748,
        1.0125815868377686,
        0.081375353038311
      ],
      [
        -0.23526471853256226,
        0.20413707196712494,
        -0.13650274276733398,
        -1.0220364332199097,
        1.2393250465393066,
        1.0179287195205688,
        0.08032423257827759
      ],
      [
        -0.23022933304309845,
        0.20968273282051086,
        -0.13198406994342804,
        -1.0345947742462158,
        1.2285739183425903,
        1.0393403768539429,
        0.08674603700637817
      ],
      [
        -0.23738352954387665,
        0.20092067122459412,
        -0.13595756888389587,
        -0.9874019622802734,
        1.24933660030365,
        1.0569045543670654,
        0.09489990025758743
      ],
      [
        -0.23534591495990753,
        0.21057799458503723,
        -0.14143361151218414,
        -1.0151617527008057,
        1.1832432746887207,
        1.0464131832122803,
        0.09670703113079071
      ],
      [
        -0.2391911745071411,
        0.2018420696258545,
        -0.1360493153333664,
        -1.007759690284729,
        1.1707642078399658,
        1.1088443994522095,
        0.09642081707715988
      ],
      [
        -0.2391619086265564,
        0.20729611814022064,
        -0.14299020171165466,
        -1.03542160987854,
        1.2059329748153687,
        1.046386480331421,
        0.09651561826467514
      ]
    ],