{
  "sample_name": "sample_000129",
  "payload_path": "/home/sunpeng/sp/umi_project/universal_manipulation_interface/pika_dataset/exports/episode79/sample_000129/payload_raw.json",
  "actions_path": "/home/sunpeng/sp/umi_project/universal_manipulation_interface/pika_dataset/exports/episode79/sample_000129/actions.json",
  "meta": {
    "start_index": 258,
    "obs_horizon": 2,
    "act_horizon": 16,
    "stride": 2,
    "obs_timestamps": [
      1776398614.1595907,
      1776398614.191367
    ],
    "action_timestamps": [
      1776398614.2277157,
      1776398614.2595606,
      1776398614.291338,
      1776398614.3277342,
      1776398614.359505,
      1776398614.391321,
      1776398614.4277146,
      1776398614.4594586,
      1776398614.4913654,
      1776398614.5277576,
      1776398614.5597117,
      1776398614.5913773,
      1776398614.6277854,
      1776398614.6594963,
      1776398614.6913636,
      1776398614.7277372
    ]
  },
  "payload_pose_validation": {
    "format": "xyz_quat_xyzw",
    "pose_shape": [
      2,
      7
    ],
    "init_pose_shape": [
      7
    ],
    "quat_norm_mean": 1.0,
    "quat_norm_min": 1.0,
    "quat_norm_max": 1.0,
    "init_quat_norm": 0.9999999999999999
  },
  "inference": {
    "selected_arm": "arm_l",
    "checkpoint_path": "/home/sunpeng/sp/umi_project/universal_manipulation_interface/data/outputs/2026.04.20/16.30.06_train_diffusion_unet_timm_picknplace/checkpoints",
    "device": "cuda",
    "action_pred_shape": [
      16,
      10
    ],
    "env_action_shape": [
      16,
      7
    ]
  },
  "metrics": {
    "aligned_shape": [
      16,
      7
    ],
    "pred_shape": [
      16,
      7
    ],
    "target_shape": [
      16,
      7
    ],
    "position": {
      "mean_l2_error": 0.00777407456189394,
      "rmse_l2_error": 0.00867999717593193,
      "max_l2_error": 0.016319211572408676,
      "per_axis_mae": [
        0.0029628751799464226,
        0.0049248430877923965,
        0.004056285601109266
      ],
      "per_axis_rmse": [
        0.0037327962927520275,
        0.00605803495272994,
        0.004970794077962637
      ]
    },
    "rotation": {
      "mean_geodesic_rad": 0.05712322145700455,
      "rmse_geodesic_rad": 0.0698026642203331,
      "max_geodesic_rad": 0.12380184978246689,
      "mean_geodesic_deg": 3.272919178009033,
      "rmse_geodesic_deg": 3.9993982315063477,
      "max_geodesic_deg": 7.093323230743408
    },
    "gripper": {
      "mean_abs_error": 0.009253405034542084,
      "rmse": 0.013064115308225155,
      "max_abs_error": 0.022576220333576202
    },
    "combined_legacy": {
      "mean_abs_error": 0.016884872689843178,
      "max_abs_error": 0.11021673679351807,
      "rmse": 0.031140321865677834
    },
    "pred_action_aligned": [
      [
        -0.2421717643737793,
        0.20583641529083252,
        -0.1363758146762848,
        -1.0146015882492065,
        1.2013685703277588,
        1.0451409816741943,
        0.07298508286476135
      ],
      [
        -0.23982404172420502,
        0.21058906614780426,
        -0.13645069301128387,
        -1.0324923992156982,
        1.1979033946990967,
        1.0466077327728271,
        0.0735745057463646
      ],
      [
        -0.23909755051136017,
        0.20784929394721985,
        -0.14193663001060486,
        -1.0480868816375732,
        1.1932286024093628,
        1.044337511062622,
        0.073663629591465
      ],
      [
        -0.23835715651512146,
        0.20688460767269135,
        -0.1411794126033783,
        -1.0255674123764038,
        1.204398512840271,
        1.0513803958892822,
        0.07389529049396515
      ],
      [
        -0.2377254217863083,
        0.2079322189092636,
        -0.13429442048072815,
        -1.0139472484588623,
        1.2040908336639404,
        1.0561145544052124,
        0.0739336609840393
      ],
      [
        -0.23733660578727722,
        0.20757463574409485,
        -0.1339825987815857,
        -1.0195035934448242,
        1.1914360523223877,
        1.0552934408187866,
        0.07430533319711685
      ],
      [
        -0.23537097871303558,
        0.20933237671852112,
        -0.1341833770275116,
        -1.0236918926239014,
        1.1941471099853516,
        1.0625017881393433,
        0.0740954726934433
      ],
      [
        -0.23669449985027313,
        0.2085396647453308,
        -0.13446155190467834,
        -1.0274598598480225,
        1.17732572555542,
        1.0669116973876953,
        0.07511989772319794
      ],
      [
        -0.23484474420547485,
        0.20880264043807983,
        -0.13126251101493835,
        -1.0185478925704956,
        1.156445026397705,
        1.0741260051727295,
        0.07962801307439804
      ],
      [
        -0.2311636358499527,
        0.20838451385498047,
        -0.12975271046161652,
        -1.0164676904678345,
        1.154010534286499,
        1.0855897665023804,
        0.08345820009708405
      ],
      [
        -0.22944864630699158,
        0.21014608442783356,
        -0.13096883893013,
        -1.0195682048797607,
        1.1367701292037964,
        1.1011667251586914,
        0.08641169220209122
      ],
      [
        -0.23575417697429657,
        0.21266549825668335,
        -0.12782356142997742,
        -1.001425862312317,
        1.1272757053375244,
        1.0896142721176147,
        0.09471307694911957
      ],
      [
        -0.23292823135852814,
        0.21471473574638367,
        -0.12171414494514465,
        -1.0020074844360352,
        1.0989497900009155,
        1.1227164268493652,
        0.09630447626113892
      ],
      [
        -0.23143824934959412,
        0.21735608577728271,
        -0.12393923103809357,
        -1.0177801847457886,
        1.1058483123779297,
        1.112492561340332,
        0.096601203083992
      ],
      [
        -0.22871679067611694,
        0.21929924190044403,
        -0.1268322765827179,
        -1.0122239589691162,
        1.0915595293045044,
        1.1261111497879028,
        0.09670703113079071
      ],
      [
        -0.22593644261360168,
        0.22058700025081635,
        -0.12370600551366806,
        -1.0456719398498535,
        1.1063841581344604,
        1.100441336631775,
        0.09629330039024353
      ]
    ],