{
  "sample_name": "sample_000124",
  "payload_path": "/home/sunpeng/sp/umi_project/universal_manipulation_interface/pika_dataset/exports/episode79/sample_000124/payload_raw.json",
  "actions_path": "/home/sunpeng/sp/umi_project/universal_manipulation_interface/pika_dataset/exports/episode79/sample_000124/actions.json",
  "meta": {
    "start_index": 248,
    "obs_horizon": 2,
    "act_horizon": 16,
    "stride": 2,
    "obs_timestamps": [
      1776398613.8277562,
      1776398613.8595104
    ],
    "action_timestamps": [
      1776398613.8914251,
      1776398613.92779,
      1776398613.9594793,
      1776398613.9913046,
      1776398614.0276868,
      1776398614.0594265,
      1776398614.0913184,
      1776398614.127781,
      1776398614.1595907,
      1776398614.191367,
      1776398614.2277157,
      1776398614.2595606,
      1776398614.291338,
      1776398614.3277342,
      1776398614.359505,
      1776398614.391321
    ]
  },
  "payload_pose_validation": {
    "format": "xyz_quat_xyzw",
    "pose_shape": [
      2,
      7
    ],
    "init_pose_shape": [
      7
    ],
    "quat_norm_mean": 0.9999999999999999,
    "quat_norm_min": 0.9999999999999999,
    "quat_norm_max": 0.9999999999999999,
    "init_quat_norm": 0.9999999999999999
  },
  "inference": {
    "selected_arm": "arm_l",
    "checkpoint_path": "/home/sunpeng/sp/umi_project/universal_manipulation_interface/data/outputs/2026.04.20/16.30.06_train_diffusion_unet_timm_picknplace/checkpoints",
    "device": "cuda",
    "action_pred_shape": [
      16,
      10
    ],
    "env_action_shape": [
      16,
      7
    ]
  },
  "metrics": {
    "aligned_shape": [
      16,
      7
    ],
    "pred_shape": [
      16,
      7
    ],
    "target_shape": [
      16,
      7
    ],
    "position": {
      "mean_l2_error": 0.010298567824065685,
      "rmse_l2_error": 0.010740330442786217,
      "max_l2_error": 0.014355177991092205,
      "per_axis_mae": [
        0.006195559166371822,
        0.001628049649298191,
        0.006096272729337215
      ],
      "per_axis_rmse": [
        0.007230012211948633,
        0.0018985224887728691,
        0.007712149061262608
      ]
    },
    "rotation": {
      "mean_geodesic_rad": 0.03330104425549507,
      "rmse_geodesic_rad": 0.034551795572042465,
      "max_geodesic_rad": 0.04345155507326126,
      "mean_geodesic_deg": 1.9080090522766113,
      "rmse_geodesic_deg": 1.9796719551086426,
      "max_geodesic_deg": 2.489590644836426
    },
    "gripper": {
      "mean_abs_error": 0.005368018988519907,
      "rmse": 0.009513288736343384,
      "max_abs_error": 0.021488435566425323
    },
    "combined_legacy": {
      "mean_abs_error": 0.011202635243535042,
      "max_abs_error": 0.03347814083099365,
      "rmse": 0.015294068492949009
    },
    "pred_action_aligned": [
      [
        -0.23292076587677002,
        0.20098677277565002,
        -0.11239644140005112,
        -0.9881496429443359,
        1.1858395338058472,
        1.0845657587051392,
        0.07220115512609482
      ],
      [
        -0.231185182929039,
        0.20441757142543793,
        -0.1191730722784996,
        -1.0002554655075073,
        1.2020785808563232,
        1.0652995109558105,
        0.07269083708524704
      ],
      [
        -0.23137594759464264,
        0.20582935214042664,
        -0.12415872514247894,
        -1.0345935821533203,
        1.2098495960235596,
        1.0576435327529907,
        0.07244273275136948
      ],
      [
        -0.2328723520040512,
        0.20750240981578827,
        -0.12539276480674744,
        -1.0379507541656494,
        1.2078933715820312,
        1.0474718809127808,
        0.07265527546405792
      ],
      [
        -0.22989310324192047,
        0.20795245468616486,
        -0.12987811863422394,
        -1.0319125652313232,
        1.2256711721420288,
        1.0349031686782837,
        0.07251464575529099
      ],
      [
        -0.22880582511425018,
        0.2052917629480362,
        -0.13328561186790466,
        -1.0416747331619263,
        1.2235347032546997,
        1.036984920501709,
        0.07270483672618866
      ],
      [
        -0.22816140949726105,
        0.2049238532781601,
        -0.12944349646568298,
        -1.0397710800170898,
        1.231255292892456,
        1.0303500890731812,
        0.07249344140291214
      ],
      [
        -0.22698861360549927,
        0.2024700790643692,
        -0.13161057233810425,
        -1.041700839996338,
        1.227348804473877,
        1.026489496231079,
        0.07252885401248932
      ],
      [
        -0.22764447331428528,
        0.20251163840293884,
        -0.130872905254364,
        -1.0467382669448853,
        1.2290326356887817,
        1.035209059715271,
        0.07230411469936371
      ],
      [
        -0.22811155021190643,
        0.20252174139022827,
        -0.12729161977767944,
        -1.0411804914474487,
        1.2283903360366821,
        1.0468782186508179,
        0.07184413820505142
      ],
      [
        -0.2307717204093933,
        0.20423811674118042,
        -0.12344496697187424,
        -1.0361303091049194,
        1.2288700342178345,
        1.0459609031677246,
        0.07132957130670547
      ],
      [
        -0.23040670156478882,
        0.20581567287445068,
        -0.12329506129026413,
        -1.028875470161438,
        1.2225040197372437,
        1.0531800985336304,
        0.07703574001789093
      ],
      [
        -0.23130296170711517,
        0.20524001121520996,
        -0.11991871148347855,
        -1.0275382995605469,
        1.221369981765747,
        1.06825852394104,
        0.08654741942882538
      ],
      [
        -0.23479577898979187,
        0.20465168356895447,
        -0.12040601670742035,
        -1.0316500663757324,
        1.2013970613479614,
        1.0682138204574585,
        0.0907687246799469
      ],
      [
        -0.23585577309131622,
        0.20374076068401337,
        -0.12171260267496109,
        -1.0441815853118896,
        1.1965982913970947,
        1.069307565689087,
        0.09405148774385452
      ],
      [
        -0.23417028784751892,
        0.20486703515052795,
        -0.11892738938331604,
        -1.0394940376281738,
        1.1815208196640015,
        1.0737154483795166,
        0.0943078026175499
      ]
    ],