{
  "sample_name": "sample_000059",
  "payload_path": "/home/sunpeng/sp/umi_project/universal_manipulation_interface/pika_dataset/exports/episode79/sample_000059/payload_raw.json",
  "actions_path": "/home/sunpeng/sp/umi_project/universal_manipulation_interface/pika_dataset/exports/episode79/sample_000059/actions.json",
  "meta": {
    "start_index": 118,
    "obs_horizon": 2,
    "act_horizon": 16,
    "stride": 2,
    "obs_timestamps": [
      1776398609.491288,
      1776398609.5216467
    ],
    "action_timestamps": [
      1776398609.5596886,
      1776398609.5913904,
      1776398609.6277323,
      1776398609.6594734,
      1776398609.691274,
      1776398609.7276528,
      1776398609.7594206,
      1776398609.791275,
      1776398609.8277245,
      1776398609.8594875,
      1776398609.8913586,
      1776398609.9276798,
      1776398609.9594717,
      1776398609.9913273,
      1776398610.0276623,
      1776398610.0595322
    ]
  },
  "payload_pose_validation": {
    "format": "xyz_quat_xyzw",
    "pose_shape": [
      2,
      7
    ],
    "init_pose_shape": [
      7
    ],
    "quat_norm_mean": 0.9999999999999999,
    "quat_norm_min": 0.9999999999999999,
    "quat_norm_max": 0.9999999999999999,
    "init_quat_norm": 0.9999999999999999
  },
  "inference": {
    "selected_arm": "arm_l",
    "checkpoint_path": "/home/sunpeng/sp/umi_project/universal_manipulation_interface/data/outputs/2026.04.20/16.30.06_train_diffusion_unet_timm_picknplace/checkpoints",
    "device": "cuda",
    "action_pred_shape": [
      16,
      10
    ],
    "env_action_shape": [
      16,
      7
    ]
  },
  "metrics": {
    "aligned_shape": [
      16,
      7
    ],
    "pred_shape": [
      16,
      7
    ],
    "target_shape": [
      16,
      7
    ],
    "position": {
      "mean_l2_error": 0.039068035781383514,
      "rmse_l2_error": 0.04574688896536827,
      "max_l2_error": 0.07052148878574371,
      "per_axis_mae": [
        0.01663234829902649,
        0.008229237049818039,
        0.03303728625178337
      ],
      "per_axis_rmse": [
        0.021860824897885323,
        0.009993748739361763,
        0.03892309218645096
      ]
    },
    "rotation": {
      "mean_geodesic_rad": 0.26691150665283203,
      "rmse_geodesic_rad": 0.3346754014492035,
      "max_geodesic_rad": 0.5853255987167358,
      "mean_geodesic_deg": 15.292903900146484,
      "rmse_geodesic_deg": 19.17548942565918,
      "max_geodesic_deg": 33.536685943603516
    },
    "gripper": {
      "mean_abs_error": 0.0009668176062405109,
      "rmse": 0.0014577400870621204,
      "max_abs_error": 0.004038721323013306
    },
    "combined_legacy": {
      "mean_abs_error": 0.07878964394330978,
      "max_abs_error": 0.4554426670074463,
      "rmse": 0.14098316431045532
    },
    "pred_action_aligned": [
      [
        -0.23398610949516296,
        0.03412145748734474,
        -0.1557856798171997,
        -1.0572121143341064,
        1.3158420324325562,
        0.9313348531723022,
        0.0736345574259758
      ],
      [
        -0.22670109570026398,
        0.032055459916591644,
        -0.15615852177143097,
        -1.0715945959091187,
        1.3543363809585571,
        0.9155909419059753,
        0.07304481416940689
      ],
      [
        -0.22676657140254974,
        0.03382981941103935,
        -0.15729811787605286,
        -1.0608781576156616,
        1.3512872457504272,
        0.9035290479660034,
        0.07319635897874832
      ],
      [
        -0.22922183573246002,
        0.03507683798670769,
        -0.15217790007591248,
        -1.0374246835708618,
        1.3255940675735474,
        0.9397417902946472,
        0.07282979786396027
      ],
      [
        -0.23011459410190582,
        0.037936270236968994,
        -0.14312410354614258,
        -1.0065239667892456,
        1.3241117000579834,
        0.9532293677330017,
        0.07268873602151871
      ],
      [
        -0.23289895057678223,
        0.03609120845794678,
        -0.13240332901477814,
        -0.9916146397590637,
        1.2926572561264038,
        0.976312518119812,
        0.07435750216245651
      ],
      [
        -0.2356996238231659,
        0.031768567860126495,
        -0.12052462995052338,
        -0.9308505058288574,
        1.2666791677474976,
        1.0094186067581177,
        0.07311996072530746
      ],
      [
        -0.24145658314228058,
        0.031241562217473984,
        -0.11003732681274414,
        -0.8879813551902771,
        1.2361780405044556,
        1.0180259943008423,
        0.07304620742797852
      ],
      [
        -0.24678760766983032,
        0.027176283299922943,
        -0.10353080928325653,
        -0.8441558480262756,
        1.1904296875,
        1.060349464416504,
        0.0734943374991417
      ],
      [
        -0.24963772296905518,
        0.024699188768863678,
        -0.09145427495241165,
        -0.8024626970291138,
        1.1584711074829102,
        1.076064109802246,
        0.07315465807914734
      ],
      [
        -0.25797680020332336,
        0.02377905324101448,
        -0.0866783931851387,
        -0.7408542633056641,
        1.1080354452133179,
        1.1131815910339355,
        0.07358462363481522
      ],
      [
        -0.25482919812202454,
        0.019212357699871063,
        -0.08940127491950989,
        -0.7077930569648743,
        1.0976682901382446,
        1.1194409132003784,
        0.0743425115942955
      ],
      [
        -0.26420333981513977,
        0.016649693250656128,
        -0.08406057953834534,
        -0.6794565916061401,
        1.0547221899032593,
        1.13933265209198,
        0.0731673538684845
      ],
      [
        -0.2620067298412323,
        0.01474061980843544,
        -0.0863642543554306,
        -0.6356653571128845,
        1.0189504623413086,
        1.1427216529846191,
        0.07388388365507126
      ],
      [
        -0.26671668887138367,
        0.013385381549596786,
        -0.083700992166996,
        -0.6392780542373657,
        0.9894229173660278,
        1.1655007600784302,
        0.07591430097818375
      ],
      [
        -0.2663325369358063,
        0.01431942731142044,
        -0.08314932882785797,
        -0.624343752861023,
        0.951379120349884,
        1.172852873802185,
        0.07685808837413788
      ]
    ],