{
  "sample_name": "sample_000111",
  "payload_path": "/home/sunpeng/sp/umi_project/universal_manipulation_interface/pika_dataset/exports/episode79/sample_000111/payload_raw.json",
  "actions_path": "/home/sunpeng/sp/umi_project/universal_manipulation_interface/pika_dataset/exports/episode79/sample_000111/actions.json",
  "meta": {
    "start_index": 222,
    "obs_horizon": 2,
    "act_horizon": 16,
    "stride": 2,
    "obs_timestamps": [
      1776398612.9594653,
      1776398612.9912927
    ],
    "action_timestamps": [
      1776398613.0276139,
      1776398613.0594413,
      1776398613.09128,
      1776398613.1277084,
      1776398613.1595042,
      1776398613.191496,
      1776398613.2277737,
      1776398613.259651,
      1776398613.291426,
      1776398613.3277295,
      1776398613.3595564,
      1776398613.3913634,
      1776398613.427778,
      1776398613.459609,
      1776398613.4913442,
      1776398613.527935
    ]
  },
  "payload_pose_validation": {
    "format": "xyz_quat_xyzw",
    "pose_shape": [
      2,
      7
    ],
    "init_pose_shape": [
      7
    ],
    "quat_norm_mean": 1.0,
    "quat_norm_min": 0.9999999999999999,
    "quat_norm_max": 1.0,
    "init_quat_norm": 0.9999999999999999
  },
  "inference": {
    "selected_arm": "arm_l",
    "checkpoint_path": "/home/sunpeng/sp/umi_project/universal_manipulation_interface/data/outputs/2026.04.20/16.30.06_train_diffusion_unet_timm_picknplace/checkpoints",
    "device": "cuda",
    "action_pred_shape": [
      16,
      10
    ],
    "env_action_shape": [
      16,
      7
    ]
  },
  "metrics": {
    "aligned_shape": [
      16,
      7
    ],
    "pred_shape": [
      16,
      7
    ],
    "target_shape": [
      16,
      7
    ],
    "position": {
      "mean_l2_error": 0.01608237251639366,
      "rmse_l2_error": 0.01774420030415058,
      "max_l2_error": 0.02731633000075817,
      "per_axis_mae": [
        0.0054106442257761955,
        0.014353280887007713,
        0.002858286490663886
      ],
      "per_axis_rmse": [
        0.006035450380295515,
        0.01629568450152874,
        0.0035889623686671257
      ]
    },
    "rotation": {
      "mean_geodesic_rad": 0.0758269876241684,
      "rmse_geodesic_rad": 0.08671287447214127,
      "max_geodesic_rad": 0.14604566991329193,
      "mean_geodesic_deg": 4.3445658683776855,
      "rmse_geodesic_deg": 4.968281269073486,
      "max_geodesic_deg": 8.367799758911133
    },
    "gripper": {
      "mean_abs_error": 0.00018658721819519997,
      "rmse": 0.00025223803822882473,
      "max_abs_error": 0.0006523653864860535
    },
    "combined_legacy": {
      "mean_abs_error": 0.02038056030869484,
      "max_abs_error": 0.13646936416625977,
      "rmse": 0.03504272922873497
    },
    "pred_action_aligned": [
      [
        -0.24351221323013306,
        0.10959974676370621,
        -0.05918566882610321,
        -0.6827367544174194,
        0.9139321446418762,
        1.2020665407180786,
        0.07340146601200104
      ],
      [
        -0.24214470386505127,
        0.11732330918312073,
        -0.06727419048547745,
        -0.7154991626739502,
        0.9089557528495789,
        1.2099061012268066,
        0.07363799214363098
      ],
      [
        -0.24284206330776215,
        0.12406039237976074,
        -0.06800669431686401,
        -0.7424972653388977,
        0.9270114302635193,
        1.2101671695709229,
        0.07340669631958008
      ],
      [
        -0.2386489063501358,
        0.13326528668403625,
        -0.07137367129325867,
        -0.7511741518974304,
        0.9469631910324097,
        1.20930016040802,
        0.07362767308950424
      ],
      [
        -0.2383725643157959,
        0.14110228419303894,
        -0.07261094450950623,
        -0.7950084805488586,
        0.935345470905304,
        1.204471468925476,
        0.07365451008081436
      ],
      [
        -0.23714178800582886,
        0.14961184561252594,
        -0.07908542454242706,
        -0.8344459533691406,
        0.9788448214530945,
        1.2051489353179932,
        0.07359297573566437
      ],
      [
        -0.23455087840557098,
        0.1608870029449463,
        -0.07834087312221527,
        -0.8361314535140991,
        1.0239858627319336,
        1.1876044273376465,
        0.07412857562303543
      ],
      [
        -0.2395407110452652,
        0.16907186806201935,
        -0.08381979912519455,
        -0.8727588057518005,
        1.0620274543762207,
        1.189283013343811,
        0.07371952384710312
      ],
      [
        -0.23833054304122925,
        0.17500600218772888,
        -0.09009560942649841,
        -0.9043375253677368,
        1.0901648998260498,
        1.1971932649612427,
        0.07314782589673996
      ],
      [
        -0.23867584764957428,
        0.17461402714252472,
        -0.0963948592543602,
        -0.9184926748275757,
        1.1092207431793213,
        1.1788500547409058,
        0.07334080338478088
      ],
      [
        -0.2390332967042923,
        0.1821409910917282,
        -0.09960130602121353,
        -0.9337578415870667,
        1.1264617443084717,
        1.1839606761932373,
        0.07348780333995819
      ],
      [
        -0.23866486549377441,
        0.18174032866954803,
        -0.10582177340984344,
        -0.9721978306770325,
        1.1507799625396729,
        1.1716859340667725,
        0.07358945906162262
      ],
      [
        -0.23985184729099274,
        0.19084322452545166,
        -0.10251303762197495,
        -0.9874033331871033,
        1.1563154458999634,
        1.1556451320648193,
        0.0733829140663147
      ],
      [
        -0.23623694479465485,
        0.19512832164764404,
        -0.10430380702018738,
        -1.0081000328063965,
        1.138787031173706,
        1.1560300588607788,
        0.07348127663135529
      ],
      [
        -0.23465487360954285,
        0.2005700320005417,
        -0.10112930089235306,
        -0.9988616704940796,
        1.1596179008483887,
        1.1252875328063965,
        0.07398707419633865
      ],
      [
        -0.23278233408927917,
        0.20336322486400604,
        -0.10289949178695679,
        -1.0341863632202148,
        1.1915206909179688,
        1.1015115976333618,
        0.07361549884080887
      ]
    ],