{
  "sample_name": "sample_000070",
  "payload_path": "/home/sunpeng/sp/umi_project/universal_manipulation_interface/pika_dataset/exports/episode79/sample_000070/payload_raw.json",
  "actions_path": "/home/sunpeng/sp/umi_project/universal_manipulation_interface/pika_dataset/exports/episode79/sample_000070/actions.json",
  "meta": {
    "start_index": 140,
    "obs_horizon": 2,
    "act_horizon": 16,
    "stride": 2,
    "obs_timestamps": [
      1776398610.2276928,
      1776398610.2594612
    ],
    "action_timestamps": [
      1776398610.2913494,
      1776398610.3276358,
      1776398610.3594348,
      1776398610.391309,
      1776398610.427656,
      1776398610.459488,
      1776398610.4913304,
      1776398610.527686,
      1776398610.5595992,
      1776398610.5912726,
      1776398610.6276472,
      1776398610.6594322,
      1776398610.6912158,
      1776398610.7276762,
      1776398610.759506,
      1776398610.7913167
    ]
  },
  "payload_pose_validation": {
    "format": "xyz_quat_xyzw",
    "pose_shape": [
      2,
      7
    ],
    "init_pose_shape": [
      7
    ],
    "quat_norm_mean": 0.9999999999999999,
    "quat_norm_min": 0.9999999999999999,
    "quat_norm_max": 0.9999999999999999,
    "init_quat_norm": 0.9999999999999999
  },
  "inference": {
    "selected_arm": "arm_l",
    "checkpoint_path": "/home/sunpeng/sp/umi_project/universal_manipulation_interface/data/outputs/2026.04.20/16.30.06_train_diffusion_unet_timm_picknplace/checkpoints",
    "device": "cuda",
    "action_pred_shape": [
      16,
      10
    ],
    "env_action_shape": [
      16,
      7
    ]
  },
  "metrics": {
    "aligned_shape": [
      16,
      7
    ],
    "pred_shape": [
      16,
      7
    ],
    "target_shape": [
      16,
      7
    ],
    "position": {
      "mean_l2_error": 0.016205810010433197,
      "rmse_l2_error": 0.019622884690761566,
      "max_l2_error": 0.036909300833940506,
      "per_axis_mae": [
        0.005873849615454674,
        0.007607026491314173,
        0.012072576209902763
      ],
      "per_axis_rmse": [
        0.007960103452205658,
        0.01090303249657154,
        0.014241427183151245
      ]
    },
    "rotation": {
      "mean_geodesic_rad": 0.16251638531684875,
      "rmse_geodesic_rad": 0.19214220345020294,
      "max_geodesic_rad": 0.32990172505378723,
      "mean_geodesic_deg": 9.311502456665039,
      "rmse_geodesic_deg": 11.008936882019043,
      "max_geodesic_deg": 18.901975631713867
    },
    "gripper": {
      "mean_abs_error": 0.0004894984886050224,
      "rmse": 0.0005631404346786439,
      "max_abs_error": 0.0012351199984550476
    },
    "combined_legacy": {
      "mean_abs_error": 0.0434299074113369,
      "max_abs_error": 0.2733583450317383,
      "rmse": 0.07878287136554718
    },
    "pred_action_aligned": [
      [
        -0.2354808747768402,
        0.03607236221432686,
        -0.13911893963813782,
        -1.0205371379852295,
        1.2964695692062378,
        0.9948377013206482,
        0.07299823313951492
      ],
      [
        -0.23806270956993103,
        0.03557409346103668,
        -0.13392695784568787,
        -0.9944281578063965,
        1.2770429849624634,
        0.9900923371315002,
        0.07243794202804565
      ],
      [
        -0.2369825690984726,
        0.036634135991334915,
        -0.13169941306114197,
        -0.982313334941864,
        1.2585539817810059,
        0.9833617210388184,
        0.07229229807853699
      ],
      [
        -0.23979122936725616,
        0.0373653843998909,
        -0.13329371809959412,
        -0.9506404399871826,
        1.2374811172485352,
        1.003542184829712,
        0.0724269226193428
      ],
      [
        -0.23958268761634827,
        0.03858792036771774,
        -0.12715403735637665,
        -0.9242649078369141,
        1.218122959136963,
        1.0118943452835083,
        0.07227606326341629
      ],
      [
        -0.24246738851070404,
        0.04056048020720482,
        -0.11830537766218185,
        -0.905645489692688,
        1.199162244796753,
        1.0448883771896362,
        0.07277428358793259
      ],
      [
        -0.24426282942295074,
        0.04146132618188858,
        -0.10860641300678253,
        -0.8667092323303223,
        1.1688021421432495,
        1.0901978015899658,
        0.07219675928354263
      ],
      [
        -0.24625295400619507,
        0.041151050478219986,
        -0.10264204442501068,
        -0.8407565951347351,
        1.17277193069458,
        1.0866358280181885,
        0.07240615040063858
      ],
      [
        -0.24847158789634705,
        0.03498059883713722,
        -0.1006210595369339,
        -0.8238617777824402,
        1.1360111236572266,
        1.0931895971298218,
        0.0725533589720726
      ],
      [
        -0.25283312797546387,
        0.03369332477450371,
        -0.10117517411708832,
        -0.8065986037254333,
        1.1283659934997559,
        1.087361454963684,
        0.0724373310804367
      ],
      [
        -0.2535756826400757,
        0.028178462758660316,
        -0.09730015695095062,
        -0.7663029432296753,
        1.0957005023956299,
        1.1051974296569824,
        0.07197313010692596
      ],
      [
        -0.2556633949279785,
        0.025038350373506546,
        -0.09348002076148987,
        -0.7280956506729126,
        1.0675007104873657,
        1.1019097566604614,
        0.07217074185609818
      ],
      [
        -0.257620245218277,
        0.02064996398985386,
        -0.08884970843791962,
        -0.6928207278251648,
        1.0042420625686646,
        1.1110740900039673,
        0.07158424705266953
      ],
      [
        -0.2586386203765869,
        0.025633065029978752,
        -0.087283194065094,
        -0.6797046065330505,
        0.9671213626861572,
        1.149527907371521,
        0.0726536437869072
      ],
      [
        -0.2628294825553894,
        0.017008841037750244,
        -0.08371652662754059,
        -0.627598226070404,
        0.9414341449737549,
        1.1647427082061768,
        0.0722004696726799
      ],
      [
        -0.26786008477211,
        0.01657634787261486,
        -0.0790862888097763,
        -0.6177728772163391,
        0.9421353340148926,
        1.1845885515213013,
        0.07225405424833298
      ]
    ],