{
  "sample_name": "sample_000023",
  "payload_path": "/home/sunpeng/sp/umi_project/universal_manipulation_interface/pika_dataset/exports/episode79/sample_000023/payload_raw.json",
  "actions_path": "/home/sunpeng/sp/umi_project/universal_manipulation_interface/pika_dataset/exports/episode79/sample_000023/actions.json",
  "meta": {
    "start_index": 46,
    "obs_horizon": 2,
    "act_horizon": 16,
    "stride": 2,
    "obs_timestamps": [
      1776398607.0912151,
      1776398607.1215694
    ],
    "action_timestamps": [
      1776398607.1593602,
      1776398607.19125,
      1776398607.2216332,
      1776398607.2593372,
      1776398607.291238,
      1776398607.3216622,
      1776398607.3594024,
      1776398607.3913944,
      1776398607.4216921,
      1776398607.4594269,
      1776398607.491186,
      1776398607.521719,
      1776398607.5595014,
      1776398607.5912888,
      1776398607.6216593,
      1776398607.659422
    ]
  },
  "payload_pose_validation": {
    "format": "xyz_quat_xyzw",
    "pose_shape": [
      2,
      7
    ],
    "init_pose_shape": [
      7
    ],
    "quat_norm_mean": 1.0,
    "quat_norm_min": 0.9999999999999999,
    "quat_norm_max": 1.0,
    "init_quat_norm": 0.9999999999999999
  },
  "inference": {
    "selected_arm": "arm_l",
    "checkpoint_path": "/home/sunpeng/sp/umi_project/universal_manipulation_interface/data/outputs/2026.04.20/16.30.06_train_diffusion_unet_timm_picknplace/checkpoints",
    "device": "cuda",
    "action_pred_shape": [
      16,
      10
    ],
    "env_action_shape": [
      16,
      7
    ]
  },
  "metrics": {
    "aligned_shape": [
      16,
      7
    ],
    "pred_shape": [
      16,
      7
    ],
    "target_shape": [
      16,
      7
    ],
    "position": {
      "mean_l2_error": 0.035010479390621185,
      "rmse_l2_error": 0.04082426428794861,
      "max_l2_error": 0.05734390392899513,
      "per_axis_mae": [
        0.0073959678411483765,
        0.018017040565609932,
        0.028739016503095627
      ],
      "per_axis_rmse": [
        0.008620591834187508,
        0.020406361669301987,
        0.03429119661450386
      ]
    },
    "rotation": {
      "mean_geodesic_rad": 0.18083520233631134,
      "rmse_geodesic_rad": 0.1991269588470459,
      "max_geodesic_rad": 0.2545258402824402,
      "mean_geodesic_deg": 10.361093521118164,
      "rmse_geodesic_deg": 11.409133911132812,
      "max_geodesic_deg": 14.583255767822266
    },
    "gripper": {
      "mean_abs_error": 0.00022394396364688873,
      "rmse": 0.00027846949524246156,
      "max_abs_error": 0.0005912408232688904
    },
    "combined_legacy": {
      "mean_abs_error": 0.046489961445331573,
      "max_abs_error": 0.20670545101165771,
      "rmse": 0.07965458184480667
    },
    "pred_action_aligned": [
      [
        -0.2561153173446655,
        -0.019520143046975136,
        -0.08510687202215195,
        -0.6678959727287292,
        0.9872696995735168,
        0.9174724817276001,
        0.09670703113079071
      ],
      [
        -0.2556571960449219,
        -0.015810417011380196,
        -0.08775337785482407,
        -0.7056689262390137,
        1.0212513208389282,
        0.9214501976966858,
        0.09670703113079071
      ],
      [
        -0.25242140889167786,
        -0.012264410965144634,
        -0.09110483527183533,
        -0.7543235421180725,
        1.0474039316177368,
        0.9340769052505493,
        0.09657619148492813
      ],
      [
        -0.2509116530418396,
        -0.007760912179946899,
        -0.09698392450809479,
        -0.8011427521705627,
        1.0712804794311523,
        0.927906334400177,
        0.09650330245494843
      ],
      [
        -0.25145116448402405,
        -0.0015786252915859222,
        -0.1077411100268364,
        -0.8369966745376587,
        1.1325390338897705,
        0.9345064163208008,
        0.09670703113079071
      ],
      [
        -0.25120770931243896,
        0.0032502859830856323,
        -0.11685356497764587,
        -0.8620789647102356,
        1.176775336265564,
        0.9394224882125854,
        0.09670703113079071
      ],
      [
        -0.24929507076740265,
        0.007355911657214165,
        -0.12530165910720825,
        -0.896115243434906,
        1.2139095067977905,
        0.9321799278259277,
        0.0964789092540741
      ],
      [
        -0.24471621215343475,
        0.01190626434981823,
        -0.13222132623195648,
        -0.9168272018432617,
        1.241320252418518,
        0.9268704652786255,
        0.09637502580881119
      ],
      [
        -0.24309177696704865,
        0.01663166843354702,
        -0.13880246877670288,
        -0.9316177368164062,
        1.2636189460754395,
        0.9212608933448792,
        0.09653426706790924
      ],
      [
        -0.24040278792381287,
        0.02042207308113575,
        -0.1461551934480667,
        -0.946937084197998,
        1.284273624420166,
        0.9114741683006287,
        0.09634816646575928
      ],
      [
        -0.2380765676498413,
        0.022506387904286385,
        -0.14995482563972473,
        -0.9630980491638184,
        1.289566159248352,
        0.9181025624275208,
        0.09650464355945587
      ],
      [
        -0.23746910691261292,
        0.02392555959522724,
        -0.15464702248573303,
        -0.9782756567001343,
        1.2867382764816284,
        0.9178453683853149,
        0.09631102532148361
      ],
      [
        -0.23639945685863495,
        0.02609979547560215,
        -0.15818965435028076,
        -0.9900793433189392,
        1.302175521850586,
        0.9153341054916382,
        0.09642200917005539
      ],
      [
        -0.23522165417671204,
        0.027531398460268974,
        -0.1601731777191162,
        -1.0044982433319092,
        1.304150104522705,
        0.9168989062309265,
        0.09636712074279785
      ],
      [
        -0.23675864934921265,
        0.028833488002419472,
        -0.16064953804016113,
        -1.0104312896728516,
        1.3110071420669556,
        0.9193293452262878,
        0.09611579775810242
      ],
      [
        -0.2367996871471405,
        0.031223205849528313,
        -0.16388145089149475,
        -1.0221537351608276,
        1.323930025100708,
        0.9294208288192749,
        0.09636493027210236
      ]
    ],