{
  "sample_name": "sample_000151",
  "payload_path": "/home/sunpeng/sp/umi_project/universal_manipulation_interface/pika_dataset/exports/episode79/sample_000151/payload_raw.json",
  "actions_path": "/home/sunpeng/sp/umi_project/universal_manipulation_interface/pika_dataset/exports/episode79/sample_000151/actions.json",
  "meta": {
    "start_index": 302,
    "obs_horizon": 2,
    "act_horizon": 16,
    "stride": 2,
    "obs_timestamps": [
      1776398615.6278827,
      1776398615.6595488
    ],
    "action_timestamps": [
      1776398615.6913557,
      1776398615.7277908,
      1776398615.7597885,
      1776398615.7914917,
      1776398615.8278198,
      1776398615.8594987,
      1776398615.8913753,
      1776398615.927768,
      1776398615.9595258,
      1776398615.9914286,
      1776398616.0277767,
      1776398616.059616,
      1776398616.0914085,
      1776398616.1277854,
      1776398616.1595528,
      1776398616.1913958
    ]
  },
  "payload_pose_validation": {
    "format": "xyz_quat_xyzw",
    "pose_shape": [
      2,
      7
    ],
    "init_pose_shape": [
      7
    ],
    "quat_norm_mean": 1.0,
    "quat_norm_min": 1.0,
    "quat_norm_max": 1.0,
    "init_quat_norm": 0.9999999999999999
  },
  "inference": {
    "selected_arm": "arm_l",
    "checkpoint_path": "/home/sunpeng/sp/umi_project/universal_manipulation_interface/data/outputs/2026.04.20/16.30.06_train_diffusion_unet_timm_picknplace/checkpoints",
    "device": "cuda",
    "action_pred_shape": [
      16,
      10
    ],
    "env_action_shape": [
      16,
      7
    ]
  },
  "metrics": {
    "aligned_shape": [
      16,
      7
    ],
    "pred_shape": [
      16,
      7
    ],
    "target_shape": [
      16,
      7
    ],
    "position": {
      "mean_l2_error": 0.06834737211465836,
      "rmse_l2_error": 0.08574743568897247,
      "max_l2_error": 0.13947181403636932,
      "per_axis_mae": [
        0.009941008873283863,
        0.035794101655483246,
        0.05284574255347252
      ],
      "per_axis_rmse": [
        0.014956997707486153,
        0.055246200412511826,
        0.06384957581758499
      ]
    },
    "rotation": {
      "mean_geodesic_rad": 0.2675601541996002,
      "rmse_geodesic_rad": 0.32976704835891724,
      "max_geodesic_rad": 0.5126211047172546,
      "mean_geodesic_deg": 15.330066680908203,
      "rmse_geodesic_deg": 18.89426040649414,
      "max_geodesic_deg": 29.37102508544922
    },
    "gripper": {
      "mean_abs_error": 0.0007892046123743057,
      "rmse": 0.0009029690991155803,
      "max_abs_error": 0.0015845447778701782
    },
    "combined_legacy": {
      "mean_abs_error": 0.07610233873128891,
      "max_abs_error": 0.44645780324935913,
      "rmse": 0.137288898229599
    },
    "pred_action_aligned": [
      [
        -0.23848363757133484,
        0.20876863598823547,
        -0.12796621024608612,
        -1.011122226715088,
        1.1791443824768066,
        1.0871974229812622,
        0.09589126706123352
      ],
      [
        -0.23851154744625092,
        0.20782853662967682,
        -0.1281546950340271,
        -1.0153330564498901,
        1.1741737127304077,
        1.0847649574279785,
        0.09620989859104156
      ],
      [
        -0.23950523138046265,
        0.20669013261795044,
        -0.12847959995269775,
        -1.0188353061676025,
        1.1704553365707397,
        1.09695303440094,
        0.09617352485656738
      ],
      [
        -0.24091729521751404,
        0.20753905177116394,
        -0.12277732789516449,
        -0.9922061562538147,
        1.1591522693634033,
        1.109505534172058,
        0.09613043814897537
      ],
      [
        -0.2397279590368271,
        0.2081640362739563,
        -0.10932707041501999,
        -0.9650547504425049,
        1.1406491994857788,
        1.1228115558624268,
        0.09619081765413284
      ],
      [
        -0.2396971583366394,
        0.2089935690164566,
        -0.0974862352013588,
        -0.9179156422615051,
        1.1108800172805786,
        1.139252781867981,
        0.09664640575647354
      ],
      [
        -0.23928074538707733,
        0.20622417330741882,
        -0.08141681551933289,
        -0.8655680418014526,
        1.0744153261184692,
        1.1575868129730225,
        0.0964042916893959
      ],
      [
        -0.24257197976112366,
        0.1991410106420517,
        -0.06809627264738083,
        -0.8104081153869629,
        1.0421433448791504,
        1.1623151302337646,
        0.09636850655078888
      ],
      [
        -0.24475088715553284,
        0.188734233379364,
        -0.05748607963323593,
        -0.7517463564872742,
        0.994141697883606,
        1.17071533203125,
        0.09617307782173157
      ],
      [
        -0.24596033990383148,
        0.17605334520339966,
        -0.04491022229194641,
        -0.7153089046478271,
        0.9649366736412048,
        1.1639132499694824,
        0.09581727534532547
      ],
      [
        -0.24950863420963287,
        0.16032034158706665,
        -0.03591371327638626,
        -0.6724758744239807,
        0.9331161379814148,
        1.1571820974349976,
        0.09532047063112259
      ],
      [
        -0.25400856137275696,
        0.14207305014133453,
        -0.03269563615322113,
        -0.6304171085357666,
        0.9147963523864746,
        1.1383066177368164,
        0.09570395946502686
      ],
      [
        -0.2586744725704193,
        0.1248130276799202,
        -0.03185416758060455,
        -0.604765772819519,
        0.8902648687362671,
        1.1191297769546509,
        0.09590376913547516
      ],
      [
        -0.262102872133255,
        0.10892944037914276,
        -0.037078484892845154,
        -0.5769142508506775,
        0.8698585033416748,
        1.1128308773040771,
        0.09531787037849426
      ],
      [
        -0.26913344860076904,
        0.0944291427731514,
        -0.045049943029880524,
        -0.5648364424705505,
        0.8789471983909607,
        1.1057088375091553,
        0.09531127661466599
      ],
      [
        -0.2737956643104553,
        0.08963055908679962,
        -0.05083969235420227,
        -0.5761247277259827,
        0.8972094058990479,
        1.0969525575637817,
        0.09512249380350113
      ]
    ],