{
  "sample_name": "sample_000047",
  "payload_path": "/home/sunpeng/sp/umi_project/universal_manipulation_interface/pika_dataset/exports/episode79/sample_000047/payload_raw.json",
  "actions_path": "/home/sunpeng/sp/umi_project/universal_manipulation_interface/pika_dataset/exports/episode79/sample_000047/actions.json",
  "meta": {
    "start_index": 94,
    "obs_horizon": 2,
    "act_horizon": 16,
    "stride": 2,
    "obs_timestamps": [
      1776398608.6912901,
      1776398608.7215853
    ],
    "action_timestamps": [
      1776398608.759486,
      1776398608.7913468,
      1776398608.821696,
      1776398608.859422,
      1776398608.891301,
      1776398608.9216907,
      1776398608.9594975,
      1776398608.9912822,
      1776398609.021676,
      1776398609.0594063,
      1776398609.0912998,
      1776398609.1216495,
      1776398609.1594095,
      1776398609.1913338,
      1776398609.221737,
      1776398609.259464
    ]
  },
  "payload_pose_validation": {
    "format": "xyz_quat_xyzw",
    "pose_shape": [
      2,
      7
    ],
    "init_pose_shape": [
      7
    ],
    "quat_norm_mean": 0.9999999999999999,
    "quat_norm_min": 0.9999999999999998,
    "quat_norm_max": 1.0,
    "init_quat_norm": 0.9999999999999999
  },
  "inference": {
    "selected_arm": "arm_l",
    "checkpoint_path": "/home/sunpeng/sp/umi_project/universal_manipulation_interface/data/outputs/2026.04.20/16.30.06_train_diffusion_unet_timm_picknplace/checkpoints",
    "device": "cuda",
    "action_pred_shape": [
      16,
      10
    ],
    "env_action_shape": [
      16,
      7
    ]
  },
  "metrics": {
    "aligned_shape": [
      16,
      7
    ],
    "pred_shape": [
      16,
      7
    ],
    "target_shape": [
      16,
      7
    ],
    "position": {
      "mean_l2_error": 0.011454721912741661,
      "rmse_l2_error": 0.012551958672702312,
      "max_l2_error": 0.024839840829372406,
      "per_axis_mae": [
        0.003415573388338089,
        0.0050904410891234875,
        0.008545087650418282
      ],
      "per_axis_rmse": [
        0.003941069357097149,
        0.006224906072020531,
        0.01016219425946474
      ]
    },
    "rotation": {
      "mean_geodesic_rad": 0.0640779584646225,
      "rmse_geodesic_rad": 0.0713232010602951,
      "max_geodesic_rad": 0.13412825763225555,
      "mean_geodesic_deg": 3.671396255493164,
      "rmse_geodesic_deg": 4.086517810821533,
      "max_geodesic_deg": 7.684982776641846
    },
    "gripper": {
      "mean_abs_error": 0.01732131466269493,
      "rmse": 0.02001756988465786,
      "max_abs_error": 0.025635920464992523
    },
    "combined_legacy": {
      "mean_abs_error": 0.01995752938091755,
      "max_abs_error": 0.11452674865722656,
      "rmse": 0.031773850321769714
    },
    "pred_action_aligned": [
      [
        -0.23952098190784454,
        0.027387239038944244,
        -0.15803970396518707,
        -1.0352271795272827,
        1.3477863073349,
        0.9304982423782349,
        0.09670703113079071
      ],
      [
        -0.23246154189109802,
        0.03470039367675781,
        -0.16038723289966583,
        -1.030333161354065,
        1.3398385047912598,
        0.9197006821632385,
        0.09663797914981842
      ],
      [
        -0.23028019070625305,
        0.032664764672517776,
        -0.15034565329551697,
        -1.0314791202545166,
        1.3725402355194092,
        0.9356242418289185,
        0.09643583744764328
      ],
      [
        -0.23726649582386017,
        0.03346175327897072,
        -0.15539923310279846,
        -1.0556350946426392,
        1.3967739343643188,
        0.9398916363716125,
        0.09670703113079071
      ],
      [
        -0.23997296392917633,
        0.03240605443716049,
        -0.14726445078849792,
        -1.039074182510376,
        1.4236100912094116,
        0.9423754215240479,
        0.0727485939860344
      ],
      [
        -0.23047292232513428,
        0.029842495918273926,
        -0.15670305490493774,
        -1.0754886865615845,
        1.4153556823730469,
        0.9153206944465637,
        0.07275618612766266
      ],
      [
        -0.23283550143241882,
        0.027182338759303093,
        -0.15077297389507294,
        -1.0931950807571411,
        1.4017184972763062,
        0.9105811715126038,
        0.07313674688339233
      ],
      [
        -0.22732360661029816,
        0.02743382938206196,
        -0.14963233470916748,
        -1.115114688873291,
        1.409388780593872,
        0.904588520526886,
        0.0733339861035347
      ],
      [
        -0.23150528967380524,
        0.024846576154232025,
        -0.1505354940891266,
        -1.0897257328033447,
        1.3623929023742676,
        0.9181128740310669,
        0.07456289976835251
      ],
      [
        -0.24075470864772797,
        0.03556907922029495,
        -0.15520408749580383,
        -1.0888893604278564,
        1.3807611465454102,
        0.9527491927146912,
        0.07561354339122772
      ],
      [
        -0.2339428812265396,
        0.03040069341659546,
        -0.15025755763053894,
        -1.1244840621948242,
        1.3493030071258545,
        0.9304665327072144,
        0.07346569746732712
      ],
      [
        -0.23597516119480133,
        0.0330771841108799,
        -0.15080814063549042,
        -1.0955606698989868,
        1.3582143783569336,
        0.9422275424003601,
        0.07515310496091843
      ],
      [
        -0.23497891426086426,
        0.03212153539061546,
        -0.15898840129375458,
        -1.1237683296203613,
        1.3213403224945068,
        0.9616451263427734,
        0.07107111811637878
      ],
      [
        -0.23351240158081055,
        0.03505516052246094,
        -0.1446312963962555,
        -1.1034822463989258,
        1.2833515405654907,
        0.9607772827148438,
        0.07227040082216263
      ],
      [
        -0.23777145147323608,
        0.03627697005867958,
        -0.13282601535320282,
        -1.0640530586242676,
        1.2607518434524536,
        1.0312950611114502,
        0.07254624366760254
      ],
      [
        -0.2377256155014038,
        0.04426264762878418,
        -0.1209719330072403,
        -1.0371934175491333,
        1.240531325340271,
        1.042012095451355,
        0.07253149896860123
      ]
    ],