{
  "sample_name": "sample_000134",
  "payload_path": "/home/sunpeng/sp/umi_project/universal_manipulation_interface/pika_dataset/exports/episode79/sample_000134/payload_raw.json",
  "actions_path": "/home/sunpeng/sp/umi_project/universal_manipulation_interface/pika_dataset/exports/episode79/sample_000134/actions.json",
  "meta": {
    "start_index": 268,
    "obs_horizon": 2,
    "act_horizon": 16,
    "stride": 2,
    "obs_timestamps": [
      1776398614.4913654,
      1776398614.5277576
    ],
    "action_timestamps": [
      1776398614.5597117,
      1776398614.5913773,
      1776398614.6277854,
      1776398614.6594963,
      1776398614.6913636,
      1776398614.7277372,
      1776398614.759473,
      1776398614.7912495,
      1776398614.8277175,
      1776398614.8594944,
      1776398614.8912706,
      1776398614.927764,
      1776398614.959612,
      1776398614.9913938,
      1776398615.0277956,
      1776398615.0595434
    ]
  },
  "payload_pose_validation": {
    "format": "xyz_quat_xyzw",
    "pose_shape": [
      2,
      7
    ],
    "init_pose_shape": [
      7
    ],
    "quat_norm_mean": 1.0,
    "quat_norm_min": 1.0,
    "quat_norm_max": 1.0,
    "init_quat_norm": 0.9999999999999999
  },
  "inference": {
    "selected_arm": "arm_l",
    "checkpoint_path": "/home/sunpeng/sp/umi_project/universal_manipulation_interface/data/outputs/2026.04.20/16.30.06_train_diffusion_unet_timm_picknplace/checkpoints",
    "device": "cuda",
    "action_pred_shape": [
      16,
      10
    ],
    "env_action_shape": [
      16,
      7
    ]
  },
  "metrics": {
    "aligned_shape": [
      16,
      7
    ],
    "pred_shape": [
      16,
      7
    ],
    "target_shape": [
      16,
      7
    ],
    "position": {
      "mean_l2_error": 0.010284709744155407,
      "rmse_l2_error": 0.010701810009777546,
      "max_l2_error": 0.013937056064605713,
      "per_axis_mae": [
        0.002560088410973549,
        0.005471338517963886,
        0.007824098691344261
      ],
      "per_axis_rmse": [
        0.0027423955034464598,
        0.0058823698200285435,
        0.008509155362844467
      ]
    },
    "rotation": {
      "mean_geodesic_rad": 0.043252572417259216,
      "rmse_geodesic_rad": 0.046494368463754654,
      "max_geodesic_rad": 0.07376958429813385,
      "mean_geodesic_deg": 2.4781899452209473,
      "rmse_geodesic_deg": 2.663930892944336,
      "max_geodesic_deg": 4.226685523986816
    },
    "gripper": {
      "mean_abs_error": 0.008271627128124237,
      "rmse": 0.012164656072854996,
      "max_abs_error": 0.020947091281414032
    },
    "combined_legacy": {
      "mean_abs_error": 0.015210566110908985,
      "max_abs_error": 0.05634462833404541,
      "rmse": 0.021185899153351784
    },
    "pred_action_aligned": [
      [
        -0.23420536518096924,
        0.2035641074180603,
        -0.13178031146526337,
        -1.0213574171066284,
        1.1917015314102173,
        1.0336568355560303,
        0.07335980981588364
      ],
      [
        -0.23338986933231354,
        0.20320695638656616,
        -0.12953802943229675,
        -1.035597562789917,
        1.1809898614883423,
        1.0370583534240723,
        0.07366643100976944
      ],
      [
        -0.23383204638957977,
        0.20328395068645477,
        -0.126578226685524,
        -1.053144097328186,
        1.1652779579162598,
        1.0357105731964111,
        0.07353650778532028
      ],
      [
        -0.23447322845458984,
        0.20157116651535034,
        -0.12195360660552979,
        -1.043620228767395,
        1.1713825464248657,
        1.0440163612365723,
        0.07401750236749649
      ],
      [
        -0.2371874302625656,
        0.2004505693912506,
        -0.12110928446054459,
        -1.0344315767288208,
        1.1690865755081177,
        1.0558440685272217,
        0.07423613965511322
      ],
      [
        -0.23641467094421387,
        0.19870741665363312,
        -0.1221337839961052,
        -1.0314604043960571,
        1.1792024374008179,
        1.0477983951568604,
        0.07479342073202133
      ],
      [
        -0.23716993629932404,
        0.19862335920333862,
        -0.1246761903166771,
        -1.0247924327850342,
        1.1859453916549683,
        1.0517752170562744,
        0.0754326805472374
      ],
      [
        -0.23584336042404175,
        0.1990368515253067,
        -0.12589246034622192,
        -1.0092809200286865,
        1.180980920791626,
        1.0449028015136719,
        0.0759112685918808
      ],
      [
        -0.2351188361644745,
        0.19999130070209503,
        -0.12274224311113358,
        -1.0014116764068604,
        1.1875712871551514,
        1.0529413223266602,
        0.07640941441059113
      ],
      [
        -0.23483197391033173,
        0.20043721795082092,
        -0.12308625876903534,
        -0.9901207685470581,
        1.1780662536621094,
        1.0652929544448853,
        0.08169195801019669
      ],
      [
        -0.23537400364875793,
        0.20231379568576813,
        -0.12156105041503906,
        -0.9885175824165344,
        1.1692172288894653,
        1.0717746019363403,
        0.08879297971725464
      ],
      [
        -0.23565784096717834,
        0.20252421498298645,
        -0.12206192314624786,
        -0.9919262528419495,
        1.159697413444519,
        1.081894040107727,
        0.09382082521915436
      ],
      [
        -0.23650988936424255,
        0.20310713350772858,
        -0.120833620429039,
        -0.9880666136741638,
        1.1675903797149658,
        1.0805649757385254,
        0.09537087380886078
      ],
      [
        -0.23601791262626648,
        0.2028646469116211,
        -0.12160799652338028,
        -0.9857918620109558,
        1.1619986295700073,
        1.088902235031128,
        0.09573014080524445
      ],
      [
        -0.23701424896717072,
        0.20096400380134583,
        -0.12198331952095032,
        -0.9955974221229553,
        1.16633939743042,
        1.087518334388733,
        0.09608495980501175
      ],
      [
        -0.23679018020629883,
        0.1975155919790268,
        -0.12268410623073578,
        -0.994947075843811,
        1.1584566831588745,
        1.0922589302062988,
        0.09625381231307983
      ]
    ],