{
  "sample_name": "sample_000133",
  "payload_path": "/home/sunpeng/sp/umi_project/universal_manipulation_interface/pika_dataset/exports/episode79/sample_000133/payload_raw.json",
  "actions_path": "/home/sunpeng/sp/umi_project/universal_manipulation_interface/pika_dataset/exports/episode79/sample_000133/actions.json",
  "meta": {
    "start_index": 266,
    "obs_horizon": 2,
    "act_horizon": 16,
    "stride": 2,
    "obs_timestamps": [
      1776398614.4277146,
      1776398614.4594586
    ],
    "action_timestamps": [
      1776398614.4913654,
      1776398614.5277576,
      1776398614.5597117,
      1776398614.5913773,
      1776398614.6277854,
      1776398614.6594963,
      1776398614.6913636,
      1776398614.7277372,
      1776398614.759473,
      1776398614.7912495,
      1776398614.8277175,
      1776398614.8594944,
      1776398614.8912706,
      1776398614.927764,
      1776398614.959612,
      1776398614.9913938
    ]
  },
  "payload_pose_validation": {
    "format": "xyz_quat_xyzw",
    "pose_shape": [
      2,
      7
    ],
    "init_pose_shape": [
      7
    ],
    "quat_norm_mean": 1.0,
    "quat_norm_min": 0.9999999999999999,
    "quat_norm_max": 1.0,
    "init_quat_norm": 0.9999999999999999
  },
  "inference": {
    "selected_arm": "arm_l",
    "checkpoint_path": "/home/sunpeng/sp/umi_project/universal_manipulation_interface/data/outputs/2026.04.20/16.30.06_train_diffusion_unet_timm_picknplace/checkpoints",
    "device": "cuda",
    "action_pred_shape": [
      16,
      10
    ],
    "env_action_shape": [
      16,
      7
    ]
  },
  "metrics": {
    "aligned_shape": [
      16,
      7
    ],
    "pred_shape": [
      16,
      7
    ],
    "target_shape": [
      16,
      7
    ],
    "position": {
      "mean_l2_error": 0.00886608101427555,
      "rmse_l2_error": 0.010134200565516949,
      "max_l2_error": 0.024399835616350174,
      "per_axis_mae": [
        0.0037430766969919205,
        0.0025615785270929337,
        0.007073887158185244
      ],
      "per_axis_rmse": [
        0.004154418595135212,
        0.0031834738329052925,
        0.008678036741912365
      ]
    },
    "rotation": {
      "mean_geodesic_rad": 0.052733249962329865,
      "rmse_geodesic_rad": 0.060622844845056534,
      "max_geodesic_rad": 0.14175748825073242,
      "mean_geodesic_deg": 3.021392345428467,
      "rmse_geodesic_deg": 3.473432779312134,
      "max_geodesic_deg": 8.122105598449707
    },
    "gripper": {
      "mean_abs_error": 0.012403570115566254,
      "rmse": 0.01471803616732359,
      "max_abs_error": 0.020772449672222137
    },
    "combined_legacy": {
      "mean_abs_error": 0.015574934892356396,
      "max_abs_error": 0.11557233333587646,
      "rmse": 0.02644011564552784
    },
    "pred_action_aligned": [
      [
        -0.2381180375814438,
        0.20492428541183472,
        -0.1348397433757782,
        -1.0159085988998413,
        1.2115081548690796,
        1.024159550666809,
        0.07276027649641037
      ],
      [
        -0.23524214327335358,
        0.20691953599452972,
        -0.13657009601593018,
        -1.0361405611038208,
        1.2293338775634766,
        1.0307344198226929,
        0.07291623950004578
      ],
      [
        -0.23493143916130066,
        0.2038491666316986,
        -0.14000098407268524,
        -1.043966293334961,
        1.2184174060821533,
        1.0362393856048584,
        0.07267776876688004
      ],
      [
        -0.23721429705619812,
        0.20261313021183014,
        -0.13469435274600983,
        -1.026870608329773,
        1.2501730918884277,
        1.0337830781936646,
        0.07275433838367462
      ],
      [
        -0.2383999228477478,
        0.20598722994327545,
        -0.14109177887439728,
        -1.0220682621002197,
        1.2399988174438477,
        1.0520508289337158,
        0.0813581794500351
      ],
      [
        -0.23926573991775513,
        0.20345941185951233,
        -0.14039453864097595,
        -1.0263952016830444,
        1.24545156955719,
        1.0390194654464722,
        0.08180399239063263
      ],
      [
        -0.23996570706367493,
        0.20352335274219513,
        -0.13883155584335327,
        -1.0268256664276123,
        1.2356951236724854,
        1.0550850629806519,
        0.0838724821805954
      ],
      [
        -0.24132388830184937,
        0.20591393113136292,
        -0.1391691118478775,
        -1.013288974761963,
        1.2311698198318481,
        1.0682399272918701,
        0.08874604105949402
      ],
      [
        -0.24006523191928864,
        0.20542964339256287,
        -0.13641615211963654,
        -1.023690104484558,
        1.2201392650604248,
        1.0754618644714355,
        0.09300732612609863
      ],
      [
        -0.23792442679405212,
        0.20816634595394135,
        -0.1350298523902893,
        -1.0242514610290527,
        1.2113226652145386,
        1.0799585580825806,
        0.09174962341785431
      ],
      [
        -0.23588983714580536,
        0.20596982538700104,
        -0.1369078904390335,
        -1.0374943017959595,
        1.2035826444625854,
        1.081212043762207,
        0.0928773358464241
      ],
      [
        -0.2365732043981552,
        0.2060679793357849,
        -0.13806168735027313,
        -1.0418599843978882,
        1.2032322883605957,
        1.0840108394622803,
        0.09277597069740295
      ],
      [
        -0.23684579133987427,
        0.20764531195163727,
        -0.13657553493976593,
        -1.0443998575210571,
        1.1993414163589478,
        1.0843157768249512,
        0.09385737776756287
      ],
      [
        -0.236885204911232,
        0.20977744460105896,
        -0.1290552169084549,
        -1.0224870443344116,
        1.1703929901123047,
        1.1132901906967163,
        0.09484922140836716
      ],
      [
        -0.2357814460992813,
        0.21207578480243683,
        -0.12445909529924393,
        -1.024872899055481,
        1.1273688077926636,
        1.1265459060668945,
        0.09542971104383469
      ],
      [
        -0.2310231626033783,
        0.2121501863002777,
        -0.10968030989170074,
        -0.9754431247711182,
        1.09327232837677,
        1.146584153175354,
        0.09555549919605255
      ]
    ],