{
  "sample_name": "sample_000077",
  "payload_path": "/home/sunpeng/sp/umi_project/universal_manipulation_interface/pika_dataset/exports/episode79/sample_000077/payload_raw.json",
  "actions_path": "/home/sunpeng/sp/umi_project/universal_manipulation_interface/pika_dataset/exports/episode79/sample_000077/actions.json",
  "meta": {
    "start_index": 154,
    "obs_horizon": 2,
    "act_horizon": 16,
    "stride": 2,
    "obs_timestamps": [
      1776398610.6912158,
      1776398610.7276762
    ],
    "action_timestamps": [
      1776398610.759506,
      1776398610.7913167,
      1776398610.827731,
      1776398610.8594959,
      1776398610.8913648,
      1776398610.9276855,
      1776398610.9595253,
      1776398610.9913523,
      1776398611.0277302,
      1776398611.0596073,
      1776398611.091327,
      1776398611.12784,
      1776398611.1594741,
      1776398611.1913004,
      1776398611.2276905,
      1776398611.2595031
    ]
  },
  "payload_pose_validation": {
    "format": "xyz_quat_xyzw",
    "pose_shape": [
      2,
      7
    ],
    "init_pose_shape": [
      7
    ],
    "quat_norm_mean": 1.0,
    "quat_norm_min": 1.0,
    "quat_norm_max": 1.0,
    "init_quat_norm": 0.9999999999999999
  },
  "inference": {
    "selected_arm": "arm_l",
    "checkpoint_path": "/home/sunpeng/sp/umi_project/universal_manipulation_interface/data/outputs/2026.04.20/16.30.06_train_diffusion_unet_timm_picknplace/checkpoints",
    "device": "cuda",
    "action_pred_shape": [
      16,
      10
    ],
    "env_action_shape": [
      16,
      7
    ]
  },
  "metrics": {
    "aligned_shape": [
      16,
      7
    ],
    "pred_shape": [
      16,
      7
    ],
    "target_shape": [
      16,
      7
    ],
    "position": {
      "mean_l2_error": 0.015744071453809738,
      "rmse_l2_error": 0.016531072556972504,
      "max_l2_error": 0.025101419538259506,
      "per_axis_mae": [
        0.0074746450409293175,
        0.005944550037384033,
        0.010862305760383606
      ],
      "per_axis_rmse": [
        0.008628117851912975,
        0.007098658476024866,
        0.01218363642692566
      ]
    },
    "rotation": {
      "mean_geodesic_rad": 0.19283851981163025,
      "rmse_geodesic_rad": 0.21012109518051147,
      "max_geodesic_rad": 0.2666299045085907,
      "mean_geodesic_deg": 11.048831939697266,
      "rmse_geodesic_deg": 12.03905200958252,
      "max_geodesic_deg": 15.27676773071289
    },
    "gripper": {
      "mean_abs_error": 0.0003314269706606865,
      "rmse": 0.00040264552808366716,
      "max_abs_error": 0.0008989572525024414
    },
    "combined_legacy": {
      "mean_abs_error": 0.04937326908111572,
      "max_abs_error": 0.2547873258590698,
      "rmse": 0.08616387099027634
    },
    "pred_action_aligned": [
      [
        -0.2496088743209839,
        0.041652996093034744,
        -0.10660883039236069,
        -0.8510266542434692,
        1.241647481918335,
        1.075688123703003,
        0.07260722666978836
      ],
      [
        -0.25234606862068176,
        0.04321756586432457,
        -0.09931394457817078,
        -0.8148472309112549,
        1.1993919610977173,
        1.1152393817901611,
        0.07223530858755112
      ],
      [
        -0.25301194190979004,
        0.046332333236932755,
        -0.09073452651500702,
        -0.7559779286384583,
        1.1492990255355835,
        1.1458423137664795,
        0.07264271378517151
      ],
      [
        -0.2544201612472534,
        0.0442938432097435,
        -0.08287319540977478,
        -0.6977587342262268,
        1.1129430532455444,
        1.1477586030960083,
        0.07231081277132034
      ],
      [
        -0.25545674562454224,
        0.03943077102303505,
        -0.07711958885192871,
        -0.6367499232292175,
        1.052393913269043,
        1.1489490270614624,
        0.07233994454145432
      ],
      [
        -0.25665396451950073,
        0.034211404621601105,
        -0.0776311606168747,
        -0.5977287292480469,
        0.9826475381851196,
        1.1610649824142456,
        0.072456493973732
      ],
      [
        -0.26015934348106384,
        0.029246386140584946,
        -0.07905802875757217,
        -0.5656428933143616,
        0.9265706539154053,
        1.1779338121414185,
        0.07285948097705841
      ],
      [
        -0.264256089925766,
        0.02204330824315548,
        -0.08234627544879913,
        -0.5729805827140808,
        0.8917700052261353,
        1.1790106296539307,
        0.07289689034223557
      ],
      [
        -0.2659303545951843,
        0.023560991510748863,
        -0.07741119712591171,
        -0.5531609654426575,
        0.8794363141059875,
        1.1866657733917236,
        0.07326744496822357
      ],
      [
        -0.26589205861091614,
        0.02358221635222435,
        -0.07657045871019363,
        -0.5400176644325256,
        0.8602339625358582,
        1.1945008039474487,
        0.07266701012849808
      ],
      [
        -0.26368236541748047,
        0.0249438788741827,
        -0.07666459679603577,
        -0.5610337853431702,
        0.8634418845176697,
        1.195836067199707,
        0.07283537089824677
      ],
      [
        -0.2642894983291626,
        0.026835018768906593,
        -0.06729178875684738,
        -0.5514819025993347,
        0.8059729337692261,
        1.1953383684158325,
        0.07311022281646729
      ],
      [
        -0.2624524235725403,
        0.025586850941181183,
        -0.06480542570352554,
        -0.5648378729820251,
        0.8039986491203308,
        1.1956690549850464,
        0.07330650091171265
      ],
      [
        -0.26004740595817566,
        0.027966447174549103,
        -0.06285995990037918,
        -0.5513380765914917,
        0.8102761507034302,
        1.200007438659668,
        0.07323233038187027
      ],
      [
        -0.25572943687438965,
        0.030376626178622246,
        -0.062112726271152496,
        -0.5454212427139282,
        0.7790853977203369,
        1.2094980478286743,
        0.07371832430362701
      ],
      [
        -0.25368401408195496,
        0.035590577870607376,
        -0.055434539914131165,
        -0.542701244354248,
        0.8067631125450134,
        1.209784984588623,
        0.07363135367631912
      ]
    ],