{
  "sample_name": "sample_000149",
  "payload_path": "/home/sunpeng/sp/umi_project/universal_manipulation_interface/pika_dataset/exports/episode79/sample_000149/payload_raw.json",
  "actions_path": "/home/sunpeng/sp/umi_project/universal_manipulation_interface/pika_dataset/exports/episode79/sample_000149/actions.json",
  "meta": {
    "start_index": 298,
    "obs_horizon": 2,
    "act_horizon": 16,
    "stride": 2,
    "obs_timestamps": [
      1776398615.4913282,
      1776398615.5277436
    ],
    "action_timestamps": [
      1776398615.559781,
      1776398615.5914643,
      1776398615.6278827,
      1776398615.6595488,
      1776398615.6913557,
      1776398615.7277908,
      1776398615.7597885,
      1776398615.7914917,
      1776398615.8278198,
      1776398615.8594987,
      1776398615.8913753,
      1776398615.927768,
      1776398615.9595258,
      1776398615.9914286,
      1776398616.0277767,
      1776398616.059616
    ]
  },
  "payload_pose_validation": {
    "format": "xyz_quat_xyzw",
    "pose_shape": [
      2,
      7
    ],
    "init_pose_shape": [
      7
    ],
    "quat_norm_mean": 1.0,
    "quat_norm_min": 0.9999999999999999,
    "quat_norm_max": 1.0,
    "init_quat_norm": 0.9999999999999999
  },
  "inference": {
    "selected_arm": "arm_l",
    "checkpoint_path": "/home/sunpeng/sp/umi_project/universal_manipulation_interface/data/outputs/2026.04.20/16.30.06_train_diffusion_unet_timm_picknplace/checkpoints",
    "device": "cuda",
    "action_pred_shape": [
      16,
      10
    ],
    "env_action_shape": [
      16,
      7
    ]
  },
  "metrics": {
    "aligned_shape": [
      16,
      7
    ],
    "pred_shape": [
      16,
      7
    ],
    "target_shape": [
      16,
      7
    ],
    "position": {
      "mean_l2_error": 0.0895092636346817,
      "rmse_l2_error": 0.10371097177267075,
      "max_l2_error": 0.14646434783935547,
      "per_axis_mae": [
        0.014350682497024536,
        0.05064110457897186,
        0.06775487214326859
      ],
      "per_axis_rmse": [
        0.018776731565594673,
        0.06783010065555573,
        0.07617399841547012
      ]
    },
    "rotation": {
      "mean_geodesic_rad": 0.3103913962841034,
      "rmse_geodesic_rad": 0.36570239067077637,
      "max_geodesic_rad": 0.5303958654403687,
      "mean_geodesic_deg": 17.784114837646484,
      "rmse_geodesic_deg": 20.953201293945312,
      "max_geodesic_deg": 30.389442443847656
    },
    "gripper": {
      "mean_abs_error": 0.000831112265586853,
      "rmse": 0.0008902762783691287,
      "max_abs_error": 0.0012719854712486267
    },
    "combined_legacy": {
      "mean_abs_error": 0.09320477396249771,
      "max_abs_error": 0.45706021785736084,
      "rmse": 0.15368236601352692
    },
    "pred_action_aligned": [
      [
        -0.23441846668720245,
        0.20748531818389893,
        -0.13155518472194672,
        -1.0257070064544678,
        1.1881821155548096,
        1.0593575239181519,
        0.09582845121622086
      ],
      [
        -0.23504161834716797,
        0.20949716866016388,
        -0.12577185034751892,
        -1.018835425376892,
        1.1740723848342896,
        1.077139973640442,
        0.09607505798339844
      ],
      [
        -0.23712967336177826,
        0.21002426743507385,
        -0.11450782418251038,
        -0.9925417900085449,
        1.1658515930175781,
        1.1056523323059082,
        0.09634815901517868
      ],
      [
        -0.23964253067970276,
        0.21052336692810059,
        -0.0975644513964653,
        -0.9492165446281433,
        1.144291877746582,
        1.1374545097351074,
        0.09653843194246292
      ],
      [
        -0.24356381595134735,
        0.20690184831619263,
        -0.07789524644613266,
        -0.8942698836326599,
        1.1012780666351318,
        1.1771830320358276,
        0.09589151293039322
      ],
      [
        -0.2428547888994217,
        0.20021529495716095,
        -0.05951172858476639,
        -0.8558539152145386,
        1.042231559753418,
        1.2067958116531372,
        0.09626524895429611
      ],
      [
        -0.24348896741867065,
        0.1867719441652298,
        -0.046110108494758606,
        -0.8253719806671143,
        0.9828892350196838,
        1.217300295829773,
        0.09568029642105103
      ],
      [
        -0.24811969697475433,
        0.1725052148103714,
        -0.03677444905042648,
        -0.772416353225708,
        0.9344560503959656,
        1.225591778755188,
        0.09561120718717575
      ],
      [
        -0.2517571449279785,
        0.15695665776729584,
        -0.028618209064006805,
        -0.7247317433357239,
        0.9114299416542053,
        1.2293169498443604,
        0.0958508849143982
      ],
      [
        -0.25697845220565796,
        0.13921654224395752,
        -0.029147878289222717,
        -0.690802812576294,
        0.897123396396637,
        1.2049757242202759,
        0.0959351658821106
      ],
      [
        -0.26109495759010315,
        0.12287595868110657,
        -0.029394082725048065,
        -0.6558353304862976,
        0.8745853304862976,
        1.1733872890472412,
        0.09543505311012268
      ],
      [
        -0.2639036178588867,
        0.11014491319656372,
        -0.032842762768268585,
        -0.6185593008995056,
        0.8651570081710815,
        1.1451267004013062,
        0.09567804634571075
      ],
      [
        -0.2656536102294922,
        0.10077624022960663,
        -0.036214202642440796,
        -0.5918550491333008,
        0.8824555277824402,
        1.113031029701233,
        0.09596120566129684
      ],
      [
        -0.26753923296928406,
        0.09589444100856781,
        -0.04146324098110199,
        -0.5704251527786255,
        0.870394766330719,
        1.101251482963562,
        0.09563843160867691
      ],
      [
        -0.27009066939353943,
        0.09340671449899673,
        -0.04430756717920303,
        -0.5782087445259094,
        0.8718172907829285,
        1.0937573909759521,
        0.09544248878955841
      ],
      [
        -0.2725549042224884,
        0.08905711770057678,
        -0.045390620827674866,
        -0.5849893689155579,
        0.8792607188224792,
        1.0779262781143188,
        0.09553628414869308
      ]
    ],