{
  "sample_name": "sample_000000",
  "payload_path": "/home/sunpeng/sp/umi_project/universal_manipulation_interface/pika_dataset/exports/episode79/sample_000000/payload_raw.json",
  "actions_path": "/home/sunpeng/sp/umi_project/universal_manipulation_interface/pika_dataset/exports/episode79/sample_000000/actions.json",
  "meta": {
    "start_index": 0,
    "obs_horizon": 2,
    "act_horizon": 16,
    "stride": 2,
    "obs_timestamps": [
      1776398605.5274897,
      1776398605.5596511
    ],
    "action_timestamps": [
      1776398605.591197,
      1776398605.6216328,
      1776398605.6595554,
      1776398605.691085,
      1776398605.7215598,
      1776398605.7595732,
      1776398605.7911599,
      1776398605.8596745,
      1776398605.8911698,
      1776398605.9216297,
      1776398605.9595482,
      1776398605.9911747,
      1776398606.0216043,
      1776398606.059558,
      1776398606.091078,
      1776398606.1215608
    ]
  },
  "payload_pose_validation": {
    "format": "xyz_quat_xyzw",
    "pose_shape": [
      2,
      7
    ],
    "init_pose_shape": [
      7
    ],
    "quat_norm_mean": 0.9999999999999999,
    "quat_norm_min": 0.9999999999999999,
    "quat_norm_max": 0.9999999999999999,
    "init_quat_norm": 0.9999999999999999
  },
  "inference": {
    "selected_arm": "arm_l",
    "checkpoint_path": "/home/sunpeng/sp/umi_project/universal_manipulation_interface/data/outputs/2026.04.20/16.30.06_train_diffusion_unet_timm_picknplace/checkpoints",
    "device": "cuda",
    "action_pred_shape": [
      16,
      10
    ],
    "env_action_shape": [
      16,
      7
    ]
  },
  "metrics": {
    "aligned_shape": [
      16,
      7
    ],
    "pred_shape": [
      16,
      7
    ],
    "target_shape": [
      16,
      7
    ],
    "position": {
      "mean_l2_error": 0.026571698486804962,
      "rmse_l2_error": 0.03540236875414848,
      "max_l2_error": 0.07411074638366699,
      "per_axis_mae": [
        0.011758841574192047,
        0.0222502239048481,
        0.006330406758934259
      ],
      "per_axis_rmse": [
        0.014367310330271721,
        0.03087140992283821,
        0.009688355028629303
      ]
    },
    "rotation": {
      "mean_geodesic_rad": 0.18231143057346344,
      "rmse_geodesic_rad": 0.22560226917266846,
      "max_geodesic_rad": 0.45228007435798645,
      "mean_geodesic_deg": 10.445674896240234,
      "rmse_geodesic_deg": 12.926057815551758,
      "max_geodesic_deg": 25.913738250732422
    },
    "gripper": {
      "mean_abs_error": 0.0007069450803101063,
      "rmse": 0.0007167229778133333,
      "max_abs_error": 0.0009368583559989929
    },
    "combined_legacy": {
      "mean_abs_error": 0.0482025183737278,
      "max_abs_error": 0.39408817887306213,
      "rmse": 0.0896608904004097
    },
    "pred_action_aligned": [
      [
        -0.2738836109638214,
        -0.05508128181099892,
        -0.08524066209793091,
        -0.49005207419395447,
        0.9955336451530457,
        0.8496594429016113,
        0.09617619216442108
      ],
      [
        -0.273495078086853,
        -0.05517380312085152,
        -0.08479610085487366,
        -0.5000773668289185,
        0.9741146564483643,
        0.8540502190589905,
        0.09606502205133438
      ],
      [
        -0.27182039618492126,
        -0.05350271612405777,
        -0.0855124294757843,
        -0.5034998655319214,
        0.944464921951294,
        0.86435467004776,
        0.09606515616178513
      ],
      [
        -0.2695240378379822,
        -0.0535624735057354,
        -0.08116035163402557,
        -0.5219429135322571,
        0.9109429121017456,
        0.858893096446991,
        0.09615468233823776
      ],
      [
        -0.2683064937591553,
        -0.0507115013897419,
        -0.08129792660474777,
        -0.5199452638626099,
        0.8930586576461792,
        0.8641451001167297,
        0.09606965631246567
      ],
      [
        -0.2668387293815613,
        -0.04933862388134003,
        -0.0784362331032753,
        -0.5329544544219971,
        0.8765066862106323,
        0.8695663809776306,
        0.09601554274559021
      ],
      [
        -0.2645072638988495,
        -0.046714648604393005,
        -0.07870442420244217,
        -0.5500040650367737,
        0.8885545134544373,
        0.8797079920768738,
        0.09604718536138535
      ],
      [
        -0.2631181478500366,
        -0.043665457516908646,
        -0.0780356153845787,
        -0.5756054520606995,
        0.9068871736526489,
        0.8912511467933655,
        0.09609057754278183
      ],
      [
        -0.2615129053592682,
        -0.04010866582393646,
        -0.07689900696277618,
        -0.6043858528137207,
        0.9184237718582153,
        0.9122008085250854,
        0.09589867293834686
      ],
      [
        -0.2594676911830902,
        -0.03463354706764221,
        -0.07583193480968475,
        -0.6370025277137756,
        0.933874249458313,
        0.9273402094841003,
        0.09579789638519287
      ],
      [
        -0.25492075085639954,
        -0.027274586260318756,
        -0.0749429315328598,
        -0.6705461740493774,
        0.9582067131996155,
        0.9439575672149658,
        0.09590233862400055
      ],
      [
        -0.2519015371799469,
        -0.020155757665634155,
        -0.07872097939252853,
        -0.7156561017036438,
        0.9992631673812866,
        0.959026575088501,
        0.09607326984405518
      ],
      [
        -0.25135770440101624,
        -0.010783124715089798,
        -0.0852966457605362,
        -0.7540872097015381,
        1.046583890914917,
        0.9728131294250488,
        0.09601395577192307
      ],
      [
        -0.2514587938785553,
        -0.003082558512687683,
        -0.0935482308268547,
        -0.7998788356781006,
        1.107418179512024,
        0.9776265621185303,
        0.09601745009422302
      ],
      [
        -0.24919641017913818,
        0.004428490996360779,
        -0.10341247171163559,
        -0.8384935259819031,
        1.158071517944336,
        0.9671685695648193,
        0.09584371745586395
      ],
      [
        -0.24801921844482422,
        0.010045625269412994,
        -0.11412408947944641,
        -0.8716544508934021,
        1.1808836460113525,
        0.9605746865272522,
        0.09577018022537231
      ]
    ],