{
  "sample_name": "sample_000069",
  "payload_path": "/home/sunpeng/sp/umi_project/universal_manipulation_interface/pika_dataset/exports/episode79/sample_000069/payload_raw.json",
  "actions_path": "/home/sunpeng/sp/umi_project/universal_manipulation_interface/pika_dataset/exports/episode79/sample_000069/actions.json",
  "meta": {
    "start_index": 138,
    "obs_horizon": 2,
    "act_horizon": 16,
    "stride": 2,
    "obs_timestamps": [
      1776398610.159488,
      1776398610.1912985
    ],
    "action_timestamps": [
      1776398610.2276928,
      1776398610.2594612,
      1776398610.2913494,
      1776398610.3276358,
      1776398610.3594348,
      1776398610.391309,
      1776398610.427656,
      1776398610.459488,
      1776398610.4913304,
      1776398610.527686,
      1776398610.5595992,
      1776398610.5912726,
      1776398610.6276472,
      1776398610.6594322,
      1776398610.6912158,
      1776398610.7276762
    ]
  },
  "payload_pose_validation": {
    "format": "xyz_quat_xyzw",
    "pose_shape": [
      2,
      7
    ],
    "init_pose_shape": [
      7
    ],
    "quat_norm_mean": 1.0,
    "quat_norm_min": 1.0,
    "quat_norm_max": 1.0,
    "init_quat_norm": 0.9999999999999999
  },
  "inference": {
    "selected_arm": "arm_l",
    "checkpoint_path": "/home/sunpeng/sp/umi_project/universal_manipulation_interface/data/outputs/2026.04.20/16.30.06_train_diffusion_unet_timm_picknplace/checkpoints",
    "device": "cuda",
    "action_pred_shape": [
      16,
      10
    ],
    "env_action_shape": [
      16,
      7
    ]
  },
  "metrics": {
    "aligned_shape": [
      16,
      7
    ],
    "pred_shape": [
      16,
      7
    ],
    "target_shape": [
      16,
      7
    ],
    "position": {
      "mean_l2_error": 0.03743230924010277,
      "rmse_l2_error": 0.04056943953037262,
      "max_l2_error": 0.051579076796770096,
      "per_axis_mae": [
        0.008084729313850403,
        0.010810000821948051,
        0.03395984321832657
      ],
      "per_axis_rmse": [
        0.009338951669633389,
        0.014180220663547516,
        0.03684541583061218
      ]
    },
    "rotation": {
      "mean_geodesic_rad": 0.25228700041770935,
      "rmse_geodesic_rad": 0.2963405251502991,
      "max_geodesic_rad": 0.44116002321243286,
      "mean_geodesic_deg": 14.454980850219727,
      "rmse_geodesic_deg": 16.979061126708984,
      "max_geodesic_deg": 25.2766056060791
    },
    "gripper": {
      "mean_abs_error": 0.0005111834034323692,
      "rmse": 0.0006638186750933528,
      "max_abs_error": 0.0018129348754882812
    },
    "combined_legacy": {
      "mean_abs_error": 0.06828110665082932,
      "max_abs_error": 0.358747661113739,
      "rmse": 0.12180549651384354
    },
    "pred_action_aligned": [
      [
        -0.231299489736557,
        0.035281844437122345,
        -0.13562420010566711,
        -1.0689953565597534,
        1.305762767791748,
        0.9550343751907349,
        0.07229837030172348
      ],
      [
        -0.23378166556358337,
        0.035299647599458694,
        -0.12713316082954407,
        -1.0235881805419922,
        1.3056159019470215,
        0.9583100080490112,
        0.0718909353017807
      ],
      [
        -0.23248425126075745,
        0.03505206108093262,
        -0.12160428613424301,
        -0.9869985580444336,
        1.3023552894592285,
        0.9851832985877991,
        0.07197532802820206
      ],
      [
        -0.235390767455101,
        0.037889525294303894,
        -0.11173513531684875,
        -0.9378977417945862,
        1.2806472778320312,
        0.998910665512085,
        0.07253363728523254
      ],
      [
        -0.23525424301624298,
        0.03884449601173401,
        -0.10062187910079956,
        -0.8931089639663696,
        1.234859585762024,
        1.0267176628112793,
        0.07260823994874954
      ],
      [
        -0.2369183599948883,
        0.04096822813153267,
        -0.08850013464689255,
        -0.8386821746826172,
        1.1920437812805176,
        1.044028878211975,
        0.07230719178915024
      ],
      [
        -0.24167609214782715,
        0.03360661864280701,
        -0.08765672147274017,
        -0.8144868016242981,
        1.1647342443466187,
        1.0733672380447388,
        0.07272060960531235
      ],
      [
        -0.2490566074848175,
        0.03303647041320801,
        -0.08399400115013123,
        -0.7637664079666138,
        1.1248184442520142,
        1.1015411615371704,
        0.07249186187982559
      ],
      [
        -0.25023844838142395,
        0.027692332863807678,
        -0.07966408133506775,
        -0.7015013694763184,
        1.1018540859222412,
        1.116853952407837,
        0.0726049467921257
      ],
      [
        -0.2533406615257263,
        0.023052584379911423,
        -0.0728069394826889,
        -0.6515997052192688,
        1.0703715085983276,
        1.1277230978012085,
        0.07319387048482895
      ],
      [
        -0.2561044991016388,
        0.02086806297302246,
        -0.07252632081508636,
        -0.6252130270004272,
        1.0201143026351929,
        1.1155380010604858,
        0.0729759931564331
      ],
      [
        -0.2581207752227783,
        0.01967732608318329,
        -0.06999712437391281,
        -0.6161550879478455,
        0.9611306190490723,
        1.1408387422561646,
        0.07302998006343842
      ],
      [
        -0.25983476638793945,
        0.017314717173576355,
        -0.07207898050546646,
        -0.5809949636459351,
        0.93619304895401,
        1.1413447856903076,
        0.07463230192661285
      ],
      [
        -0.2625865936279297,
        0.01716694049537182,
        -0.07087340205907822,
        -0.6092163324356079,
        0.9043132662773132,
        1.153430461883545,
        0.07370089739561081
      ],
      [
        -0.26400771737098694,
        0.013952717185020447,
        -0.06966590136289597,
        -0.5725366473197937,
        0.8997763991355896,
        1.1255820989608765,
        0.07304517924785614
      ],
      [
        -0.25998884439468384,
        0.014743771404027939,
        -0.0659613087773323,
        -0.5595850944519043,
        0.868073046207428,
        1.1320369243621826,
        0.07339309900999069
      ]
    ],