{
  "sample_name": "sample_000011",
  "payload_path": "/home/sunpeng/sp/umi_project/universal_manipulation_interface/pika_dataset/exports/episode79/sample_000011/payload_raw.json",
  "actions_path": "/home/sunpeng/sp/umi_project/universal_manipulation_interface/pika_dataset/exports/episode79/sample_000011/actions.json",
  "meta": {
    "start_index": 22,
    "obs_horizon": 2,
    "act_horizon": 16,
    "stride": 2,
    "obs_timestamps": [
      1776398606.2911484,
      1776398606.321565
    ],
    "action_timestamps": [
      1776398606.3595877,
      1776398606.3911555,
      1776398606.4215672,
      1776398606.4597626,
      1776398606.491232,
      1776398606.5215523,
      1776398606.5595968,
      1776398606.5912998,
      1776398606.6216214,
      1776398606.659729,
      1776398606.6912098,
      1776398606.7215998,
      1776398606.7596703,
      1776398606.7912264,
      1776398606.8216267,
      1776398606.859708
    ]
  },
  "payload_pose_validation": {
    "format": "xyz_quat_xyzw",
    "pose_shape": [
      2,
      7
    ],
    "init_pose_shape": [
      7
    ],
    "quat_norm_mean": 1.0,
    "quat_norm_min": 1.0,
    "quat_norm_max": 1.0000000000000002,
    "init_quat_norm": 0.9999999999999999
  },
  "inference": {
    "selected_arm": "arm_l",
    "checkpoint_path": "/home/sunpeng/sp/umi_project/universal_manipulation_interface/data/outputs/2026.04.20/16.30.06_train_diffusion_unet_timm_picknplace/checkpoints",
    "device": "cuda",
    "action_pred_shape": [
      16,
      10
    ],
    "env_action_shape": [
      16,
      7
    ]
  },
  "metrics": {
    "aligned_shape": [
      16,
      7
    ],
    "pred_shape": [
      16,
      7
    ],
    "target_shape": [
      16,
      7
    ],
    "position": {
      "mean_l2_error": 0.02849668823182583,
      "rmse_l2_error": 0.03486911952495575,
      "max_l2_error": 0.06780552864074707,
      "per_axis_mae": [
        0.007577572017908096,
        0.01691155880689621,
        0.02082838863134384
      ],
      "per_axis_rmse": [
        0.008780055679380894,
        0.02146383374929428,
        0.02603977732360363
      ]
    },
    "rotation": {
      "mean_geodesic_rad": 0.15134984254837036,
      "rmse_geodesic_rad": 0.19547690451145172,
      "max_geodesic_rad": 0.3775025010108948,
      "mean_geodesic_deg": 8.671707153320312,
      "rmse_geodesic_deg": 11.20000171661377,
      "max_geodesic_deg": 21.62929916381836
    },
    "gripper": {
      "mean_abs_error": 0.0006948439404368401,
      "rmse": 0.0008409020374529064,
      "max_abs_error": 0.00197775661945343
    },
    "combined_legacy": {
      "mean_abs_error": 0.03909802436828613,
      "max_abs_error": 0.28393006324768066,
      "rmse": 0.07738387584686279
    },
    "pred_action_aligned": [
      [
        -0.2772780954837799,
        -0.04974295198917389,
        -0.09396135807037354,
        -0.4860564172267914,
        0.9075394868850708,
        0.8713458776473999,
        0.0966576412320137
      ],
      [
        -0.2773260772228241,
        -0.04976997151970863,
        -0.09630867093801498,
        -0.5011327862739563,
        0.9036932587623596,
        0.87124103307724,
        0.0963883176445961
      ],
      [
        -0.278539776802063,
        -0.04868896305561066,
        -0.10124745965003967,
        -0.5037021040916443,
        0.9072850346565247,
        0.8826886415481567,
        0.09591775387525558
      ],
      [
        -0.27862048149108887,
        -0.04385621100664139,
        -0.10308723151683807,
        -0.5311387777328491,
        0.8890624046325684,
        0.8949463367462158,
        0.09643596410751343
      ],
      [
        -0.27543845772743225,
        -0.041867323219776154,
        -0.09885318577289581,
        -0.5370976328849792,
        0.8778311610221863,
        0.8882007598876953,
        0.09658563137054443
      ],
      [
        -0.2728610038757324,
        -0.037002064287662506,
        -0.09798987209796906,
        -0.5618799328804016,
        0.8711069822311401,
        0.8937450051307678,
        0.09644269943237305
      ],
      [
        -0.26887276768684387,
        -0.03400062024593353,
        -0.09304969012737274,
        -0.5725030303001404,
        0.8751692771911621,
        0.8986838459968567,
        0.09622068703174591
      ],
      [
        -0.2648458182811737,
        -0.028681010007858276,
        -0.09408801048994064,
        -0.6118150353431702,
        0.8851540684700012,
        0.8946880102157593,
        0.09610901027917862
      ],
      [
        -0.2617079019546509,
        -0.02363072894513607,
        -0.09611338376998901,
        -0.6584497094154358,
        0.9085532426834106,
        0.8981815576553345,
        0.09603706747293472
      ],
      [
        -0.258872926235199,
        -0.01703188568353653,
        -0.10047484934329987,
        -0.6895272731781006,
        0.9456502199172974,
        0.9065507054328918,
        0.09619661420583725
      ],
      [
        -0.2567468285560608,
        -0.012293409556150436,
        -0.10381481051445007,
        -0.7254546284675598,
        0.9898490309715271,
        0.9182871580123901,
        0.0958671122789383
      ],
      [
        -0.2564918100833893,
        -0.008765842765569687,
        -0.10963544249534607,
        -0.7672226428985596,
        1.0411370992660522,
        0.9260353446006775,
        0.0957135409116745
      ],
      [
        -0.2529240548610687,
        -0.004288088530302048,
        -0.11434399336576462,
        -0.8043627142906189,
        1.0680981874465942,
        0.9334841966629028,
        0.09571213275194168
      ],
      [
        -0.2507977783679962,
        -0.0010994412004947662,
        -0.1182250902056694,
        -0.8337185978889465,
        1.1037269830703735,
        0.9350510835647583,
        0.09573133289813995
      ],
      [
        -0.2514289319515228,
        0.0019682832062244415,
        -0.12372491508722305,
        -0.8664997220039368,
        1.1428037881851196,
        0.9263983368873596,
        0.09545032680034637
      ],
      [
        -0.24839472770690918,
        0.00819837674498558,
        -0.1316961646080017,
        -0.8770305514335632,
        1.175251841545105,
        0.9183184504508972,
        0.09472928196191788
      ]
    ],