{
  "sample_name": "sample_000112",
  "payload_path": "/home/sunpeng/sp/umi_project/universal_manipulation_interface/pika_dataset/exports/episode79/sample_000112/payload_raw.json",
  "actions_path": "/home/sunpeng/sp/umi_project/universal_manipulation_interface/pika_dataset/exports/episode79/sample_000112/actions.json",
  "meta": {
    "start_index": 224,
    "obs_horizon": 2,
    "act_horizon": 16,
    "stride": 2,
    "obs_timestamps": [
      1776398613.0276139,
      1776398613.0594413
    ],
    "action_timestamps": [
      1776398613.09128,
      1776398613.1277084,
      1776398613.1595042,
      1776398613.191496,
      1776398613.2277737,
      1776398613.259651,
      1776398613.291426,
      1776398613.3277295,
      1776398613.3595564,
      1776398613.3913634,
      1776398613.427778,
      1776398613.459609,
      1776398613.4913442,
      1776398613.527935,
      1776398613.559702,
      1776398613.5914123
    ]
  },
  "payload_pose_validation": {
    "format": "xyz_quat_xyzw",
    "pose_shape": [
      2,
      7
    ],
    "init_pose_shape": [
      7
    ],
    "quat_norm_mean": 1.0,
    "quat_norm_min": 1.0,
    "quat_norm_max": 1.0,
    "init_quat_norm": 0.9999999999999999
  },
  "inference": {
    "selected_arm": "arm_l",
    "checkpoint_path": "/home/sunpeng/sp/umi_project/universal_manipulation_interface/data/outputs/2026.04.20/16.30.06_train_diffusion_unet_timm_picknplace/checkpoints",
    "device": "cuda",
    "action_pred_shape": [
      16,
      10
    ],
    "env_action_shape": [
      16,
      7
    ]
  },
  "metrics": {
    "aligned_shape": [
      16,
      7
    ],
    "pred_shape": [
      16,
      7
    ],
    "target_shape": [
      16,
      7
    ],
    "position": {
      "mean_l2_error": 0.027803931385278702,
      "rmse_l2_error": 0.03034147433936596,
      "max_l2_error": 0.04169895872473717,
      "per_axis_mae": [
        0.007095114327967167,
        0.018488449975848198,
        0.019288260489702225
      ],
      "per_axis_rmse": [
        0.007800134364515543,
        0.020304938778281212,
        0.021153545007109642
      ]
    },
    "rotation": {
      "mean_geodesic_rad": 0.1467767208814621,
      "rmse_geodesic_rad": 0.15811830759048462,
      "max_geodesic_rad": 0.20771478116512299,
      "mean_geodesic_deg": 8.409686088562012,
      "rmse_geodesic_deg": 9.059511184692383,
      "max_geodesic_deg": 11.901179313659668
    },
    "gripper": {
      "mean_abs_error": 0.0003634379245340824,
      "rmse": 0.0004870248958468437,
      "max_abs_error": 0.0010681971907615662
    },
    "combined_legacy": {
      "mean_abs_error": 0.045621633529663086,
      "max_abs_error": 0.171039879322052,
      "rmse": 0.06774856150150299
    },
    "pred_action_aligned": [
      [
        -0.2421320527791977,
        0.12436515837907791,
        -0.06311634927988052,
        -0.7378537654876709,
        0.9291559457778931,
        1.1993969678878784,
        0.0735330581665039
      ],
      [
        -0.24138054251670837,
        0.13555796444416046,
        -0.07193848490715027,
        -0.7787900567054749,
        0.9767844676971436,
        1.1893656253814697,
        0.07354701310396194
      ],
      [
        -0.24017265439033508,
        0.14700819551944733,
        -0.08088794350624084,
        -0.8229137659072876,
        1.024924635887146,
        1.174293875694275,
        0.07343534380197525
      ],
      [
        -0.23963867127895355,
        0.15726304054260254,
        -0.0893908366560936,
        -0.8638489842414856,
        1.0626976490020752,
        1.1577030420303345,
        0.0734284520149231
      ],
      [
        -0.23862594366073608,
        0.16630211472511292,
        -0.09728440642356873,
        -0.8975769877433777,
        1.1009374856948853,
        1.1393414735794067,
        0.07338729500770569
      ],
      [
        -0.23782970011234283,
        0.17323510348796844,
        -0.10579755157232285,
        -0.9313004612922668,
        1.1364386081695557,
        1.1188143491744995,
        0.07339169830083847
      ],
      [
        -0.2362772822380066,
        0.1807214319705963,
        -0.11399146914482117,
        -0.9688222408294678,
        1.1552002429962158,
        1.0947946310043335,
        0.07314731180667877
      ],
      [
        -0.23493419587612152,
        0.18681293725967407,
        -0.12136681377887726,
        -0.9998061656951904,
        1.1754529476165771,
        1.0742260217666626,
        0.07318935543298721
      ],
      [
        -0.23434843122959137,
        0.19034183025360107,
        -0.12772583961486816,
        -1.0222798585891724,
        1.1921719312667847,
        1.0551217794418335,
        0.07325757294893265
      ],
      [
        -0.23459969460964203,
        0.19364860653877258,
        -0.13165730237960815,
        -1.03898024559021,
        1.2066655158996582,
        1.0413700342178345,
        0.07315374165773392
      ],
      [
        -0.2342413365840912,
        0.19466309249401093,
        -0.13333891332149506,
        -1.0430362224578857,
        1.2122282981872559,
        1.028166651725769,
        0.07303231209516525
      ],
      [
        -0.23359191417694092,
        0.19612476229667664,
        -0.13547012209892273,
        -1.0388257503509521,
        1.217699646949768,
        1.021737813949585,
        0.073065847158432
      ],
      [
        -0.23419685661792755,
        0.19620034098625183,
        -0.13465964794158936,
        -1.0252355337142944,
        1.2226378917694092,
        1.0167038440704346,
        0.07292930781841278
      ],
      [
        -0.23384708166122437,
        0.1976485401391983,
        -0.132926806807518,
        -1.0157510042190552,
        1.2250134944915771,
        1.017756700515747,
        0.07260545343160629
      ],
      [
        -0.2332441806793213,
        0.19792485237121582,
        -0.13212645053863525,
        -1.0140533447265625,
        1.228852391242981,
        1.014984369277954,
        0.07254788279533386
      ],
      [
        -0.23220810294151306,
        0.1986907571554184,
        -0.13320523500442505,
        -1.0178321599960327,
        1.231636643409729,
        1.0116392374038696,
        0.07240801304578781
      ]
    ],