{
  "sample_name": "sample_000067",
  "payload_path": "/home/sunpeng/sp/umi_project/universal_manipulation_interface/pika_dataset/exports/episode79/sample_000067/payload_raw.json",
  "actions_path": "/home/sunpeng/sp/umi_project/universal_manipulation_interface/pika_dataset/exports/episode79/sample_000067/actions.json",
  "meta": {
    "start_index": 134,
    "obs_horizon": 2,
    "act_horizon": 16,
    "stride": 2,
    "obs_timestamps": [
      1776398610.0276623,
      1776398610.0595322
    ],
    "action_timestamps": [
      1776398610.0913184,
      1776398610.127669,
      1776398610.159488,
      1776398610.1912985,
      1776398610.2276928,
      1776398610.2594612,
      1776398610.2913494,
      1776398610.3276358,
      1776398610.3594348,
      1776398610.391309,
      1776398610.427656,
      1776398610.459488,
      1776398610.4913304,
      1776398610.527686,
      1776398610.5595992,
      1776398610.5912726
    ]
  },
  "payload_pose_validation": {
    "format": "xyz_quat_xyzw",
    "pose_shape": [
      2,
      7
    ],
    "init_pose_shape": [
      7
    ],
    "quat_norm_mean": 1.0,
    "quat_norm_min": 1.0,
    "quat_norm_max": 1.0,
    "init_quat_norm": 0.9999999999999999
  },
  "inference": {
    "selected_arm": "arm_l",
    "checkpoint_path": "/home/sunpeng/sp/umi_project/universal_manipulation_interface/data/outputs/2026.04.20/16.30.06_train_diffusion_unet_timm_picknplace/checkpoints",
    "device": "cuda",
    "action_pred_shape": [
      16,
      10
    ],
    "env_action_shape": [
      16,
      7
    ]
  },
  "metrics": {
    "aligned_shape": [
      16,
      7
    ],
    "pred_shape": [
      16,
      7
    ],
    "target_shape": [
      16,
      7
    ],
    "position": {
      "mean_l2_error": 0.017577780410647392,
      "rmse_l2_error": 0.020625166594982147,
      "max_l2_error": 0.03506535291671753,
      "per_axis_mae": [
        0.005110385827720165,
        0.0038357216399163008,
        0.01461106352508068
      ],
      "per_axis_rmse": [
        0.0059502520598471165,
        0.004948453512042761,
        0.019118178635835648
      ]
    },
    "rotation": {
      "mean_geodesic_rad": 0.12113971263170242,
      "rmse_geodesic_rad": 0.1505824327468872,
      "max_geodesic_rad": 0.2861579656600952,
      "mean_geodesic_deg": 6.940794944763184,
      "rmse_geodesic_deg": 8.627737998962402,
      "max_geodesic_deg": 16.39564323425293
    },
    "gripper": {
      "mean_abs_error": 0.0005840561352670193,
      "rmse": 0.0007474125595763326,
      "max_abs_error": 0.001743502914905548
    },
    "combined_legacy": {
      "mean_abs_error": 0.03231420740485191,
      "max_abs_error": 0.2511739730834961,
      "rmse": 0.06376035511493683
    },
    "pred_action_aligned": [
      [
        -0.226576030254364,
        0.032677002251148224,
        -0.1307310312986374,
        -1.077298641204834,
        1.328527569770813,
        0.9460280537605286,
        0.07228687405586243
      ],
      [
        -0.2291000336408615,
        0.03640886768698692,
        -0.1258293092250824,
        -1.0895994901657104,
        1.333516001701355,
        0.9679949879646301,
        0.07237754017114639
      ],
      [
        -0.2279912680387497,
        0.033518992364406586,
        -0.1320764273405075,
        -1.0632212162017822,
        1.327621340751648,
        0.9549615383148193,
        0.07237942516803741
      ],
      [
        -0.22538810968399048,
        0.03271900489926338,
        -0.1306975930929184,
        -1.0890902280807495,
        1.3423388004302979,
        0.9475972056388855,
        0.07222827523946762
      ],
      [
        -0.22661054134368896,
        0.02945110946893692,
        -0.130479633808136,
        -1.0942394733428955,
        1.375545859336853,
        0.9255205988883972,
        0.07278074324131012
      ],
      [
        -0.23059706389904022,
        0.03559677302837372,
        -0.1338234394788742,
        -1.0435129404067993,
        1.3676187992095947,
        0.9397428631782532,
        0.07189923524856567
      ],
      [
        -0.23122352361679077,
        0.0328427255153656,
        -0.1364171802997589,
        -1.0449851751327515,
        1.3689132928848267,
        0.9413073658943176,
        0.07275669276714325
      ],
      [
        -0.22921431064605713,
        0.027279915288090706,
        -0.1320084184408188,
        -0.9804577231407166,
        1.3471894264221191,
        0.947259783744812,
        0.07364777475595474
      ],
      [
        -0.22919349372386932,
        0.038935620337724686,
        -0.12016728520393372,
        -0.981593132019043,
        1.2778764963150024,
        0.9900519251823425,
        0.07107586413621902
      ],
      [
        -0.23651903867721558,
        0.033743128180503845,
        -0.10362012684345245,
        -0.8831915855407715,
        1.303709864616394,
        1.047850489616394,
        0.07187124341726303
      ],
      [
        -0.24245022237300873,
        0.03773166239261627,
        -0.10247480869293213,
        -0.8154167532920837,
        1.2478690147399902,
        1.0529104471206665,
        0.07242189347743988
      ],
      [
        -0.24351143836975098,
        0.0363653339445591,
        -0.1015404611825943,
        -0.7746753096580505,
        1.2523467540740967,
        1.0746550559997559,
        0.07293232530355453
      ],
      [
        -0.24767638742923737,
        0.04029066488146782,
        -0.09101602435112,
        -0.7142159342765808,
        1.2285563945770264,
        1.0881729125976562,
        0.0729794129729271
      ],
      [
        -0.25200727581977844,
        0.027888696640729904,
        -0.09616328775882721,
        -0.7263448238372803,
        1.156595230102539,
        1.1292054653167725,
        0.072859987616539
      ],
      [
        -0.24798819422721863,
        0.03293471410870552,
        -0.08416126668453217,
        -0.6940659284591675,
        1.1342209577560425,
        1.0808680057525635,
        0.07159770280122757
      ],
      [
        -0.2501490116119385,
        0.031563229858875275,
        -0.08982884883880615,
        -0.6732587218284607,
        1.093032717704773,
        1.1389576196670532,
        0.0736846849322319
      ]
    ],