{
  "sample_name": "sample_000160",
  "payload_path": "/home/sunpeng/sp/umi_project/universal_manipulation_interface/pika_dataset/exports/episode79/sample_000160/payload_raw.json",
  "actions_path": "/home/sunpeng/sp/umi_project/universal_manipulation_interface/pika_dataset/exports/episode79/sample_000160/actions.json",
  "meta": {
    "start_index": 320,
    "obs_horizon": 2,
    "act_horizon": 16,
    "stride": 2,
    "obs_timestamps": [
      1776398616.227772,
      1776398616.2595558
    ],
    "action_timestamps": [
      1776398616.2914371,
      1776398616.3277771,
      1776398616.359539,
      1776398616.3914185,
      1776398616.42781,
      1776398616.4597301,
      1776398616.4914372,
      1776398616.5278795,
      1776398616.559892,
      1776398616.5914965,
      1776398616.6278436,
      1776398616.659625,
      1776398616.691384,
      1776398616.727801,
      1776398616.7595997,
      1776398616.791461
    ]
  },
  "payload_pose_validation": {
    "format": "xyz_quat_xyzw",
    "pose_shape": [
      2,
      7
    ],
    "init_pose_shape": [
      7
    ],
    "quat_norm_mean": 1.0,
    "quat_norm_min": 0.9999999999999999,
    "quat_norm_max": 1.0,
    "init_quat_norm": 0.9999999999999999
  },
  "inference": {
    "selected_arm": "arm_l",
    "checkpoint_path": "/home/sunpeng/sp/umi_project/universal_manipulation_interface/data/outputs/2026.04.20/16.30.06_train_diffusion_unet_timm_picknplace/checkpoints",
    "device": "cuda",
    "action_pred_shape": [
      16,
      10
    ],
    "env_action_shape": [
      16,
      7
    ]
  },
  "metrics": {
    "aligned_shape": [
      16,
      7
    ],
    "pred_shape": [
      16,
      7
    ],
    "target_shape": [
      16,
      7
    ],
    "position": {
      "mean_l2_error": 0.028787538409233093,
      "rmse_l2_error": 0.03413327410817146,
      "max_l2_error": 0.07084104418754578,
      "per_axis_mae": [
        0.006960300728678703,
        0.01911073923110962,
        0.013023871928453445
      ],
      "per_axis_rmse": [
        0.009599704295396805,
        0.028393715620040894,
        0.016331655904650688
      ]
    },
    "rotation": {
      "mean_geodesic_rad": 0.09350056201219559,
      "rmse_geodesic_rad": 0.10106782615184784,
      "max_geodesic_rad": 0.16567568480968475,
      "mean_geodesic_deg": 5.357187271118164,
      "rmse_geodesic_deg": 5.790759563446045,
      "max_geodesic_deg": 9.49251651763916
    },
    "gripper": {
      "mean_abs_error": 0.000588614959269762,
      "rmse": 0.0006843571318313479,
      "max_abs_error": 0.0010877326130867004
    },
    "combined_legacy": {
      "mean_abs_error": 0.028348654508590698,
      "max_abs_error": 0.13593775033950806,
      "rmse": 0.04341078922152519
    },
    "pred_action_aligned": [
      [
        -0.23747572302818298,
        0.20467308163642883,
        -0.11174516379833221,
        -0.9969895482063293,
        1.1500184535980225,
        1.1232188940048218,
        0.09653756767511368
      ],
      [
        -0.23928961157798767,
        0.2044386863708496,
        -0.10969454050064087,
        -0.9752019047737122,
        1.153694987297058,
        1.1401426792144775,
        0.09653457999229431
      ],
      [
        -0.23824261128902435,
        0.2053188532590866,
        -0.10998502373695374,
        -0.9629867672920227,
        1.1551620960235596,
        1.1620769500732422,
        0.09660094976425171
      ],
      [
        -0.24066594243049622,
        0.20482893288135529,
        -0.10953482985496521,
        -0.9742573499679565,
        1.1260509490966797,
        1.1715967655181885,
        0.096420519053936
      ],
      [
        -0.2369975745677948,
        0.20152154564857483,
        -0.10697069764137268,
        -0.9876533150672913,
        1.109239935874939,
        1.1722395420074463,
        0.09578105807304382
      ],
      [
        -0.24168623983860016,
        0.20146037638187408,
        -0.09544111788272858,
        -0.9563189148902893,
        1.1033636331558228,
        1.190028190612793,
        0.09613347798585892
      ],
      [
        -0.24544624984264374,
        0.2027156502008438,
        -0.07986646890640259,
        -0.920014500617981,
        1.0572468042373657,
        1.2156322002410889,
        0.09664158523082733
      ],
      [
        -0.24481377005577087,
        0.19839492440223694,
        -0.06325177848339081,
        -0.867209255695343,
        0.99172043800354,
        1.2366148233413696,
        0.09616487473249435
      ],
      [
        -0.24681149423122406,
        0.19134700298309326,
        -0.046942614018917084,
        -0.8058481216430664,
        0.9343999028205872,
        1.2420517206192017,
        0.09614410251379013
      ],
      [
        -0.24639351665973663,
        0.1775212436914444,
        -0.0327344611287117,
        -0.7715381979942322,
        0.8717090487480164,
        1.2397114038467407,
        0.0958009883761406
      ],
      [
        -0.25154373049736023,
        0.16232112050056458,
        -0.028889454901218414,
        -0.7389200925827026,
        0.855766236782074,
        1.243712067604065,
        0.09584061056375504
      ],
      [
        -0.255068302154541,
        0.14500218629837036,
        -0.024256974458694458,
        -0.7186923623085022,
        0.8232071399688721,
        1.2356806993484497,
        0.09564194828271866
      ],
      [
        -0.2592509984970093,
        0.1304917335510254,
        -0.023679867386817932,
        -0.7003923058509827,
        0.8236533999443054,
        1.2385952472686768,
        0.09633739292621613
      ],
      [
        -0.2647038698196411,
        0.11114465445280075,
        -0.02393282949924469,
        -0.6663182377815247,
        0.8288702964782715,
        1.2429935932159424,
        0.09570985287427902
      ],
      [
        -0.26969894766807556,
        0.09571577608585358,
        -0.023351050913333893,
        -0.6428054571151733,
        0.8224604725837708,
        1.252550482749939,
        0.0956193059682846
      ],
      [
        -0.2764962315559387,
        0.0802762508392334,
        -0.03236459940671921,
        -0.5899179577827454,
        0.7807245850563049,
        1.2447444200515747,
        0.09598596394062042
      ]
    ],