{
  "sample_name": "sample_000044",
  "payload_path": "/home/sunpeng/sp/umi_project/universal_manipulation_interface/pika_dataset/exports/episode79/sample_000044/payload_raw.json",
  "actions_path": "/home/sunpeng/sp/umi_project/universal_manipulation_interface/pika_dataset/exports/episode79/sample_000044/actions.json",
  "meta": {
    "start_index": 88,
    "obs_horizon": 2,
    "act_horizon": 16,
    "stride": 2,
    "obs_timestamps": [
      1776398608.4911988,
      1776398608.5216491
    ],
    "action_timestamps": [
      1776398608.559694,
      1776398608.5913665,
      1776398608.6217334,
      1776398608.6594543,
      1776398608.6912901,
      1776398608.7215853,
      1776398608.759486,
      1776398608.7913468,
      1776398608.821696,
      1776398608.859422,
      1776398608.891301,
      1776398608.9216907,
      1776398608.9594975,
      1776398608.9912822,
      1776398609.021676,
      1776398609.0594063
    ]
  },
  "payload_pose_validation": {
    "format": "xyz_quat_xyzw",
    "pose_shape": [
      2,
      7
    ],
    "init_pose_shape": [
      7
    ],
    "quat_norm_mean": 1.0,
    "quat_norm_min": 0.9999999999999999,
    "quat_norm_max": 1.0,
    "init_quat_norm": 0.9999999999999999
  },
  "inference": {
    "selected_arm": "arm_l",
    "checkpoint_path": "/home/sunpeng/sp/umi_project/universal_manipulation_interface/data/outputs/2026.04.20/16.30.06_train_diffusion_unet_timm_picknplace/checkpoints",
    "device": "cuda",
    "action_pred_shape": [
      16,
      10
    ],
    "env_action_shape": [
      16,
      7
    ]
  },
  "metrics": {
    "aligned_shape": [
      16,
      7
    ],
    "pred_shape": [
      16,
      7
    ],
    "target_shape": [
      16,
      7
    ],
    "position": {
      "mean_l2_error": 0.010025717318058014,
      "rmse_l2_error": 0.011204314418137074,
      "max_l2_error": 0.021286871284246445,
      "per_axis_mae": [
        0.002914533019065857,
        0.0021706619299948215,
        0.008659060113132
      ],
      "per_axis_rmse": [
        0.003801422892138362,
        0.003029400948435068,
        0.010094978846609592
      ]
    },
    "rotation": {
      "mean_geodesic_rad": 0.031025130301713943,
      "rmse_geodesic_rad": 0.03386494144797325,
      "max_geodesic_rad": 0.06307022273540497,
      "mean_geodesic_deg": 1.7776089906692505,
      "rmse_geodesic_deg": 1.9403181076049805,
      "max_geodesic_deg": 3.6136574745178223
    },
    "gripper": {
      "mean_abs_error": 0.01423640176653862,
      "rmse": 0.01707182265818119,
      "max_abs_error": 0.025617197155952454
    },
    "combined_legacy": {
      "mean_abs_error": 0.012040729634463787,
      "max_abs_error": 0.05218541622161865,
      "rmse": 0.01676420122385025
    },
    "pred_action_aligned": [
      [
        -0.23521311581134796,
        0.02939639613032341,
        -0.1509370505809784,
        -1.0468854904174805,
        1.3217467069625854,
        0.9331753253936768,
        0.09546390920877457
      ],
      [
        -0.23237934708595276,
        0.02789073809981346,
        -0.15255293250083923,
        -1.0613837242126465,
        1.3107472658157349,
        0.9492733478546143,
        0.09196944534778595
      ],
      [
        -0.23252929747104645,
        0.02720835991203785,
        -0.15102246403694153,
        -1.0603110790252686,
        1.3090685606002808,
        0.949930727481842,
        0.0942046269774437
      ],
      [
        -0.2343708723783493,
        0.02614995650947094,
        -0.14717870950698853,
        -1.0632721185684204,
        1.3213106393814087,
        0.9559023976325989,
        0.09013774245977402
      ],
      [
        -0.23553146421909332,
        0.025128943845629692,
        -0.14543560147285461,
        -1.0497311353683472,
        1.3119938373565674,
        0.9521695375442505,
        0.08748068660497665
      ],
      [
        -0.23639430105686188,
        0.02611703984439373,
        -0.14451734721660614,
        -1.0472497940063477,
        1.3222906589508057,
        0.9639004468917847,
        0.08856561034917831
      ],
      [
        -0.23339053988456726,
        0.02818319760262966,
        -0.14462730288505554,
        -1.043157935142517,
        1.3193846940994263,
        0.9629350304603577,
        0.09019473195075989
      ],
      [
        -0.2357797771692276,
        0.025755949318408966,
        -0.1452168971300125,
        -1.0615156888961792,
        1.3245658874511719,
        0.9582046270370483,
        0.09007544070482254
      ],
      [
        -0.23593105375766754,
        0.024703893810510635,
        -0.14716441929340363,
        -1.0565814971923828,
        1.3230485916137695,
        0.9520687460899353,
        0.08714932948350906
      ],
      [
        -0.23294062912464142,
        0.025380199775099754,
        -0.14957699179649353,
        -1.0792903900146484,
        1.3164427280426025,
        0.9474133253097534,
        0.07281703501939774
      ],
      [
        -0.23061667382717133,
        0.0251048281788826,
        -0.14683367311954498,
        -1.0831586122512817,
        1.3360576629638672,
        0.9469553232192993,
        0.07108984142541885
      ],
      [
        -0.23008424043655396,
        0.027262620627880096,
        -0.1383972316980362,
        -1.0698531866073608,
        1.3419874906539917,
        0.9419182538986206,
        0.07178124040365219
      ],
      [
        -0.22836847603321075,
        0.029807191342115402,
        -0.13772651553153992,
        -1.084213137626648,
        1.341457486152649,
        0.950989842414856,
        0.07180619239807129
      ],
      [
        -0.2276889979839325,
        0.032265011221170425,
        -0.13814224302768707,
        -1.0818594694137573,
        1.3145767450332642,
        0.9503504037857056,
        0.07219615578651428
      ],
      [
        -0.2279052436351776,
        0.034501418471336365,
        -0.13513650000095367,
        -1.0760068893432617,
        1.3119133710861206,
        0.9703752398490906,
        0.07230918109416962
      ],
      [
        -0.22978517413139343,
        0.03589856997132301,
        -0.13099665939807892,
        -1.0571281909942627,
        1.3013265132904053,
        0.9878005981445312,
        0.07228901237249374
      ]
    ],