{
  "sample_name": "sample_000090",
  "payload_path": "/home/sunpeng/sp/umi_project/universal_manipulation_interface/pika_dataset/exports/episode79/sample_000090/payload_raw.json",
  "actions_path": "/home/sunpeng/sp/umi_project/universal_manipulation_interface/pika_dataset/exports/episode79/sample_000090/actions.json",
  "meta": {
    "start_index": 180,
    "obs_horizon": 2,
    "act_horizon": 16,
    "stride": 2,
    "obs_timestamps": [
      1776398611.5596828,
      1776398611.59132
    ],
    "action_timestamps": [
      1776398611.6276617,
      1776398611.6594505,
      1776398611.6912773,
      1776398611.7277238,
      1776398611.7595322,
      1776398611.7913105,
      1776398611.8276927,
      1776398611.8595483,
      1776398611.8914282,
      1776398611.9276845,
      1776398611.9595175,
      1776398611.9914143,
      1776398612.027727,
      1776398612.0594988,
      1776398612.0913408,
      1776398612.1276798
    ]
  },
  "payload_pose_validation": {
    "format": "xyz_quat_xyzw",
    "pose_shape": [
      2,
      7
    ],
    "init_pose_shape": [
      7
    ],
    "quat_norm_mean": 1.0,
    "quat_norm_min": 0.9999999999999999,
    "quat_norm_max": 1.0,
    "init_quat_norm": 0.9999999999999999
  },
  "inference": {
    "selected_arm": "arm_l",
    "checkpoint_path": "/home/sunpeng/sp/umi_project/universal_manipulation_interface/data/outputs/2026.04.20/16.30.06_train_diffusion_unet_timm_picknplace/checkpoints",
    "device": "cuda",
    "action_pred_shape": [
      16,
      10
    ],
    "env_action_shape": [
      16,
      7
    ]
  },
  "metrics": {
    "aligned_shape": [
      16,
      7
    ],
    "pred_shape": [
      16,
      7
    ],
    "target_shape": [
      16,
      7
    ],
    "position": {
      "mean_l2_error": 0.06600262224674225,
      "rmse_l2_error": 0.08482342213392258,
      "max_l2_error": 0.16746662557125092,
      "per_axis_mae": [
        0.01981901004910469,
        0.05865342170000076,
        0.011423648335039616
      ],
      "per_axis_rmse": [
        0.021195409819483757,
        0.08085653185844421,
        0.014421792700886726
      ]
    },
    "rotation": {
      "mean_geodesic_rad": 0.1149018257856369,
      "rmse_geodesic_rad": 0.1531553566455841,
      "max_geodesic_rad": 0.35397350788116455,
      "mean_geodesic_deg": 6.5833892822265625,
      "rmse_geodesic_deg": 8.775155067443848,
      "max_geodesic_deg": 20.281187057495117
    },
    "gripper": {
      "mean_abs_error": 0.00016007432714104652,
      "rmse": 0.00017958016542252153,
      "max_abs_error": 0.00037292391061782837
    },
    "combined_legacy": {
      "mean_abs_error": 0.03873789310455322,
      "max_abs_error": 0.33182406425476074,
      "rmse": 0.07049720734357834
    },
    "pred_action_aligned": [
      [
        -0.261520117521286,
        0.0123197166249156,
        -0.07496264576911926,
        -0.5616236925125122,
        0.8808482885360718,
        1.1787588596343994,
        0.07337113469839096
      ],
      [
        -0.25933870673179626,
        0.01160972099751234,
        -0.07711140066385269,
        -0.5550634264945984,
        0.8631049990653992,
        1.1739459037780762,
        0.0733444094657898
      ],
      [
        -0.2572208046913147,
        0.012233833782374859,
        -0.07342250645160675,
        -0.5619801878929138,
        0.864848792552948,
        1.1614298820495605,
        0.07329355180263519
      ],
      [
        -0.253798246383667,
        0.014514251612126827,
        -0.07248465716838837,
        -0.5459246635437012,
        0.851565420627594,
        1.1635074615478516,
        0.07339409738779068
      ],
      [
        -0.2533417344093323,
        0.01816428266465664,
        -0.06763654202222824,
        -0.5406860113143921,
        0.829412579536438,
        1.1582354307174683,
        0.07331965863704681
      ],
      [
        -0.24947863817214966,
        0.021528929471969604,
        -0.06584009528160095,
        -0.5533902645111084,
        0.830028235912323,
        1.149103045463562,
        0.07337407022714615
      ],
      [
        -0.24702756106853485,
        0.030083823949098587,
        -0.059690896421670914,
        -0.5517637133598328,
        0.8352006673812866,
        1.1391723155975342,
        0.0732148289680481
      ],
      [
        -0.2432803213596344,
        0.04375029355287552,
        -0.053864624351263046,
        -0.5605536699295044,
        0.8087838888168335,
        1.1505147218704224,
        0.07318452000617981
      ],
      [
        -0.23796477913856506,
        0.05796819180250168,
        -0.04870247468352318,
        -0.5987699031829834,
        0.8218610286712646,
        1.1459107398986816,
        0.07357178628444672
      ],
      [
        -0.23409420251846313,
        0.07627920061349869,
        -0.04819009080529213,
        -0.6384817361831665,
        0.8583243489265442,
        1.1508698463439941,
        0.07329947501420975
      ],
      [
        -0.23443225026130676,
        0.09011183679103851,
        -0.05332750827074051,
        -0.6800707578659058,
        0.9013926386833191,
        1.1423828601837158,
        0.07358869910240173
      ],
      [
        -0.23485395312309265,
        0.10862184315919876,
        -0.05663750320672989,
        -0.7173513770103455,
        0.9223584532737732,
        1.148442029953003,
        0.0736260786652565
      ],
      [
        -0.2335195243358612,
        0.12974821031093597,
        -0.05931325629353523,
        -0.7475764751434326,
        0.9395921230316162,
        1.151136040687561,
        0.07365244626998901
      ],
      [
        -0.23265132308006287,
        0.14732296764850616,
        -0.06585651636123657,
        -0.7889326214790344,
        0.9704448580741882,
        1.148317575454712,
        0.07356391847133636
      ],
      [
        -0.2302430421113968,
        0.16192135214805603,
        -0.07737278938293457,
        -0.838138222694397,
        1.02118718624115,
        1.133437156677246,
        0.0735524520277977
      ],
      [
        -0.2280522584915161,
        0.173076331615448,
        -0.08885468542575836,
        -0.8856194019317627,
        1.059783935546875,
        1.1051257848739624,
        0.0738491341471672
      ]
    ],