{
  "sample_name": "sample_000126",
  "payload_path": "/home/sunpeng/sp/umi_project/universal_manipulation_interface/pika_dataset/exports/episode79/sample_000126/payload_raw.json",
  "actions_path": "/home/sunpeng/sp/umi_project/universal_manipulation_interface/pika_dataset/exports/episode79/sample_000126/actions.json",
  "meta": {
    "start_index": 252,
    "obs_horizon": 2,
    "act_horizon": 16,
    "stride": 2,
    "obs_timestamps": [
      1776398613.9594793,
      1776398613.9913046
    ],
    "action_timestamps": [
      1776398614.0276868,
      1776398614.0594265,
      1776398614.0913184,
      1776398614.127781,
      1776398614.1595907,
      1776398614.191367,
      1776398614.2277157,
      1776398614.2595606,
      1776398614.291338,
      1776398614.3277342,
      1776398614.359505,
      1776398614.391321,
      1776398614.4277146,
      1776398614.4594586,
      1776398614.4913654,
      1776398614.5277576
    ]
  },
  "payload_pose_validation": {
    "format": "xyz_quat_xyzw",
    "pose_shape": [
      2,
      7
    ],
    "init_pose_shape": [
      7
    ],
    "quat_norm_mean": 1.0,
    "quat_norm_min": 0.9999999999999999,
    "quat_norm_max": 1.0,
    "init_quat_norm": 0.9999999999999999
  },
  "inference": {
    "selected_arm": "arm_l",
    "checkpoint_path": "/home/sunpeng/sp/umi_project/universal_manipulation_interface/data/outputs/2026.04.20/16.30.06_train_diffusion_unet_timm_picknplace/checkpoints",
    "device": "cuda",
    "action_pred_shape": [
      16,
      10
    ],
    "env_action_shape": [
      16,
      7
    ]
  },
  "metrics": {
    "aligned_shape": [
      16,
      7
    ],
    "pred_shape": [
      16,
      7
    ],
    "target_shape": [
      16,
      7
    ],
    "position": {
      "mean_l2_error": 0.006376556120812893,
      "rmse_l2_error": 0.006873551290482283,
      "max_l2_error": 0.010828067548573017,
      "per_axis_mae": [
        0.0021441737189888954,
        0.003339550457894802,
        0.004284245893359184
      ],
      "per_axis_rmse": [
        0.002892256248742342,
        0.003721861634403467,
        0.005002830643206835
      ]
    },
    "rotation": {
      "mean_geodesic_rad": 0.030969692394137383,
      "rmse_geodesic_rad": 0.03247940540313721,
      "max_geodesic_rad": 0.051129527390003204,
      "mean_geodesic_deg": 1.77443265914917,
      "rmse_geodesic_deg": 1.8609328269958496,
      "max_geodesic_deg": 2.9295060634613037
    },
    "gripper": {
      "mean_abs_error": 0.008402219042181969,
      "rmse": 0.01045017596334219,
      "max_abs_error": 0.022073514759540558
    },
    "combined_legacy": {
      "mean_abs_error": 0.009771732613444328,
      "max_abs_error": 0.04465341567993164,
      "rmse": 0.014037867076694965
    },
    "pred_action_aligned": [
      [
        -0.23732022941112518,
        0.204787015914917,
        -0.12784820795059204,
        -1.02000892162323,
        1.190405011177063,
        1.0585047006607056,
        0.0760883316397667
      ],
      [
        -0.2382270246744156,
        0.20187871158123016,
        -0.12845344841480255,
        -1.0295014381408691,
        1.1986684799194336,
        1.0489732027053833,
        0.07400507479906082
      ],
      [
        -0.2339268922805786,
        0.19986556470394135,
        -0.12976069748401642,
        -1.034411072731018,
        1.203859806060791,
        1.0443115234375,
        0.07422909140586853
      ],
      [
        -0.23136498034000397,
        0.20189672708511353,
        -0.12579871714115143,
        -1.0491247177124023,
        1.2132970094680786,
        1.040165901184082,
        0.07760240137577057
      ],
      [
        -0.23376519978046417,
        0.2002754807472229,
        -0.12818282842636108,
        -1.0398331880569458,
        1.2069478034973145,
        1.062332272529602,
        0.08218451589345932
      ],
      [
        -0.2363356351852417,
        0.20299766957759857,
        -0.12465675175189972,
        -1.0371840000152588,
        1.2099621295928955,
        1.0747127532958984,
        0.08228106051683426
      ],
      [
        -0.23801924288272858,
        0.20347923040390015,
        -0.12502822279930115,
        -1.0327982902526855,
        1.2056576013565063,
        1.0797377824783325,
        0.08311162143945694
      ],
      [
        -0.23797950148582458,
        0.2019588053226471,
        -0.12649478018283844,
        -1.0248364210128784,
        1.2057230472564697,
        1.0759574174880981,
        0.08397349715232849
      ],
      [
        -0.23904018104076385,
        0.20030207931995392,
        -0.12675555050373077,
        -1.0157039165496826,
        1.2278374433517456,
        1.0725080966949463,
        0.08136646449565887
      ],
      [
        -0.23792745172977448,
        0.20106440782546997,
        -0.12878401577472687,
        -1.0285515785217285,
        1.2239086627960205,
        1.0613484382629395,
        0.076308973133564
      ],
      [
        -0.23876604437828064,
        0.20058515667915344,
        -0.13075296580791473,
        -1.0245722532272339,
        1.2259528636932373,
        1.0573452711105347,
        0.07600349932909012
      ],
      [
        -0.2368730902671814,
        0.2012525200843811,
        -0.13257615268230438,
        -1.0165362358093262,
        1.2260314226150513,
        1.0560003519058228,
        0.07732269167900085
      ],
      [
        -0.23809714615345,
        0.2037583291530609,
        -0.1327485889196396,
        -1.0144107341766357,
        1.2121050357818604,
        1.068874478340149,
        0.07845918834209442
      ],
      [
        -0.2374335080385208,
        0.20292572677135468,
        -0.13181371986865997,
        -1.009214997291565,
        1.2248687744140625,
        1.0740470886230469,
        0.08791838586330414
      ],
      [
        -0.23898845911026,
        0.20249585807323456,
        -0.13114644587039948,
        -1.006365180015564,
        1.2176333665847778,
        1.0817371606826782,
        0.0937976986169815
      ],
      [
        -0.23687507212162018,
        0.19872352480888367,
        -0.1278245598077774,
        -0.9936488270759583,
        1.2392789125442505,
        1.0826008319854736,
        0.09554972499608994
      ]
    ],