{
  "sample_name": "sample_000168",
  "payload_path": "/home/sunpeng/sp/umi_project/universal_manipulation_interface/pika_dataset/exports/episode79/sample_000168/payload_raw.json",
  "actions_path": "/home/sunpeng/sp/umi_project/universal_manipulation_interface/pika_dataset/exports/episode79/sample_000168/actions.json",
  "meta": {
    "start_index": 336,
    "obs_horizon": 2,
    "act_horizon": 16,
    "stride": 2,
    "obs_timestamps": [
      1776398616.7595997,
      1776398616.791461
    ],
    "action_timestamps": [
      1776398616.8279164,
      1776398616.8596697,
      1776398616.8914468,
      1776398616.9277928,
      1776398616.959669,
      1776398616.991434,
      1776398617.0278168,
      1776398617.0596163,
      1776398617.091398,
      1776398617.1278334,
      1776398617.1595967,
      1776398617.1914198,
      1776398617.2278488,
      1776398617.259675,
      1776398617.2914054,
      1776398617.327834
    ]
  },
  "payload_pose_validation": {
    "format": "xyz_quat_xyzw",
    "pose_shape": [
      2,
      7
    ],
    "init_pose_shape": [
      7
    ],
    "quat_norm_mean": 1.0,
    "quat_norm_min": 1.0,
    "quat_norm_max": 1.0,
    "init_quat_norm": 0.9999999999999999
  },
  "inference": {
    "selected_arm": "arm_l",
    "checkpoint_path": "/home/sunpeng/sp/umi_project/universal_manipulation_interface/data/outputs/2026.04.20/16.30.06_train_diffusion_unet_timm_picknplace/checkpoints",
    "device": "cuda",
    "action_pred_shape": [
      16,
      10
    ],
    "env_action_shape": [
      16,
      7
    ]
  },
  "metrics": {
    "aligned_shape": [
      16,
      7
    ],
    "pred_shape": [
      16,
      7
    ],
    "target_shape": [
      16,
      7
    ],
    "position": {
      "mean_l2_error": 0.02736557275056839,
      "rmse_l2_error": 0.02910497784614563,
      "max_l2_error": 0.03652816638350487,
      "per_axis_mae": [
        0.010112505406141281,
        0.024541808292269707,
        0.003845129394903779
      ],
      "per_axis_rmse": [
        0.010632009245455265,
        0.026623954996466637,
        0.005022463854402304
      ]
    },
    "rotation": {
      "mean_geodesic_rad": 0.064702108502388,
      "rmse_geodesic_rad": 0.0712028369307518,
      "max_geodesic_rad": 0.10746365785598755,
      "mean_geodesic_deg": 3.7071573734283447,
      "rmse_geodesic_deg": 4.0796217918396,
      "max_geodesic_deg": 6.1572136878967285
    },
    "gripper": {
      "mean_abs_error": 0.0031176619231700897,
      "rmse": 0.00313897174783051,
      "max_abs_error": 0.0035624131560325623
    },
    "combined_legacy": {
      "mean_abs_error": 0.020430078729987144,
      "max_abs_error": 0.08534383773803711,
      "rmse": 0.0301586352288723
    },
    "pred_action_aligned": [
      [
        -0.2561604976654053,
        0.1501127928495407,
        -0.01824747398495674,
        -0.6980899572372437,
        0.9201181530952454,
        1.2308735847473145,
        0.09463320672512054
      ],
      [
        -0.2523978054523468,
        0.12903094291687012,
        -0.015547564253211021,
        -0.6681008338928223,
        0.8964205980300903,
        1.2130564451217651,
        0.09380800276994705
      ],
      [
        -0.2532261610031128,
        0.11325858533382416,
        -0.01766076311469078,
        -0.6524451375007629,
        0.9049192070960999,
        1.2169666290283203,
        0.09384416788816452
      ],
      [
        -0.25507253408432007,
        0.10082080215215683,
        -0.016961408779025078,
        -0.6317383646965027,
        0.8982874155044556,
        1.2058751583099365,
        0.09397727251052856
      ],
      [
        -0.25889912247657776,
        0.0895233154296875,
        -0.018028784543275833,
        -0.6033529043197632,
        0.9014425277709961,
        1.2061107158660889,
        0.09314462542533875
      ],
      [
        -0.25893425941467285,
        0.08105899393558502,
        -0.019722824916243553,
        -0.5851842164993286,
        0.9083793759346008,
        1.1901659965515137,
        0.09321960806846619
      ],
      [
        -0.2597818374633789,
        0.07249239087104797,
        -0.024468762800097466,
        -0.5972622632980347,
        0.9066159129142761,
        1.200539231300354,
        0.09363237023353577
      ],
      [
        -0.26243680715560913,
        0.06565991044044495,
        -0.026345057412981987,
        -0.6029455661773682,
        0.9066038131713867,
        1.198710322380066,
        0.09346702694892883
      ],
      [
        -0.26273781061172485,
        0.0610070675611496,
        -0.028855379670858383,
        -0.6051526069641113,
        0.9103037714958191,
        1.2009705305099487,
        0.09363411366939545
      ],
      [
        -0.26181909441947937,
        0.057057738304138184,
        -0.026507236063480377,
        -0.6170531511306763,
        0.9063105583190918,
        1.2017130851745605,
        0.0931723490357399
      ],
      [
        -0.26114174723625183,
        0.05697934329509735,
        -0.023606475442647934,
        -0.6191683411598206,
        0.9092079401016235,
        1.191460371017456,
        0.09373045712709427
      ],
      [
        -0.2627687156200409,
        0.05844107270240784,
        -0.022801317274570465,
        -0.6498485803604126,
        0.9067173004150391,
        1.2041699886322021,
        0.09324280172586441
      ],
      [
        -0.262410968542099,
        0.05414194613695145,
        -0.022706180810928345,
        -0.6319219470024109,
        0.9225142002105713,
        1.216977834701538,
        0.09330478310585022
      ],
      [
        -0.26448166370391846,
        0.05292190611362457,
        -0.023711703717708588,
        -0.6276388168334961,
        0.9310959577560425,
        1.2064144611358643,
        0.09341644495725632
      ],
      [
        -0.26175445318222046,
        0.05203877389431,
        -0.024434830993413925,
        -0.6447830200195312,
        0.9356396794319153,
        1.1978448629379272,
        0.09363310784101486
      ],
      [
        -0.26197731494903564,
        0.051572635769844055,
        -0.019908376038074493,
        -0.6382974982261658,
        0.927239716053009,
        1.2065831422805786,
        0.09356968849897385
      ]
    ],