{
  "sample_name": "sample_000026",
  "payload_path": "/home/sunpeng/sp/umi_project/universal_manipulation_interface/pika_dataset/exports/episode79/sample_000026/payload_raw.json",
  "actions_path": "/home/sunpeng/sp/umi_project/universal_manipulation_interface/pika_dataset/exports/episode79/sample_000026/actions.json",
  "meta": {
    "start_index": 52,
    "obs_horizon": 2,
    "act_horizon": 16,
    "stride": 2,
    "obs_timestamps": [
      1776398607.291238,
      1776398607.3216622
    ],
    "action_timestamps": [
      1776398607.3594024,
      1776398607.3913944,
      1776398607.4216921,
      1776398607.4594269,
      1776398607.491186,
      1776398607.521719,
      1776398607.5595014,
      1776398607.5912888,
      1776398607.6216593,
      1776398607.659422,
      1776398607.6911385,
      1776398607.721659,
      1776398607.7595112,
      1776398607.791254,
      1776398607.8216379,
      1776398607.8594265
    ]
  },
  "payload_pose_validation": {
    "format": "xyz_quat_xyzw",
    "pose_shape": [
      2,
      7
    ],
    "init_pose_shape": [
      7
    ],
    "quat_norm_mean": 1.0,
    "quat_norm_min": 0.9999999999999999,
    "quat_norm_max": 1.0,
    "init_quat_norm": 0.9999999999999999
  },
  "inference": {
    "selected_arm": "arm_l",
    "checkpoint_path": "/home/sunpeng/sp/umi_project/universal_manipulation_interface/data/outputs/2026.04.20/16.30.06_train_diffusion_unet_timm_picknplace/checkpoints",
    "device": "cuda",
    "action_pred_shape": [
      16,
      10
    ],
    "env_action_shape": [
      16,
      7
    ]
  },
  "metrics": {
    "aligned_shape": [
      16,
      7
    ],
    "pred_shape": [
      16,
      7
    ],
    "target_shape": [
      16,
      7
    ],
    "position": {
      "mean_l2_error": 0.012813955545425415,
      "rmse_l2_error": 0.014881395734846592,
      "max_l2_error": 0.023375656455755234,
      "per_axis_mae": [
        0.004001927562057972,
        0.009224770590662956,
        0.007685203570872545
      ],
      "per_axis_rmse": [
        0.004904380068182945,
        0.010614655911922455,
        0.009205001406371593
      ]
    },
    "rotation": {
      "mean_geodesic_rad": 0.08792475610971451,
      "rmse_geodesic_rad": 0.09562548249959946,
      "max_geodesic_rad": 0.12660443782806396,
      "mean_geodesic_deg": 5.037716865539551,
      "rmse_geodesic_deg": 5.478936672210693,
      "max_geodesic_deg": 7.253899574279785
    },
    "gripper": {
      "mean_abs_error": 5.60590997338295e-05,
      "rmse": 9.900368604576215e-05,
      "max_abs_error": 0.00025816261768341064
    },
    "combined_legacy": {
      "mean_abs_error": 0.023765312507748604,
      "max_abs_error": 0.11551272869110107,
      "rmse": 0.03866752237081528
    },
    "pred_action_aligned": [
      [
        -0.25394707918167114,
        -0.013738513924181461,
        -0.09747085720300674,
        -0.7497270703315735,
        1.0513819456100464,
        0.9255793690681458,
        0.09667862951755524
      ],
      [
        -0.25294890999794006,
        -0.012037459760904312,
        -0.1034683883190155,
        -0.780716598033905,
        1.0752005577087402,
        0.9211350679397583,
        0.0964488759636879
      ],
      [
        -0.25339776277542114,
        -0.006844197399914265,
        -0.10207149386405945,
        -0.803922176361084,
        1.1075385808944702,
        0.9177373647689819,
        0.09661120176315308
      ],
      [
        -0.2505665719509125,
        -0.0017764223739504814,
        -0.1040174663066864,
        -0.8189334273338318,
        1.1136521100997925,
        0.9219781160354614,
        0.09654337912797928
      ],
      [
        -0.2517642378807068,
        -0.001801290549337864,
        -0.10675711184740067,
        -0.8360345363616943,
        1.1433249711990356,
        0.9305311441421509,
        0.09650251269340515
      ],
      [
        -0.24735476076602936,
        0.003930911421775818,
        -0.11112692207098007,
        -0.8766062259674072,
        1.1607580184936523,
        0.9154055118560791,
        0.09670703113079071
      ],
      [
        -0.2447274923324585,
        0.007862929254770279,
        -0.1176624745130539,
        -0.8823493123054504,
        1.1721206903457642,
        0.911564290523529,
        0.09660722315311432
      ],
      [
        -0.24338889122009277,
        0.013065256178379059,
        -0.12118107080459595,
        -0.9090216755867004,
        1.1882328987121582,
        0.9130206108093262,
        0.09670703113079071
      ],
      [
        -0.24008189141750336,
        0.016172043979167938,
        -0.1257755309343338,
        -0.9364271759986877,
        1.1935484409332275,
        0.8984424471855164,
        0.09670703113079071
      ],
      [
        -0.2412322461605072,
        0.020771220326423645,
        -0.12871064245700836,
        -0.944644570350647,
        1.2231287956237793,
        0.9038013815879822,
        0.09670703113079071
      ],
      [
        -0.23801666498184204,
        0.022432472556829453,
        -0.13289175927639008,
        -0.9631061553955078,
        1.2325807809829712,
        0.903154194355011,
        0.09670703113079071
      ],
      [
        -0.23816893994808197,
        0.021824795752763748,
        -0.13557496666908264,
        -0.9792672395706177,
        1.242463231086731,
        0.9047558307647705,
        0.09666752815246582
      ],
      [
        -0.2379107028245926,
        0.024318337440490723,
        -0.1364476978778839,
        -0.98659747838974,
        1.260326862335205,
        0.9042561054229736,
        0.09670703113079071
      ],
      [
        -0.23729614913463593,
        0.026925183832645416,
        -0.13854281604290009,
        -0.9940546751022339,
        1.2627522945404053,
        0.9034353494644165,
        0.09670703113079071
      ],
      [
        -0.2404388189315796,
        0.02311648055911064,
        -0.1402718871831894,
        -1.0034822225570679,
        1.2788621187210083,
        0.907579243183136,
        0.09670007228851318
      ],
      [
        -0.24015699326992035,
        0.024980682879686356,
        -0.14635717868804932,
        -1.0103858709335327,
        1.2919845581054688,
        0.9002317786216736,
        0.09670703113079071
      ]
    ],