{
  "sample_name": "sample_000165",
  "payload_path": "/home/sunpeng/sp/umi_project/universal_manipulation_interface/pika_dataset/exports/episode79/sample_000165/payload_raw.json",
  "actions_path": "/home/sunpeng/sp/umi_project/universal_manipulation_interface/pika_dataset/exports/episode79/sample_000165/actions.json",
  "meta": {
    "start_index": 330,
    "obs_horizon": 2,
    "act_horizon": 16,
    "stride": 2,
    "obs_timestamps": [
      1776398616.559892,
      1776398616.5914965
    ],
    "action_timestamps": [
      1776398616.6278436,
      1776398616.659625,
      1776398616.691384,
      1776398616.727801,
      1776398616.7595997,
      1776398616.791461,
      1776398616.8279164,
      1776398616.8596697,
      1776398616.8914468,
      1776398616.9277928,
      1776398616.959669,
      1776398616.991434,
      1776398617.0278168,
      1776398617.0596163,
      1776398617.091398,
      1776398617.1278334
    ]
  },
  "payload_pose_validation": {
    "format": "xyz_quat_xyzw",
    "pose_shape": [
      2,
      7
    ],
    "init_pose_shape": [
      7
    ],
    "quat_norm_mean": 1.0,
    "quat_norm_min": 1.0,
    "quat_norm_max": 1.0,
    "init_quat_norm": 0.9999999999999999
  },
  "inference": {
    "selected_arm": "arm_l",
    "checkpoint_path": "/home/sunpeng/sp/umi_project/universal_manipulation_interface/data/outputs/2026.04.20/16.30.06_train_diffusion_unet_timm_picknplace/checkpoints",
    "device": "cuda",
    "action_pred_shape": [
      16,
      10
    ],
    "env_action_shape": [
      16,
      7
    ]
  },
  "metrics": {
    "aligned_shape": [
      16,
      7
    ],
    "pred_shape": [
      16,
      7
    ],
    "target_shape": [
      16,
      7
    ],
    "position": {
      "mean_l2_error": 0.03521331399679184,
      "rmse_l2_error": 0.03844403102993965,
      "max_l2_error": 0.04800810664892197,
      "per_axis_mae": [
        0.0076249511912465096,
        0.033466726541519165,
        0.00517819682136178
      ],
      "per_axis_rmse": [
        0.008690535090863705,
        0.036877281963825226,
        0.006517990957945585
      ]
    },
    "rotation": {
      "mean_geodesic_rad": 0.041527073830366135,
      "rmse_geodesic_rad": 0.04305599629878998,
      "max_geodesic_rad": 0.060254283249378204,
      "mean_geodesic_deg": 2.3793258666992188,
      "rmse_geodesic_deg": 2.4669265747070312,
      "max_geodesic_deg": 3.4523160457611084
    },
    "gripper": {
      "mean_abs_error": 0.0023609292693436146,
      "rmse": 0.0024094879627227783,
      "max_abs_error": 0.003163963556289673
    },
    "combined_legacy": {
      "mean_abs_error": 0.015911202877759933,
      "max_abs_error": 0.06310218572616577,
      "rmse": 0.02250274457037449
    },
    "pred_action_aligned": [
      [
        -0.2429438978433609,
        0.18238337337970734,
        -0.04290955513715744,
        -0.8193658590316772,
        0.9748902916908264,
        1.1897999048233032,
        0.09532906860113144
      ],
      [
        -0.24136625230312347,
        0.170580193400383,
        -0.034156233072280884,
        -0.7880268692970276,
        0.9363291263580322,
        1.2065736055374146,
        0.09508230537176132
      ],
      [
        -0.24079881608486176,
        0.15771183371543884,
        -0.02819071337580681,
        -0.7677295207977295,
        0.9027889370918274,
        1.1990219354629517,
        0.09508538246154785
      ],
      [
        -0.24279290437698364,
        0.14323514699935913,
        -0.024386197328567505,
        -0.737403154373169,
        0.8993585705757141,
        1.186787724494934,
        0.09488710761070251
      ],
      [
        -0.2459196150302887,
        0.1266632378101349,
        -0.021891849115490913,
        -0.7150357961654663,
        0.8915322422981262,
        1.183254599571228,
        0.09416715800762177
      ],
      [
        -0.24779154360294342,
        0.11243687570095062,
        -0.022112170234322548,
        -0.6940908432006836,
        0.8901519775390625,
        1.1809319257736206,
        0.0943300649523735
      ],
      [
        -0.25059065222740173,
        0.09961481392383575,
        -0.023584449663758278,
        -0.6568299531936646,
        0.8804181218147278,
        1.1852741241455078,
        0.09440483152866364
      ],
      [
        -0.2532442510128021,
        0.08647000789642334,
        -0.026640435680747032,
        -0.6337407827377319,
        0.8775989413261414,
        1.185082197189331,
        0.09412594139575958
      ],
      [
        -0.2573923170566559,
        0.07501814514398575,
        -0.028590496629476547,
        -0.6131526231765747,
        0.8757505416870117,
        1.195038914680481,
        0.09391338378190994
      ],
      [
        -0.25904858112335205,
        0.06858892738819122,
        -0.029297925531864166,
        -0.5944864153862,
        0.8742204308509827,
        1.1888294219970703,
        0.09354307502508163
      ],
      [
        -0.25938680768013,
        0.06264200806617737,
        -0.02752581238746643,
        -0.601879358291626,
        0.8834252953529358,
        1.1908389329910278,
        0.09388083219528198
      ],
      [
        -0.2603895664215088,
        0.05951090157032013,
        -0.02771781012415886,
        -0.5893941521644592,
        0.8828564882278442,
        1.193071961402893,
        0.09406641125679016
      ],
      [
        -0.26008743047714233,
        0.05469585955142975,
        -0.0287463515996933,
        -0.5935752987861633,
        0.8803021907806396,
        1.1913282871246338,
        0.09426728636026382
      ],
      [
        -0.26062020659446716,
        0.051283806562423706,
        -0.028954647481441498,
        -0.5909634828567505,
        0.8843621611595154,
        1.196915626525879,
        0.0941133201122284
      ],
      [
        -0.2577446699142456,
        0.05032436549663544,
        -0.027772728353738785,
        -0.5856518745422363,
        0.8760365843772888,
        1.1947046518325806,
        0.09428484737873077
      ],
      [
        -0.25409790873527527,
        0.05062885582447052,
        -0.026948727667331696,
        -0.5944262742996216,
        0.8746413588523865,
        1.1868501901626587,
        0.09405673295259476
      ]
    ],