{
  "sample_name": "sample_000060",
  "payload_path": "/home/sunpeng/sp/umi_project/universal_manipulation_interface/pika_dataset/exports/episode79/sample_000060/payload_raw.json",
  "actions_path": "/home/sunpeng/sp/umi_project/universal_manipulation_interface/pika_dataset/exports/episode79/sample_000060/actions.json",
  "meta": {
    "start_index": 120,
    "obs_horizon": 2,
    "act_horizon": 16,
    "stride": 2,
    "obs_timestamps": [
      1776398609.5596886,
      1776398609.5913904
    ],
    "action_timestamps": [
      1776398609.6277323,
      1776398609.6594734,
      1776398609.691274,
      1776398609.7276528,
      1776398609.7594206,
      1776398609.791275,
      1776398609.8277245,
      1776398609.8594875,
      1776398609.8913586,
      1776398609.9276798,
      1776398609.9594717,
      1776398609.9913273,
      1776398610.0276623,
      1776398610.0595322,
      1776398610.0913184,
      1776398610.127669
    ]
  },
  "payload_pose_validation": {
    "format": "xyz_quat_xyzw",
    "pose_shape": [
      2,
      7
    ],
    "init_pose_shape": [
      7
    ],
    "quat_norm_mean": 1.0,
    "quat_norm_min": 0.9999999999999999,
    "quat_norm_max": 1.0,
    "init_quat_norm": 0.9999999999999999
  },
  "inference": {
    "selected_arm": "arm_l",
    "checkpoint_path": "/home/sunpeng/sp/umi_project/universal_manipulation_interface/data/outputs/2026.04.20/16.30.06_train_diffusion_unet_timm_picknplace/checkpoints",
    "device": "cuda",
    "action_pred_shape": [
      16,
      10
    ],
    "env_action_shape": [
      16,
      7
    ]
  },
  "metrics": {
    "aligned_shape": [
      16,
      7
    ],
    "pred_shape": [
      16,
      7
    ],
    "target_shape": [
      16,
      7
    ],
    "position": {
      "mean_l2_error": 0.035741835832595825,
      "rmse_l2_error": 0.04004837945103645,
      "max_l2_error": 0.058072496205568314,
      "per_axis_mae": [
        0.010114950127899647,
        0.006460269913077354,
        0.03239110857248306
      ],
      "per_axis_rmse": [
        0.014411844313144684,
        0.007324617821723223,
        0.036640431731939316
      ]
    },
    "rotation": {
      "mean_geodesic_rad": 0.2679721713066101,
      "rmse_geodesic_rad": 0.32755735516548157,
      "max_geodesic_rad": 0.5512999892234802,
      "mean_geodesic_deg": 15.353672981262207,
      "rmse_geodesic_deg": 18.76765251159668,
      "max_geodesic_deg": 31.587160110473633
    },
    "gripper": {
      "mean_abs_error": 0.0003322511911392212,
      "rmse": 0.0004552102764137089,
      "max_abs_error": 0.001366153359413147
    },
    "combined_legacy": {
      "mean_abs_error": 0.07643327862024307,
      "max_abs_error": 0.44798439741134644,
      "rmse": 0.13731244206428528
    },
    "pred_action_aligned": [
      [
        -0.228402778506279,
        0.02889939211308956,
        -0.14322726428508759,
        -1.0607390403747559,
        1.3539828062057495,
        0.9185701608657837,
        0.0732167437672615
      ],
      [
        -0.22756701707839966,
        0.03314283490180969,
        -0.14039112627506256,
        -1.0446275472640991,
        1.329709768295288,
        0.9248068928718567,
        0.07264650613069534
      ],
      [
        -0.2294325977563858,
        0.03443140164017677,
        -0.13481642305850983,
        -1.0363352298736572,
        1.3214138746261597,
        0.935435950756073,
        0.07259514927864075
      ],
      [
        -0.2276589721441269,
        0.037973105907440186,
        -0.12869951128959656,
        -1.011117935180664,
        1.3096343278884888,
        0.9463450312614441,
        0.07239503413438797
      ],
      [
        -0.22960323095321655,
        0.03977617993950844,
        -0.12270152568817139,
        -0.9982326626777649,
        1.300537347793579,
        0.9560948014259338,
        0.07265282422304153
      ],
      [
        -0.2325761765241623,
        0.04086393862962723,
        -0.11256232857704163,
        -0.9669403433799744,
        1.2718815803527832,
        0.9729217886924744,
        0.07250132411718369
      ],
      [
        -0.23346693813800812,
        0.04166293144226074,
        -0.10599908232688904,
        -0.9344969987869263,
        1.2510257959365845,
        0.9987925887107849,
        0.07247249782085419
      ],
      [
        -0.2339855432510376,
        0.04262029379606247,
        -0.09833952784538269,
        -0.8755370378494263,
        1.2349406480789185,
        1.022797703742981,
        0.07267289608716965
      ],
      [
        -0.23732724785804749,
        0.041266925632953644,
        -0.09539702534675598,
        -0.8279150128364563,
        1.2078418731689453,
        1.0453428030014038,
        0.07272759824991226
      ],
      [
        -0.239440456032753,
        0.03863964229822159,
        -0.09360316395759583,
        -0.787304699420929,
        1.1735273599624634,
        1.0626143217086792,
        0.07281298190355301
      ],
      [
        -0.24300532042980194,
        0.03835015371441841,
        -0.09350888431072235,
        -0.736805260181427,
        1.1426631212234497,
        1.079718828201294,
        0.07258839905261993
      ],
      [
        -0.24505701661109924,
        0.03627883642911911,
        -0.09210975468158722,
        -0.7059618234634399,
        1.1004921197891235,
        1.1016035079956055,
        0.07273799180984497
      ],
      [
        -0.24798858165740967,
        0.035053882747888565,
        -0.09305834770202637,
        -0.6707247495651245,
        1.065077304840088,
        1.1098734140396118,
        0.07305987924337387
      ],
      [
        -0.25018587708473206,
        0.03696376830339432,
        -0.09253314137458801,
        -0.6634279489517212,
        1.0259031057357788,
        1.133632779121399,
        0.07418552041053772
      ],
      [
        -0.2547055184841156,
        0.03048735484480858,
        -0.09633832424879074,
        -0.635097861289978,
        0.9696906805038452,
        1.1576799154281616,
        0.07348591834306717
      ],
      [
        -0.2571107745170593,
        0.029541198164224625,
        -0.0884217768907547,
        -0.6206511855125427,
        0.9703612327575684,
        1.1656322479248047,
        0.07325495779514313
      ]
    ],