{
  "sample_name": "sample_000035",
  "payload_path": "/home/sunpeng/sp/umi_project/universal_manipulation_interface/pika_dataset/exports/episode79/sample_000035/payload_raw.json",
  "actions_path": "/home/sunpeng/sp/umi_project/universal_manipulation_interface/pika_dataset/exports/episode79/sample_000035/actions.json",
  "meta": {
    "start_index": 70,
    "obs_horizon": 2,
    "act_horizon": 16,
    "stride": 2,
    "obs_timestamps": [
      1776398607.891235,
      1776398607.9215744
    ],
    "action_timestamps": [
      1776398607.9594307,
      1776398607.9913018,
      1776398608.0217173,
      1776398608.0594761,
      1776398608.091265,
      1776398608.1216795,
      1776398608.159439,
      1776398608.191332,
      1776398608.2217045,
      1776398608.2594833,
      1776398608.2913167,
      1776398608.3216846,
      1776398608.359421,
      1776398608.3913038,
      1776398608.421738,
      1776398608.4595058
    ]
  },
  "payload_pose_validation": {
    "format": "xyz_quat_xyzw",
    "pose_shape": [
      2,
      7
    ],
    "init_pose_shape": [
      7
    ],
    "quat_norm_mean": 1.0,
    "quat_norm_min": 0.9999999999999999,
    "quat_norm_max": 1.0,
    "init_quat_norm": 0.9999999999999999
  },
  "inference": {
    "selected_arm": "arm_l",
    "checkpoint_path": "/home/sunpeng/sp/umi_project/universal_manipulation_interface/data/outputs/2026.04.20/16.30.06_train_diffusion_unet_timm_picknplace/checkpoints",
    "device": "cuda",
    "action_pred_shape": [
      16,
      10
    ],
    "env_action_shape": [
      16,
      7
    ]
  },
  "metrics": {
    "aligned_shape": [
      16,
      7
    ],
    "pred_shape": [
      16,
      7
    ],
    "target_shape": [
      16,
      7
    ],
    "position": {
      "mean_l2_error": 0.009032592177391052,
      "rmse_l2_error": 0.01082223653793335,
      "max_l2_error": 0.02106732875108719,
      "per_axis_mae": [
        0.002849622629582882,
        0.0022577408235520124,
        0.007495587691664696
      ],
      "per_axis_rmse": [
        0.003349562408402562,
        0.002658593701198697,
        0.009941483847796917
      ]
    },
    "rotation": {
      "mean_geodesic_rad": 0.03893563523888588,
      "rmse_geodesic_rad": 0.04358271136879921,
      "max_geodesic_rad": 0.06940504163503647,
      "mean_geodesic_deg": 2.2308473587036133,
      "rmse_geodesic_deg": 2.497105360031128,
      "max_geodesic_deg": 3.9766156673431396
    },
    "gripper": {
      "mean_abs_error": 0.004314187448471785,
      "rmse": 0.00926036573946476,
      "max_abs_error": 0.024492457509040833
    },
    "combined_legacy": {
      "mean_abs_error": 0.01121501438319683,
      "max_abs_error": 0.06129038333892822,
      "rmse": 0.017894992604851723
    },
    "pred_action_aligned": [
      [
        -0.23829658329486847,
        0.018669376149773598,
        -0.13390801846981049,
        -0.9730303883552551,
        1.197509527206421,
        0.9191086292266846,
        0.09670703113079071
      ],
      [
        -0.236360102891922,
        0.020225228741765022,
        -0.14046916365623474,
        -0.9984796047210693,
        1.2208499908447266,
        0.9170975089073181,
        0.09670703113079071
      ],
      [
        -0.2352842390537262,
        0.022835712879896164,
        -0.14141426980495453,
        -1.008899450302124,
        1.2363682985305786,
        0.935531735420227,
        0.09665467590093613
      ],
      [
        -0.23105259239673615,
        0.024161450564861298,
        -0.14397189021110535,
        -1.029524803161621,
        1.2645848989486694,
        0.9278392791748047,
        0.09668882191181183
      ],
      [
        -0.23052896559238434,
        0.023590877652168274,
        -0.14029768109321594,
        -1.0266213417053223,
        1.2976295948028564,
        0.9442963600158691,
        0.09656569361686707
      ],
      [
        -0.23264183104038239,
        0.024312956258654594,
        -0.14097414910793304,
        -1.0398712158203125,
        1.2975986003875732,
        0.949549674987793,
        0.09648855030536652
      ],
      [
        -0.23389247059822083,
        0.024839051067829132,
        -0.1384519636631012,
        -1.0394216775894165,
        1.3050345182418823,
        0.9506491422653198,
        0.09655751287937164
      ],
      [
        -0.23136116564273834,
        0.024840328842401505,
        -0.14043155312538147,
        -1.0432535409927368,
        1.3013956546783447,
        0.93861323595047,
        0.09654498845338821
      ],
      [
        -0.23122231662273407,
        0.02261199802160263,
        -0.14009524881839752,
        -1.0422329902648926,
        1.2829630374908447,
        0.9435641765594482,
        0.09641411900520325
      ],
      [
        -0.2320452630519867,
        0.02760991081595421,
        -0.1414748877286911,
        -1.0508921146392822,
        1.2936605215072632,
        0.9276289343833923,
        0.09622380882501602
      ],
      [
        -0.2313828319311142,
        0.026336275041103363,
        -0.14136840403079987,
        -1.0596994161605835,
        1.295501708984375,
        0.9282962679862976,
        0.09610801935195923
      ],
      [
        -0.23086322844028473,
        0.031744346022605896,
        -0.13918080925941467,
        -1.0443147420883179,
        1.2939307689666748,
        0.9275942444801331,
        0.09554872661828995
      ],
      [
        -0.22764120995998383,
        0.030008982867002487,
        -0.13451020419597626,
        -1.0556964874267578,
        1.282909631729126,
        0.9379215836524963,
        0.0924108624458313
      ],
      [
        -0.22908064723014832,
        0.030546845868229866,
        -0.13423427939414978,
        -1.0455127954483032,
        1.2706233263015747,
        0.9308737516403198,
        0.08407648652791977
      ],
      [
        -0.22854101657867432,
        0.029173588380217552,
        -0.13287509977817535,
        -1.0416033267974854,
        1.2572270631790161,
        0.9510260820388794,
        0.07221458107233047
      ],
      [
        -0.23180420696735382,
        0.033028099685907364,
        -0.1315789520740509,
        -1.011587142944336,
        1.262336254119873,
        0.9450260996818542,
        0.07237470895051956
      ]
    ],