{
  "sample_name": "sample_000150",
  "payload_path": "/home/sunpeng/sp/umi_project/universal_manipulation_interface/pika_dataset/exports/episode79/sample_000150/payload_raw.json",
  "actions_path": "/home/sunpeng/sp/umi_project/universal_manipulation_interface/pika_dataset/exports/episode79/sample_000150/actions.json",
  "meta": {
    "start_index": 300,
    "obs_horizon": 2,
    "act_horizon": 16,
    "stride": 2,
    "obs_timestamps": [
      1776398615.559781,
      1776398615.5914643
    ],
    "action_timestamps": [
      1776398615.6278827,
      1776398615.6595488,
      1776398615.6913557,
      1776398615.7277908,
      1776398615.7597885,
      1776398615.7914917,
      1776398615.8278198,
      1776398615.8594987,
      1776398615.8913753,
      1776398615.927768,
      1776398615.9595258,
      1776398615.9914286,
      1776398616.0277767,
      1776398616.059616,
      1776398616.0914085,
      1776398616.1277854
    ]
  },
  "payload_pose_validation": {
    "format": "xyz_quat_xyzw",
    "pose_shape": [
      2,
      7
    ],
    "init_pose_shape": [
      7
    ],
    "quat_norm_mean": 1.0,
    "quat_norm_min": 1.0,
    "quat_norm_max": 1.0,
    "init_quat_norm": 0.9999999999999999
  },
  "inference": {
    "selected_arm": "arm_l",
    "checkpoint_path": "/home/sunpeng/sp/umi_project/universal_manipulation_interface/data/outputs/2026.04.20/16.30.06_train_diffusion_unet_timm_picknplace/checkpoints",
    "device": "cuda",
    "action_pred_shape": [
      16,
      10
    ],
    "env_action_shape": [
      16,
      7
    ]
  },
  "metrics": {
    "aligned_shape": [
      16,
      7
    ],
    "pred_shape": [
      16,
      7
    ],
    "target_shape": [
      16,
      7
    ],
    "position": {
      "mean_l2_error": 0.058888211846351624,
      "rmse_l2_error": 0.07523279637098312,
      "max_l2_error": 0.1281009018421173,
      "per_axis_mae": [
        0.011495712213218212,
        0.024354752153158188,
        0.04973829165101051
      ],
      "per_axis_rmse": [
        0.016298538073897362,
        0.03929658234119415,
        0.0620492547750473
      ]
    },
    "rotation": {
      "mean_geodesic_rad": 0.23674286901950836,
      "rmse_geodesic_rad": 0.3069223463535309,
      "max_geodesic_rad": 0.5302692651748657,
      "mean_geodesic_deg": 13.564366340637207,
      "rmse_geodesic_deg": 17.58535385131836,
      "max_geodesic_deg": 30.38218879699707
    },
    "gripper": {
      "mean_abs_error": 0.000894483644515276,
      "rmse": 0.0009262455860152841,
      "max_abs_error": 0.0013659372925758362
    },
    "combined_legacy": {
      "mean_abs_error": 0.071804478764534,
      "max_abs_error": 0.438182532787323,
      "rmse": 0.12943242490291595
    },
    "pred_action_aligned": [
      [
        -0.2360827624797821,
        0.20667004585266113,
        -0.127517431974411,
        -1.0108877420425415,
        1.1834831237792969,
        1.0707855224609375,
        0.09590621292591095
      ],
      [
        -0.23476222157478333,
        0.2079726606607437,
        -0.12426941841840744,
        -0.9967262744903564,
        1.1819822788238525,
        1.0707368850708008,
        0.09578609466552734
      ],
      [
        -0.2346908301115036,
        0.20878693461418152,
        -0.12147597968578339,
        -0.9906083345413208,
        1.1807291507720947,
        1.083067536354065,
        0.09538532048463821
      ],
      [
        -0.2345219999551773,
        0.2103085070848465,
        -0.12125145643949509,
        -0.996142566204071,
        1.1732761859893799,
        1.0846407413482666,
        0.09567881375551224
      ],
      [
        -0.23417571187019348,
        0.20862868428230286,
        -0.11834993958473206,
        -1.0029300451278687,
        1.1631537675857544,
        1.0971490144729614,
        0.09579692780971527
      ],
      [
        -0.23590029776096344,
        0.20789287984371185,
        -0.11267044395208359,
        -0.989575982093811,
        1.137882113456726,
        1.1105289459228516,
        0.09571290761232376
      ],
      [
        -0.23579494655132294,
        0.2067720592021942,
        -0.0977005660533905,
        -0.9479789733886719,
        1.1000787019729614,
        1.1329776048660278,
        0.09561365842819214
      ],
      [
        -0.23866674304008484,
        0.20517714321613312,
        -0.08034153282642365,
        -0.8971314430236816,
        1.0600448846817017,
        1.1646480560302734,
        0.09557066857814789
      ],
      [
        -0.2430616021156311,
        0.1979999989271164,
        -0.06704549491405487,
        -0.8506397604942322,
        0.9879003763198853,
        1.1768574714660645,
        0.09534110128879547
      ],
      [
        -0.2458103597164154,
        0.18931369483470917,
        -0.05270761996507645,
        -0.8130561709403992,
        0.9487952589988708,
        1.199090600013733,
        0.09614649415016174
      ],
      [
        -0.25221362709999084,
        0.174857035279274,
        -0.04297110438346863,
        -0.7737199664115906,
        0.9075541496276855,
        1.1954091787338257,
        0.0960455909371376
      ],
      [
        -0.25657451152801514,
        0.16547104716300964,
        -0.03908152878284454,
        -0.7409982681274414,
        0.8656911253929138,
        1.2007914781570435,
        0.09604332596063614
      ],
      [
        -0.26068800687789917,
        0.15271387994289398,
        -0.03375556319952011,
        -0.712431788444519,
        0.8351196050643921,
        1.2048332691192627,
        0.09610571712255478
      ],
      [
        -0.26480698585510254,
        0.13791298866271973,
        -0.03543684631586075,
        -0.6921945810317993,
        0.8069924712181091,
        1.201153039932251,
        0.0960148498415947
      ],
      [
        -0.27065199613571167,
        0.12398770451545715,
        -0.038443632423877716,
        -0.6696392297744751,
        0.7789312601089478,
        1.1946619749069214,
        0.09600698202848434
      ],
      [
        -0.27438586950302124,
        0.1167864054441452,
        -0.04089973121881485,
        -0.6624398231506348,
        0.7543818354606628,
        1.2146830558776855,
        0.09584621340036392
      ]
    ],