{
  "sample_name": "sample_000013",
  "payload_path": "/home/sunpeng/sp/umi_project/universal_manipulation_interface/pika_dataset/exports/episode79/sample_000013/payload_raw.json",
  "actions_path": "/home/sunpeng/sp/umi_project/universal_manipulation_interface/pika_dataset/exports/episode79/sample_000013/actions.json",
  "meta": {
    "start_index": 26,
    "obs_horizon": 2,
    "act_horizon": 16,
    "stride": 2,
    "obs_timestamps": [
      1776398606.4215672,
      1776398606.4597626
    ],
    "action_timestamps": [
      1776398606.491232,
      1776398606.5215523,
      1776398606.5595968,
      1776398606.5912998,
      1776398606.6216214,
      1776398606.659729,
      1776398606.6912098,
      1776398606.7215998,
      1776398606.7596703,
      1776398606.7912264,
      1776398606.8216267,
      1776398606.859708,
      1776398606.8911812,
      1776398606.921649,
      1776398606.9595206,
      1776398606.9912298
    ]
  },
  "payload_pose_validation": {
    "format": "xyz_quat_xyzw",
    "pose_shape": [
      2,
      7
    ],
    "init_pose_shape": [
      7
    ],
    "quat_norm_mean": 1.0,
    "quat_norm_min": 1.0,
    "quat_norm_max": 1.0,
    "init_quat_norm": 0.9999999999999999
  },
  "inference": {
    "selected_arm": "arm_l",
    "checkpoint_path": "/home/sunpeng/sp/umi_project/universal_manipulation_interface/data/outputs/2026.04.20/16.30.06_train_diffusion_unet_timm_picknplace/checkpoints",
    "device": "cuda",
    "action_pred_shape": [
      16,
      10
    ],
    "env_action_shape": [
      16,
      7
    ]
  },
  "metrics": {
    "aligned_shape": [
      16,
      7
    ],
    "pred_shape": [
      16,
      7
    ],
    "target_shape": [
      16,
      7
    ],
    "position": {
      "mean_l2_error": 0.03701969236135483,
      "rmse_l2_error": 0.04698842018842697,
      "max_l2_error": 0.08549151569604874,
      "per_axis_mae": [
        0.0075977873057127,
        0.02333235926926136,
        0.026664840057492256
      ],
      "per_axis_rmse": [
        0.009500986896455288,
        0.027959724888205528,
        0.03654991835355759
      ]
    },
    "rotation": {
      "mean_geodesic_rad": 0.17081910371780396,
      "rmse_geodesic_rad": 0.21767671406269073,
      "max_geodesic_rad": 0.41362324357032776,
      "mean_geodesic_deg": 9.787212371826172,
      "rmse_geodesic_deg": 12.471957206726074,
      "max_geodesic_deg": 23.698863983154297
    },
    "gripper": {
      "mean_abs_error": 0.00031207548454403877,
      "rmse": 0.0004061012004967779,
      "max_abs_error": 0.0009420439600944519
    },
    "combined_legacy": {
      "mean_abs_error": 0.04631377011537552,
      "max_abs_error": 0.3217291831970215,
      "rmse": 0.08746163547039032
    },
    "pred_action_aligned": [
      [
        -0.2797449231147766,
        -0.04359089210629463,
        -0.0904916301369667,
        -0.49509674310684204,
        0.8605543375015259,
        0.8692052364349365,
        0.09670703113079071
      ],
      [
        -0.2747125029563904,
        -0.03965827077627182,
        -0.08999144285917282,
        -0.5213636159896851,
        0.8590394854545593,
        0.8862568140029907,
        0.09635372459888458
      ],
      [
        -0.27541583776474,
        -0.03957457095384598,
        -0.08549772202968597,
        -0.5274006724357605,
        0.8521866202354431,
        0.8855201005935669,
        0.09670703113079071
      ],
      [
        -0.2727537453174591,
        -0.03684084117412567,
        -0.0850803330540657,
        -0.5494563579559326,
        0.838657796382904,
        0.8873470425605774,
        0.09663444757461548
      ],
      [
        -0.26983755826950073,
        -0.03087840974330902,
        -0.08289505541324615,
        -0.557450532913208,
        0.8325357437133789,
        0.8876451253890991,
        0.09659476578235626
      ],
      [
        -0.26833048462867737,
        -0.02576742134988308,
        -0.08484646677970886,
        -0.5957890748977661,
        0.8580759167671204,
        0.9053376913070679,
        0.09658123552799225
      ],
      [
        -0.2638690769672394,
        -0.02049003541469574,
        -0.09009463340044022,
        -0.634566605091095,
        0.8902492523193359,
        0.9201780557632446,
        0.09663187712430954
      ],
      [
        -0.26213255524635315,
        -0.01676788553595543,
        -0.09516981244087219,
        -0.6762410998344421,
        0.9340676665306091,
        0.9324248433113098,
        0.09656169265508652
      ],
      [
        -0.2584173083305359,
        -0.011879369616508484,
        -0.1008971631526947,
        -0.719868004322052,
        0.9894098043441772,
        0.9288569688796997,
        0.09648210555315018
      ],
      [
        -0.2553037106990814,
        -0.0070303454995155334,
        -0.10745357722043991,
        -0.7608984112739563,
        1.0272681713104248,
        0.9314542412757874,
        0.09628088027238846
      ],
      [
        -0.2521857023239136,
        -0.0006336718797683716,
        -0.11643832921981812,
        -0.7871041893959045,
        1.0586529970169067,
        0.9194937944412231,
        0.09629072993993759
      ],
      [
        -0.248432457447052,
        0.0058191195130348206,
        -0.12276565283536911,
        -0.8212347626686096,
        1.0837492942810059,
        0.909218966960907,
        0.09613104164600372
      ],
      [
        -0.24574322998523712,
        0.011511974036693573,
        -0.1310526579618454,
        -0.847736656665802,
        1.116298794746399,
        0.8874810338020325,
        0.09576499462127686
      ],
      [
        -0.24329377710819244,
        0.01670752465724945,
        -0.13940003514289856,
        -0.8681023716926575,
        1.1528292894363403,
        0.8705763220787048,
        0.09609828144311905
      ],
      [
        -0.24168318510055542,
        0.018861301243305206,
        -0.14641320705413818,
        -0.9064719676971436,
        1.189582109451294,
        0.8641164898872375,
        0.09610854089260101
      ],
      [
        -0.24122345447540283,
        0.020629800856113434,
        -0.15115287899971008,
        -0.9459868669509888,
        1.230847716331482,
        0.8492563962936401,
        0.09639102965593338
      ]
    ],