{
  "sample_name": "sample_000066",
  "payload_path": "/home/sunpeng/sp/umi_project/universal_manipulation_interface/pika_dataset/exports/episode79/sample_000066/payload_raw.json",
  "actions_path": "/home/sunpeng/sp/umi_project/universal_manipulation_interface/pika_dataset/exports/episode79/sample_000066/actions.json",
  "meta": {
    "start_index": 132,
    "obs_horizon": 2,
    "act_horizon": 16,
    "stride": 2,
    "obs_timestamps": [
      1776398609.9594717,
      1776398609.9913273
    ],
    "action_timestamps": [
      1776398610.0276623,
      1776398610.0595322,
      1776398610.0913184,
      1776398610.127669,
      1776398610.159488,
      1776398610.1912985,
      1776398610.2276928,
      1776398610.2594612,
      1776398610.2913494,
      1776398610.3276358,
      1776398610.3594348,
      1776398610.391309,
      1776398610.427656,
      1776398610.459488,
      1776398610.4913304,
      1776398610.527686
    ]
  },
  "payload_pose_validation": {
    "format": "xyz_quat_xyzw",
    "pose_shape": [
      2,
      7
    ],
    "init_pose_shape": [
      7
    ],
    "quat_norm_mean": 1.0,
    "quat_norm_min": 0.9999999999999999,
    "quat_norm_max": 1.0,
    "init_quat_norm": 0.9999999999999999
  },
  "inference": {
    "selected_arm": "arm_l",
    "checkpoint_path": "/home/sunpeng/sp/umi_project/universal_manipulation_interface/data/outputs/2026.04.20/16.30.06_train_diffusion_unet_timm_picknplace/checkpoints",
    "device": "cuda",
    "action_pred_shape": [
      16,
      10
    ],
    "env_action_shape": [
      16,
      7
    ]
  },
  "metrics": {
    "aligned_shape": [
      16,
      7
    ],
    "pred_shape": [
      16,
      7
    ],
    "target_shape": [
      16,
      7
    ],
    "position": {
      "mean_l2_error": 0.0320618636906147,
      "rmse_l2_error": 0.037264153361320496,
      "max_l2_error": 0.054992128163576126,
      "per_axis_mae": [
        0.002823394723236561,
        0.00903872400522232,
        0.029494188725948334
      ],
      "per_axis_rmse": [
        0.003187604947015643,
        0.013166068121790886,
        0.0347147062420845
      ]
    },
    "rotation": {
      "mean_geodesic_rad": 0.21403348445892334,
      "rmse_geodesic_rad": 0.2744390368461609,
      "max_geodesic_rad": 0.44926178455352783,
      "mean_geodesic_deg": 12.263214111328125,
      "rmse_geodesic_deg": 15.724197387695312,
      "max_geodesic_deg": 25.740802764892578
    },
    "gripper": {
      "mean_abs_error": 0.0005083270370960236,
      "rmse": 0.0005337548791430891,
      "max_abs_error": 0.0007934719324111938
    },
    "combined_legacy": {
      "mean_abs_error": 0.06096811965107918,
      "max_abs_error": 0.39008814096450806,
      "rmse": 0.11508896201848984
    },
    "pred_action_aligned": [
      [
        -0.22390790283679962,
        0.030485589057207108,
        -0.13490846753120422,
        -1.0944418907165527,
        1.3458794355392456,
        0.9571927785873413,
        0.07221902906894684
      ],
      [
        -0.22179536521434784,
        0.030017700046300888,
        -0.13349944353103638,
        -1.0865687131881714,
        1.331671118736267,
        0.9598062038421631,
        0.07231834530830383
      ],
      [
        -0.22278639674186707,
        0.03034222312271595,
        -0.13040123879909515,
        -1.0727455615997314,
        1.3142033815383911,
        0.9635246992111206,
        0.0724378377199173
      ],
      [
        -0.2240493893623352,
        0.0316498763859272,
        -0.12372539937496185,
        -1.0520111322402954,
        1.2991465330123901,
        0.9716475605964661,
        0.0723305493593216
      ],
      [
        -0.22725878655910492,
        0.03134473040699959,
        -0.12074354290962219,
        -1.031097650527954,
        1.2827214002609253,
        0.9963805675506592,
        0.07229769974946976
      ],
      [
        -0.23258960247039795,
        0.03131962940096855,
        -0.11600376665592194,
        -1.008542537689209,
        1.2800463438034058,
        1.017635703086853,
        0.07229319959878922
      ],
      [
        -0.23201295733451843,
        0.03292286768555641,
        -0.10825198888778687,
        -0.9557144641876221,
        1.267103672027588,
        1.0355472564697266,
        0.07202589511871338
      ],
      [
        -0.23507390916347504,
        0.0327029749751091,
        -0.1033710315823555,
        -0.9073204398155212,
        1.2199277877807617,
        1.0609151124954224,
        0.07250624895095825
      ],
      [
        -0.23346762359142303,
        0.03189053386449814,
        -0.09296388179063797,
        -0.8450291752815247,
        1.1806187629699707,
        1.0637966394424438,
        0.07244377583265305
      ],
      [
        -0.23579645156860352,
        0.032854113727808,
        -0.09005287289619446,
        -0.7787081599235535,
        1.1491566896438599,
        1.0885299444198608,
        0.07248277962207794
      ],
      [
        -0.23596936464309692,
        0.03090549260377884,
        -0.08385487645864487,
        -0.720683753490448,
        1.1085835695266724,
        1.1102927923202515,
        0.07211221754550934
      ],
      [
        -0.23818281292915344,
        0.02425714209675789,
        -0.08341024816036224,
        -0.6555035710334778,
        1.042878270149231,
        1.1383814811706543,
        0.0725686177611351
      ],
      [
        -0.2410299926996231,
        0.020410848781466484,
        -0.07594375312328339,
        -0.6050524115562439,
        1.0160161256790161,
        1.1450448036193848,
        0.07209222763776779
      ],
      [
        -0.24567019939422607,
        0.016470013186335564,
        -0.07654169201850891,
        -0.5871455669403076,
        1.0091338157653809,
        1.1677595376968384,
        0.07314810156822205
      ],
      [
        -0.2438853681087494,
        0.009832903742790222,
        -0.0824262872338295,
        -0.5753017663955688,
        1.0158342123031616,
        1.1760025024414062,
        0.07210470736026764
      ],
      [
        -0.24614237248897552,
        0.009842660278081894,
        -0.07956653088331223,
        -0.5708764791488647,
        1.0026081800460815,
        1.166849136352539,
        0.07225287705659866
      ]
    ],