{
  "sample_name": "sample_000163",
  "payload_path": "/home/sunpeng/sp/umi_project/universal_manipulation_interface/pika_dataset/exports/episode79/sample_000163/payload_raw.json",
  "actions_path": "/home/sunpeng/sp/umi_project/universal_manipulation_interface/pika_dataset/exports/episode79/sample_000163/actions.json",
  "meta": {
    "start_index": 326,
    "obs_horizon": 2,
    "act_horizon": 16,
    "stride": 2,
    "obs_timestamps": [
      1776398616.42781,
      1776398616.4597301
    ],
    "action_timestamps": [
      1776398616.4914372,
      1776398616.5278795,
      1776398616.559892,
      1776398616.5914965,
      1776398616.6278436,
      1776398616.659625,
      1776398616.691384,
      1776398616.727801,
      1776398616.7595997,
      1776398616.791461,
      1776398616.8279164,
      1776398616.8596697,
      1776398616.8914468,
      1776398616.9277928,
      1776398616.959669,
      1776398616.991434
    ]
  },
  "payload_pose_validation": {
    "format": "xyz_quat_xyzw",
    "pose_shape": [
      2,
      7
    ],
    "init_pose_shape": [
      7
    ],
    "quat_norm_mean": 1.0,
    "quat_norm_min": 0.9999999999999999,
    "quat_norm_max": 1.0,
    "init_quat_norm": 0.9999999999999999
  },
  "inference": {
    "selected_arm": "arm_l",
    "checkpoint_path": "/home/sunpeng/sp/umi_project/universal_manipulation_interface/data/outputs/2026.04.20/16.30.06_train_diffusion_unet_timm_picknplace/checkpoints",
    "device": "cuda",
    "action_pred_shape": [
      16,
      10
    ],
    "env_action_shape": [
      16,
      7
    ]
  },
  "metrics": {
    "aligned_shape": [
      16,
      7
    ],
    "pred_shape": [
      16,
      7
    ],
    "target_shape": [
      16,
      7
    ],
    "position": {
      "mean_l2_error": 0.04223481938242912,
      "rmse_l2_error": 0.04870940372347832,
      "max_l2_error": 0.07303866744041443,
      "per_axis_mae": [
        0.0018550613895058632,
        0.04018959030508995,
        0.008012907579541206
      ],
      "per_axis_rmse": [
        0.002220667665824294,
        0.04768539220094681,
        0.00968390703201294
      ]
    },
    "rotation": {
      "mean_geodesic_rad": 0.05796590447425842,
      "rmse_geodesic_rad": 0.06273594498634338,
      "max_geodesic_rad": 0.09238255023956299,
      "mean_geodesic_deg": 3.3212010860443115,
      "rmse_geodesic_deg": 3.5945050716400146,
      "max_geodesic_deg": 5.293129920959473
    },
    "gripper": {
      "mean_abs_error": 0.0038731214590370655,
      "rmse": 0.004005719441920519,
      "max_abs_error": 0.0053537338972091675
    },
    "combined_legacy": {
      "mean_abs_error": 0.021201567724347115,
      "max_abs_error": 0.0940701961517334,
      "rmse": 0.03216923773288727
    },
    "pred_action_aligned": [
      [
        -0.2438606470823288,
        0.19532810151576996,
        -0.06570504605770111,
        -0.9035712480545044,
        1.0489391088485718,
        1.16676664352417,
        0.0953037217259407
      ],
      [
        -0.2404499650001526,
        0.1886775940656662,
        -0.05693693831562996,
        -0.8755642175674438,
        1.039133906364441,
        1.1683653593063354,
        0.09429655224084854
      ],
      [
        -0.2447112798690796,
        0.18038639426231384,
        -0.04547777771949768,
        -0.8597922921180725,
        1.009535789489746,
        1.1804378032684326,
        0.09384062886238098
      ],
      [
        -0.24241971969604492,
        0.17150606215000153,
        -0.0317918062210083,
        -0.8334968686103821,
        0.9693324565887451,
        1.1893643140792847,
        0.09393920749425888
      ],
      [
        -0.24260103702545166,
        0.16353462636470795,
        -0.022950176149606705,
        -0.8105751276016235,
        0.9331656098365784,
        1.222869873046875,
        0.09317352622747421
      ],
      [
        -0.24059395492076874,
        0.14916476607322693,
        -0.013905420899391174,
        -0.7807649970054626,
        0.9123083353042603,
        1.2333414554595947,
        0.09312498569488525
      ],
      [
        -0.24677470326423645,
        0.13349390029907227,
        -0.012468792498111725,
        -0.7577031254768372,
        0.8784109354019165,
        1.2462260723114014,
        0.09224706143140793
      ],
      [
        -0.2508358359336853,
        0.1173776164650917,
        -0.013809770345687866,
        -0.7157677412033081,
        0.8516806364059448,
        1.243109107017517,
        0.09290821850299835
      ],
      [
        -0.25520241260528564,
        0.10007978975772858,
        -0.02223561704158783,
        -0.6933384537696838,
        0.8536026477813721,
        1.2443039417266846,
        0.09168314188718796
      ],
      [
        -0.2564585208892822,
        0.0812130868434906,
        -0.02349814772605896,
        -0.6807742118835449,
        0.8240324854850769,
        1.250158667564392,
        0.09231186658143997
      ],
      [
        -0.2580539286136627,
        0.06625726819038391,
        -0.025198791176080704,
        -0.6686750650405884,
        0.8175390362739563,
        1.2338941097259521,
        0.09234292805194855
      ],
      [
        -0.2588790953159332,
        0.0572706013917923,
        -0.02829740196466446,
        -0.6636227965354919,
        0.8038437962532043,
        1.2465476989746094,
        0.09241767972707748
      ],
      [
        -0.26419466733932495,
        0.05157732963562012,
        -0.02895190566778183,
        -0.6435891389846802,
        0.8095912933349609,
        1.2353744506835938,
        0.09219161421060562
      ],
      [
        -0.2663938105106354,
        0.05040067434310913,
        -0.02584163472056389,
        -0.6223576068878174,
        0.8139392137527466,
        1.251624584197998,
        0.09217487275600433
      ],
      [
        -0.26909542083740234,
        0.04978498816490173,
        -0.022089451551437378,
        -0.6232091188430786,
        0.8208197355270386,
        1.2509527206420898,
        0.09203336387872696
      ],
      [
        -0.267071008682251,
        0.05360998213291168,
        -0.021667979657649994,
        -0.6093459129333496,
        0.8116602301597595,
        1.2398344278335571,
        0.09135330468416214
      ]
    ],