{
  "sample_name": "sample_000064",
  "payload_path": "/home/sunpeng/sp/umi_project/universal_manipulation_interface/pika_dataset/exports/episode79/sample_000064/payload_raw.json",
  "actions_path": "/home/sunpeng/sp/umi_project/universal_manipulation_interface/pika_dataset/exports/episode79/sample_000064/actions.json",
  "meta": {
    "start_index": 128,
    "obs_horizon": 2,
    "act_horizon": 16,
    "stride": 2,
    "obs_timestamps": [
      1776398609.8277245,
      1776398609.8594875
    ],
    "action_timestamps": [
      1776398609.8913586,
      1776398609.9276798,
      1776398609.9594717,
      1776398609.9913273,
      1776398610.0276623,
      1776398610.0595322,
      1776398610.0913184,
      1776398610.127669,
      1776398610.159488,
      1776398610.1912985,
      1776398610.2276928,
      1776398610.2594612,
      1776398610.2913494,
      1776398610.3276358,
      1776398610.3594348,
      1776398610.391309
    ]
  },
  "payload_pose_validation": {
    "format": "xyz_quat_xyzw",
    "pose_shape": [
      2,
      7
    ],
    "init_pose_shape": [
      7
    ],
    "quat_norm_mean": 1.0,
    "quat_norm_min": 0.9999999999999999,
    "quat_norm_max": 1.0,
    "init_quat_norm": 0.9999999999999999
  },
  "inference": {
    "selected_arm": "arm_l",
    "checkpoint_path": "/home/sunpeng/sp/umi_project/universal_manipulation_interface/data/outputs/2026.04.20/16.30.06_train_diffusion_unet_timm_picknplace/checkpoints",
    "device": "cuda",
    "action_pred_shape": [
      16,
      10
    ],
    "env_action_shape": [
      16,
      7
    ]
  },
  "metrics": {
    "aligned_shape": [
      16,
      7
    ],
    "pred_shape": [
      16,
      7
    ],
    "target_shape": [
      16,
      7
    ],
    "position": {
      "mean_l2_error": 0.03098667412996292,
      "rmse_l2_error": 0.036755554378032684,
      "max_l2_error": 0.05891672149300575,
      "per_axis_mae": [
        0.013003647327423096,
        0.010273626074194908,
        0.024599697440862656
      ],
      "per_axis_rmse": [
        0.014624388888478279,
        0.014859078451991081,
        0.030270544812083244
      ]
    },
    "rotation": {
      "mean_geodesic_rad": 0.2633623480796814,
      "rmse_geodesic_rad": 0.32742366194725037,
      "max_geodesic_rad": 0.5400212407112122,
      "mean_geodesic_deg": 15.08955192565918,
      "rmse_geodesic_deg": 18.759992599487305,
      "max_geodesic_deg": 30.940937042236328
    },
    "gripper": {
      "mean_abs_error": 0.0004406645894050598,
      "rmse": 0.0006893854006193578,
      "max_abs_error": 0.0022813454270362854
    },
    "combined_legacy": {
      "mean_abs_error": 0.07442661374807358,
      "max_abs_error": 0.4154893159866333,
      "rmse": 0.13651885092258453
    },
    "pred_action_aligned": [
      [
        -0.22976869344711304,
        0.029093965888023376,
        -0.1496151238679886,
        -1.082943081855774,
        1.3446975946426392,
        0.9204124808311462,
        0.07289279997348785
      ],
      [
        -0.23215249180793762,
        0.02879134751856327,
        -0.14705538749694824,
        -1.083216905593872,
        1.3352367877960205,
        0.920543372631073,
        0.07313954085111618
      ],
      [
        -0.2334209829568863,
        0.03330504894256592,
        -0.14429529011249542,
        -1.0718680620193481,
        1.3075023889541626,
        0.9334450364112854,
        0.07267320156097412
      ],
      [
        -0.23283609747886658,
        0.03720344975590706,
        -0.1397528052330017,
        -1.0590630769729614,
        1.2838506698608398,
        0.950385332107544,
        0.07257933169603348
      ],
      [
        -0.23549413681030273,
        0.03815660998225212,
        -0.13350769877433777,
        -1.0337275266647339,
        1.2723275423049927,
        0.9582979679107666,
        0.0729796439409256
      ],
      [
        -0.23849309980869293,
        0.03933998942375183,
        -0.1262557953596115,
        -0.9992996454238892,
        1.2656078338623047,
        0.9720850586891174,
        0.07264824956655502
      ],
      [
        -0.23803997039794922,
        0.04057486355304718,
        -0.12014926224946976,
        -0.9514912962913513,
        1.2238308191299438,
        0.9928242564201355,
        0.07299778610467911
      ],
      [
        -0.23940810561180115,
        0.041309647262096405,
        -0.11571414768695831,
        -0.8915128111839294,
        1.2002825736999512,
        1.0142549276351929,
        0.07297103106975555
      ],
      [
        -0.2416943609714508,
        0.04122411087155342,
        -0.10973820090293884,
        -0.8438480496406555,
        1.1520073413848877,
        1.0493358373641968,
        0.07325366139411926
      ],
      [
        -0.24685361981391907,
        0.038950931280851364,
        -0.0997723713517189,
        -0.7634991407394409,
        1.1073718070983887,
        1.0922452211380005,
        0.07289056479930878
      ],
      [
        -0.2510916292667389,
        0.03568603843450546,
        -0.09297892451286316,
        -0.7032002806663513,
        1.0714491605758667,
        1.1179217100143433,
        0.07335355132818222
      ],
      [
        -0.2556147575378418,
        0.03195805847644806,
        -0.08780062198638916,
        -0.6469734311103821,
        1.0379292964935303,
        1.142822265625,
        0.07322462648153305
      ],
      [
        -0.2582165598869324,
        0.02475687675178051,
        -0.08525951951742172,
        -0.6168084144592285,
        0.9845708608627319,
        1.1646546125411987,
        0.07381293177604675
      ],
      [
        -0.26375216245651245,
        0.013513246551156044,
        -0.08579501509666443,
        -0.6028088331222534,
        0.9387674927711487,
        1.1886143684387207,
        0.07346002757549286
      ],
      [
        -0.2623988687992096,
        0.006553126499056816,
        -0.08943101763725281,
        -0.6107115149497986,
        0.9118161201477051,
        1.177444577217102,
        0.07306820899248123
      ],
      [
        -0.25995585322380066,
        6.745569407939911e-05,
        -0.09364205598831177,
        -0.5928655862808228,
        0.8932395577430725,
        1.1745113134384155,
        0.07510071247816086
      ]
    ],