{
  "sample_name": "sample_000113",
  "payload_path": "/home/sunpeng/sp/umi_project/universal_manipulation_interface/pika_dataset/exports/episode79/sample_000113/payload_raw.json",
  "actions_path": "/home/sunpeng/sp/umi_project/universal_manipulation_interface/pika_dataset/exports/episode79/sample_000113/actions.json",
  "meta": {
    "start_index": 226,
    "obs_horizon": 2,
    "act_horizon": 16,
    "stride": 2,
    "obs_timestamps": [
      1776398613.09128,
      1776398613.1277084
    ],
    "action_timestamps": [
      1776398613.1595042,
      1776398613.191496,
      1776398613.2277737,
      1776398613.259651,
      1776398613.291426,
      1776398613.3277295,
      1776398613.3595564,
      1776398613.3913634,
      1776398613.427778,
      1776398613.459609,
      1776398613.4913442,
      1776398613.527935,
      1776398613.559702,
      1776398613.5914123,
      1776398613.6277363,
      1776398613.659504
    ]
  },
  "payload_pose_validation": {
    "format": "xyz_quat_xyzw",
    "pose_shape": [
      2,
      7
    ],
    "init_pose_shape": [
      7
    ],
    "quat_norm_mean": 1.0,
    "quat_norm_min": 1.0,
    "quat_norm_max": 1.0,
    "init_quat_norm": 0.9999999999999999
  },
  "inference": {
    "selected_arm": "arm_l",
    "checkpoint_path": "/home/sunpeng/sp/umi_project/universal_manipulation_interface/data/outputs/2026.04.20/16.30.06_train_diffusion_unet_timm_picknplace/checkpoints",
    "device": "cuda",
    "action_pred_shape": [
      16,
      10
    ],
    "env_action_shape": [
      16,
      7
    ]
  },
  "metrics": {
    "aligned_shape": [
      16,
      7
    ],
    "pred_shape": [
      16,
      7
    ],
    "target_shape": [
      16,
      7
    ],
    "position": {
      "mean_l2_error": 0.018165048211812973,
      "rmse_l2_error": 0.019744928926229477,
      "max_l2_error": 0.028379708528518677,
      "per_axis_mae": [
        0.004334873519837856,
        0.017112454399466515,
        0.0025627450086176395
      ],
      "per_axis_rmse": [
        0.0049907551147043705,
        0.018878072500228882,
        0.0029279659502208233
      ]
    },
    "rotation": {
      "mean_geodesic_rad": 0.08130478858947754,
      "rmse_geodesic_rad": 0.08863428235054016,
      "max_geodesic_rad": 0.12455347180366516,
      "mean_geodesic_deg": 4.658421039581299,
      "rmse_geodesic_deg": 5.078370094299316,
      "max_geodesic_deg": 7.136387825012207
    },
    "gripper": {
      "mean_abs_error": 0.0006754035130143166,
      "rmse": 0.0007359415758401155,
      "max_abs_error": 0.001504562795162201
    },
    "combined_legacy": {
      "mean_abs_error": 0.021791355684399605,
      "max_abs_error": 0.12891530990600586,
      "rmse": 0.03778274729847908
    },
    "pred_action_aligned": [
      [
        -0.24139630794525146,
        0.1345837414264679,
        -0.06923897564411163,
        -0.7689382433891296,
        0.9414893388748169,
        1.189675211906433,
        0.07422130554914474
      ],
      [
        -0.242072194814682,
        0.14546744525432587,
        -0.07488983124494553,
        -0.8016332387924194,
        0.967917263507843,
        1.1916733980178833,
        0.07312024384737015
      ],
      [
        -0.24249377846717834,
        0.15495708584785461,
        -0.07804589718580246,
        -0.822801411151886,
        1.0036879777908325,
        1.1831244230270386,
        0.07305213063955307
      ],
      [
        -0.2399352490901947,
        0.16484704613685608,
        -0.08429622650146484,
        -0.8613941073417664,
        1.0244373083114624,
        1.1662700176239014,
        0.07268112152814865
      ],
      [
        -0.2374129444360733,
        0.17335769534111023,
        -0.09043483436107635,
        -0.8951706290245056,
        1.048275113105774,
        1.1548691987991333,
        0.0730714499950409
      ],
      [
        -0.237305149435997,
        0.1813996434211731,
        -0.09509449452161789,
        -0.9297268390655518,
        1.0803996324539185,
        1.1341801881790161,
        0.07301924377679825
      ],
      [
        -0.23737752437591553,
        0.18665428459644318,
        -0.10103057324886322,
        -0.9543294906616211,
        1.1003704071044922,
        1.125315546989441,
        0.07314839214086533
      ],
      [
        -0.2376275658607483,
        0.19196975231170654,
        -0.10318346321582794,
        -0.9764600992202759,
        1.1139603853225708,
        1.1194573640823364,
        0.07292862981557846
      ],
      [
        -0.23731373250484467,
        0.1944957971572876,
        -0.10706108808517456,
        -0.9886167645454407,
        1.1343735456466675,
        1.1100070476531982,
        0.07290862500667572
      ],
      [
        -0.2382269650697708,
        0.19699689745903015,
        -0.11076249182224274,
        -1.0065922737121582,
        1.1469305753707886,
        1.1077710390090942,
        0.07273135334253311
      ],
      [
        -0.23853933811187744,
        0.1990637630224228,
        -0.1139850988984108,
        -1.0162984132766724,
        1.154552698135376,
        1.09442937374115,
        0.07293690741062164
      ],
      [
        -0.23845207691192627,
        0.20130226016044617,
        -0.11337672919034958,
        -1.01344633102417,
        1.1537528038024902,
        1.1046297550201416,
        0.07274129241704941
      ],
      [
        -0.239127516746521,
        0.20309282839298248,
        -0.11496342718601227,
        -1.0135406255722046,
        1.1668368577957153,
        1.0823261737823486,
        0.07278124988079071
      ],
      [
        -0.23864151537418365,
        0.20208832621574402,
        -0.11631336063146591,
        -1.0175487995147705,
        1.1679328680038452,
        1.0741642713546753,
        0.07256823778152466
      ],
      [
        -0.23714032769203186,
        0.20134544372558594,
        -0.11725311726331711,
        -1.0231040716171265,
        1.1747746467590332,
        1.066173791885376,
        0.07242126762866974
      ],
      [
        -0.2375626116991043,
        0.19895464181900024,
        -0.1177806556224823,
        -1.0184968709945679,
        1.1658039093017578,
        1.0583504438400269,
        0.07197164744138718
      ]
    ],