{
  "sample_name": "sample_000053",
  "payload_path": "/home/sunpeng/sp/umi_project/universal_manipulation_interface/pika_dataset/exports/episode79/sample_000053/payload_raw.json",
  "actions_path": "/home/sunpeng/sp/umi_project/universal_manipulation_interface/pika_dataset/exports/episode79/sample_000053/actions.json",
  "meta": {
    "start_index": 106,
    "obs_horizon": 2,
    "act_horizon": 16,
    "stride": 2,
    "obs_timestamps": [
      1776398609.0912998,
      1776398609.1216495
    ],
    "action_timestamps": [
      1776398609.1594095,
      1776398609.1913338,
      1776398609.221737,
      1776398609.259464,
      1776398609.2914066,
      1776398609.3276947,
      1776398609.3595989,
      1776398609.391411,
      1776398609.4218557,
      1776398609.4594648,
      1776398609.491288,
      1776398609.5216467,
      1776398609.5596886,
      1776398609.5913904,
      1776398609.6277323,
      1776398609.6594734
    ]
  },
  "payload_pose_validation": {
    "format": "xyz_quat_xyzw",
    "pose_shape": [
      2,
      7
    ],
    "init_pose_shape": [
      7
    ],
    "quat_norm_mean": 1.0,
    "quat_norm_min": 0.9999999999999999,
    "quat_norm_max": 1.0,
    "init_quat_norm": 0.9999999999999999
  },
  "inference": {
    "selected_arm": "arm_l",
    "checkpoint_path": "/home/sunpeng/sp/umi_project/universal_manipulation_interface/data/outputs/2026.04.20/16.30.06_train_diffusion_unet_timm_picknplace/checkpoints",
    "device": "cuda",
    "action_pred_shape": [
      16,
      10
    ],
    "env_action_shape": [
      16,
      7
    ]
  },
  "metrics": {
    "aligned_shape": [
      16,
      7
    ],
    "pred_shape": [
      16,
      7
    ],
    "target_shape": [
      16,
      7
    ],
    "position": {
      "mean_l2_error": 0.025067009031772614,
      "rmse_l2_error": 0.03199420124292374,
      "max_l2_error": 0.0658978670835495,
      "per_axis_mae": [
        0.002071212977170944,
        0.004346166271716356,
        0.02414366789162159
      ],
      "per_axis_rmse": [
        0.0026306030340492725,
        0.005403023213148117,
        0.03142477199435234
      ]
    },
    "rotation": {
      "mean_geodesic_rad": 0.09479677677154541,
      "rmse_geodesic_rad": 0.1426660716533661,
      "max_geodesic_rad": 0.4005400240421295,
      "mean_geodesic_deg": 5.431455135345459,
      "rmse_geodesic_deg": 8.174162864685059,
      "max_geodesic_deg": 22.949251174926758
    },
    "gripper": {
      "mean_abs_error": 0.0022500515915453434,
      "rmse": 0.0035419927444308996,
      "max_abs_error": 0.010592043399810791
    },
    "combined_legacy": {
      "mean_abs_error": 0.027137693017721176,
      "max_abs_error": 0.2963298559188843,
      "rmse": 0.05940476804971695
    },
    "pred_action_aligned": [
      [
        -0.23492513597011566,
        0.023210447281599045,
        -0.14808234572410583,
        -1.0178030729293823,
        1.3221001625061035,
        0.9422515034675598,
        0.09281787276268005
      ],
      [
        -0.23354177176952362,
        0.027719441801309586,
        -0.1399308294057846,
        -1.0288392305374146,
        1.3283227682113647,
        0.9322970509529114,
        0.09236700087785721
      ],
      [
        -0.23618775606155396,
        0.02873719483613968,
        -0.1401202380657196,
        -1.0609761476516724,
        1.3162312507629395,
        0.9321042895317078,
        0.09094918519258499
      ],
      [
        -0.23306235671043396,
        0.02927815355360508,
        -0.14159247279167175,
        -1.0548222064971924,
        1.3176493644714355,
        0.9492636919021606,
        0.08210088312625885
      ],
      [
        -0.234445258975029,
        0.026880796998739243,
        -0.14034712314605713,
        -1.0467101335525513,
        1.335127353668213,
        0.9431073665618896,
        0.07398124784231186
      ],
      [
        -0.23248471319675446,
        0.029591353610157967,
        -0.13486818969249725,
        -1.0465197563171387,
        1.3347201347351074,
        0.9456254243850708,
        0.07755153626203537
      ],
      [
        -0.2270045429468155,
        0.03368101269006729,
        -0.13208289444446564,
        -1.0313290357589722,
        1.3469005823135376,
        0.9586653113365173,
        0.07252427190542221
      ],
      [
        -0.22580692172050476,
        0.03270014375448227,
        -0.13008393347263336,
        -1.043776035308838,
        1.3446301221847534,
        0.9433550238609314,
        0.07254177331924438
      ],
      [
        -0.22487109899520874,
        0.03129187971353531,
        -0.1272250860929489,
        -1.0460691452026367,
        1.3443820476531982,
        0.9390613436698914,
        0.07288777083158493
      ],
      [
        -0.22149786353111267,
        0.03165630251169205,
        -0.12898960709571838,
        -1.0329234600067139,
        1.3410639762878418,
        0.9284825325012207,
        0.07249842584133148
      ],
      [
        -0.2244238257408142,
        0.0305666271597147,
        -0.12611724436283112,
        -1.0217301845550537,
        1.3310773372650146,
        0.9463282823562622,
        0.07253109663724899
      ],
      [
        -0.228759303689003,
        0.030139045789837837,
        -0.12309791147708893,
        -1.0005956888198853,
        1.32163405418396,
        0.9535988569259644,
        0.07251038402318954
      ],
      [
        -0.22833466529846191,
        0.0338771753013134,
        -0.11393897235393524,
        -0.9528393149375916,
        1.3040130138397217,
        0.9556049704551697,
        0.07261451333761215
      ],
      [
        -0.22976182401180267,
        0.039805978536605835,
        -0.10122840851545334,
        -0.9139634370803833,
        1.2330609560012817,
        0.9939864873886108,
        0.072110116481781
      ],
      [
        -0.22916804254055023,
        0.039345525205135345,
        -0.08854703605175018,
        -0.842836320400238,
        1.1443829536437988,
        1.0057939291000366,
        0.07237990200519562
      ],
      [
        -0.2330046445131302,
        0.038482047617435455,
        -0.07707780599594116,
        -0.7881367206573486,
        1.0512042045593262,
        1.0101099014282227,
        0.0719502791762352
      ]
    ],