{
  "sample_name": "sample_000036",
  "payload_path": "/home/sunpeng/sp/umi_project/universal_manipulation_interface/pika_dataset/exports/episode79/sample_000036/payload_raw.json",
  "actions_path": "/home/sunpeng/sp/umi_project/universal_manipulation_interface/pika_dataset/exports/episode79/sample_000036/actions.json",
  "meta": {
    "start_index": 72,
    "obs_horizon": 2,
    "act_horizon": 16,
    "stride": 2,
    "obs_timestamps": [
      1776398607.9594307,
      1776398607.9913018
    ],
    "action_timestamps": [
      1776398608.0217173,
      1776398608.0594761,
      1776398608.091265,
      1776398608.1216795,
      1776398608.159439,
      1776398608.191332,
      1776398608.2217045,
      1776398608.2594833,
      1776398608.2913167,
      1776398608.3216846,
      1776398608.359421,
      1776398608.3913038,
      1776398608.421738,
      1776398608.4595058,
      1776398608.4911988,
      1776398608.5216491
    ]
  },
  "payload_pose_validation": {
    "format": "xyz_quat_xyzw",
    "pose_shape": [
      2,
      7
    ],
    "init_pose_shape": [
      7
    ],
    "quat_norm_mean": 1.0,
    "quat_norm_min": 0.9999999999999999,
    "quat_norm_max": 1.0,
    "init_quat_norm": 0.9999999999999999
  },
  "inference": {
    "selected_arm": "arm_l",
    "checkpoint_path": "/home/sunpeng/sp/umi_project/universal_manipulation_interface/data/outputs/2026.04.20/16.30.06_train_diffusion_unet_timm_picknplace/checkpoints",
    "device": "cuda",
    "action_pred_shape": [
      16,
      10
    ],
    "env_action_shape": [
      16,
      7
    ]
  },
  "metrics": {
    "aligned_shape": [
      16,
      7
    ],
    "pred_shape": [
      16,
      7
    ],
    "target_shape": [
      16,
      7
    ],
    "position": {
      "mean_l2_error": 0.006186384707689285,
      "rmse_l2_error": 0.00747048482298851,
      "max_l2_error": 0.014898670837283134,
      "per_axis_mae": [
        0.0014296341687440872,
        0.002837816718965769,
        0.00487466249614954
      ],
      "per_axis_rmse": [
        0.00181023427285254,
        0.0033474706578999758,
        0.006428501568734646
      ]
    },
    "rotation": {
      "mean_geodesic_rad": 0.01908182166516781,
      "rmse_geodesic_rad": 0.020750626921653748,
      "max_geodesic_rad": 0.03594806417822838,
      "mean_geodesic_deg": 1.0933077335357666,
      "rmse_geodesic_deg": 1.1889233589172363,
      "max_geodesic_deg": 2.0596723556518555
    },
    "gripper": {
      "mean_abs_error": 0.005368981976062059,
      "rmse": 0.011125504039227962,
      "max_abs_error": 0.026661142706871033
    },
    "combined_legacy": {
      "mean_abs_error": 0.006798737682402134,
      "max_abs_error": 0.03533124923706055,
      "rmse": 0.010372810065746307
    },
    "pred_action_aligned": [
      [
        -0.23686333000659943,
        0.02288195490837097,
        -0.13809655606746674,
        -0.9788792729377747,
        1.2133780717849731,
        0.9175317287445068,
        0.09670030325651169
      ],
      [
        -0.23522454500198364,
        0.024518858641386032,
        -0.1380695253610611,
        -0.9904173612594604,
        1.2402677536010742,
        0.9196254014968872,
        0.09647926688194275
      ],
      [
        -0.23606844246387482,
        0.025518646463751793,
        -0.13976681232452393,
        -0.9938291907310486,
        1.2542850971221924,
        0.9152695536613464,
        0.09662148356437683
      ],
      [
        -0.23437951505184174,
        0.02885935828089714,
        -0.13948865234851837,
        -1.0008026361465454,
        1.2473105192184448,
        0.935746431350708,
        0.09658633172512054
      ],
      [
        -0.23486487567424774,
        0.030705589801073074,
        -0.14151647686958313,
        -1.0085086822509766,
        1.2556713819503784,
        0.9321755766868591,
        0.09634525328874588
      ],
      [
        -0.23144419491291046,
        0.030745306983590126,
        -0.14329320192337036,
        -1.0037091970443726,
        1.272410273551941,
        0.9309545159339905,
        0.09619445353746414
      ],
      [
        -0.23402222990989685,
        0.030906207859516144,
        -0.1462259590625763,
        -1.0026750564575195,
        1.2704066038131714,
        0.9351853728294373,
        0.09645737707614899
      ],
      [
        -0.23399779200553894,
        0.03132577985525131,
        -0.14983293414115906,
        -1.016117811203003,
        1.266885757446289,
        0.9351809024810791,
        0.09620101749897003
      ],
      [
        -0.23417867720127106,
        0.027232931926846504,
        -0.15315109491348267,
        -1.0076377391815186,
        1.2893261909484863,
        0.9399030208587646,
        0.09582053869962692
      ],
      [
        -0.2347314953804016,
        0.029889892786741257,
        -0.14766089618206024,
        -1.0177127122879028,
        1.2965970039367676,
        0.9499346017837524,
        0.09591983258724213
      ],
      [
        -0.23365972936153412,
        0.03173898532986641,
        -0.1406048685312271,
        -1.0145436525344849,
        1.3035547733306885,
        0.951387882232666,
        0.09564290940761566
      ],
      [
        -0.23050445318222046,
        0.03294886276125908,
        -0.14136449992656708,
        -1.004173994064331,
        1.3151237964630127,
        0.9550256133079529,
        0.09520092606544495
      ],
      [
        -0.229410782456398,
        0.03347686678171158,
        -0.1425447165966034,
        -1.0163723230361938,
        1.3288013935089111,
        0.9515231847763062,
        0.09389858692884445
      ],
      [
        -0.23231077194213867,
        0.03240590542554855,
        -0.14049199223518372,
        -1.020841121673584,
        1.3365259170532227,
        0.9381182789802551,
        0.07004589587450027
      ],
      [
        -0.23083703219890594,
        0.0350174754858017,
        -0.13926315307617188,
        -1.0331449508666992,
        1.346013069152832,
        0.9313579201698303,
        0.07136552780866623
      ],
      [
        -0.23120585083961487,
        0.03287247568368912,
        -0.14783401787281036,
        -1.0267428159713745,
        1.3274894952774048,
        0.9516879320144653,
        0.0719292014837265
      ]
    ],