{
  "sample_name": "sample_000057",
  "payload_path": "/home/sunpeng/sp/umi_project/universal_manipulation_interface/pika_dataset/exports/episode79/sample_000057/payload_raw.json",
  "actions_path": "/home/sunpeng/sp/umi_project/universal_manipulation_interface/pika_dataset/exports/episode79/sample_000057/actions.json",
  "meta": {
    "start_index": 114,
    "obs_horizon": 2,
    "act_horizon": 16,
    "stride": 2,
    "obs_timestamps": [
      1776398609.3595989,
      1776398609.391411
    ],
    "action_timestamps": [
      1776398609.4218557,
      1776398609.4594648,
      1776398609.491288,
      1776398609.5216467,
      1776398609.5596886,
      1776398609.5913904,
      1776398609.6277323,
      1776398609.6594734,
      1776398609.691274,
      1776398609.7276528,
      1776398609.7594206,
      1776398609.791275,
      1776398609.8277245,
      1776398609.8594875,
      1776398609.8913586,
      1776398609.9276798
    ]
  },
  "payload_pose_validation": {
    "format": "xyz_quat_xyzw",
    "pose_shape": [
      2,
      7
    ],
    "init_pose_shape": [
      7
    ],
    "quat_norm_mean": 1.0,
    "quat_norm_min": 1.0,
    "quat_norm_max": 1.0,
    "init_quat_norm": 0.9999999999999999
  },
  "inference": {
    "selected_arm": "arm_l",
    "checkpoint_path": "/home/sunpeng/sp/umi_project/universal_manipulation_interface/data/outputs/2026.04.20/16.30.06_train_diffusion_unet_timm_picknplace/checkpoints",
    "device": "cuda",
    "action_pred_shape": [
      16,
      10
    ],
    "env_action_shape": [
      16,
      7
    ]
  },
  "metrics": {
    "aligned_shape": [
      16,
      7
    ],
    "pred_shape": [
      16,
      7
    ],
    "target_shape": [
      16,
      7
    ],
    "position": {
      "mean_l2_error": 0.03606892377138138,
      "rmse_l2_error": 0.04518849402666092,
      "max_l2_error": 0.08031046390533447,
      "per_axis_mae": [
        0.006683634594082832,
        0.00853695161640644,
        0.03345891833305359
      ],
      "per_axis_rmse": [
        0.010220522992312908,
        0.009846512228250504,
        0.04290206357836723
      ]
    },
    "rotation": {
      "mean_geodesic_rad": 0.24185067415237427,
      "rmse_geodesic_rad": 0.3123602569103241,
      "max_geodesic_rad": 0.5610395669937134,
      "mean_geodesic_deg": 13.85702133178711,
      "rmse_geodesic_deg": 17.896923065185547,
      "max_geodesic_deg": 32.145198822021484
    },
    "gripper": {
      "mean_abs_error": 0.0002934429794549942,
      "rmse": 0.00036398510565049946,
      "max_abs_error": 0.0008742362260818481
    },
    "combined_legacy": {
      "mean_abs_error": 0.07193519175052643,
      "max_abs_error": 0.45067375898361206,
      "rmse": 0.13264338672161102
    },
    "pred_action_aligned": [
      [
        -0.2251337319612503,
        0.029904356226325035,
        -0.14897602796554565,
        -1.1246683597564697,
        1.3452351093292236,
        0.9310791492462158,
        0.07336374372243881
      ],
      [
        -0.22692923247814178,
        0.03129911422729492,
        -0.15371008217334747,
        -1.109289288520813,
        1.3379788398742676,
        0.9367703199386597,
        0.07369360327720642
      ],
      [
        -0.22615978121757507,
        0.03341875225305557,
        -0.15213291347026825,
        -1.0987893342971802,
        1.339325189590454,
        0.9562190771102905,
        0.07249746471643448
      ],
      [
        -0.22697995603084564,
        0.03494387865066528,
        -0.15023024380207062,
        -1.0744870901107788,
        1.3457601070404053,
        0.9564530253410339,
        0.07276863604784012
      ],
      [
        -0.22656859457492828,
        0.03693747892975807,
        -0.14431573450565338,
        -1.075385332107544,
        1.302685260772705,
        0.9623094797134399,
        0.07265745848417282
      ],
      [
        -0.2237682044506073,
        0.04360441863536835,
        -0.13504663109779358,
        -1.0325062274932861,
        1.2963632345199585,
        0.9747124314308167,
        0.07289929687976837
      ],
      [
        -0.22571995854377747,
        0.03732161223888397,
        -0.13052935898303986,
        -1.001953363418579,
        1.2829099893569946,
        1.0079026222229004,
        0.07271447777748108
      ],
      [
        -0.23148369789123535,
        0.039414823055267334,
        -0.12371275573968887,
        -0.9475276470184326,
        1.2739050388336182,
        1.0271729230880737,
        0.07243460416793823
      ],
      [
        -0.23076531291007996,
        0.03615330159664154,
        -0.11542898416519165,
        -0.9120534658432007,
        1.2496623992919922,
        1.057071566581726,
        0.07227705419063568
      ],
      [
        -0.23169685900211334,
        0.03452261909842491,
        -0.10715173184871674,
        -0.8485392928123474,
        1.1856822967529297,
        1.0725034475326538,
        0.07258845120668411
      ],
      [
        -0.2322365641593933,
        0.030518416315317154,
        -0.09650790691375732,
        -0.8077766299247742,
        1.1330491304397583,
        1.111149549484253,
        0.07303576916456223
      ],
      [
        -0.235540509223938,
        0.02356683276593685,
        -0.084483802318573,
        -0.7563366889953613,
        1.071516990661621,
        1.1527267694473267,
        0.07292581349611282
      ],
      [
        -0.238973468542099,
        0.02159595862030983,
        -0.08048878610134125,
        -0.7181673049926758,
        1.0354398488998413,
        1.1543216705322266,
        0.0729747861623764
      ],
      [
        -0.24912691116333008,
        0.01699228212237358,
        -0.07675348222255707,
        -0.6867133378982544,
        1.013456106185913,
        1.1733148097991943,
        0.0732474997639656
      ],
      [
        -0.25101354718208313,
        0.013692963868379593,
        -0.07578770816326141,
        -0.6443946957588196,
        1.0024739503860474,
        1.1767622232437134,
        0.07245711982250214
      ],
      [
        -0.25697681307792664,
        0.01294323243200779,
        -0.06798713654279709,
        -0.6241090893745422,
        0.9875988960266113,
        1.151980996131897,
        0.07268889248371124
      ]
    ],