{
  "sample_name": "sample_000128",
  "payload_path": "/home/sunpeng/sp/umi_project/universal_manipulation_interface/pika_dataset/exports/episode79/sample_000128/payload_raw.json",
  "actions_path": "/home/sunpeng/sp/umi_project/universal_manipulation_interface/pika_dataset/exports/episode79/sample_000128/actions.json",
  "meta": {
    "start_index": 256,
    "obs_horizon": 2,
    "act_horizon": 16,
    "stride": 2,
    "obs_timestamps": [
      1776398614.0913184,
      1776398614.127781
    ],
    "action_timestamps": [
      1776398614.1595907,
      1776398614.191367,
      1776398614.2277157,
      1776398614.2595606,
      1776398614.291338,
      1776398614.3277342,
      1776398614.359505,
      1776398614.391321,
      1776398614.4277146,
      1776398614.4594586,
      1776398614.4913654,
      1776398614.5277576,
      1776398614.5597117,
      1776398614.5913773,
      1776398614.6277854,
      1776398614.6594963
    ]
  },
  "payload_pose_validation": {
    "format": "xyz_quat_xyzw",
    "pose_shape": [
      2,
      7
    ],
    "init_pose_shape": [
      7
    ],
    "quat_norm_mean": 0.9999999999999999,
    "quat_norm_min": 0.9999999999999998,
    "quat_norm_max": 1.0,
    "init_quat_norm": 0.9999999999999999
  },
  "inference": {
    "selected_arm": "arm_l",
    "checkpoint_path": "/home/sunpeng/sp/umi_project/universal_manipulation_interface/data/outputs/2026.04.20/16.30.06_train_diffusion_unet_timm_picknplace/checkpoints",
    "device": "cuda",
    "action_pred_shape": [
      16,
      10
    ],
    "env_action_shape": [
      16,
      7
    ]
  },
  "metrics": {
    "aligned_shape": [
      16,
      7
    ],
    "pred_shape": [
      16,
      7
    ],
    "target_shape": [
      16,
      7
    ],
    "position": {
      "mean_l2_error": 0.009853946976363659,
      "rmse_l2_error": 0.010776365175843239,
      "max_l2_error": 0.016914604231715202,
      "per_axis_mae": [
        0.00177005585283041,
        0.0015025753527879715,
        0.00939931534230709
      ],
      "per_axis_rmse": [
        0.002513353480026126,
        0.001981426728889346,
        0.010290143080055714
      ]
    },
    "rotation": {
      "mean_geodesic_rad": 0.03808087483048439,
      "rmse_geodesic_rad": 0.0395171158015728,
      "max_geodesic_rad": 0.05491745471954346,
      "mean_geodesic_deg": 2.181873321533203,
      "rmse_geodesic_deg": 2.2641637325286865,
      "max_geodesic_deg": 3.146538257598877
    },
    "gripper": {
      "mean_abs_error": 0.007614229805767536,
      "rmse": 0.011521000415086746,
      "max_abs_error": 0.0204915851354599
    },
    "combined_legacy": {
      "mean_abs_error": 0.01156461052596569,
      "max_abs_error": 0.05182957649230957,
      "rmse": 0.016550004482269287
    },
    "pred_action_aligned": [
      [
        -0.23655755817890167,
        0.20410826802253723,
        -0.13653910160064697,
        -1.0082794427871704,
        1.1976401805877686,
        1.0521693229675293,
        0.07373533397912979
      ],
      [
        -0.23754340410232544,
        0.2049950212240219,
        -0.13773000240325928,
        -1.011976718902588,
        1.2164021730422974,
        1.055914282798767,
        0.07383666932582855
      ],
      [
        -0.23743601143360138,
        0.20611317455768585,
        -0.13849593698978424,
        -1.0174249410629272,
        1.2261813879013062,
        1.0585275888442993,
        0.07392461597919464
      ],
      [
        -0.23719237744808197,
        0.20596930384635925,
        -0.1393626481294632,
        -1.0160102844238281,
        1.2301112413406372,
        1.0689510107040405,
        0.07394392043352127
      ],
      [
        -0.23721206188201904,
        0.2073698788881302,
        -0.13857567310333252,
        -1.025351881980896,
        1.237112283706665,
        1.0648540258407593,
        0.07470215111970901
      ],
      [
        -0.23673506081104279,
        0.20754487812519073,
        -0.13894042372703552,
        -1.023101806640625,
        1.2418209314346313,
        1.0664616823196411,
        0.07408134639263153
      ],
      [
        -0.23555050790309906,
        0.20837122201919556,
        -0.1393412947654724,
        -1.0275201797485352,
        1.2450960874557495,
        1.060162901878357,
        0.07368797063827515
      ],
      [
        -0.23659031093120575,
        0.2084168642759323,
        -0.1419009119272232,
        -1.030505895614624,
        1.2468626499176025,
        1.0559360980987549,
        0.07366130501031876
      ],
      [
        -0.23323075473308563,
        0.2070331573486328,
        -0.1433398723602295,
        -1.0393118858337402,
        1.2415461540222168,
        1.0496973991394043,
        0.07281120121479034
      ],
      [
        -0.23305055499076843,
        0.20777694880962372,
        -0.14256611466407776,
        -1.0318838357925415,
        1.2405869960784912,
        1.0530380010604858,
        0.07344924658536911
      ],
      [
        -0.23697605729103088,
        0.20632202923297882,
        -0.1447065770626068,
        -1.0222305059432983,
        1.2349177598953247,
        1.066493034362793,
        0.08828173577785492
      ],
      [
        -0.236414834856987,
        0.2105155736207962,
        -0.14552909135818481,
        -1.0273791551589966,
        1.2075444459915161,
        1.0714914798736572,
        0.09219712764024734
      ],
      [
        -0.2394576221704483,
        0.20726419985294342,
        -0.1467389017343521,
        -1.0525139570236206,
        1.210210919380188,
        1.0607746839523315,
        0.092581607401371
      ],
      [
        -0.24057039618492126,
        0.2070818543434143,
        -0.1475931853055954,
        -1.045365333557129,
        1.222739338874817,
        1.0656684637069702,
        0.09333416074514389
      ],
      [
        -0.23909930884838104,
        0.2075219750404358,
        -0.14703921973705292,
        -1.0352505445480347,
        1.2172205448150635,
        1.075031042098999,
        0.09397304803133011
      ],
      [
        -0.23886781930923462,
        0.20749682188034058,
        -0.14623324573040009,
        -1.0333836078643799,
        1.2115453481674194,
        1.0869653224945068,
        0.09462239593267441
      ]
    ],