{
  "sample_name": "sample_000103",
  "payload_path": "/home/sunpeng/sp/umi_project/universal_manipulation_interface/pika_dataset/exports/episode79/sample_000103/payload_raw.json",
  "actions_path": "/home/sunpeng/sp/umi_project/universal_manipulation_interface/pika_dataset/exports/episode79/sample_000103/actions.json",
  "meta": {
    "start_index": 206,
    "obs_horizon": 2,
    "act_horizon": 16,
    "stride": 2,
    "obs_timestamps": [
      1776398612.4277766,
      1776398612.459511
    ],
    "action_timestamps": [
      1776398612.4912949,
      1776398612.5277646,
      1776398612.559704,
      1776398612.591397,
      1776398612.6277316,
      1776398612.6595614,
      1776398612.6912947,
      1776398612.7276466,
      1776398612.7594557,
      1776398612.7913513,
      1776398612.8276937,
      1776398612.8595362,
      1776398612.8913043,
      1776398612.927757,
      1776398612.9594653,
      1776398612.9912927
    ]
  },
  "payload_pose_validation": {
    "format": "xyz_quat_xyzw",
    "pose_shape": [
      2,
      7
    ],
    "init_pose_shape": [
      7
    ],
    "quat_norm_mean": 1.0,
    "quat_norm_min": 1.0,
    "quat_norm_max": 1.0,
    "init_quat_norm": 0.9999999999999999
  },
  "inference": {
    "selected_arm": "arm_l",
    "checkpoint_path": "/home/sunpeng/sp/umi_project/universal_manipulation_interface/data/outputs/2026.04.20/16.30.06_train_diffusion_unet_timm_picknplace/checkpoints",
    "device": "cuda",
    "action_pred_shape": [
      16,
      10
    ],
    "env_action_shape": [
      16,
      7
    ]
  },
  "metrics": {
    "aligned_shape": [
      16,
      7
    ],
    "pred_shape": [
      16,
      7
    ],
    "target_shape": [
      16,
      7
    ],
    "position": {
      "mean_l2_error": 0.06339821964502335,
      "rmse_l2_error": 0.07210880517959595,
      "max_l2_error": 0.09823299199342728,
      "per_axis_mae": [
        0.004622092470526695,
        0.05854106321930885,
        0.01899777725338936
      ],
      "per_axis_rmse": [
        0.005709459539502859,
        0.06710663437843323,
        0.025763966143131256
      ]
    },
    "rotation": {
      "mean_geodesic_rad": 0.1858658790588379,
      "rmse_geodesic_rad": 0.2266182154417038,
      "max_geodesic_rad": 0.3515993058681488,
      "mean_geodesic_deg": 10.649331092834473,
      "rmse_geodesic_deg": 12.984267234802246,
      "max_geodesic_deg": 20.14515495300293
    },
    "gripper": {
      "mean_abs_error": 0.00023652426898479462,
      "rmse": 0.0003041926247533411,
      "max_abs_error": 0.0007853284478187561
    },
    "combined_legacy": {
      "mean_abs_error": 0.055341936647892,
      "max_abs_error": 0.28225964307785034,
      "rmse": 0.0963902398943901
    },
    "pred_action_aligned": [
      [
        -0.2562560439109802,
        0.025982342660427094,
        -0.06418775022029877,
        -0.5368012189865112,
        0.8116657733917236,
        1.1754244565963745,
        0.07354823499917984
      ],
      [
        -0.2529812455177307,
        0.03634926304221153,
        -0.05618436634540558,
        -0.5194909572601318,
        0.7857104539871216,
        1.1838611364364624,
        0.07351855933666229
      ],
      [
        -0.24746327102184296,
        0.050622858107089996,
        -0.046932402998209,
        -0.5006301403045654,
        0.7628776431083679,
        1.1851859092712402,
        0.07331503927707672
      ],
      [
        -0.24305467307567596,
        0.06694468855857849,
        -0.039535097777843475,
        -0.5170992016792297,
        0.7429866790771484,
        1.1965240240097046,
        0.07320109754800797
      ],
      [
        -0.24021725356578827,
        0.08512772619724274,
        -0.0374729186296463,
        -0.5663343071937561,
        0.7493492364883423,
        1.2113615274429321,
        0.07306719571352005
      ],
      [
        -0.24166373908519745,
        0.10352590680122375,
        -0.03915875777602196,
        -0.6145232915878296,
        0.7853359580039978,
        1.209347128868103,
        0.07330113649368286
      ],
      [
        -0.24404266476631165,
        0.12228147685527802,
        -0.041643936187028885,
        -0.6633524298667908,
        0.839573860168457,
        1.2154136896133423,
        0.07327448576688766
      ],
      [
        -0.24526068568229675,
        0.14102226495742798,
        -0.04497327655553818,
        -0.709667980670929,
        0.8824508786201477,
        1.2231067419052124,
        0.0733104944229126
      ],
      [
        -0.24574071168899536,
        0.15667478740215302,
        -0.04885980486869812,
        -0.7533677220344543,
        0.9370642304420471,
        1.2141656875610352,
        0.07341653108596802
      ],
      [
        -0.24689577519893646,
        0.17113442718982697,
        -0.05637332797050476,
        -0.8050397634506226,
        1.0006372928619385,
        1.2069429159164429,
        0.07296528667211533
      ],
      [
        -0.2471376657485962,
        0.1770029366016388,
        -0.06330960988998413,
        -0.8451186418533325,
        1.05073881149292,
        1.1961045265197754,
        0.07316534966230392
      ],
      [
        -0.24587233364582062,
        0.18630293011665344,
        -0.07390203326940536,
        -0.873008131980896,
        1.086881399154663,
        1.1695060729980469,
        0.07335183769464493
      ],
      [
        -0.24618522822856903,
        0.18942217528820038,
        -0.08543864637613297,
        -0.9139024019241333,
        1.1260985136032104,
        1.1486402750015259,
        0.07354503870010376
      ],
      [
        -0.24787521362304688,
        0.1895103007555008,
        -0.0954633578658104,
        -0.9468334913253784,
        1.1417616605758667,
        1.1236343383789062,
        0.07378342002630234
      ],
      [
        -0.2508479952812195,
        0.19089972972869873,
        -0.10579126328229904,
        -0.9574510455131531,
        1.1398240327835083,
        1.1024210453033447,
        0.0735912099480629
      ],
      [
        -0.25385144352912903,
        0.1918496936559677,
        -0.11119117587804794,
        -0.9618814587593079,
        1.1470208168029785,
        1.0802842378616333,
        0.07426153868436813
      ]
    ],