{
  "sample_name": "sample_000022",
  "payload_path": "/home/sunpeng/sp/umi_project/universal_manipulation_interface/pika_dataset/exports/episode79/sample_000022/payload_raw.json",
  "actions_path": "/home/sunpeng/sp/umi_project/universal_manipulation_interface/pika_dataset/exports/episode79/sample_000022/actions.json",
  "meta": {
    "start_index": 44,
    "obs_horizon": 2,
    "act_horizon": 16,
    "stride": 2,
    "obs_timestamps": [
      1776398607.0216267,
      1776398607.0593703
    ],
    "action_timestamps": [
      1776398607.0912151,
      1776398607.1215694,
      1776398607.1593602,
      1776398607.19125,
      1776398607.2216332,
      1776398607.2593372,
      1776398607.291238,
      1776398607.3216622,
      1776398607.3594024,
      1776398607.3913944,
      1776398607.4216921,
      1776398607.4594269,
      1776398607.491186,
      1776398607.521719,
      1776398607.5595014,
      1776398607.5912888
    ]
  },
  "payload_pose_validation": {
    "format": "xyz_quat_xyzw",
    "pose_shape": [
      2,
      7
    ],
    "init_pose_shape": [
      7
    ],
    "quat_norm_mean": 1.0,
    "quat_norm_min": 0.9999999999999999,
    "quat_norm_max": 1.0,
    "init_quat_norm": 0.9999999999999999
  },
  "inference": {
    "selected_arm": "arm_l",
    "checkpoint_path": "/home/sunpeng/sp/umi_project/universal_manipulation_interface/data/outputs/2026.04.20/16.30.06_train_diffusion_unet_timm_picknplace/checkpoints",
    "device": "cuda",
    "action_pred_shape": [
      16,
      10
    ],
    "env_action_shape": [
      16,
      7
    ]
  },
  "metrics": {
    "aligned_shape": [
      16,
      7
    ],
    "pred_shape": [
      16,
      7
    ],
    "target_shape": [
      16,
      7
    ],
    "position": {
      "mean_l2_error": 0.03022339567542076,
      "rmse_l2_error": 0.03570892661809921,
      "max_l2_error": 0.05262960121035576,
      "per_axis_mae": [
        0.006606436334550381,
        0.019429203122854233,
        0.02114374190568924
      ],
      "per_axis_rmse": [
        0.0075639779679477215,
        0.021952321752905846,
        0.02712949365377426
      ]
    },
    "rotation": {
      "mean_geodesic_rad": 0.16523168981075287,
      "rmse_geodesic_rad": 0.1913078874349594,
      "max_geodesic_rad": 0.26803919672966003,
      "mean_geodesic_deg": 9.46707820892334,
      "rmse_geodesic_deg": 10.96113395690918,
      "max_geodesic_deg": 15.357513427734375
    },
    "gripper": {
      "mean_abs_error": 8.211471140384674e-05,
      "rmse": 0.00011971087951678783,
      "max_abs_error": 0.0002790391445159912
    },
    "combined_legacy": {
      "mean_abs_error": 0.0420353077352047,
      "max_abs_error": 0.2200028896331787,
      "rmse": 0.07624297589063644
    },
    "pred_action_aligned": [
      [
        -0.2570207715034485,
        -0.0223068967461586,
        -0.08179102838039398,
        -0.6391010880470276,
        0.9586277604103088,
        0.906970202922821,
        0.09670703113079071
      ],
      [
        -0.2566351592540741,
        -0.017098162323236465,
        -0.08370736241340637,
        -0.6566717624664307,
        0.9862367510795593,
        0.9117343425750732,
        0.09670703113079071
      ],
      [
        -0.25534719228744507,
        -0.012676868587732315,
        -0.08602520823478699,
        -0.6795933842658997,
        1.0086414813995361,
        0.9196869730949402,
        0.09668159484863281
      ],
      [
        -0.2535809874534607,
        -0.008913812227547169,
        -0.08821219205856323,
        -0.7218374013900757,
        1.0470167398452759,
        0.9185935854911804,
        0.09657164663076401
      ],
      [
        -0.2519160211086273,
        -0.0038225948810577393,
        -0.09107425808906555,
        -0.7613354921340942,
        1.0738208293914795,
        0.9139635562896729,
        0.09670703113079071
      ],
      [
        -0.24891407787799835,
        0.001374524086713791,
        -0.09956827759742737,
        -0.8052946925163269,
        1.113850474357605,
        0.9169881939888,
        0.09666315466165543
      ],
      [
        -0.24656127393245697,
        0.006501585245132446,
        -0.10735028237104416,
        -0.8454801440238953,
        1.1467705965042114,
        0.9189026355743408,
        0.09670703113079071
      ],
      [
        -0.24512571096420288,
        0.01008821651339531,
        -0.11504006385803223,
        -0.8741203546524048,
        1.184880018234253,
        0.9224749207496643,
        0.0965842604637146
      ],
      [
        -0.24430429935455322,
        0.0138389952480793,
        -0.12361203134059906,
        -0.9092181324958801,
        1.2064471244812012,
        0.9192301630973816,
        0.09668295085430145
      ],
      [
        -0.24261745810508728,
        0.017907749861478806,
        -0.13046196103096008,
        -0.934447169303894,
        1.2355176210403442,
        0.9205191135406494,
        0.09658560156822205
      ],
      [
        -0.2423054724931717,
        0.019233781844377518,
        -0.13705280423164368,
        -0.9460607767105103,
        1.267789363861084,
        0.9212902188301086,
        0.09662888199090958
      ],
      [
        -0.24226488173007965,
        0.024108752608299255,
        -0.14085392653942108,
        -0.9552149176597595,
        1.287852168083191,
        0.9304029941558838,
        0.09657792001962662
      ],
      [
        -0.2411481738090515,
        0.025183148682117462,
        -0.1466231346130371,
        -0.9669497609138489,
        1.301228642463684,
        0.9277331829071045,
        0.09642799943685532
      ],
      [
        -0.23939016461372375,
        0.026922859251499176,
        -0.14955240488052368,
        -0.9773139357566833,
        1.3084136247634888,
        0.9264129996299744,
        0.09644459933042526
      ],
      [
        -0.2394486963748932,
        0.028220556676387787,
        -0.15223905444145203,
        -0.9881554245948792,
        1.3188934326171875,
        0.9250612854957581,
        0.0966150164604187
      ],
      [
        -0.23925456404685974,
        0.02996770665049553,
        -0.1541057527065277,
        -0.9939724206924438,
        1.332358717918396,
        0.9223146438598633,
        0.09670703113079071
      ]
    ],