{
  "sample_name": "sample_000039",
  "payload_path": "/home/sunpeng/sp/umi_project/universal_manipulation_interface/pika_dataset/exports/episode79/sample_000039/payload_raw.json",
  "actions_path": "/home/sunpeng/sp/umi_project/universal_manipulation_interface/pika_dataset/exports/episode79/sample_000039/actions.json",
  "meta": {
    "start_index": 78,
    "obs_horizon": 2,
    "act_horizon": 16,
    "stride": 2,
    "obs_timestamps": [
      1776398608.159439,
      1776398608.191332
    ],
    "action_timestamps": [
      1776398608.2217045,
      1776398608.2594833,
      1776398608.2913167,
      1776398608.3216846,
      1776398608.359421,
      1776398608.3913038,
      1776398608.421738,
      1776398608.4595058,
      1776398608.4911988,
      1776398608.5216491,
      1776398608.559694,
      1776398608.5913665,
      1776398608.6217334,
      1776398608.6594543,
      1776398608.6912901,
      1776398608.7215853
    ]
  },
  "payload_pose_validation": {
    "format": "xyz_quat_xyzw",
    "pose_shape": [
      2,
      7
    ],
    "init_pose_shape": [
      7
    ],
    "quat_norm_mean": 1.0,
    "quat_norm_min": 1.0,
    "quat_norm_max": 1.0,
    "init_quat_norm": 0.9999999999999999
  },
  "inference": {
    "selected_arm": "arm_l",
    "checkpoint_path": "/home/sunpeng/sp/umi_project/universal_manipulation_interface/data/outputs/2026.04.20/16.30.06_train_diffusion_unet_timm_picknplace/checkpoints",
    "device": "cuda",
    "action_pred_shape": [
      16,
      10
    ],
    "env_action_shape": [
      16,
      7
    ]
  },
  "metrics": {
    "aligned_shape": [
      16,
      7
    ],
    "pred_shape": [
      16,
      7
    ],
    "target_shape": [
      16,
      7
    ],
    "position": {
      "mean_l2_error": 0.008505486883223057,
      "rmse_l2_error": 0.009970689192414284,
      "max_l2_error": 0.017669351771473885,
      "per_axis_mae": [
        0.004389413632452488,
        0.003312888089567423,
        0.00599435530602932
      ],
      "per_axis_rmse": [
        0.004944294691085815,
        0.004500759765505791,
        0.007396739441901445
      ]
    },
    "rotation": {
      "mean_geodesic_rad": 0.016528591513633728,
      "rmse_geodesic_rad": 0.019895970821380615,
      "max_geodesic_rad": 0.038932010531425476,
      "mean_geodesic_deg": 0.9470186233520508,
      "rmse_geodesic_deg": 1.1399550437927246,
      "max_geodesic_deg": 2.230639696121216
    },
    "gripper": {
      "mean_abs_error": 0.00847654603421688,
      "rmse": 0.013813437893986702,
      "max_abs_error": 0.024619467556476593
    },
    "combined_legacy": {
      "mean_abs_error": 0.006964519619941711,
      "max_abs_error": 0.03827786445617676,
      "rmse": 0.01040651649236679
    },
    "pred_action_aligned": [
      [
        -0.23250789940357208,
        0.02806851640343666,
        -0.14373090863227844,
        -1.0177215337753296,
        1.262450098991394,
        0.9282624125480652,
        0.09664201736450195
      ],
      [
        -0.2326585054397583,
        0.02766350284218788,
        -0.14753933250904083,
        -1.0311707258224487,
        1.2819629907608032,
        0.9281932711601257,
        0.09657315909862518
      ],
      [
        -0.2323722243309021,
        0.02799592725932598,
        -0.1496792584657669,
        -1.0359746217727661,
        1.3030366897583008,
        0.9228858351707458,
        0.09670703113079071
      ],
      [
        -0.23119273781776428,
        0.02787933498620987,
        -0.15073798596858978,
        -1.0425324440002441,
        1.3016759157180786,
        0.9316745400428772,
        0.09664887189865112
      ],
      [
        -0.231160506606102,
        0.027909252792596817,
        -0.15157532691955566,
        -1.0467475652694702,
        1.2945048809051514,
        0.9400815963745117,
        0.0965520367026329
      ],
      [
        -0.23022137582302094,
        0.028703439980745316,
        -0.147849440574646,
        -1.0425751209259033,
        1.3058379888534546,
        0.9356358647346497,
        0.0965733528137207
      ],
      [
        -0.22926202416419983,
        0.029006578028202057,
        -0.14674803614616394,
        -1.0356568098068237,
        1.3065906763076782,
        0.9419604539871216,
        0.09660414606332779
      ],
      [
        -0.2284799963235855,
        0.03007638454437256,
        -0.14354267716407776,
        -1.0356454849243164,
        1.3092167377471924,
        0.9336279034614563,
        0.09663218259811401
      ],
      [
        -0.22726605832576752,
        0.030514514073729515,
        -0.14448338747024536,
        -1.0421929359436035,
        1.3118507862091064,
        0.9391434192657471,
        0.09658036381006241
      ],
      [
        -0.22746331989765167,
        0.03322076424956322,
        -0.1449541449546814,
        -1.0401164293289185,
        1.3040457963943481,
        0.9396845698356628,
        0.09614088386297226
      ],
      [
        -0.22557738423347473,
        0.031578488647937775,
        -0.14761772751808167,
        -1.0655165910720825,
        1.2874456644058228,
        0.9279399514198303,
        0.07981982082128525
      ],
      [
        -0.2278129905462265,
        0.0340762585401535,
        -0.14780782163143158,
        -1.0506770610809326,
        1.3032721281051636,
        0.9246480464935303,
        0.07659970223903656
      ],
      [
        -0.2277875393629074,
        0.033528104424476624,
        -0.1468740999698639,
        -1.0636619329452515,
        1.3042575120925903,
        0.9138534069061279,
        0.07210540026426315
      ],
      [
        -0.22868093848228455,
        0.03400199115276337,
        -0.14383067190647125,
        -1.041272759437561,
        1.299152135848999,
        0.9258610010147095,
        0.07208757102489471
      ],
      [
        -0.2289234846830368,
        0.03427278250455856,
        -0.14246420562267303,
        -1.042561411857605,
        1.3051327466964722,
        0.9331193566322327,
        0.07253170758485794
      ],
      [
        -0.230142742395401,
        0.03368132933974266,
        -0.13991978764533997,
        -1.032971739768982,
        1.3159034252166748,
        0.9396657347679138,
        0.07288964092731476
      ]
    ],