{
  "sample_name": "sample_000003",
  "payload_path": "/home/sunpeng/sp/umi_project/universal_manipulation_interface/pika_dataset/exports/episode79/sample_000003/payload_raw.json",
  "actions_path": "/home/sunpeng/sp/umi_project/universal_manipulation_interface/pika_dataset/exports/episode79/sample_000003/actions.json",
  "meta": {
    "start_index": 6,
    "obs_horizon": 2,
    "act_horizon": 16,
    "stride": 2,
    "obs_timestamps": [
      1776398605.7215598,
      1776398605.7595732
    ],
    "action_timestamps": [
      1776398605.7911599,
      1776398605.8596745,
      1776398605.8911698,
      1776398605.9216297,
      1776398605.9595482,
      1776398605.9911747,
      1776398606.0216043,
      1776398606.059558,
      1776398606.091078,
      1776398606.1215608,
      1776398606.1596916,
      1776398606.1912963,
      1776398606.2215118,
      1776398606.2597332,
      1776398606.2911484,
      1776398606.321565
    ]
  },
  "payload_pose_validation": {
    "format": "xyz_quat_xyzw",
    "pose_shape": [
      2,
      7
    ],
    "init_pose_shape": [
      7
    ],
    "quat_norm_mean": 1.0,
    "quat_norm_min": 1.0,
    "quat_norm_max": 1.0,
    "init_quat_norm": 0.9999999999999999
  },
  "inference": {
    "selected_arm": "arm_l",
    "checkpoint_path": "/home/sunpeng/sp/umi_project/universal_manipulation_interface/data/outputs/2026.04.20/16.30.06_train_diffusion_unet_timm_picknplace/checkpoints",
    "device": "cuda",
    "action_pred_shape": [
      16,
      10
    ],
    "env_action_shape": [
      16,
      7
    ]
  },
  "metrics": {
    "aligned_shape": [
      16,
      7
    ],
    "pred_shape": [
      16,
      7
    ],
    "target_shape": [
      16,
      7
    ],
    "position": {
      "mean_l2_error": 0.021946003660559654,
      "rmse_l2_error": 0.02452078089118004,
      "max_l2_error": 0.038137082010507584,
      "per_axis_mae": [
        0.00321270152926445,
        0.02025696635246277,
        0.006827312521636486
      ],
      "per_axis_rmse": [
        0.004482169635593891,
        0.022771937772631645,
        0.007913134060800076
      ]
    },
    "rotation": {
      "mean_geodesic_rad": 0.10719604790210724,
      "rmse_geodesic_rad": 0.1309727281332016,
      "max_geodesic_rad": 0.27485018968582153,
      "mean_geodesic_deg": 6.141880989074707,
      "rmse_geodesic_deg": 7.504184246063232,
      "max_geodesic_deg": 15.74775505065918
    },
    "gripper": {
      "mean_abs_error": 0.0001005479134619236,
      "rmse": 0.00016544689424335957,
      "max_abs_error": 0.0005285441875457764
    },
    "combined_legacy": {
      "mean_abs_error": 0.028746312484145164,
      "max_abs_error": 0.2237335741519928,
      "rmse": 0.052239131182432175
    },
    "pred_action_aligned": [
      [
        -0.2724778652191162,
        -0.05715677887201309,
        -0.08173574507236481,
        -0.48218175768852234,
        0.9889841675758362,
        0.843967616558075,
        0.09667826443910599
      ],
      [
        -0.2733365297317505,
        -0.054082758724689484,
        -0.08017385751008987,
        -0.485213965177536,
        0.9711042642593384,
        0.8492655158042908,
        0.09617849439382553
      ],
      [
        -0.27495551109313965,
        -0.04962179809808731,
        -0.0775168240070343,
        -0.48945897817611694,
        0.9551002383232117,
        0.8679363131523132,
        0.09662174433469772
      ],
      [
        -0.27344563603401184,
        -0.045750297605991364,
        -0.0737663134932518,
        -0.4929293990135193,
        0.9345064759254456,
        0.8814616799354553,
        0.09645256400108337
      ],
      [
        -0.27335989475250244,
        -0.04186585545539856,
        -0.07278411090373993,
        -0.49718421697616577,
        0.9225039482116699,
        0.8895297050476074,
        0.09661835432052612
      ],
      [
        -0.2715180218219757,
        -0.03744412958621979,
        -0.07272601127624512,
        -0.5086654424667358,
        0.9176393151283264,
        0.8909860849380493,
        0.09654036909341812
      ],
      [
        -0.2694641947746277,
        -0.03468303009867668,
        -0.07401905953884125,
        -0.5170385241508484,
        0.9210342764854431,
        0.8875216245651245,
        0.09661434590816498
      ],
      [
        -0.2671043574810028,
        -0.032267339527606964,
        -0.07849103212356567,
        -0.5326112508773804,
        0.9306210279464722,
        0.882960319519043,
        0.09660383313894272
      ],
      [
        -0.2700844705104828,
        -0.02948813885450363,
        -0.08250108361244202,
        -0.5554495453834534,
        0.9521660208702087,
        0.8936020135879517,
        0.09670703113079071
      ],
      [
        -0.27113401889801025,
        -0.027686845511198044,
        -0.08815168589353561,
        -0.5713425874710083,
        0.9679567217826843,
        0.8965566158294678,
        0.09654944390058517
      ],
      [
        -0.27084681391716003,
        -0.025327961891889572,
        -0.09467573463916779,
        -0.5811083316802979,
        0.991775631904602,
        0.8773893713951111,
        0.09670703113079071
      ],
      [
        -0.27321821451187134,
        -0.026541313156485558,
        -0.09673792868852615,
        -0.6007897853851318,
        1.0236865282058716,
        0.8765255212783813,
        0.09670703113079071
      ],
      [
        -0.27194827795028687,
        -0.0235622338950634,
        -0.10062313079833984,
        -0.620824933052063,
        1.0437887907028198,
        0.8791522979736328,
        0.0966748371720314
      ],
      [
        -0.269842267036438,
        -0.022513646632432938,
        -0.10276917368173599,
        -0.6476573348045349,
        1.0433223247528076,
        0.8755531311035156,
        0.09670703113079071
      ],
      [
        -0.2671474814414978,
        -0.018520835787057877,
        -0.10538040846586227,
        -0.6682218313217163,
        1.0673993825912476,
        0.8821294903755188,
        0.09670703113079071
      ],
      [
        -0.26479029655456543,
        -0.017481058835983276,
        -0.10666356980800629,
        -0.7109243869781494,
        1.0733243227005005,
        0.8936679363250732,
        0.09663644433021545
      ]
    ],