{
  "sample_name": "sample_000146",
  "payload_path": "/home/sunpeng/sp/umi_project/universal_manipulation_interface/pika_dataset/exports/episode79/sample_000146/payload_raw.json",
  "actions_path": "/home/sunpeng/sp/umi_project/universal_manipulation_interface/pika_dataset/exports/episode79/sample_000146/actions.json",
  "meta": {
    "start_index": 292,
    "obs_horizon": 2,
    "act_horizon": 16,
    "stride": 2,
    "obs_timestamps": [
      1776398615.291319,
      1776398615.3277652
    ],
    "action_timestamps": [
      1776398615.3596466,
      1776398615.3913822,
      1776398615.427863,
      1776398615.459566,
      1776398615.4913282,
      1776398615.5277436,
      1776398615.559781,
      1776398615.5914643,
      1776398615.6278827,
      1776398615.6595488,
      1776398615.6913557,
      1776398615.7277908,
      1776398615.7597885,
      1776398615.7914917,
      1776398615.8278198,
      1776398615.8594987
    ]
  },
  "payload_pose_validation": {
    "format": "xyz_quat_xyzw",
    "pose_shape": [
      2,
      7
    ],
    "init_pose_shape": [
      7
    ],
    "quat_norm_mean": 1.0,
    "quat_norm_min": 1.0,
    "quat_norm_max": 1.0,
    "init_quat_norm": 0.9999999999999999
  },
  "inference": {
    "selected_arm": "arm_l",
    "checkpoint_path": "/home/sunpeng/sp/umi_project/universal_manipulation_interface/data/outputs/2026.04.20/16.30.06_train_diffusion_unet_timm_picknplace/checkpoints",
    "device": "cuda",
    "action_pred_shape": [
      16,
      10
    ],
    "env_action_shape": [
      16,
      7
    ]
  },
  "metrics": {
    "aligned_shape": [
      16,
      7
    ],
    "pred_shape": [
      16,
      7
    ],
    "target_shape": [
      16,
      7
    ],
    "position": {
      "mean_l2_error": 0.023523302748799324,
      "rmse_l2_error": 0.03440791368484497,
      "max_l2_error": 0.08459597080945969,
      "per_axis_mae": [
        0.005745372734963894,
        0.006564418785274029,
        0.019740480929613113
      ],
      "per_axis_rmse": [
        0.0065511963330209255,
        0.009366204962134361,
        0.03245397284626961
      ]
    },
    "rotation": {
      "mean_geodesic_rad": 0.09573671966791153,
      "rmse_geodesic_rad": 0.13998569548130035,
      "max_geodesic_rad": 0.35486340522766113,
      "mean_geodesic_deg": 5.485310077667236,
      "rmse_geodesic_deg": 8.020588874816895,
      "max_geodesic_deg": 20.33217430114746
    },
    "gripper": {
      "mean_abs_error": 0.0019719181582331657,
      "rmse": 0.0023308719974011183,
      "max_abs_error": 0.004722133278846741
    },
    "combined_legacy": {
      "mean_abs_error": 0.02805907651782036,
      "max_abs_error": 0.2763407230377197,
      "rmse": 0.05933358520269394
    },
    "pred_action_aligned": [
      [
        -0.23117290437221527,
        0.21146516501903534,
        -0.11968754231929779,
        -1.029145359992981,
        1.1000964641571045,
        1.0688929557800293,
        0.09471379220485687
      ],
      [
        -0.2294716238975525,
        0.20863527059555054,
        -0.12842600047588348,
        -1.022603154182434,
        1.130942702293396,
        1.0591588020324707,
        0.0941924899816513
      ],
      [
        -0.226435124874115,
        0.21015456318855286,
        -0.12396240234375,
        -1.045957326889038,
        1.1458373069763184,
        1.0390132665634155,
        0.09512749314308167
      ],
      [
        -0.22843556106090546,
        0.20976583659648895,
        -0.1305270940065384,
        -1.0324679613113403,
        1.1535111665725708,
        1.0578150749206543,
        0.0952170342206955
      ],
      [
        -0.22580239176750183,
        0.20572377741336823,
        -0.13268843293190002,
        -1.0351347923278809,
        1.1456853151321411,
        1.042757511138916,
        0.09404759109020233
      ],
      [
        -0.22952687740325928,
        0.2074023187160492,
        -0.13531771302223206,
        -1.0264836549758911,
        1.1554477214813232,
        1.0697544813156128,
        0.09473676234483719
      ],
      [
        -0.22790859639644623,
        0.20782989263534546,
        -0.13313263654708862,
        -1.0484598875045776,
        1.1692510843276978,
        1.0758816003799438,
        0.09406127780675888
      ],
      [
        -0.22799447178840637,
        0.2041643112897873,
        -0.13561764359474182,
        -1.0259310007095337,
        1.170004963874817,
        1.056604027748108,
        0.09504204988479614
      ],
      [
        -0.22834627330303192,
        0.20355680584907532,
        -0.1332172155380249,
        -1.028846263885498,
        1.1745727062225342,
        1.0416086912155151,
        0.09450305998325348
      ],
      [
        -0.22814197838306427,
        0.20354144275188446,
        -0.13163253664970398,
        -1.0156985521316528,
        1.1617411375045776,
        1.0605428218841553,
        0.09534945338964462
      ],
      [
        -0.22835363447666168,
        0.20409774780273438,
        -0.12285921722650528,
        -1.008211612701416,
        1.1422479152679443,
        1.0770195722579956,
        0.09522296488285065
      ],
      [
        -0.2285538613796234,
        0.20469863712787628,
        -0.11166145652532578,
        -0.979225754737854,
        1.0906593799591064,
        1.1011033058166504,
        0.09525277465581894
      ],
      [
        -0.2322104126214981,
        0.1984722763299942,
        -0.08862219750881195,
        -0.9362555742263794,
        1.0365746021270752,
        1.1376093626022339,
        0.0950922742486
      ],
      [
        -0.23558349907398224,
        0.19346016645431519,
        -0.07023462653160095,
        -0.8773398995399475,
        0.9936146140098572,
        1.1576826572418213,
        0.09553512930870056
      ],
      [
        -0.23956383764743805,
        0.1871817708015442,
        -0.06025712192058563,
        -0.8198320269584656,
        0.968645453453064,
        1.1769871711730957,
        0.09592892974615097
      ],
      [
        -0.23936226963996887,
        0.18268874287605286,
        -0.0473829060792923,
        -0.7719585299491882,
        0.9214532375335693,
        1.191719651222229,
        0.0959065854549408
      ]
    ],