{
  "sample_name": "sample_000110",
  "payload_path": "/home/sunpeng/sp/umi_project/universal_manipulation_interface/pika_dataset/exports/episode79/sample_000110/payload_raw.json",
  "actions_path": "/home/sunpeng/sp/umi_project/universal_manipulation_interface/pika_dataset/exports/episode79/sample_000110/actions.json",
  "meta": {
    "start_index": 220,
    "obs_horizon": 2,
    "act_horizon": 16,
    "stride": 2,
    "obs_timestamps": [
      1776398612.8913043,
      1776398612.927757
    ],
    "action_timestamps": [
      1776398612.9594653,
      1776398612.9912927,
      1776398613.0276139,
      1776398613.0594413,
      1776398613.09128,
      1776398613.1277084,
      1776398613.1595042,
      1776398613.191496,
      1776398613.2277737,
      1776398613.259651,
      1776398613.291426,
      1776398613.3277295,
      1776398613.3595564,
      1776398613.3913634,
      1776398613.427778,
      1776398613.459609
    ]
  },
  "payload_pose_validation": {
    "format": "xyz_quat_xyzw",
    "pose_shape": [
      2,
      7
    ],
    "init_pose_shape": [
      7
    ],
    "quat_norm_mean": 0.9999999999999999,
    "quat_norm_min": 0.9999999999999998,
    "quat_norm_max": 1.0,
    "init_quat_norm": 0.9999999999999999
  },
  "inference": {
    "selected_arm": "arm_l",
    "checkpoint_path": "/home/sunpeng/sp/umi_project/universal_manipulation_interface/data/outputs/2026.04.20/16.30.06_train_diffusion_unet_timm_picknplace/checkpoints",
    "device": "cuda",
    "action_pred_shape": [
      16,
      10
    ],
    "env_action_shape": [
      16,
      7
    ]
  },
  "metrics": {
    "aligned_shape": [
      16,
      7
    ],
    "pred_shape": [
      16,
      7
    ],
    "target_shape": [
      16,
      7
    ],
    "position": {
      "mean_l2_error": 0.04042358696460724,
      "rmse_l2_error": 0.04395418241620064,
      "max_l2_error": 0.057761453092098236,
      "per_axis_mae": [
        0.006927742622792721,
        0.03360742703080177,
        0.020369796082377434
      ],
      "per_axis_rmse": [
        0.008500653319060802,
        0.03621852397918701,
        0.02340785786509514
      ]
    },
    "rotation": {
      "mean_geodesic_rad": 0.1590992510318756,
      "rmse_geodesic_rad": 0.17350926995277405,
      "max_geodesic_rad": 0.23880311846733093,
      "mean_geodesic_deg": 9.115715026855469,
      "rmse_geodesic_deg": 9.9413480758667,
      "max_geodesic_deg": 13.68241024017334
    },
    "gripper": {
      "mean_abs_error": 0.0005382495000958443,
      "rmse": 0.0006825976888649166,
      "max_abs_error": 0.0018167644739151
    },
    "combined_legacy": {
      "mean_abs_error": 0.04975225403904915,
      "max_abs_error": 0.1906651258468628,
      "rmse": 0.07436955720186234
    },
    "pred_action_aligned": [
      [
        -0.2429932802915573,
        0.10358013212680817,
        -0.04969228059053421,
        -0.661080539226532,
        0.8930546045303345,
        1.1980546712875366,
        0.073334701359272
      ],
      [
        -0.2423069179058075,
        0.11763833463191986,
        -0.0531822070479393,
        -0.6908895373344421,
        0.9296200275421143,
        1.1958261728286743,
        0.07332919538021088
      ],
      [
        -0.24286238849163055,
        0.13355296850204468,
        -0.06013830006122589,
        -0.7250659465789795,
        0.9744101762771606,
        1.1848118305206299,
        0.0733354315161705
      ],
      [
        -0.2423885464668274,
        0.14917880296707153,
        -0.06770090758800507,
        -0.7571007013320923,
        1.0198224782943726,
        1.1681647300720215,
        0.07335736602544785
      ],
      [
        -0.23924200236797333,
        0.1634640246629715,
        -0.07662434875965118,
        -0.7879254221916199,
        1.0573018789291382,
        1.1587553024291992,
        0.0731603279709816
      ],
      [
        -0.23749536275863647,
        0.17221671342849731,
        -0.08565450459718704,
        -0.833132803440094,
        1.097183108329773,
        1.135448694229126,
        0.0730431005358696
      ],
      [
        -0.23816752433776855,
        0.18168699741363525,
        -0.0974002480506897,
        -0.8893977403640747,
        1.1284213066101074,
        1.1159188747406006,
        0.07312656193971634
      ],
      [
        -0.23833641409873962,
        0.18694448471069336,
        -0.10662730038166046,
        -0.9175390005111694,
        1.1643056869506836,
        1.1132798194885254,
        0.07295107841491699
      ],
      [
        -0.2374502569437027,
        0.1918785721063614,
        -0.1147877424955368,
        -0.9466308355331421,
        1.1841233968734741,
        1.0949113368988037,
        0.07309948652982712
      ],
      [
        -0.23753274977207184,
        0.19620299339294434,
        -0.1209433376789093,
        -0.9757800698280334,
        1.202820897102356,
        1.0915371179580688,
        0.07300758361816406
      ],
      [
        -0.23433293402194977,
        0.20035982131958008,
        -0.1242082267999649,
        -0.9727600812911987,
        1.2152230739593506,
        1.0660492181777954,
        0.07284336537122726
      ],
      [
        -0.23481658101081848,
        0.20220592617988586,
        -0.1259378343820572,
        -0.9814057946205139,
        1.2241175174713135,
        1.0669299364089966,
        0.0728805735707283
      ],
      [
        -0.23230670392513275,
        0.20360055565834045,
        -0.126664400100708,
        -0.9863399863243103,
        1.2310125827789307,
        1.0591113567352295,
        0.07242150604724884
      ],
      [
        -0.22959862649440765,
        0.20613405108451843,
        -0.1281975358724594,
        -0.9852204918861389,
        1.2299100160598755,
        1.052794098854065,
        0.07257543504238129
      ],
      [
        -0.23188349604606628,
        0.20416536927223206,
        -0.12963935732841492,
        -0.9869608283042908,
        1.2347272634506226,
        1.0482702255249023,
        0.07288221269845963
      ],
      [
        -0.2305201292037964,
        0.20857951045036316,
        -0.13402104377746582,
        -0.9872698187828064,
        1.250317096710205,
        1.0527466535568237,
        0.07529297471046448
      ]
    ],