{
  "sample_name": "sample_000008",
  "payload_path": "/home/sunpeng/sp/umi_project/universal_manipulation_interface/pika_dataset/exports/episode79/sample_000008/payload_raw.json",
  "actions_path": "/home/sunpeng/sp/umi_project/universal_manipulation_interface/pika_dataset/exports/episode79/sample_000008/actions.json",
  "meta": {
    "start_index": 16,
    "obs_horizon": 2,
    "act_horizon": 16,
    "stride": 2,
    "obs_timestamps": [
      1776398606.091078,
      1776398606.1215608
    ],
    "action_timestamps": [
      1776398606.1596916,
      1776398606.1912963,
      1776398606.2215118,
      1776398606.2597332,
      1776398606.2911484,
      1776398606.321565,
      1776398606.3595877,
      1776398606.3911555,
      1776398606.4215672,
      1776398606.4597626,
      1776398606.491232,
      1776398606.5215523,
      1776398606.5595968,
      1776398606.5912998,
      1776398606.6216214,
      1776398606.659729
    ]
  },
  "payload_pose_validation": {
    "format": "xyz_quat_xyzw",
    "pose_shape": [
      2,
      7
    ],
    "init_pose_shape": [
      7
    ],
    "quat_norm_mean": 1.0,
    "quat_norm_min": 1.0,
    "quat_norm_max": 1.0,
    "init_quat_norm": 0.9999999999999999
  },
  "inference": {
    "selected_arm": "arm_l",
    "checkpoint_path": "/home/sunpeng/sp/umi_project/universal_manipulation_interface/data/outputs/2026.04.20/16.30.06_train_diffusion_unet_timm_picknplace/checkpoints",
    "device": "cuda",
    "action_pred_shape": [
      16,
      10
    ],
    "env_action_shape": [
      16,
      7
    ]
  },
  "metrics": {
    "aligned_shape": [
      16,
      7
    ],
    "pred_shape": [
      16,
      7
    ],
    "target_shape": [
      16,
      7
    ],
    "position": {
      "mean_l2_error": 0.02132287621498108,
      "rmse_l2_error": 0.024084078148007393,
      "max_l2_error": 0.04261372610926628,
      "per_axis_mae": [
        0.0137433260679245,
        0.013225296512246132,
        0.007664903532713652
      ],
      "per_axis_rmse": [
        0.015182502567768097,
        0.01654375158250332,
        0.008708546869456768
      ]
    },
    "rotation": {
      "mean_geodesic_rad": 0.11099394410848618,
      "rmse_geodesic_rad": 0.137532040476799,
      "max_geodesic_rad": 0.28258371353149414,
      "mean_geodesic_deg": 6.3594841957092285,
      "rmse_geodesic_deg": 7.8800048828125,
      "max_geodesic_deg": 16.190853118896484
    },
    "gripper": {
      "mean_abs_error": 0.00018040789291262627,
      "rmse": 0.00021672066941391677,
      "max_abs_error": 0.0004626661539077759
    },
    "combined_legacy": {
      "mean_abs_error": 0.02913743630051613,
      "max_abs_error": 0.2401471734046936,
      "rmse": 0.054491568356752396
    },
    "pred_action_aligned": [
      [
        -0.2707356810569763,
        -0.05245067924261093,
        -0.08515530824661255,
        -0.47893214225769043,
        0.9745703339576721,
        0.8516319394111633,
        0.09670703113079071
      ],
      [
        -0.2688088119029999,
        -0.05043962225317955,
        -0.08909203857183456,
        -0.4956521689891815,
        0.9804316163063049,
        0.8583008050918579,
        0.09644077718257904
      ],
      [
        -0.26915615797042847,
        -0.04745325446128845,
        -0.088162861764431,
        -0.49807506799697876,
        0.9759202003479004,
        0.8626588582992554,
        0.09649699926376343
      ],
      [
        -0.26746127009391785,
        -0.046156514436006546,
        -0.08579213917255402,
        -0.49870195984840393,
        0.9736777544021606,
        0.8544769287109375,
        0.09654727578163147
      ],
      [
        -0.2658758759498596,
        -0.04445947706699371,
        -0.08354180306196213,
        -0.5172515511512756,
        0.9674516320228577,
        0.8603259921073914,
        0.0965113416314125
      ],
      [
        -0.2648889720439911,
        -0.04184379428625107,
        -0.0802554339170456,
        -0.5254919528961182,
        0.9487072825431824,
        0.8516527414321899,
        0.09624437242746353
      ],
      [
        -0.2646215558052063,
        -0.04252108931541443,
        -0.08187119662761688,
        -0.5194366574287415,
        0.9313440322875977,
        0.869082510471344,
        0.09660875797271729
      ],
      [
        -0.2659958302974701,
        -0.041267577558755875,
        -0.08126620948314667,
        -0.5267638564109802,
        0.9220592975616455,
        0.8825861811637878,
        0.09656503796577454
      ],
      [
        -0.26346641778945923,
        -0.038904279470443726,
        -0.07966525852680206,
        -0.5446110963821411,
        0.9185388684272766,
        0.8929644823074341,
        0.09635040163993835
      ],
      [
        -0.26205047965049744,
        -0.03560780733823776,
        -0.07808205485343933,
        -0.5663985013961792,
        0.9061737656593323,
        0.9012354612350464,
        0.0965556800365448
      ],
      [
        -0.25995418429374695,
        -0.030827734619379044,
        -0.07625849545001984,
        -0.6017654538154602,
        0.9116332530975342,
        0.9097257256507874,
        0.09646975994110107
      ],
      [
        -0.2581145167350769,
        -0.02706725522875786,
        -0.07584700733423233,
        -0.6393283605575562,
        0.9287458658218384,
        0.9120432734489441,
        0.09669595211744308
      ],
      [
        -0.2554393410682678,
        -0.020851004868745804,
        -0.08020462840795517,
        -0.6807369589805603,
        0.9554193019866943,
        0.9248694777488708,
        0.09653167426586151
      ],
      [
        -0.25272443890571594,
        -0.01587403193116188,
        -0.08521638065576553,
        -0.730018138885498,
        0.9890673160552979,
        0.9325831532478333,
        0.09670703113079071
      ],
      [
        -0.2502748966217041,
        -0.009505409747362137,
        -0.08823831379413605,
        -0.7685319185256958,
        1.017250657081604,
        0.9421653151512146,
        0.09653737396001816
      ],
      [
        -0.24705439805984497,
        -0.005934126675128937,
        -0.09084039181470871,
        -0.7969025373458862,
        1.0292905569076538,
        0.9599134922027588,
        0.0964566245675087
      ]
    ],