{
  "sample_name": "sample_000092",
  "payload_path": "/home/sunpeng/sp/umi_project/universal_manipulation_interface/pika_dataset/exports/episode79/sample_000092/payload_raw.json",
  "actions_path": "/home/sunpeng/sp/umi_project/universal_manipulation_interface/pika_dataset/exports/episode79/sample_000092/actions.json",
  "meta": {
    "start_index": 184,
    "obs_horizon": 2,
    "act_horizon": 16,
    "stride": 2,
    "obs_timestamps": [
      1776398611.6912773,
      1776398611.7277238
    ],
    "action_timestamps": [
      1776398611.7595322,
      1776398611.7913105,
      1776398611.8276927,
      1776398611.8595483,
      1776398611.8914282,
      1776398611.9276845,
      1776398611.9595175,
      1776398611.9914143,
      1776398612.027727,
      1776398612.0594988,
      1776398612.0913408,
      1776398612.1276798,
      1776398612.1595337,
      1776398612.1913884,
      1776398612.2276895,
      1776398612.2595081
    ]
  },
  "payload_pose_validation": {
    "format": "xyz_quat_xyzw",
    "pose_shape": [
      2,
      7
    ],
    "init_pose_shape": [
      7
    ],
    "quat_norm_mean": 1.0,
    "quat_norm_min": 0.9999999999999999,
    "quat_norm_max": 1.0,
    "init_quat_norm": 0.9999999999999999
  },
  "inference": {
    "selected_arm": "arm_l",
    "checkpoint_path": "/home/sunpeng/sp/umi_project/universal_manipulation_interface/data/outputs/2026.04.20/16.30.06_train_diffusion_unet_timm_picknplace/checkpoints",
    "device": "cuda",
    "action_pred_shape": [
      16,
      10
    ],
    "env_action_shape": [
      16,
      7
    ]
  },
  "metrics": {
    "aligned_shape": [
      16,
      7
    ],
    "pred_shape": [
      16,
      7
    ],
    "target_shape": [
      16,
      7
    ],
    "position": {
      "mean_l2_error": 0.06168645620346069,
      "rmse_l2_error": 0.08393671363592148,
      "max_l2_error": 0.16541531682014465,
      "per_axis_mae": [
        0.009650764986872673,
        0.05826786905527115,
        0.01137932576239109
      ],
      "per_axis_rmse": [
        0.011088252998888493,
        0.0815596878528595,
        0.016445061191916466
      ]
    },
    "rotation": {
      "mean_geodesic_rad": 0.14575326442718506,
      "rmse_geodesic_rad": 0.1794409155845642,
      "max_geodesic_rad": 0.3874319791793823,
      "mean_geodesic_deg": 8.351046562194824,
      "rmse_geodesic_deg": 10.281207084655762,
      "max_geodesic_deg": 22.19821548461914
    },
    "gripper": {
      "mean_abs_error": 0.0005793562158942223,
      "rmse": 0.0006314168567769229,
      "max_abs_error": 0.0010035857558250427
    },
    "combined_legacy": {
      "mean_abs_error": 0.04164498671889305,
      "max_abs_error": 0.390739381313324,
      "rmse": 0.08025391399860382
    },
    "pred_action_aligned": [
      [
        -0.2618632912635803,
        0.008997075259685516,
        -0.08377331495285034,
        -0.5654349327087402,
        0.870601236820221,
        1.194382667541504,
        0.07279794663190842
      ],
      [
        -0.26300689578056335,
        0.00968770869076252,
        -0.07487212866544724,
        -0.5958820581436157,
        0.847411036491394,
        1.1876237392425537,
        0.07297851145267487
      ],
      [
        -0.26090914011001587,
        0.013899276033043861,
        -0.06902316212654114,
        -0.5870710015296936,
        0.8250412940979004,
        1.1871402263641357,
        0.07247262448072433
      ],
      [
        -0.2566566467285156,
        0.016570184379816055,
        -0.06516587734222412,
        -0.575243353843689,
        0.8245559334754944,
        1.1648586988449097,
        0.07297589629888535
      ],
      [
        -0.2599582076072693,
        0.017998533323407173,
        -0.0609489306807518,
        -0.5906741619110107,
        0.81839519739151,
        1.1755633354187012,
        0.07263543456792831
      ],
      [
        -0.2582150399684906,
        0.01912335306406021,
        -0.060558442026376724,
        -0.5973349213600159,
        0.7875818610191345,
        1.1821308135986328,
        0.07289208471775055
      ],
      [
        -0.25619691610336304,
        0.026579078286886215,
        -0.059281039983034134,
        -0.5871557593345642,
        0.7512246370315552,
        1.1839309930801392,
        0.07257601618766785
      ],
      [
        -0.25193360447883606,
        0.037799373269081116,
        -0.05728979408740997,
        -0.5777239203453064,
        0.7329622507095337,
        1.1746190786361694,
        0.07263534516096115
      ],
      [
        -0.24712754786014557,
        0.05513029545545578,
        -0.053463246673345566,
        -0.5774855017662048,
        0.7109804153442383,
        1.1853570938110352,
        0.07280170172452927
      ],
      [
        -0.2436617910861969,
        0.07792482525110245,
        -0.05189137160778046,
        -0.6086841225624084,
        0.7214896082878113,
        1.2100774049758911,
        0.07337979227304459
      ],
      [
        -0.24212051928043365,
        0.09895186871290207,
        -0.057515792548656464,
        -0.6569018959999084,
        0.7816685438156128,
        1.2038140296936035,
        0.07292840629816055
      ],
      [
        -0.24204681813716888,
        0.11608190834522247,
        -0.065426766872406,
        -0.7292484045028687,
        0.8340632915496826,
        1.197392463684082,
        0.07302369922399521
      ],
      [
        -0.24482285976409912,
        0.1335756629705429,
        -0.07764333486557007,
        -0.7782421708106995,
        0.8737710118293762,
        1.187541127204895,
        0.0728321224451065
      ],
      [
        -0.24373704195022583,
        0.1488465815782547,
        -0.08866582065820694,
        -0.829257607460022,
        0.9194306135177612,
        1.1662142276763916,
        0.07311901450157166
      ],
      [
        -0.24199189245700836,
        0.15986992418766022,
        -0.09313954412937164,
        -0.8908206820487976,
        0.9807323813438416,
        1.133362054824829,
        0.07290097326040268
      ],
      [
        -0.2443179190158844,
        0.17244349420070648,
        -0.10799489170312881,
        -0.9393414258956909,
        1.0148353576660156,
        1.1093792915344238,
        0.0734000951051712
      ]
    ],