{
  "sample_name": "sample_000055",
  "payload_path": "/home/sunpeng/sp/umi_project/universal_manipulation_interface/pika_dataset/exports/episode79/sample_000055/payload_raw.json",
  "actions_path": "/home/sunpeng/sp/umi_project/universal_manipulation_interface/pika_dataset/exports/episode79/sample_000055/actions.json",
  "meta": {
    "start_index": 110,
    "obs_horizon": 2,
    "act_horizon": 16,
    "stride": 2,
    "obs_timestamps": [
      1776398609.221737,
      1776398609.259464
    ],
    "action_timestamps": [
      1776398609.2914066,
      1776398609.3276947,
      1776398609.3595989,
      1776398609.391411,
      1776398609.4218557,
      1776398609.4594648,
      1776398609.491288,
      1776398609.5216467,
      1776398609.5596886,
      1776398609.5913904,
      1776398609.6277323,
      1776398609.6594734,
      1776398609.691274,
      1776398609.7276528,
      1776398609.7594206,
      1776398609.791275
    ]
  },
  "payload_pose_validation": {
    "format": "xyz_quat_xyzw",
    "pose_shape": [
      2,
      7
    ],
    "init_pose_shape": [
      7
    ],
    "quat_norm_mean": 1.0,
    "quat_norm_min": 1.0,
    "quat_norm_max": 1.0,
    "init_quat_norm": 0.9999999999999999
  },
  "inference": {
    "selected_arm": "arm_l",
    "checkpoint_path": "/home/sunpeng/sp/umi_project/universal_manipulation_interface/data/outputs/2026.04.20/16.30.06_train_diffusion_unet_timm_picknplace/checkpoints",
    "device": "cuda",
    "action_pred_shape": [
      16,
      10
    ],
    "env_action_shape": [
      16,
      7
    ]
  },
  "metrics": {
    "aligned_shape": [
      16,
      7
    ],
    "pred_shape": [
      16,
      7
    ],
    "target_shape": [
      16,
      7
    ],
    "position": {
      "mean_l2_error": 0.02803664654493332,
      "rmse_l2_error": 0.031110767275094986,
      "max_l2_error": 0.056910157203674316,
      "per_axis_mae": [
        0.007910826243460178,
        0.006184510421007872,
        0.025678234174847603
      ],
      "per_axis_rmse": [
        0.008853261359035969,
        0.00691495044156909,
        0.02901177667081356
      ]
    },
    "rotation": {
      "mean_geodesic_rad": 0.09076106548309326,
      "rmse_geodesic_rad": 0.12906423211097717,
      "max_geodesic_rad": 0.3142313063144684,
      "mean_geodesic_deg": 5.200225830078125,
      "rmse_geodesic_deg": 7.394835472106934,
      "max_geodesic_deg": 18.004127502441406
    },
    "gripper": {
      "mean_abs_error": 0.00270652212202549,
      "rmse": 0.00652293860912323,
      "max_abs_error": 0.019340835511684418
    },
    "combined_legacy": {
      "mean_abs_error": 0.028873365372419357,
      "max_abs_error": 0.2701740860939026,
      "rmse": 0.05487128719687462
    },
    "pred_action_aligned": [
      [
        -0.23397715389728546,
        0.03045453131198883,
        -0.1371866762638092,
        -1.051307201385498,
        1.3561270236968994,
        0.9292033910751343,
        0.09670703113079071
      ],
      [
        -0.23538240790367126,
        0.029102452099323273,
        -0.13465948402881622,
        -1.050074577331543,
        1.3715323209762573,
        0.9305006265640259,
        0.09137079119682312
      ],
      [
        -0.23486235737800598,
        0.028611328452825546,
        -0.13678735494613647,
        -1.0621322393417358,
        1.3677606582641602,
        0.925388514995575,
        0.07178933918476105
      ],
      [
        -0.2352210432291031,
        0.030504023656249046,
        -0.1381298005580902,
        -1.063966155052185,
        1.3628671169281006,
        0.9272316694259644,
        0.07132299244403839
      ],
      [
        -0.23405244946479797,
        0.02867046184837818,
        -0.1373303383588791,
        -1.0560592412948608,
        1.3306220769882202,
        0.9397668838500977,
        0.07156134396791458
      ],
      [
        -0.23280227184295654,
        0.03310931473970413,
        -0.1315971463918686,
        -1.066360592842102,
        1.3242342472076416,
        0.9325196146965027,
        0.07231271266937256
      ],
      [
        -0.2337597906589508,
        0.03475673869252205,
        -0.12543229758739471,
        -1.0498608350753784,
        1.3169749975204468,
        0.939283549785614,
        0.07255835086107254
      ],
      [
        -0.23432128131389618,
        0.03569623455405235,
        -0.12205595523118973,
        -1.047136902809143,
        1.3178342580795288,
        0.9365905523300171,
        0.07268889993429184
      ],
      [
        -0.2340797483921051,
        0.03556367754936218,
        -0.12331559509038925,
        -1.0355587005615234,
        1.334601879119873,
        0.9288556575775146,
        0.07271421700716019
      ],
      [
        -0.2325759381055832,
        0.03684420883655548,
        -0.12149657309055328,
        -1.021397590637207,
        1.3306186199188232,
        0.9387639760971069,
        0.07263647764921188
      ],
      [
        -0.23397624492645264,
        0.03652266785502434,
        -0.12120580673217773,
        -1.0095763206481934,
        1.3226038217544556,
        0.9460172653198242,
        0.07296908646821976
      ],
      [
        -0.2360403835773468,
        0.037558700889348984,
        -0.11880016326904297,
        -0.991342306137085,
        1.3068662881851196,
        0.9552777409553528,
        0.07286357879638672
      ],
      [
        -0.2371162474155426,
        0.038438618183135986,
        -0.1151876449584961,
        -0.9537214636802673,
        1.2656397819519043,
        0.9743763208389282,
        0.07278423756361008
      ],
      [
        -0.2395050823688507,
        0.03915312886238098,
        -0.10651643574237823,
        -0.9051503539085388,
        1.2182132005691528,
        0.9995650053024292,
        0.07274499535560608
      ],
      [
        -0.2432142198085785,
        0.04166392236948013,
        -0.1006007045507431,
        -0.850615918636322,
        1.1844044923782349,
        1.0222421884536743,
        0.07284480333328247
      ],
      [
        -0.2463245689868927,
        0.03977825865149498,
        -0.09237734973430634,
        -0.8011426329612732,
        1.161717176437378,
        1.0418208837509155,
        0.072929747402668
      ]
    ],