{
  "sample_name": "sample_000108",
  "payload_path": "/home/sunpeng/sp/umi_project/universal_manipulation_interface/pika_dataset/exports/episode79/sample_000108/payload_raw.json",
  "actions_path": "/home/sunpeng/sp/umi_project/universal_manipulation_interface/pika_dataset/exports/episode79/sample_000108/actions.json",
  "meta": {
    "start_index": 216,
    "obs_horizon": 2,
    "act_horizon": 16,
    "stride": 2,
    "obs_timestamps": [
      1776398612.7594557,
      1776398612.7913513
    ],
    "action_timestamps": [
      1776398612.8276937,
      1776398612.8595362,
      1776398612.8913043,
      1776398612.927757,
      1776398612.9594653,
      1776398612.9912927,
      1776398613.0276139,
      1776398613.0594413,
      1776398613.09128,
      1776398613.1277084,
      1776398613.1595042,
      1776398613.191496,
      1776398613.2277737,
      1776398613.259651,
      1776398613.291426,
      1776398613.3277295
    ]
  },
  "payload_pose_validation": {
    "format": "xyz_quat_xyzw",
    "pose_shape": [
      2,
      7
    ],
    "init_pose_shape": [
      7
    ],
    "quat_norm_mean": 1.0,
    "quat_norm_min": 0.9999999999999999,
    "quat_norm_max": 1.0,
    "init_quat_norm": 0.9999999999999999
  },
  "inference": {
    "selected_arm": "arm_l",
    "checkpoint_path": "/home/sunpeng/sp/umi_project/universal_manipulation_interface/data/outputs/2026.04.20/16.30.06_train_diffusion_unet_timm_picknplace/checkpoints",
    "device": "cuda",
    "action_pred_shape": [
      16,
      10
    ],
    "env_action_shape": [
      16,
      7
    ]
  },
  "metrics": {
    "aligned_shape": [
      16,
      7
    ],
    "pred_shape": [
      16,
      7
    ],
    "target_shape": [
      16,
      7
    ],
    "position": {
      "mean_l2_error": 0.038375191390514374,
      "rmse_l2_error": 0.042474888265132904,
      "max_l2_error": 0.055602751672267914,
      "per_axis_mae": [
        0.006660551764070988,
        0.03139105066657066,
        0.02047562226653099
      ],
      "per_axis_rmse": [
        0.007979528978466988,
        0.03477690368890762,
        0.023043660447001457
      ]
    },
    "rotation": {
      "mean_geodesic_rad": 0.16416358947753906,
      "rmse_geodesic_rad": 0.18066702783107758,
      "max_geodesic_rad": 0.24098020792007446,
      "mean_geodesic_deg": 9.405879974365234,
      "rmse_geodesic_deg": 10.351456642150879,
      "max_geodesic_deg": 13.807147979736328
    },
    "gripper": {
      "mean_abs_error": 0.0012239199131727219,
      "rmse": 0.0012898313580080867,
      "max_abs_error": 0.0018242746591567993
    },
    "combined_legacy": {
      "mean_abs_error": 0.051450856029987335,
      "max_abs_error": 0.2081913948059082,
      "rmse": 0.07757976651191711
    },
    "pred_action_aligned": [
      [
        -0.2418128401041031,
        0.08279235661029816,
        -0.04661339521408081,
        -0.5932998657226562,
        0.8292164206504822,
        1.1944514513015747,
        0.07275795191526413
      ],
      [
        -0.24215608835220337,
        0.09389463067054749,
        -0.046720005571842194,
        -0.6129389405250549,
        0.8786733150482178,
        1.2008442878723145,
        0.07259372621774673
      ],
      [
        -0.24285924434661865,
        0.10750603675842285,
        -0.052150189876556396,
        -0.6532898545265198,
        0.9324716925621033,
        1.1899698972702026,
        0.07276798784732819
      ],
      [
        -0.2421509027481079,
        0.11969595402479172,
        -0.05985778570175171,
        -0.7033032774925232,
        0.9700613021850586,
        1.1800994873046875,
        0.07277996838092804
      ],
      [
        -0.24015508592128754,
        0.1322323977947235,
        -0.06981460005044937,
        -0.7308179140090942,
        1.0243831872940063,
        1.14748215675354,
        0.07273230701684952
      ],
      [
        -0.23801220953464508,
        0.14468100666999817,
        -0.0788242444396019,
        -0.7770758271217346,
        1.0602067708969116,
        1.1423519849777222,
        0.07269638031721115
      ],
      [
        -0.2387094497680664,
        0.1533701866865158,
        -0.08876346051692963,
        -0.8173773884773254,
        1.1084237098693848,
        1.130861759185791,
        0.07221376150846481
      ],
      [
        -0.23763608932495117,
        0.1652679741382599,
        -0.0954945757985115,
        -0.8518484234809875,
        1.1212208271026611,
        1.1099884510040283,
        0.07214273512363434
      ],
      [
        -0.23727481067180634,
        0.17139896750450134,
        -0.09907165914773941,
        -0.8789247274398804,
        1.1293123960494995,
        1.1080206632614136,
        0.07215812057256699
      ],
      [
        -0.23598577082157135,
        0.1799319088459015,
        -0.10133302211761475,
        -0.8978850245475769,
        1.1528137922286987,
        1.0916000604629517,
        0.07225507497787476
      ],
      [
        -0.23673953115940094,
        0.1839541643857956,
        -0.10166528075933456,
        -0.9122549891471863,
        1.152847409248352,
        1.0875777006149292,
        0.07208064943552017
      ],
      [
        -0.2330494523048401,
        0.18869686126708984,
        -0.1052113026380539,
        -0.9249775409698486,
        1.1545193195343018,
        1.0626113414764404,
        0.07204507291316986
      ],
      [
        -0.2305126041173935,
        0.19154775142669678,
        -0.10671429336071014,
        -0.9021760821342468,
        1.1652724742889404,
        1.0650049448013306,
        0.07171155512332916
      ],
      [
        -0.23217903077602386,
        0.1950259804725647,
        -0.11037968844175339,
        -0.9295114874839783,
        1.1778017282485962,
        1.0593832731246948,
        0.07175936549901962
      ],
      [
        -0.23168642818927765,
        0.19585198163986206,
        -0.11334048956632614,
        -0.9451348185539246,
        1.1879221200942993,
        1.0460485219955444,
        0.07165193557739258
      ],
      [
        -0.23139971494674683,
        0.19658446311950684,
        -0.11323507875204086,
        -0.9483503103256226,
        1.1881802082061768,
        1.0365910530090332,
        0.07169005274772644
      ]
    ],