{
  "sample_name": "sample_000097",
  "payload_path": "/home/sunpeng/sp/umi_project/universal_manipulation_interface/pika_dataset/exports/episode79/sample_000097/payload_raw.json",
  "actions_path": "/home/sunpeng/sp/umi_project/universal_manipulation_interface/pika_dataset/exports/episode79/sample_000097/actions.json",
  "meta": {
    "start_index": 194,
    "obs_horizon": 2,
    "act_horizon": 16,
    "stride": 2,
    "obs_timestamps": [
      1776398612.027727,
      1776398612.0594988
    ],
    "action_timestamps": [
      1776398612.0913408,
      1776398612.1276798,
      1776398612.1595337,
      1776398612.1913884,
      1776398612.2276895,
      1776398612.2595081,
      1776398612.2913024,
      1776398612.3276784,
      1776398612.3594687,
      1776398612.3913581,
      1776398612.4277766,
      1776398612.459511,
      1776398612.4912949,
      1776398612.5277646,
      1776398612.559704,
      1776398612.591397
    ]
  },
  "payload_pose_validation": {
    "format": "xyz_quat_xyzw",
    "pose_shape": [
      2,
      7
    ],
    "init_pose_shape": [
      7
    ],
    "quat_norm_mean": 1.0,
    "quat_norm_min": 0.9999999999999999,
    "quat_norm_max": 1.0,
    "init_quat_norm": 0.9999999999999999
  },
  "inference": {
    "selected_arm": "arm_l",
    "checkpoint_path": "/home/sunpeng/sp/umi_project/universal_manipulation_interface/data/outputs/2026.04.20/16.30.06_train_diffusion_unet_timm_picknplace/checkpoints",
    "device": "cuda",
    "action_pred_shape": [
      16,
      10
    ],
    "env_action_shape": [
      16,
      7
    ]
  },
  "metrics": {
    "aligned_shape": [
      16,
      7
    ],
    "pred_shape": [
      16,
      7
    ],
    "target_shape": [
      16,
      7
    ],
    "position": {
      "mean_l2_error": 0.08347703516483307,
      "rmse_l2_error": 0.0985778346657753,
      "max_l2_error": 0.14434802532196045,
      "per_axis_mae": [
        0.02062934637069702,
        0.07551456242799759,
        0.021474432200193405
      ],
      "per_axis_rmse": [
        0.023552222177386284,
        0.09231235831975937,
        0.025324098765850067
      ]
    },
    "rotation": {
      "mean_geodesic_rad": 0.1920393854379654,
      "rmse_geodesic_rad": 0.25997552275657654,
      "max_geodesic_rad": 0.5192225575447083,
      "mean_geodesic_deg": 11.003044128417969,
      "rmse_geodesic_deg": 14.895500183105469,
      "max_geodesic_deg": 29.74925994873047
    },
    "gripper": {
      "mean_abs_error": 0.00033297808840870857,
      "rmse": 0.00037529852124862373,
      "max_abs_error": 0.0007835030555725098
    },
    "combined_legacy": {
      "mean_abs_error": 0.05962367728352547,
      "max_abs_error": 0.41202491521835327,
      "rmse": 0.1109767034649849
    },
    "pred_action_aligned": [
      [
        -0.258277028799057,
        0.012179686687886715,
        -0.05489639192819595,
        -0.5513297915458679,
        0.8836056590080261,
        1.1706761121749878,
        0.07305701822042465
      ],
      [
        -0.2595776319503784,
        0.012784860096871853,
        -0.05941621959209442,
        -0.5409021377563477,
        0.8953578472137451,
        1.1701273918151855,
        0.07284771651029587
      ],
      [
        -0.253691703081131,
        0.016383346170186996,
        -0.05272642523050308,
        -0.5362574458122253,
        0.8505374789237976,
        1.1751463413238525,
        0.07296551764011383
      ],
      [
        -0.2480342835187912,
        0.027264375239610672,
        -0.04450498893857002,
        -0.5210677981376648,
        0.8287210464477539,
        1.1678273677825928,
        0.07313429564237595
      ],
      [
        -0.24257858097553253,
        0.038353994488716125,
        -0.037391915917396545,
        -0.5225153565406799,
        0.8019576668739319,
        1.1712689399719238,
        0.07312602549791336
      ],
      [
        -0.23512893915176392,
        0.051782332360744476,
        -0.03127479553222656,
        -0.5501199960708618,
        0.809887170791626,
        1.176317572593689,
        0.07322437316179276
      ],
      [
        -0.2308959662914276,
        0.06939586251974106,
        -0.030855396762490273,
        -0.5797476768493652,
        0.8343719840049744,
        1.1901086568832397,
        0.07321497797966003
      ],
      [
        -0.22830796241760254,
        0.08835089951753616,
        -0.03607089817523956,
        -0.6197840571403503,
        0.8749937415122986,
        1.196427345275879,
        0.07320846617221832
      ],
      [
        -0.22537526488304138,
        0.10601913928985596,
        -0.03605307266116142,
        -0.665960967540741,
        0.9042559862136841,
        1.2125732898712158,
        0.07363557815551758
      ],
      [
        -0.22334647178649902,
        0.12467887997627258,
        -0.04261563718318939,
        -0.698487401008606,
        0.9320521950721741,
        1.205451488494873,
        0.07425971329212189
      ],
      [
        -0.22480681538581848,
        0.14129187166690826,
        -0.05005927011370659,
        -0.7611502408981323,
        0.9867252111434937,
        1.199018955230713,
        0.07330689579248428
      ],
      [
        -0.22693286836147308,
        0.15346387028694153,
        -0.06187576428055763,
        -0.7989200949668884,
        1.0287137031555176,
        1.1943095922470093,
        0.07361005991697311
      ],
      [
        -0.23015642166137695,
        0.16401533782482147,
        -0.0713585913181305,
        -0.8461004495620728,
        1.069945216178894,
        1.1828569173812866,
        0.073650062084198
      ],
      [
        -0.2346688210964203,
        0.17216256260871887,
        -0.08187900483608246,
        -0.8887609839439392,
        1.1178209781646729,
        1.18161141872406,
        0.07370490580797195
      ],
      [
        -0.23587867617607117,
        0.17890244722366333,
        -0.08877208828926086,
        -0.923683226108551,
        1.1473504304885864,
        1.1641849279403687,
        0.07382215559482574
      ],
      [
        -0.2354455143213272,
        0.18231894075870514,
        -0.09620621800422668,
        -0.9562604427337646,
        1.1708214282989502,
        1.1395741701126099,
        0.07377804070711136
      ]
    ],