{
  "sample_name": "sample_000052",
  "payload_path": "/home/sunpeng/sp/umi_project/universal_manipulation_interface/pika_dataset/exports/episode79/sample_000052/payload_raw.json",
  "actions_path": "/home/sunpeng/sp/umi_project/universal_manipulation_interface/pika_dataset/exports/episode79/sample_000052/actions.json",
  "meta": {
    "start_index": 104,
    "obs_horizon": 2,
    "act_horizon": 16,
    "stride": 2,
    "obs_timestamps": [
      1776398609.021676,
      1776398609.0594063
    ],
    "action_timestamps": [
      1776398609.0912998,
      1776398609.1216495,
      1776398609.1594095,
      1776398609.1913338,
      1776398609.221737,
      1776398609.259464,
      1776398609.2914066,
      1776398609.3276947,
      1776398609.3595989,
      1776398609.391411,
      1776398609.4218557,
      1776398609.4594648,
      1776398609.491288,
      1776398609.5216467,
      1776398609.5596886,
      1776398609.5913904
    ]
  },
  "payload_pose_validation": {
    "format": "xyz_quat_xyzw",
    "pose_shape": [
      2,
      7
    ],
    "init_pose_shape": [
      7
    ],
    "quat_norm_mean": 1.0,
    "quat_norm_min": 1.0,
    "quat_norm_max": 1.0,
    "init_quat_norm": 0.9999999999999999
  },
  "inference": {
    "selected_arm": "arm_l",
    "checkpoint_path": "/home/sunpeng/sp/umi_project/universal_manipulation_interface/data/outputs/2026.04.20/16.30.06_train_diffusion_unet_timm_picknplace/checkpoints",
    "device": "cuda",
    "action_pred_shape": [
      16,
      10
    ],
    "env_action_shape": [
      16,
      7
    ]
  },
  "metrics": {
    "aligned_shape": [
      16,
      7
    ],
    "pred_shape": [
      16,
      7
    ],
    "target_shape": [
      16,
      7
    ],
    "position": {
      "mean_l2_error": 0.016815492883324623,
      "rmse_l2_error": 0.020691294223070145,
      "max_l2_error": 0.039937399327754974,
      "per_axis_mae": [
        0.002899838611483574,
        0.0027336953207850456,
        0.01584513485431671
      ],
      "per_axis_rmse": [
        0.003745241090655327,
        0.003164373803883791,
        0.02010197751224041
      ]
    },
    "rotation": {
      "mean_geodesic_rad": 0.03909551352262497,
      "rmse_geodesic_rad": 0.041134655475616455,
      "max_geodesic_rad": 0.06652659177780151,
      "mean_geodesic_deg": 2.2400078773498535,
      "rmse_geodesic_deg": 2.356841802597046,
      "max_geodesic_deg": 3.811692714691162
    },
    "gripper": {
      "mean_abs_error": 0.004242731258273125,
      "rmse": 0.007778572849929333,
      "max_abs_error": 0.02036825567483902
    },
    "combined_legacy": {
      "mean_abs_error": 0.01327584870159626,
      "max_abs_error": 0.0646657943725586,
      "rmse": 0.019520534202456474
    },
    "pred_action_aligned": [
      [
        -0.23182588815689087,
        0.029209278523921967,
        -0.14000116288661957,
        -1.0636866092681885,
        1.3542641401290894,
        0.9290905594825745,
        0.09602723270654678
      ],
      [
        -0.2317073941230774,
        0.02968331053853035,
        -0.13906240463256836,
        -1.0649389028549194,
        1.3617655038833618,
        0.9241335391998291,
        0.09525258094072342
      ],
      [
        -0.23119468986988068,
        0.029681671410799026,
        -0.138776957988739,
        -1.0810571908950806,
        1.3603086471557617,
        0.912322461605072,
        0.09220197796821594
      ],
      [
        -0.23168252408504486,
        0.03088478371500969,
        -0.13661903142929077,
        -1.0802189111709595,
        1.3735337257385254,
        0.9138995409011841,
        0.08664242923259735
      ],
      [
        -0.23198524117469788,
        0.0315345823764801,
        -0.1348474770784378,
        -1.0750850439071655,
        1.3801368474960327,
        0.9117635488510132,
        0.0758592039346695
      ],
      [
        -0.23319198191165924,
        0.03125319629907608,
        -0.13435271382331848,
        -1.0647087097167969,
        1.3868674039840698,
        0.9192654490470886,
        0.0727444738149643
      ],
      [
        -0.2350495606660843,
        0.0305454283952713,
        -0.13179409503936768,
        -1.0574055910110474,
        1.3996034860610962,
        0.920604944229126,
        0.07236476242542267
      ],
      [
        -0.23361177742481232,
        0.031074782833456993,
        -0.12921757996082306,
        -1.0656830072402954,
        1.3988198041915894,
        0.9194658994674683,
        0.07239116728305817
      ],
      [
        -0.23200011253356934,
        0.031234605237841606,
        -0.13003122806549072,
        -1.0731059312820435,
        1.3945189714431763,
        0.9216686487197876,
        0.07237949967384338
      ],
      [
        -0.23290595412254333,
        0.0302452202886343,
        -0.13043317198753357,
        -1.0750806331634521,
        1.3949110507965088,
        0.9234844446182251,
        0.07237385213375092
      ],
      [
        -0.23145851492881775,
        0.02928139828145504,
        -0.1306861788034439,
        -1.0800565481185913,
        1.3892064094543457,
        0.9172271490097046,
        0.07243116945028305
      ],
      [
        -0.22950290143489838,
        0.02971862070262432,
        -0.1299751102924347,
        -1.0729831457138062,
        1.3828433752059937,
        0.9180693030357361,
        0.072568379342556
      ],
      [
        -0.22986894845962524,
        0.02961215190589428,
        -0.13050302863121033,
        -1.0627039670944214,
        1.375758409500122,
        0.9260485172271729,
        0.07237917929887772
      ],
      [
        -0.22992445528507233,
        0.031373851001262665,
        -0.12643121182918549,
        -1.0607304573059082,
        1.3631210327148438,
        0.9336565732955933,
        0.07243525981903076
      ],
      [
        -0.22891589999198914,
        0.03323838487267494,
        -0.12252618372440338,
        -1.0539872646331787,
        1.3414077758789062,
        0.940921425819397,
        0.07263288646936417
      ],
      [
        -0.22836816310882568,
        0.03687009587883949,
        -0.11535508930683136,
        -1.0159751176834106,
        1.3183115720748901,
        0.950618326663971,
        0.07254641503095627
      ]
    ],