{
  "sample_name": "sample_000122",
  "payload_path": "/home/sunpeng/sp/umi_project/universal_manipulation_interface/pika_dataset/exports/episode79/sample_000122/payload_raw.json",
  "actions_path": "/home/sunpeng/sp/umi_project/universal_manipulation_interface/pika_dataset/exports/episode79/sample_000122/actions.json",
  "meta": {
    "start_index": 244,
    "obs_horizon": 2,
    "act_horizon": 16,
    "stride": 2,
    "obs_timestamps": [
      1776398613.6913922,
      1776398613.7277126
    ],
    "action_timestamps": [
      1776398613.7595196,
      1776398613.7913418,
      1776398613.8277562,
      1776398613.8595104,
      1776398613.8914251,
      1776398613.92779,
      1776398613.9594793,
      1776398613.9913046,
      1776398614.0276868,
      1776398614.0594265,
      1776398614.0913184,
      1776398614.127781,
      1776398614.1595907,
      1776398614.191367,
      1776398614.2277157,
      1776398614.2595606
    ]
  },
  "payload_pose_validation": {
    "format": "xyz_quat_xyzw",
    "pose_shape": [
      2,
      7
    ],
    "init_pose_shape": [
      7
    ],
    "quat_norm_mean": 1.0,
    "quat_norm_min": 1.0,
    "quat_norm_max": 1.0,
    "init_quat_norm": 0.9999999999999999
  },
  "inference": {
    "selected_arm": "arm_l",
    "checkpoint_path": "/home/sunpeng/sp/umi_project/universal_manipulation_interface/data/outputs/2026.04.20/16.30.06_train_diffusion_unet_timm_picknplace/checkpoints",
    "device": "cuda",
    "action_pred_shape": [
      16,
      10
    ],
    "env_action_shape": [
      16,
      7
    ]
  },
  "metrics": {
    "aligned_shape": [
      16,
      7
    ],
    "pred_shape": [
      16,
      7
    ],
    "target_shape": [
      16,
      7
    ],
    "position": {
      "mean_l2_error": 0.037320323288440704,
      "rmse_l2_error": 0.03885490074753761,
      "max_l2_error": 0.04843119531869888,
      "per_axis_mae": [
        0.011185242794454098,
        0.008403575979173183,
        0.03428695350885391
      ],
      "per_axis_rmse": [
        0.01265736948698759,
        0.009165086783468723,
        0.0355738028883934
      ]
    },
    "rotation": {
      "mean_geodesic_rad": 0.05654823035001755,
      "rmse_geodesic_rad": 0.059184927493333817,
      "max_geodesic_rad": 0.07652517408132553,
      "mean_geodesic_deg": 3.2399744987487793,
      "rmse_geodesic_deg": 3.3910462856292725,
      "max_geodesic_deg": 4.38456916809082
    },
    "gripper": {
      "mean_abs_error": 0.0005582529120147228,
      "rmse": 0.0010730995563790202,
      "max_abs_error": 0.00401228666305542
    },
    "combined_legacy": {
      "mean_abs_error": 0.019062846899032593,
      "max_abs_error": 0.08297240734100342,
      "rmse": 0.02821546606719494
    },
    "pred_action_aligned": [
      [
        -0.2250281721353531,
        0.19447815418243408,
        -0.08589916676282883,
        -0.9509969353675842,
        1.1775035858154297,
        1.1071504354476929,
        0.07329418510198593
      ],
      [
        -0.22745029628276825,
        0.19604261219501495,
        -0.08432819694280624,
        -0.9365401864051819,
        1.182207465171814,
        1.1006977558135986,
        0.07355178892612457
      ],
      [
        -0.22866453230381012,
        0.1994154453277588,
        -0.08743233978748322,
        -0.9220482707023621,
        1.1854265928268433,
        1.0897555351257324,
        0.07349149882793427
      ],
      [
        -0.22975753247737885,
        0.19378729164600372,
        -0.08640245348215103,
        -0.926602303981781,
        1.1657558679580688,
        1.0865834951400757,
        0.07371681928634644
      ],
      [
        -0.22632531821727753,
        0.19557718932628632,
        -0.08767803013324738,
        -0.9342969059944153,
        1.1745251417160034,
        1.0739303827285767,
        0.07351594418287277
      ],
      [
        -0.22660157084465027,
        0.19489993155002594,
        -0.08433350175619125,
        -0.9303096532821655,
        1.1819525957107544,
        1.0602400302886963,
        0.07367714494466782
      ],
      [
        -0.22539182007312775,
        0.19598914682865143,
        -0.08665861189365387,
        -0.9299313426017761,
        1.1924586296081543,
        1.0554770231246948,
        0.07349420338869095
      ],
      [
        -0.22535642981529236,
        0.1945812702178955,
        -0.08443308621644974,
        -0.9238457083702087,
        1.189666748046875,
        1.0578807592391968,
        0.07329153269529343
      ],
      [
        -0.22608648240566254,
        0.1945323944091797,
        -0.08578658849000931,
        -0.9260860681533813,
        1.1939698457717896,
        1.0521292686462402,
        0.07331691682338715
      ],
      [
        -0.224347785115242,
        0.1921607404947281,
        -0.08748744428157806,
        -0.9353850483894348,
        1.1828323602676392,
        1.0492275953292847,
        0.07332830131053925
      ],
      [
        -0.22396281361579895,
        0.19151203334331512,
        -0.08932635188102722,
        -0.9413453340530396,
        1.193251609802246,
        1.0473753213882446,
        0.07325103878974915
      ],
      [
        -0.22198420763015747,
        0.18951067328453064,
        -0.09182761609554291,
        -0.9503079056739807,
        1.1854150295257568,
        1.0350890159606934,
        0.07327715307474136
      ],
      [
        -0.22149749100208282,
        0.19146853685379028,
        -0.09381957352161407,
        -0.9520954489707947,
        1.1914805173873901,
        1.0350103378295898,
        0.07335244119167328
      ],
      [
        -0.21939341723918915,
        0.19481489062309265,
        -0.09699587523937225,
        -0.9641119241714478,
        1.181885004043579,
        1.0221141576766968,
        0.07342485338449478
      ],
      [
        -0.21951964497566223,
        0.1981307715177536,
        -0.09745361655950546,
        -0.970435619354248,
        1.172781229019165,
        1.0291186571121216,
        0.07346029579639435
      ],
      [
        -0.21916356682777405,
        0.19845044612884521,
        -0.0968533381819725,
        -0.9569569826126099,
        1.1738688945770264,
        1.0339089632034302,
        0.07683165371417999
      ]
    ],