{
  "sample_name": "sample_000105",
  "payload_path": "/home/sunpeng/sp/umi_project/universal_manipulation_interface/pika_dataset/exports/episode79/sample_000105/payload_raw.json",
  "actions_path": "/home/sunpeng/sp/umi_project/universal_manipulation_interface/pika_dataset/exports/episode79/sample_000105/actions.json",
  "meta": {
    "start_index": 210,
    "obs_horizon": 2,
    "act_horizon": 16,
    "stride": 2,
    "obs_timestamps": [
      1776398612.559704,
      1776398612.591397
    ],
    "action_timestamps": [
      1776398612.6277316,
      1776398612.6595614,
      1776398612.6912947,
      1776398612.7276466,
      1776398612.7594557,
      1776398612.7913513,
      1776398612.8276937,
      1776398612.8595362,
      1776398612.8913043,
      1776398612.927757,
      1776398612.9594653,
      1776398612.9912927,
      1776398613.0276139,
      1776398613.0594413,
      1776398613.09128,
      1776398613.1277084
    ]
  },
  "payload_pose_validation": {
    "format": "xyz_quat_xyzw",
    "pose_shape": [
      2,
      7
    ],
    "init_pose_shape": [
      7
    ],
    "quat_norm_mean": 1.0,
    "quat_norm_min": 0.9999999999999999,
    "quat_norm_max": 1.0,
    "init_quat_norm": 0.9999999999999999
  },
  "inference": {
    "selected_arm": "arm_l",
    "checkpoint_path": "/home/sunpeng/sp/umi_project/universal_manipulation_interface/data/outputs/2026.04.20/16.30.06_train_diffusion_unet_timm_picknplace/checkpoints",
    "device": "cuda",
    "action_pred_shape": [
      16,
      10
    ],
    "env_action_shape": [
      16,
      7
    ]
  },
  "metrics": {
    "aligned_shape": [
      16,
      7
    ],
    "pred_shape": [
      16,
      7
    ],
    "target_shape": [
      16,
      7
    ],
    "position": {
      "mean_l2_error": 0.03170667588710785,
      "rmse_l2_error": 0.0373912937939167,
      "max_l2_error": 0.061897747218608856,
      "per_axis_mae": [
        0.0025062402710318565,
        0.029101915657520294,
        0.008925994858145714
      ],
      "per_axis_rmse": [
        0.002810040023177862,
        0.0357370600104332,
        0.010633675381541252
      ]
    },
    "rotation": {
      "mean_geodesic_rad": 0.07669324427843094,
      "rmse_geodesic_rad": 0.10451541095972061,
      "max_geodesic_rad": 0.2039594054222107,
      "mean_geodesic_deg": 4.394198417663574,
      "rmse_geodesic_deg": 5.988291263580322,
      "max_geodesic_deg": 11.686012268066406
    },
    "gripper": {
      "mean_abs_error": 0.0005727563984692097,
      "rmse": 0.0006021041772328317,
      "max_abs_error": 0.0008780062198638916
    },
    "combined_legacy": {
      "mean_abs_error": 0.024799112230539322,
      "max_abs_error": 0.18412697315216064,
      "rmse": 0.045867014676332474
    },
    "pred_action_aligned": [
      [
        -0.25241246819496155,
        0.0449848473072052,
        -0.05202094465494156,
        -0.5451988577842712,
        0.8027645349502563,
        1.1851297616958618,
        0.07292129099369049
      ],
      [
        -0.2521054148674011,
        0.046786051243543625,
        -0.0475098118185997,
        -0.5459433794021606,
        0.7942599058151245,
        1.1938056945800781,
        0.07271014153957367
      ],
      [
        -0.2520424425601959,
        0.05093484744429588,
        -0.04622648283839226,
        -0.552634596824646,
        0.8068824410438538,
        1.199686884880066,
        0.07269999384880066
      ],
      [
        -0.2510392665863037,
        0.057883426547050476,
        -0.04419328272342682,
        -0.5598189234733582,
        0.816524863243103,
        1.2014189958572388,
        0.07277929782867432
      ],
      [
        -0.24880331754684448,
        0.06752718240022659,
        -0.03755807504057884,
        -0.5641621351242065,
        0.82345050573349,
        1.2102372646331787,
        0.07273674756288528
      ],
      [
        -0.24712368845939636,
        0.08021906018257141,
        -0.03765809163451195,
        -0.5878965854644775,
        0.8263421654701233,
        1.2161412239074707,
        0.07270577549934387
      ],
      [
        -0.24505940079689026,
        0.09502416849136353,
        -0.03613070398569107,
        -0.630322277545929,
        0.8387531042098999,
        1.2105869054794312,
        0.07259820401668549
      ],
      [
        -0.24358542263507843,
        0.11294518411159515,
        -0.0369427427649498,
        -0.6548464298248291,
        0.8767831921577454,
        1.2127026319503784,
        0.07277007400989532
      ],
      [
        -0.2440684586763382,
        0.1280977874994278,
        -0.040096111595630646,
        -0.6793954968452454,
        0.9230089783668518,
        1.2049452066421509,
        0.07301707565784454
      ],
      [
        -0.24473480880260468,
        0.14171890914440155,
        -0.04695991054177284,
        -0.7118179202079773,
        0.9700338840484619,
        1.196764349937439,
        0.07296688854694366
      ],
      [
        -0.24644705653190613,
        0.1533350944519043,
        -0.05473009869456291,
        -0.7418262362480164,
        1.0086719989776611,
        1.1850095987319946,
        0.07316738367080688
      ],
      [
        -0.2453460544347763,
        0.1629457026720047,
        -0.06204008311033249,
        -0.7658464312553406,
        1.0310715436935425,
        1.1634896993637085,
        0.07310615479946136
      ],
      [
        -0.2455408126115799,
        0.17310291528701782,
        -0.07125440984964371,
        -0.7863125801086426,
        1.0551226139068604,
        1.1405941247940063,
        0.07317022979259491
      ],
      [
        -0.2457868754863739,
        0.18049068748950958,
        -0.07725175470113754,
        -0.8067988753318787,
        1.083142876625061,
        1.1271408796310425,
        0.07307995110750198
      ],
      [
        -0.24609127640724182,
        0.18753424286842346,
        -0.08349379897117615,
        -0.826123833656311,
        1.1058770418167114,
        1.1051329374313354,
        0.07312555611133575
      ],
      [
        -0.24652346968650818,
        0.19327206909656525,
        -0.08986416459083557,
        -0.8471254706382751,
        1.1287493705749512,
        1.083284616470337,
        0.07290049642324448
      ]
    ],