{
  "sample_name": "sample_000021",
  "payload_path": "/home/sunpeng/sp/umi_project/universal_manipulation_interface/pika_dataset/exports/episode79/sample_000021/payload_raw.json",
  "actions_path": "/home/sunpeng/sp/umi_project/universal_manipulation_interface/pika_dataset/exports/episode79/sample_000021/actions.json",
  "meta": {
    "start_index": 42,
    "obs_horizon": 2,
    "act_horizon": 16,
    "stride": 2,
    "obs_timestamps": [
      1776398606.9595206,
      1776398606.9912298
    ],
    "action_timestamps": [
      1776398607.0216267,
      1776398607.0593703,
      1776398607.0912151,
      1776398607.1215694,
      1776398607.1593602,
      1776398607.19125,
      1776398607.2216332,
      1776398607.2593372,
      1776398607.291238,
      1776398607.3216622,
      1776398607.3594024,
      1776398607.3913944,
      1776398607.4216921,
      1776398607.4594269,
      1776398607.491186,
      1776398607.521719
    ]
  },
  "payload_pose_validation": {
    "format": "xyz_quat_xyzw",
    "pose_shape": [
      2,
      7
    ],
    "init_pose_shape": [
      7
    ],
    "quat_norm_mean": 1.0,
    "quat_norm_min": 0.9999999999999999,
    "quat_norm_max": 1.0,
    "init_quat_norm": 0.9999999999999999
  },
  "inference": {
    "selected_arm": "arm_l",
    "checkpoint_path": "/home/sunpeng/sp/umi_project/universal_manipulation_interface/data/outputs/2026.04.20/16.30.06_train_diffusion_unet_timm_picknplace/checkpoints",
    "device": "cuda",
    "action_pred_shape": [
      16,
      10
    ],
    "env_action_shape": [
      16,
      7
    ]
  },
  "metrics": {
    "aligned_shape": [
      16,
      7
    ],
    "pred_shape": [
      16,
      7
    ],
    "target_shape": [
      16,
      7
    ],
    "position": {
      "mean_l2_error": 0.02646392397582531,
      "rmse_l2_error": 0.03366422653198242,
      "max_l2_error": 0.05893968045711517,
      "per_axis_mae": [
        0.012653055600821972,
        0.017582690343260765,
        0.014202388003468513
      ],
      "per_axis_rmse": [
        0.016122283414006233,
        0.021604526787996292,
        0.020164240151643753
      ]
    },
    "rotation": {
      "mean_geodesic_rad": 0.11636228859424591,
      "rmse_geodesic_rad": 0.14283829927444458,
      "max_geodesic_rad": 0.2603481709957123,
      "mean_geodesic_deg": 6.667068004608154,
      "rmse_geodesic_deg": 8.184030532836914,
      "max_geodesic_deg": 14.916851043701172
    },
    "gripper": {
      "mean_abs_error": 0.0006273253820836544,
      "rmse": 0.0008200480369850993,
      "max_abs_error": 0.0018923506140708923
    },
    "combined_legacy": {
      "mean_abs_error": 0.03213080018758774,
      "max_abs_error": 0.21131491661071777,
      "rmse": 0.057261835783720016
    },
    "pred_action_aligned": [
      [
        -0.25627994537353516,
        -0.023968001827597618,
        -0.08121377974748611,
        -0.6236208081245422,
        0.9449173808097839,
        0.9039873480796814,
        0.09481468796730042
      ],
      [
        -0.2546554505825043,
        -0.024283699691295624,
        -0.08304519206285477,
        -0.632663369178772,
        0.9408037662506104,
        0.9129927754402161,
        0.09620238095521927
      ],
      [
        -0.2558039724826813,
        -0.022062495350837708,
        -0.08450537919998169,
        -0.6448941826820374,
        0.9402208924293518,
        0.9221917986869812,
        0.09638704359531403
      ],
      [
        -0.253755122423172,
        -0.019647400826215744,
        -0.0858205109834671,
        -0.6698125004768372,
        0.9711547493934631,
        0.9392178654670715,
        0.09644664078950882
      ],
      [
        -0.25336363911628723,
        -0.01340942271053791,
        -0.08605453372001648,
        -0.704168975353241,
        0.966722846031189,
        0.9409461617469788,
        0.09666664898395538
      ],
      [
        -0.24995474517345428,
        -0.009550565853714943,
        -0.0892481878399849,
        -0.7060268521308899,
        0.9853569269180298,
        0.9495090246200562,
        0.09645713120698929
      ],
      [
        -0.24649956822395325,
        -0.002848168835043907,
        -0.09668119251728058,
        -0.7529042363166809,
        1.0053625106811523,
        0.9595237970352173,
        0.09654807299375534
      ],
      [
        -0.24259686470031738,
        0.00519033707678318,
        -0.10155685991048813,
        -0.7907799482345581,
        1.067696452140808,
        0.959978461265564,
        0.09596624225378036
      ],
      [
        -0.24128514528274536,
        0.0113853570073843,
        -0.10737402737140656,
        -0.839477002620697,
        1.0846962928771973,
        0.9696767926216125,
        0.09660358726978302
      ],
      [
        -0.23808901011943817,
        0.014881832525134087,
        -0.11340206861495972,
        -0.8649854063987732,
        1.1278808116912842,
        0.9689075350761414,
        0.09611717611551285
      ],
      [
        -0.23398885130882263,
        0.018007760867476463,
        -0.11904694885015488,
        -0.8931785821914673,
        1.1492133140563965,
        0.9596807360649109,
        0.09616664052009583
      ],
      [
        -0.22730976343154907,
        0.01896575279533863,
        -0.12222149968147278,
        -0.9157261252403259,
        1.1687870025634766,
        0.9530330896377563,
        0.09621599316596985
      ],
      [
        -0.22997479140758514,
        0.02450389228761196,
        -0.1287454068660736,
        -0.9453387260437012,
        1.1963967084884644,
        0.9438084363937378,
        0.0960930585861206
      ],
      [
        -0.22680708765983582,
        0.02514699287712574,
        -0.13790467381477356,
        -0.9470967054367065,
        1.2345452308654785,
        0.931269109249115,
        0.0957421287894249
      ],
      [
        -0.22517970204353333,
        0.026491066440939903,
        -0.14280030131340027,
        -0.9654589891433716,
        1.2683311700820923,
        0.928596556186676,
        0.09598229080438614
      ],
      [
        -0.22272713482379913,
        0.02743171714246273,
        -0.1504310816526413,
        -0.9758948087692261,
        1.2997256517410278,
        0.9240555763244629,
        0.09486568719148636
      ]
    ],