{
  "sample_name": "sample_000139",
  "payload_path": "/home/sunpeng/sp/umi_project/universal_manipulation_interface/pika_dataset/exports/episode79/sample_000139/payload_raw.json",
  "actions_path": "/home/sunpeng/sp/umi_project/universal_manipulation_interface/pika_dataset/exports/episode79/sample_000139/actions.json",
  "meta": {
    "start_index": 278,
    "obs_horizon": 2,
    "act_horizon": 16,
    "stride": 2,
    "obs_timestamps": [
      1776398614.8277175,
      1776398614.8594944
    ],
    "action_timestamps": [
      1776398614.8912706,
      1776398614.927764,
      1776398614.959612,
      1776398614.9913938,
      1776398615.0277956,
      1776398615.0595434,
      1776398615.0914145,
      1776398615.1277435,
      1776398615.159631,
      1776398615.1914208,
      1776398615.2277205,
      1776398615.2595081,
      1776398615.291319,
      1776398615.3277652,
      1776398615.3596466,
      1776398615.3913822
    ]
  },
  "payload_pose_validation": {
    "format": "xyz_quat_xyzw",
    "pose_shape": [
      2,
      7
    ],
    "init_pose_shape": [
      7
    ],
    "quat_norm_mean": 1.0,
    "quat_norm_min": 1.0,
    "quat_norm_max": 1.0,
    "init_quat_norm": 0.9999999999999999
  },
  "inference": {
    "selected_arm": "arm_l",
    "checkpoint_path": "/home/sunpeng/sp/umi_project/universal_manipulation_interface/data/outputs/2026.04.20/16.30.06_train_diffusion_unet_timm_picknplace/checkpoints",
    "device": "cuda",
    "action_pred_shape": [
      16,
      10
    ],
    "env_action_shape": [
      16,
      7
    ]
  },
  "metrics": {
    "aligned_shape": [
      16,
      7
    ],
    "pred_shape": [
      16,
      7
    ],
    "target_shape": [
      16,
      7
    ],
    "position": {
      "mean_l2_error": 0.0032428342383354902,
      "rmse_l2_error": 0.003411739831790328,
      "max_l2_error": 0.004675704520195723,
      "per_axis_mae": [
        0.0019873520359396935,
        0.0011793822050094604,
        0.0015347981825470924
      ],
      "per_axis_rmse": [
        0.0024757329374551773,
        0.0013612804468721151,
        0.0019124930258840322
      ]
    },
    "rotation": {
      "mean_geodesic_rad": 0.02133057825267315,
      "rmse_geodesic_rad": 0.02438894473016262,
      "max_geodesic_rad": 0.047657113522291183,
      "mean_geodesic_deg": 1.2221521139144897,
      "rmse_geodesic_deg": 1.397383451461792,
      "max_geodesic_deg": 2.730551242828369
    },
    "gripper": {
      "mean_abs_error": 0.004342889413237572,
      "rmse": 0.004888523370027542,
      "max_abs_error": 0.007197044789791107
    },
    "combined_legacy": {
      "mean_abs_error": 0.006395907141268253,
      "max_abs_error": 0.043921828269958496,
      "rmse": 0.010834303684532642
    },
    "pred_action_aligned": [
      [
        -0.2337617725133896,
        0.2067219465970993,
        -0.13301047682762146,
        -1.0170842409133911,
        1.1928895711898804,
        1.0345122814178467,
        0.08102202415466309
      ],
      [
        -0.233860045671463,
        0.20812828838825226,
        -0.13467459380626678,
        -1.0291520357131958,
        1.1975328922271729,
        1.0265381336212158,
        0.07767517119646072
      ],
      [
        -0.23307955265045166,
        0.2080060988664627,
        -0.13567666709423065,
        -1.0310684442520142,
        1.1999824047088623,
        1.037613868713379,
        0.07561125606298447
      ],
      [
        -0.23317502439022064,
        0.20663480460643768,
        -0.1343846321105957,
        -1.0305975675582886,
        1.2083547115325928,
        1.0342068672180176,
        0.0749504417181015
      ],
      [
        -0.23275476694107056,
        0.20641985535621643,
        -0.13354383409023285,
        -1.0352323055267334,
        1.2076276540756226,
        1.032900094985962,
        0.0746641457080841
      ],
      [
        -0.2324903905391693,
        0.20590819418430328,
        -0.1307099163532257,
        -1.0191679000854492,
        1.21718430519104,
        1.0356950759887695,
        0.07454049587249756
      ],
      [
        -0.23325993120670319,
        0.20637845993041992,
        -0.1308850795030594,
        -1.0053709745407104,
        1.2231699228286743,
        1.0437629222869873,
        0.07407273352146149
      ],
      [
        -0.23409700393676758,
        0.20690901577472687,
        -0.1315104365348816,
        -1.0054540634155273,
        1.2214146852493286,
        1.0515660047531128,
        0.07616507261991501
      ],
      [
        -0.23473767936229706,
        0.20702597498893738,
        -0.13234196603298187,
        -0.9945328235626221,
        1.206812858581543,
        1.0625718832015991,
        0.08923622965812683
      ],
      [
        -0.23513126373291016,
        0.20744352042675018,
        -0.1311982423067093,
        -1.0010113716125488,
        1.1911817789077759,
        1.0566208362579346,
        0.09318820387125015
      ],
      [
        -0.23349320888519287,
        0.2077121138572693,
        -0.12982647120952606,
        -1.0106663703918457,
        1.190306305885315,
        1.0667448043823242,
        0.09344252943992615
      ],
      [
        -0.23458576202392578,
        0.20686109364032745,
        -0.13061915338039398,
        -1.0201150178909302,
        1.1782387495040894,
        1.0661885738372803,
        0.09434567391872406
      ],
      [
        -0.2354540377855301,
        0.20722942054271698,
        -0.12943227589130402,
        -1.0280146598815918,
        1.1763859987258911,
        1.0681036710739136,
        0.0947120264172554
      ],
      [
        -0.2360430210828781,
        0.2075822800397873,
        -0.12967436015605927,
        -1.0270671844482422,
        1.1785598993301392,
        1.0692890882492065,
        0.09515925496816635
      ],
      [
        -0.23590253293514252,
        0.20825336873531342,
        -0.1304197907447815,
        -1.0293540954589844,
        1.1755248308181763,
        1.0732287168502808,
        0.09529521316289902
      ],
      [
        -0.23692987859249115,
        0.20809423923492432,
        -0.1300654113292694,
        -1.0273730754852295,
        1.1751927137374878,
        1.0763872861862183,
        0.09539405256509781
      ]
    ],