{
  "sample_name": "sample_000007",
  "payload_path": "/home/sunpeng/sp/umi_project/universal_manipulation_interface/pika_dataset/exports/episode79/sample_000007/payload_raw.json",
  "actions_path": "/home/sunpeng/sp/umi_project/universal_manipulation_interface/pika_dataset/exports/episode79/sample_000007/actions.json",
  "meta": {
    "start_index": 14,
    "obs_horizon": 2,
    "act_horizon": 16,
    "stride": 2,
    "obs_timestamps": [
      1776398606.0216043,
      1776398606.059558
    ],
    "action_timestamps": [
      1776398606.091078,
      1776398606.1215608,
      1776398606.1596916,
      1776398606.1912963,
      1776398606.2215118,
      1776398606.2597332,
      1776398606.2911484,
      1776398606.321565,
      1776398606.3595877,
      1776398606.3911555,
      1776398606.4215672,
      1776398606.4597626,
      1776398606.491232,
      1776398606.5215523,
      1776398606.5595968,
      1776398606.5912998
    ]
  },
  "payload_pose_validation": {
    "format": "xyz_quat_xyzw",
    "pose_shape": [
      2,
      7
    ],
    "init_pose_shape": [
      7
    ],
    "quat_norm_mean": 1.0,
    "quat_norm_min": 1.0,
    "quat_norm_max": 1.0,
    "init_quat_norm": 0.9999999999999999
  },
  "inference": {
    "selected_arm": "arm_l",
    "checkpoint_path": "/home/sunpeng/sp/umi_project/universal_manipulation_interface/data/outputs/2026.04.20/16.30.06_train_diffusion_unet_timm_picknplace/checkpoints",
    "device": "cuda",
    "action_pred_shape": [
      16,
      10
    ],
    "env_action_shape": [
      16,
      7
    ]
  },
  "metrics": {
    "aligned_shape": [
      16,
      7
    ],
    "pred_shape": [
      16,
      7
    ],
    "target_shape": [
      16,
      7
    ],
    "position": {
      "mean_l2_error": 0.023665964603424072,
      "rmse_l2_error": 0.02607285976409912,
      "max_l2_error": 0.03978404030203819,
      "per_axis_mae": [
        0.008277809247374535,
        0.007529252674430609,
        0.019608082249760628
      ],
      "per_axis_rmse": [
        0.010822128504514694,
        0.010573936626315117,
        0.021233636885881424
      ]
    },
    "rotation": {
      "mean_geodesic_rad": 0.06750603020191193,
      "rmse_geodesic_rad": 0.08050589263439178,
      "max_geodesic_rad": 0.18127812445163727,
      "mean_geodesic_deg": 3.8678102493286133,
      "rmse_geodesic_deg": 4.612647533416748,
      "max_geodesic_deg": 10.386470794677734
    },
    "gripper": {
      "mean_abs_error": 0.0010658209212124348,
      "rmse": 0.0011474060593172908,
      "max_abs_error": 0.001965440809726715
    },
    "combined_legacy": {
      "mean_abs_error": 0.020737115293741226,
      "max_abs_error": 0.13272041082382202,
      "rmse": 0.03274166211485863
    },
    "pred_action_aligned": [
      [
        -0.27495312690734863,
        -0.05213303864002228,
        -0.08495596796274185,
        -0.4724140465259552,
        0.991055428981781,
        0.8288534879684448,
        0.09608891606330872
      ],
      [
        -0.2747759521007538,
        -0.05557692050933838,
        -0.07798578590154648,
        -0.4900379776954651,
        0.9081827402114868,
        0.8629646897315979,
        0.09534246474504471
      ],
      [
        -0.2768976092338562,
        -0.050644244998693466,
        -0.07582411915063858,
        -0.4500819742679596,
        0.9164029955863953,
        0.8680253624916077,
        0.0959579348564148
      ],
      [
        -0.2748021185398102,
        -0.057226963341236115,
        -0.07301399856805801,
        -0.48688679933547974,
        0.8860576152801514,
        0.8409655094146729,
        0.0960303544998169
      ],
      [
        -0.2760234773159027,
        -0.051746807992458344,
        -0.06943624466657639,
        -0.4727967381477356,
        0.9178706407546997,
        0.8677171468734741,
        0.09543760120868683
      ],
      [
        -0.27804115414619446,
        -0.054390743374824524,
        -0.0742955133318901,
        -0.48561790585517883,
        0.8951950669288635,
        0.8576163649559021,
        0.09593430161476135
      ],
      [
        -0.2722734808921814,
        -0.051319606602191925,
        -0.07742651551961899,
        -0.5214543342590332,
        0.9036352634429932,
        0.8837263584136963,
        0.0954706147313118
      ],
      [
        -0.27432116866111755,
        -0.0502249114215374,
        -0.07507899403572083,
        -0.5164483785629272,
        0.8884819149971008,
        0.8905825018882751,
        0.09571167081594467
      ],
      [
        -0.26865309476852417,
        -0.0489368811249733,
        -0.07097959518432617,
        -0.5286772847175598,
        0.8956094980239868,
        0.9197458028793335,
        0.09580370783805847
      ],
      [
        -0.2667831778526306,
        -0.04071705788373947,
        -0.06771062314510345,
        -0.5352959036827087,
        0.8831049799919128,
        0.925584077835083,
        0.09559190273284912
      ],
      [
        -0.26609933376312256,
        -0.040074996650218964,
        -0.05983520671725273,
        -0.5319734811782837,
        0.8844770193099976,
        0.9030696749687195,
        0.09592221677303314
      ],
      [
        -0.26444244384765625,
        -0.035524316132068634,
        -0.05934187397360802,
        -0.551532506942749,
        0.8914658427238464,
        0.9288699626922607,
        0.0947849377989769
      ],
      [
        -0.25905463099479675,
        -0.029971394687891006,
        -0.06163819879293442,
        -0.5866808295249939,
        0.8771172761917114,
        0.9476286172866821,
        0.09534694999456406
      ],
      [
        -0.2592453360557556,
        -0.025345453992486,
        -0.06606513261795044,
        -0.596585750579834,
        0.9384426474571228,
        0.927731990814209,
        0.09629181772470474
      ],
      [
        -0.25952327251434326,
        -0.022671647369861603,
        -0.055489249527454376,
        -0.6390009522438049,
        0.9424456357955933,
        0.9495245814323425,
        0.09580249339342117
      ],
      [
        -0.25274327397346497,
        -0.020525339990854263,
        -0.06251025199890137,
        -0.6542028188705444,
        0.9973785877227783,
        0.9377567768096924,
        0.09474159777164459
      ]
    ],