{
  "sample_name": "sample_000025",
  "payload_path": "/home/sunpeng/sp/umi_project/universal_manipulation_interface/pika_dataset/exports/episode79/sample_000025/payload_raw.json",
  "actions_path": "/home/sunpeng/sp/umi_project/universal_manipulation_interface/pika_dataset/exports/episode79/sample_000025/actions.json",
  "meta": {
    "start_index": 50,
    "obs_horizon": 2,
    "act_horizon": 16,
    "stride": 2,
    "obs_timestamps": [
      1776398607.2216332,
      1776398607.2593372
    ],
    "action_timestamps": [
      1776398607.291238,
      1776398607.3216622,
      1776398607.3594024,
      1776398607.3913944,
      1776398607.4216921,
      1776398607.4594269,
      1776398607.491186,
      1776398607.521719,
      1776398607.5595014,
      1776398607.5912888,
      1776398607.6216593,
      1776398607.659422,
      1776398607.6911385,
      1776398607.721659,
      1776398607.7595112,
      1776398607.791254
    ]
  },
  "payload_pose_validation": {
    "format": "xyz_quat_xyzw",
    "pose_shape": [
      2,
      7
    ],
    "init_pose_shape": [
      7
    ],
    "quat_norm_mean": 1.0,
    "quat_norm_min": 1.0,
    "quat_norm_max": 1.0,
    "init_quat_norm": 0.9999999999999999
  },
  "inference": {
    "selected_arm": "arm_l",
    "checkpoint_path": "/home/sunpeng/sp/umi_project/universal_manipulation_interface/data/outputs/2026.04.20/16.30.06_train_diffusion_unet_timm_picknplace/checkpoints",
    "device": "cuda",
    "action_pred_shape": [
      16,
      10
    ],
    "env_action_shape": [
      16,
      7
    ]
  },
  "metrics": {
    "aligned_shape": [
      16,
      7
    ],
    "pred_shape": [
      16,
      7
    ],
    "target_shape": [
      16,
      7
    ],
    "position": {
      "mean_l2_error": 0.029304709285497665,
      "rmse_l2_error": 0.0336124561727047,
      "max_l2_error": 0.0467422679066658,
      "per_axis_mae": [
        0.005710179917514324,
        0.012856111861765385,
        0.025524791330099106
      ],
      "per_axis_rmse": [
        0.007239662576466799,
        0.014607875607907772,
        0.02939378097653389
      ]
    },
    "rotation": {
      "mean_geodesic_rad": 0.13524413108825684,
      "rmse_geodesic_rad": 0.15410871803760529,
      "max_geodesic_rad": 0.20804463326931,
      "mean_geodesic_deg": 7.7489166259765625,
      "rmse_geodesic_deg": 8.829778671264648,
      "max_geodesic_deg": 11.920079231262207
    },
    "gripper": {
      "mean_abs_error": 5.000503733754158e-05,
      "rmse": 8.280303154606372e-05,
      "max_abs_error": 0.0002078413963317871
    },
    "combined_legacy": {
      "mean_abs_error": 0.03619399666786194,
      "max_abs_error": 0.18669188022613525,
      "rmse": 0.06245419383049011
    },
    "pred_action_aligned": [
      [
        -0.25440898537635803,
        -0.015399528667330742,
        -0.09461676329374313,
        -0.6923720240592957,
        1.0294252634048462,
        0.9134553670883179,
        0.09670066833496094
      ],
      [
        -0.25521010160446167,
        -0.011737581342458725,
        -0.09678684175014496,
        -0.7308071851730347,
        1.052453875541687,
        0.9154148697853088,
        0.09670703113079071
      ],
      [
        -0.2535865306854248,
        -0.00883058737963438,
        -0.10228969901800156,
        -0.7554650902748108,
        1.0645581483840942,
        0.9176303148269653,
        0.09649919718503952
      ],
      [
        -0.2511664032936096,
        -0.004163820296525955,
        -0.1085267886519432,
        -0.781395435333252,
        1.0888694524765015,
        0.9227989912033081,
        0.0965605229139328
      ],
      [
        -0.25178611278533936,
        -0.0005493760108947754,
        -0.1165209636092186,
        -0.8069303631782532,
        1.130171775817871,
        0.9355271458625793,
        0.09666009992361069
      ],
      [
        -0.2498760223388672,
        0.004419103264808655,
        -0.12535110116004944,
        -0.8388983607292175,
        1.1831303834915161,
        0.9270223379135132,
        0.09662596136331558
      ],
      [
        -0.2469530999660492,
        0.009153470396995544,
        -0.13348866999149323,
        -0.8686110973358154,
        1.2338944673538208,
        0.9114215970039368,
        0.09670703113079071
      ],
      [
        -0.24695883691310883,
        0.012194259092211723,
        -0.13892656564712524,
        -0.8880301117897034,
        1.260373830795288,
        0.8997064828872681,
        0.0965949222445488
      ],
      [
        -0.24260367453098297,
        0.015702472999691963,
        -0.1448914259672165,
        -0.9160529971122742,
        1.2652511596679688,
        0.9004096388816833,
        0.09669768065214157
      ],
      [
        -0.2401556372642517,
        0.01961052604019642,
        -0.14841240644454956,
        -0.9338066577911377,
        1.2724428176879883,
        0.9006660580635071,
        0.09670703113079071
      ],
      [
        -0.23832504451274872,
        0.02179778553545475,
        -0.15182319283485413,
        -0.960556149482727,
        1.2803136110305786,
        0.9089957475662231,
        0.09670703113079071
      ],
      [
        -0.2362155169248581,
        0.024141276255249977,
        -0.15605315566062927,
        -0.9796975255012512,
        1.3100299835205078,
        0.901018500328064,
        0.09670703113079071
      ],
      [
        -0.23589232563972473,
        0.026322627440094948,
        -0.15875011682510376,
        -0.9935473203659058,
        1.3240792751312256,
        0.9081515669822693,
        0.0966983214020729
      ],
      [
        -0.23440270125865936,
        0.028166750445961952,
        -0.15990042686462402,
        -0.9996495842933655,
        1.3421260118484497,
        0.9077326059341431,
        0.09667601436376572
      ],
      [
        -0.2337348461151123,
        0.02899414487183094,
        -0.1605217158794403,
        -1.012598991394043,
        1.347586750984192,
        0.9060619473457336,
        0.09655696153640747
      ],
      [
        -0.23278211057186127,
        0.031279124319553375,
        -0.16193878650665283,
        -1.0159436464309692,
        1.352356195449829,
        0.8979671001434326,
        0.09670703113079071
      ]
    ],