{
  "sample_name": "sample_000095",
  "payload_path": "/home/sunpeng/sp/umi_project/universal_manipulation_interface/pika_dataset/exports/episode79/sample_000095/payload_raw.json",
  "actions_path": "/home/sunpeng/sp/umi_project/universal_manipulation_interface/pika_dataset/exports/episode79/sample_000095/actions.json",
  "meta": {
    "start_index": 190,
    "obs_horizon": 2,
    "act_horizon": 16,
    "stride": 2,
    "obs_timestamps": [
      1776398611.8914282,
      1776398611.9276845
    ],
    "action_timestamps": [
      1776398611.9595175,
      1776398611.9914143,
      1776398612.027727,
      1776398612.0594988,
      1776398612.0913408,
      1776398612.1276798,
      1776398612.1595337,
      1776398612.1913884,
      1776398612.2276895,
      1776398612.2595081,
      1776398612.2913024,
      1776398612.3276784,
      1776398612.3594687,
      1776398612.3913581,
      1776398612.4277766,
      1776398612.459511
    ]
  },
  "payload_pose_validation": {
    "format": "xyz_quat_xyzw",
    "pose_shape": [
      2,
      7
    ],
    "init_pose_shape": [
      7
    ],
    "quat_norm_mean": 1.0,
    "quat_norm_min": 0.9999999999999999,
    "quat_norm_max": 1.0000000000000002,
    "init_quat_norm": 0.9999999999999999
  },
  "inference": {
    "selected_arm": "arm_l",
    "checkpoint_path": "/home/sunpeng/sp/umi_project/universal_manipulation_interface/data/outputs/2026.04.20/16.30.06_train_diffusion_unet_timm_picknplace/checkpoints",
    "device": "cuda",
    "action_pred_shape": [
      16,
      10
    ],
    "env_action_shape": [
      16,
      7
    ]
  },
  "metrics": {
    "aligned_shape": [
      16,
      7
    ],
    "pred_shape": [
      16,
      7
    ],
    "target_shape": [
      16,
      7
    ],
    "position": {
      "mean_l2_error": 0.09114987403154373,
      "rmse_l2_error": 0.1110677570104599,
      "max_l2_error": 0.17873896658420563,
      "per_axis_mae": [
        0.019270701333880424,
        0.08711353689432144,
        0.012943209148943424
      ],
      "per_axis_rmse": [
        0.021112054586410522,
        0.10782791674137115,
        0.016231710091233253
      ]
    },
    "rotation": {
      "mean_geodesic_rad": 0.17206266522407532,
      "rmse_geodesic_rad": 0.2221459001302719,
      "max_geodesic_rad": 0.4627804756164551,
      "mean_geodesic_deg": 9.858464241027832,
      "rmse_geodesic_deg": 12.728021621704102,
      "max_geodesic_deg": 26.51536750793457
    },
    "gripper": {
      "mean_abs_error": 9.737629443407059e-05,
      "rmse": 0.00011914112110389397,
      "max_abs_error": 0.0002173110842704773
    },
    "combined_legacy": {
      "mean_abs_error": 0.0549929216504097,
      "max_abs_error": 0.4021562933921814,
      "rmse": 0.09824677556753159
    },
    "pred_action_aligned": [
      [
        -0.26019400358200073,
        0.01302496436983347,
        -0.05154098570346832,
        -0.5374761819839478,
        0.8672066926956177,
        1.19050133228302,
        0.07369352132081985
      ],
      [
        -0.25657016038894653,
        0.014621304348111153,
        -0.053746867924928665,
        -0.5480141639709473,
        0.8520931601524353,
        1.1880970001220703,
        0.07365187257528305
      ],
      [
        -0.25236567854881287,
        0.020119760185480118,
        -0.05569173023104668,
        -0.5412201881408691,
        0.8377514481544495,
        1.192891001701355,
        0.07347045838832855
      ],
      [
        -0.24685847759246826,
        0.02862919494509697,
        -0.057896748185157776,
        -0.5534252524375916,
        0.8077204823493958,
        1.187152624130249,
        0.07350020110607147
      ],
      [
        -0.24213877320289612,
        0.036814264953136444,
        -0.052348192781209946,
        -0.5661584138870239,
        0.8070000410079956,
        1.1872448921203613,
        0.07362819463014603
      ],
      [
        -0.2372209131717682,
        0.05283960700035095,
        -0.04126701131463051,
        -0.5637751817703247,
        0.8031224012374878,
        1.2023136615753174,
        0.07332183420658112
      ],
      [
        -0.23569758236408234,
        0.0715942531824112,
        -0.037673287093639374,
        -0.5852426886558533,
        0.8168461322784424,
        1.214182734489441,
        0.0736207664012909
      ],
      [
        -0.2340397983789444,
        0.09152624756097794,
        -0.03670612722635269,
        -0.6135530471801758,
        0.8365885019302368,
        1.2313035726547241,
        0.07343664765357971
      ],
      [
        -0.23404908180236816,
        0.11042430251836777,
        -0.038703110069036484,
        -0.6526991128921509,
        0.864176869392395,
        1.2457548379898071,
        0.07354265451431274
      ],
      [
        -0.233064204454422,
        0.12787462770938873,
        -0.04388132318854332,
        -0.6984115839004517,
        0.8853102326393127,
        1.2500914335250854,
        0.07362639158964157
      ],
      [
        -0.23270738124847412,
        0.14434340596199036,
        -0.05060888081789017,
        -0.7432526350021362,
        0.9024338722229004,
        1.2479205131530762,
        0.07347089052200317
      ],
      [
        -0.2319750040769577,
        0.1596871316432953,
        -0.05717485398054123,
        -0.7827759385108948,
        0.9196513891220093,
        1.251733422279358,
        0.07356254756450653
      ],
      [
        -0.2322738617658615,
        0.17311511933803558,
        -0.06661638617515564,
        -0.8338285088539124,
        0.9486556053161621,
        1.236400842666626,
        0.0732821449637413
      ],
      [
        -0.2338249683380127,
        0.183665931224823,
        -0.07592199742794037,
        -0.8817503452301025,
        1.0192383527755737,
        1.2244410514831543,
        0.07343058288097382
      ],
      [
        -0.23420274257659912,
        0.19479262828826904,
        -0.08634071797132492,
        -0.9031087160110474,
        1.07713782787323,
        1.2067899703979492,
        0.0734192430973053
      ],
      [
        -0.23295551538467407,
        0.19929710030555725,
        -0.09695527702569962,
        -0.9381429553031921,
        1.1049121618270874,
        1.1802974939346313,
        0.07351609319448471
      ]
    ],