{
  "sample_name": "sample_000152",
  "payload_path": "/home/sunpeng/sp/umi_project/universal_manipulation_interface/pika_dataset/exports/episode79/sample_000152/payload_raw.json",
  "actions_path": "/home/sunpeng/sp/umi_project/universal_manipulation_interface/pika_dataset/exports/episode79/sample_000152/actions.json",
  "meta": {
    "start_index": 304,
    "obs_horizon": 2,
    "act_horizon": 16,
    "stride": 2,
    "obs_timestamps": [
      1776398615.6913557,
      1776398615.7277908
    ],
    "action_timestamps": [
      1776398615.7597885,
      1776398615.7914917,
      1776398615.8278198,
      1776398615.8594987,
      1776398615.8913753,
      1776398615.927768,
      1776398615.9595258,
      1776398615.9914286,
      1776398616.0277767,
      1776398616.059616,
      1776398616.0914085,
      1776398616.1277854,
      1776398616.1595528,
      1776398616.1913958,
      1776398616.227772,
      1776398616.2595558
    ]
  },
  "payload_pose_validation": {
    "format": "xyz_quat_xyzw",
    "pose_shape": [
      2,
      7
    ],
    "init_pose_shape": [
      7
    ],
    "quat_norm_mean": 1.0,
    "quat_norm_min": 0.9999999999999999,
    "quat_norm_max": 1.0,
    "init_quat_norm": 0.9999999999999999
  },
  "inference": {
    "selected_arm": "arm_l",
    "checkpoint_path": "/home/sunpeng/sp/umi_project/universal_manipulation_interface/data/outputs/2026.04.20/16.30.06_train_diffusion_unet_timm_picknplace/checkpoints",
    "device": "cuda",
    "action_pred_shape": [
      16,
      10
    ],
    "env_action_shape": [
      16,
      7
    ]
  },
  "metrics": {
    "aligned_shape": [
      16,
      7
    ],
    "pred_shape": [
      16,
      7
    ],
    "target_shape": [
      16,
      7
    ],
    "position": {
      "mean_l2_error": 0.07135449349880219,
      "rmse_l2_error": 0.08600109815597534,
      "max_l2_error": 0.1334339678287506,
      "per_axis_mae": [
        0.01863904483616352,
        0.03972502797842026,
        0.05194464698433876
      ],
      "per_axis_rmse": [
        0.02496042288839817,
        0.05544086918234825,
        0.06082332506775856
      ]
    },
    "rotation": {
      "mean_geodesic_rad": 0.30687183141708374,
      "rmse_geodesic_rad": 0.3666653335094452,
      "max_geodesic_rad": 0.5550200939178467,
      "mean_geodesic_deg": 17.582460403442383,
      "rmse_geodesic_deg": 21.00837516784668,
      "max_geodesic_deg": 31.80030632019043
    },
    "gripper": {
      "mean_abs_error": 1.5062745660543442e-05,
      "rmse": 5.60032349312678e-05,
      "max_abs_error": 0.00022360682487487793
    },
    "combined_legacy": {
      "mean_abs_error": 0.09035412222146988,
      "max_abs_error": 0.45125216245651245,
      "rmse": 0.15296539664268494
    },
    "pred_action_aligned": [
      [
        -0.2392190843820572,
        0.2115207314491272,
        -0.13002827763557434,
        -1.008948802947998,
        1.182669758796692,
        1.0904239416122437,
        0.09670703113079071
      ],
      [
        -0.240397647023201,
        0.21252429485321045,
        -0.12861059606075287,
        -1.0088666677474976,
        1.18258798122406,
        1.096268892288208,
        0.09670703113079071
      ],
      [
        -0.24011921882629395,
        0.21373394131660461,
        -0.12587876617908478,
        -1.0051864385604858,
        1.1685740947723389,
        1.1135047674179077,
        0.09670703113079071
      ],
      [
        -0.23936283588409424,
        0.21396489441394806,
        -0.11788356304168701,
        -1.0006917715072632,
        1.1386494636535645,
        1.1317501068115234,
        0.09670703113079071
      ],
      [
        -0.2406591922044754,
        0.21375301480293274,
        -0.10590647906064987,
        -0.9711936712265015,
        1.0996248722076416,
        1.1594024896621704,
        0.09669438004493713
      ],
      [
        -0.2440488487482071,
        0.2108161449432373,
        -0.09041586518287659,
        -0.9189886450767517,
        1.056256890296936,
        1.1707350015640259,
        0.09670703113079071
      ],
      [
        -0.2469208687543869,
        0.2069428414106369,
        -0.07467347383499146,
        -0.8566111326217651,
        1.0025177001953125,
        1.2038675546646118,
        0.09670703113079071
      ],
      [
        -0.24911734461784363,
        0.19523859024047852,
        -0.05774746090173721,
        -0.7710133790969849,
        0.9470860362052917,
        1.2164673805236816,
        0.09670703113079071
      ],
      [
        -0.25425639748573303,
        0.17998768389225006,
        -0.04941883683204651,
        -0.7166997790336609,
        0.9140053987503052,
        1.2219326496124268,
        0.09670703113079071
      ],
      [
        -0.26201021671295166,
        0.1623484492301941,
        -0.046209827065467834,
        -0.6748952865600586,
        0.8894335627555847,
        1.2098332643508911,
        0.09670703113079071
      ],
      [
        -0.26663243770599365,
        0.14377859234809875,
        -0.04483930021524429,
        -0.6614031791687012,
        0.8879430294036865,
        1.1899127960205078,
        0.09670239686965942
      ],
      [
        -0.27051225304603577,
        0.12932106852531433,
        -0.04592892527580261,
        -0.651141881942749,
        0.8686896562576294,
        1.1691614389419556,
        0.09670703113079071
      ],
      [
        -0.27751341462135315,
        0.12157625705003738,
        -0.04020044207572937,
        -0.600653886795044,
        0.8271333575248718,
        1.1667211055755615,
        0.09670703113079071
      ],
      [
        -0.2779819965362549,
        0.1145765632390976,
        -0.0399525985121727,
        -0.5726239085197449,
        0.8080409169197083,
        1.1406885385513306,
        0.09670703113079071
      ],
      [
        -0.28470316529273987,
        0.10541990399360657,
        -0.04339005798101425,
        -0.5583524107933044,
        0.7876002192497253,
        1.1462215185165405,
        0.09648343175649643
      ],
      [
        -0.2855857312679291,
        0.09646572172641754,
        -0.04622967541217804,
        -0.5647255182266235,
        0.7771897315979004,
        1.1325795650482178,
        0.09670703113079071
      ]
    ],