{
  "sample_name": "sample_000076",
  "payload_path": "/home/sunpeng/sp/umi_project/universal_manipulation_interface/pika_dataset/exports/episode79/sample_000076/payload_raw.json",
  "actions_path": "/home/sunpeng/sp/umi_project/universal_manipulation_interface/pika_dataset/exports/episode79/sample_000076/actions.json",
  "meta": {
    "start_index": 152,
    "obs_horizon": 2,
    "act_horizon": 16,
    "stride": 2,
    "obs_timestamps": [
      1776398610.6276472,
      1776398610.6594322
    ],
    "action_timestamps": [
      1776398610.6912158,
      1776398610.7276762,
      1776398610.759506,
      1776398610.7913167,
      1776398610.827731,
      1776398610.8594959,
      1776398610.8913648,
      1776398610.9276855,
      1776398610.9595253,
      1776398610.9913523,
      1776398611.0277302,
      1776398611.0596073,
      1776398611.091327,
      1776398611.12784,
      1776398611.1594741,
      1776398611.1913004
    ]
  },
  "payload_pose_validation": {
    "format": "xyz_quat_xyzw",
    "pose_shape": [
      2,
      7
    ],
    "init_pose_shape": [
      7
    ],
    "quat_norm_mean": 1.0,
    "quat_norm_min": 0.9999999999999999,
    "quat_norm_max": 1.0,
    "init_quat_norm": 0.9999999999999999
  },
  "inference": {
    "selected_arm": "arm_l",
    "checkpoint_path": "/home/sunpeng/sp/umi_project/universal_manipulation_interface/data/outputs/2026.04.20/16.30.06_train_diffusion_unet_timm_picknplace/checkpoints",
    "device": "cuda",
    "action_pred_shape": [
      16,
      10
    ],
    "env_action_shape": [
      16,
      7
    ]
  },
  "metrics": {
    "aligned_shape": [
      16,
      7
    ],
    "pred_shape": [
      16,
      7
    ],
    "target_shape": [
      16,
      7
    ],
    "position": {
      "mean_l2_error": 0.02491622231900692,
      "rmse_l2_error": 0.027571318671107292,
      "max_l2_error": 0.036501768976449966,
      "per_axis_mae": [
        0.011980179697275162,
        0.017301522195339203,
        0.012502186000347137
      ],
      "per_axis_rmse": [
        0.01355313416570425,
        0.01968427002429962,
        0.013748444616794586
      ]
    },
    "rotation": {
      "mean_geodesic_rad": 0.15275855362415314,
      "rmse_geodesic_rad": 0.17720721662044525,
      "max_geodesic_rad": 0.2549748420715332,
      "mean_geodesic_deg": 8.752420425415039,
      "rmse_geodesic_deg": 10.15322494506836,
      "max_geodesic_deg": 14.608981132507324
    },
    "gripper": {
      "mean_abs_error": 0.00026633450761437416,
      "rmse": 0.00033741057268343866,
      "max_abs_error": 0.0008759051561355591
    },
    "combined_legacy": {
      "mean_abs_error": 0.04401012882590294,
      "max_abs_error": 0.22589141130447388,
      "rmse": 0.0738593339920044
    },
    "pred_action_aligned": [
      [
        -0.24778583645820618,
        0.03840005770325661,
        -0.11064494401216507,
        -0.8988878130912781,
        1.2519164085388184,
        1.0692811012268066,
        0.07251331955194473
      ],
      [
        -0.2496175467967987,
        0.03544469550251961,
        -0.10597992688417435,
        -0.8796964287757874,
        1.2313437461853027,
        1.0856692790985107,
        0.07260230928659439
      ],
      [
        -0.253246933221817,
        0.03308064118027687,
        -0.1009259819984436,
        -0.8556451797485352,
        1.2180209159851074,
        1.1048800945281982,
        0.07276786118745804
      ],
      [
        -0.25325194001197815,
        0.031855348497629166,
        -0.090993732213974,
        -0.8310250639915466,
        1.1778085231781006,
        1.1194727420806885,
        0.07267231494188309
      ],
      [
        -0.25663837790489197,
        0.03095681592822075,
        -0.08489987999200821,
        -0.7858248353004456,
        1.1388399600982666,
        1.1336050033569336,
        0.07263354957103729
      ],
      [
        -0.2569745182991028,
        0.028005946427583694,
        -0.0770016461610794,
        -0.7507681250572205,
        1.0813075304031372,
        1.1519970893859863,
        0.07255258411169052
      ],
      [
        -0.26002106070518494,
        0.02463061548769474,
        -0.07615271210670471,
        -0.7096970677375793,
        1.0352474451065063,
        1.1734609603881836,
        0.07273995131254196
      ],
      [
        -0.26219162344932556,
        0.018085142597556114,
        -0.07591213285923004,
        -0.6734939217567444,
        0.9859510064125061,
        1.1831597089767456,
        0.07266655564308167
      ],
      [
        -0.26618489623069763,
        0.015198985114693642,
        -0.0722387433052063,
        -0.6248759627342224,
        0.9478616714477539,
        1.2037718296051025,
        0.0726822093129158
      ],
      [
        -0.26828959584236145,
        0.011096127331256866,
        -0.07183002680540085,
        -0.5991184115409851,
        0.901858389377594,
        1.211224913597107,
        0.07246353477239609
      ],
      [
        -0.2689574956893921,
        0.009535828605294228,
        -0.06936866044998169,
        -0.5504738092422485,
        0.8943840265274048,
        1.2105286121368408,
        0.07307114452123642
      ],
      [
        -0.2693893313407898,
        0.006143990904092789,
        -0.06840315461158752,
        -0.5438417792320251,
        0.886774480342865,
        1.2046180963516235,
        0.07246866822242737
      ],
      [
        -0.2730826139450073,
        0.00470101460814476,
        -0.07095639407634735,
        -0.5160307288169861,
        0.8944007158279419,
        1.1974263191223145,
        0.07269790768623352
      ],
      [
        -0.27203384041786194,
        0.0023819170892238617,
        -0.07006531953811646,
        -0.49921974539756775,
        0.9065585732460022,
        1.186389684677124,
        0.07295851409435272
      ],
      [
        -0.27029281854629517,
        0.0022701844573020935,
        -0.06463749706745148,
        -0.4781157076358795,
        0.890694797039032,
        1.185987949371338,
        0.07219648361206055
      ],
      [
        -0.27174341678619385,
        0.004269931465387344,
        -0.06012864038348198,
        -0.47595998644828796,
        0.8968822360038757,
        1.1847712993621826,
        0.07194346189498901
      ]
    ],