{
  "sample_name": "sample_000118",
  "payload_path": "/home/sunpeng/sp/umi_project/universal_manipulation_interface/pika_dataset/exports/episode79/sample_000118/payload_raw.json",
  "actions_path": "/home/sunpeng/sp/umi_project/universal_manipulation_interface/pika_dataset/exports/episode79/sample_000118/actions.json",
  "meta": {
    "start_index": 236,
    "obs_horizon": 2,
    "act_horizon": 16,
    "stride": 2,
    "obs_timestamps": [
      1776398613.427778,
      1776398613.459609
    ],
    "action_timestamps": [
      1776398613.4913442,
      1776398613.527935,
      1776398613.559702,
      1776398613.5914123,
      1776398613.6277363,
      1776398613.659504,
      1776398613.6913922,
      1776398613.7277126,
      1776398613.7595196,
      1776398613.7913418,
      1776398613.8277562,
      1776398613.8595104,
      1776398613.8914251,
      1776398613.92779,
      1776398613.9594793,
      1776398613.9913046
    ]
  },
  "payload_pose_validation": {
    "format": "xyz_quat_xyzw",
    "pose_shape": [
      2,
      7
    ],
    "init_pose_shape": [
      7
    ],
    "quat_norm_mean": 1.0,
    "quat_norm_min": 1.0,
    "quat_norm_max": 1.0,
    "init_quat_norm": 0.9999999999999999
  },
  "inference": {
    "selected_arm": "arm_l",
    "checkpoint_path": "/home/sunpeng/sp/umi_project/universal_manipulation_interface/data/outputs/2026.04.20/16.30.06_train_diffusion_unet_timm_picknplace/checkpoints",
    "device": "cuda",
    "action_pred_shape": [
      16,
      10
    ],
    "env_action_shape": [
      16,
      7
    ]
  },
  "metrics": {
    "aligned_shape": [
      16,
      7
    ],
    "pred_shape": [
      16,
      7
    ],
    "target_shape": [
      16,
      7
    ],
    "position": {
      "mean_l2_error": 0.024286316707730293,
      "rmse_l2_error": 0.02698231302201748,
      "max_l2_error": 0.054636359214782715,
      "per_axis_mae": [
        0.00582918431609869,
        0.003934967331588268,
        0.022599104791879654
      ],
      "per_axis_rmse": [
        0.00669913599267602,
        0.004605247639119625,
        0.025728553533554077
      ]
    },
    "rotation": {
      "mean_geodesic_rad": 0.08343172818422318,
      "rmse_geodesic_rad": 0.08822749555110931,
      "max_geodesic_rad": 0.11799135059118271,
      "mean_geodesic_deg": 4.780285358428955,
      "rmse_geodesic_deg": 5.055062770843506,
      "max_geodesic_deg": 6.760406017303467
    },
    "gripper": {
      "mean_abs_error": 0.0008686203509569168,
      "rmse": 0.000925624743103981,
      "max_abs_error": 0.0015509054064750671
    },
    "combined_legacy": {
      "mean_abs_error": 0.026251167058944702,
      "max_abs_error": 0.12619447708129883,
      "rmse": 0.03889229893684387
    },
    "pred_action_aligned": [
      [
        -0.24842756986618042,
        0.17189574241638184,
        -0.1094932034611702,
        -0.8943789601325989,
        1.1201269626617432,
        1.1249637603759766,
        0.07275497913360596
      ],
      [
        -0.24927294254302979,
        0.1800985485315323,
        -0.11837917566299438,
        -0.9324636459350586,
        1.151537299156189,
        1.1014397144317627,
        0.07286932319402695
      ],
      [
        -0.24647590517997742,
        0.18491220474243164,
        -0.12882377207279205,
        -0.9642599821090698,
        1.192579984664917,
        1.0559054613113403,
        0.07304564863443375
      ],
      [
        -0.24924008548259735,
        0.18706539273262024,
        -0.1375560164451599,
        -0.9844769835472107,
        1.2163711786270142,
        1.0267752408981323,
        0.07277561724185944
      ],
      [
        -0.24528191983699799,
        0.19040396809577942,
        -0.13621313869953156,
        -1.0004923343658447,
        1.217469573020935,
        1.0346598625183105,
        0.07298261672258377
      ],
      [
        -0.2438098043203354,
        0.19301313161849976,
        -0.13874070346355438,
        -1.013885736465454,
        1.231406807899475,
        1.0306161642074585,
        0.07273001968860626
      ],
      [
        -0.2396053671836853,
        0.1893862783908844,
        -0.13697651028633118,
        -1.011193037033081,
        1.2156659364700317,
        1.0532128810882568,
        0.07290679961442947
      ],
      [
        -0.2396777719259262,
        0.1931266486644745,
        -0.14050054550170898,
        -1.0294582843780518,
        1.256132960319519,
        1.0418472290039062,
        0.07241801172494888
      ],
      [
        -0.23820585012435913,
        0.19185958802700043,
        -0.1383386254310608,
        -1.0140174627304077,
        1.241731882095337,
        1.0331114530563354,
        0.07277579605579376
      ],
      [
        -0.2392444908618927,
        0.1933535784482956,
        -0.1402834951877594,
        -0.9998565316200256,
        1.2560741901397705,
        1.0453672409057617,
        0.07252950221300125
      ],
      [
        -0.23640501499176025,
        0.193928062915802,
        -0.1374095380306244,
        -0.9957135319709778,
        1.2542520761489868,
        1.0349308252334595,
        0.07278107851743698
      ],
      [
        -0.23631763458251953,
        0.19453570246696472,
        -0.13509251177310944,
        -0.9951145052909851,
        1.2663486003875732,
        1.0312018394470215,
        0.07258406281471252
      ],
      [
        -0.23305651545524597,
        0.19271519780158997,
        -0.13466694951057434,
        -0.9752689599990845,
        1.2502747774124146,
        1.061827301979065,
        0.07238953560590744
      ],
      [
        -0.2313648760318756,
        0.20069406926631927,
        -0.13393229246139526,
        -1.0016521215438843,
        1.2574033737182617,
        1.0434991121292114,
        0.07192530483007431
      ],
      [
        -0.2319020926952362,
        0.20005060732364655,
        -0.13966020941734314,
        -1.01804518699646,
        1.2730618715286255,
        1.051841378211975,
        0.07217217981815338
      ],
      [
        -0.23118427395820618,
        0.20073097944259644,
        -0.15223915874958038,
        -1.0208338499069214,
        1.3192417621612549,
        1.032967448234558,
        0.07142411917448044
      ]
    ],