{
  "sample_name": "sample_000078",
  "payload_path": "/home/sunpeng/sp/umi_project/universal_manipulation_interface/pika_dataset/exports/episode79/sample_000078/payload_raw.json",
  "actions_path": "/home/sunpeng/sp/umi_project/universal_manipulation_interface/pika_dataset/exports/episode79/sample_000078/actions.json",
  "meta": {
    "start_index": 156,
    "obs_horizon": 2,
    "act_horizon": 16,
    "stride": 2,
    "obs_timestamps": [
      1776398610.759506,
      1776398610.7913167
    ],
    "action_timestamps": [
      1776398610.827731,
      1776398610.8594959,
      1776398610.8913648,
      1776398610.9276855,
      1776398610.9595253,
      1776398610.9913523,
      1776398611.0277302,
      1776398611.0596073,
      1776398611.091327,
      1776398611.12784,
      1776398611.1594741,
      1776398611.1913004,
      1776398611.2276905,
      1776398611.2595031,
      1776398611.291446,
      1776398611.327706
    ]
  },
  "payload_pose_validation": {
    "format": "xyz_quat_xyzw",
    "pose_shape": [
      2,
      7
    ],
    "init_pose_shape": [
      7
    ],
    "quat_norm_mean": 1.0,
    "quat_norm_min": 1.0,
    "quat_norm_max": 1.0,
    "init_quat_norm": 0.9999999999999999
  },
  "inference": {
    "selected_arm": "arm_l",
    "checkpoint_path": "/home/sunpeng/sp/umi_project/universal_manipulation_interface/data/outputs/2026.04.20/16.30.06_train_diffusion_unet_timm_picknplace/checkpoints",
    "device": "cuda",
    "action_pred_shape": [
      16,
      10
    ],
    "env_action_shape": [
      16,
      7
    ]
  },
  "metrics": {
    "aligned_shape": [
      16,
      7
    ],
    "pred_shape": [
      16,
      7
    ],
    "target_shape": [
      16,
      7
    ],
    "position": {
      "mean_l2_error": 0.016728943213820457,
      "rmse_l2_error": 0.01861231029033661,
      "max_l2_error": 0.029062999412417412,
      "per_axis_mae": [
        0.0038227932527661324,
        0.014458158053457737,
        0.005597379989922047
      ],
      "per_axis_rmse": [
        0.004771233070641756,
        0.016718406230211258,
        0.006644421257078648
      ]
    },
    "rotation": {
      "mean_geodesic_rad": 0.1027274876832962,
      "rmse_geodesic_rad": 0.11214194446802139,
      "max_geodesic_rad": 0.1621447056531906,
      "mean_geodesic_deg": 5.8858513832092285,
      "rmse_geodesic_deg": 6.425259590148926,
      "max_geodesic_deg": 9.290206909179688
    },
    "gripper": {
      "mean_abs_error": 0.000375562347471714,
      "rmse": 0.0003953574341721833,
      "max_abs_error": 0.0006440430879592896
    },
    "combined_legacy": {
      "mean_abs_error": 0.026856107637286186,
      "max_abs_error": 0.14994388818740845,
      "rmse": 0.04578550532460213
    },
    "pred_action_aligned": [
      [
        -0.24762921035289764,
        0.038615260273218155,
        -0.10062701255083084,
        -0.8298040628433228,
        1.2036659717559814,
        1.091437578201294,
        0.073017418384552
      ],
      [
        -0.24837984144687653,
        0.03657883033156395,
        -0.09371247887611389,
        -0.7902794480323792,
        1.1723766326904297,
        1.1046552658081055,
        0.07321255654096603
      ],
      [
        -0.24967984855175018,
        0.034757889807224274,
        -0.08687339723110199,
        -0.74586021900177,
        1.1298561096191406,
        1.118609070777893,
        0.07307944446802139
      ],
      [
        -0.25000056624412537,
        0.03179345652461052,
        -0.08141037821769714,
        -0.7103461027145386,
        1.0855295658111572,
        1.1323306560516357,
        0.07346341013908386
      ],
      [
        -0.25174543261528015,
        0.0274367593228817,
        -0.08070118725299835,
        -0.6663844585418701,
        1.0423983335494995,
        1.1470246315002441,
        0.07305990904569626
      ],
      [
        -0.2544134259223938,
        0.022561971098184586,
        -0.0806121975183487,
        -0.6454261541366577,
        1.0072517395019531,
        1.1446423530578613,
        0.07321266084909439
      ],
      [
        -0.25623732805252075,
        0.015086103230714798,
        -0.0833810567855835,
        -0.6245206594467163,
        0.9731163382530212,
        1.1504228115081787,
        0.07320157438516617
      ],
      [
        -0.2590940594673157,
        0.011509506031870842,
        -0.08744273334741592,
        -0.6161928772926331,
        0.9411904811859131,
        1.1625503301620483,
        0.07341752201318741
      ],
      [
        -0.2604527473449707,
        0.00815662369132042,
        -0.08749239146709442,
        -0.6044495105743408,
        0.9258691668510437,
        1.1647499799728394,
        0.07324597239494324
      ],
      [
        -0.26046136021614075,
        0.006510093808174133,
        -0.08683845400810242,
        -0.5982078313827515,
        0.9265036582946777,
        1.1717249155044556,
        0.07327589392662048
      ],
      [
        -0.2604464888572693,
        0.004953168332576752,
        -0.08907052129507065,
        -0.6002492308616638,
        0.9200971722602844,
        1.167883276939392,
        0.07315605133771896
      ],
      [
        -0.2613109350204468,
        0.0027956366539001465,
        -0.09191011637449265,
        -0.600655734539032,
        0.9320510625839233,
        1.1661512851715088,
        0.07318177074193954
      ],
      [
        -0.2594430148601532,
        0.005849242210388184,
        -0.08779388666152954,
        -0.5954410433769226,
        0.9229550361633301,
        1.1601052284240723,
        0.07313895225524902
      ],
      [
        -0.25660642981529236,
        0.007820513099431992,
        -0.08202028274536133,
        -0.5777667760848999,
        0.9127896428108215,
        1.1518882513046265,
        0.07327211648225784
      ],
      [
        -0.2541954517364502,
        0.011268503963947296,
        -0.07650446891784668,
        -0.5719917416572571,
        0.8819922804832458,
        1.1474452018737793,
        0.07316461950540543
      ],
      [
        -0.2514345347881317,
        0.013574779033660889,
        -0.07201613485813141,
        -0.5639729499816895,
        0.8718335628509521,
        1.1438361406326294,
        0.07299426198005676
      ]
    ],