{
  "sample_name": "sample_000093",
  "payload_path": "/home/sunpeng/sp/umi_project/universal_manipulation_interface/pika_dataset/exports/episode79/sample_000093/payload_raw.json",
  "actions_path": "/home/sunpeng/sp/umi_project/universal_manipulation_interface/pika_dataset/exports/episode79/sample_000093/actions.json",
  "meta": {
    "start_index": 186,
    "obs_horizon": 2,
    "act_horizon": 16,
    "stride": 2,
    "obs_timestamps": [
      1776398611.7595322,
      1776398611.7913105
    ],
    "action_timestamps": [
      1776398611.8276927,
      1776398611.8595483,
      1776398611.8914282,
      1776398611.9276845,
      1776398611.9595175,
      1776398611.9914143,
      1776398612.027727,
      1776398612.0594988,
      1776398612.0913408,
      1776398612.1276798,
      1776398612.1595337,
      1776398612.1913884,
      1776398612.2276895,
      1776398612.2595081,
      1776398612.2913024,
      1776398612.3276784
    ]
  },
  "payload_pose_validation": {
    "format": "xyz_quat_xyzw",
    "pose_shape": [
      2,
      7
    ],
    "init_pose_shape": [
      7
    ],
    "quat_norm_mean": 1.0,
    "quat_norm_min": 1.0,
    "quat_norm_max": 1.0,
    "init_quat_norm": 0.9999999999999999
  },
  "inference": {
    "selected_arm": "arm_l",
    "checkpoint_path": "/home/sunpeng/sp/umi_project/universal_manipulation_interface/data/outputs/2026.04.20/16.30.06_train_diffusion_unet_timm_picknplace/checkpoints",
    "device": "cuda",
    "action_pred_shape": [
      16,
      10
    ],
    "env_action_shape": [
      16,
      7
    ]
  },
  "metrics": {
    "aligned_shape": [
      16,
      7
    ],
    "pred_shape": [
      16,
      7
    ],
    "target_shape": [
      16,
      7
    ],
    "position": {
      "mean_l2_error": 0.08619259297847748,
      "rmse_l2_error": 0.10746283084154129,
      "max_l2_error": 0.1865466684103012,
      "per_axis_mae": [
        0.013390358537435532,
        0.0808606669306755,
        0.02103932574391365
      ],
      "per_axis_rmse": [
        0.0165871474891901,
        0.10224873572587967,
        0.028606344014406204
      ]
    },
    "rotation": {
      "mean_geodesic_rad": 0.21425658464431763,
      "rmse_geodesic_rad": 0.2656037211418152,
      "max_geodesic_rad": 0.5129855871200562,
      "mean_geodesic_deg": 12.275996208190918,
      "rmse_geodesic_deg": 15.217971801757812,
      "max_geodesic_deg": 29.39190673828125
    },
    "gripper": {
      "mean_abs_error": 0.00032362574711441994,
      "rmse": 0.0004015702579636127,
      "max_abs_error": 0.0009719580411911011
    },
    "combined_legacy": {
      "mean_abs_error": 0.06329114735126495,
      "max_abs_error": 0.48193323612213135,
      "rmse": 0.1145770475268364
    },
    "pred_action_aligned": [
      [
        -0.2647353410720825,
        0.006343557499349117,
        -0.07633031159639359,
        -0.5800567865371704,
        0.8414502739906311,
        1.1852072477340698,
        0.07322236150503159
      ],
      [
        -0.26541993021965027,
        0.00880774948745966,
        -0.07779189199209213,
        -0.5757527947425842,
        0.8413398861885071,
        1.1870707273483276,
        0.07327606528997421
      ],
      [
        -0.26674482226371765,
        0.01306116208434105,
        -0.07572975009679794,
        -0.5749273896217346,
        0.8407210111618042,
        1.193806529045105,
        0.07325703650712967
      ],
      [
        -0.2655862867832184,
        0.022273588925600052,
        -0.06628096103668213,
        -0.562453031539917,
        0.8176019191741943,
        1.2010319232940674,
        0.07333825528621674
      ],
      [
        -0.26250159740448,
        0.03344083949923515,
        -0.057383257895708084,
        -0.5645865797996521,
        0.7880511283874512,
        1.2218632698059082,
        0.07326487451791763
      ],
      [
        -0.26235494017601013,
        0.04563728719949722,
        -0.054313935339450836,
        -0.588543713092804,
        0.7792239785194397,
        1.2358769178390503,
        0.07333417236804962
      ],
      [
        -0.26652008295059204,
        0.06786584109067917,
        -0.05166153237223625,
        -0.6168572306632996,
        0.7929010987281799,
        1.2584251165390015,
        0.07352469861507416
      ],
      [
        -0.2665383815765381,
        0.0842193216085434,
        -0.055642686784267426,
        -0.6706324815750122,
        0.8198869228363037,
        1.2679352760314941,
        0.0733916163444519
      ],
      [
        -0.26930201053619385,
        0.09937011450529099,
        -0.06606347858905792,
        -0.7343633770942688,
        0.8677157759666443,
        1.2548099756240845,
        0.07365895062685013
      ],
      [
        -0.27559006214141846,
        0.11323166638612747,
        -0.07496736198663712,
        -0.7977586984634399,
        0.9093465805053711,
        1.2509385347366333,
        0.0736999362707138
      ],
      [
        -0.2806049585342407,
        0.1300307959318161,
        -0.08563007414340973,
        -0.8462684154510498,
        0.936008095741272,
        1.2436811923980713,
        0.07378433644771576
      ],
      [
        -0.28457722067832947,
        0.14651238918304443,
        -0.09619861841201782,
        -0.8799285888671875,
        0.9630782008171082,
        1.2330800294876099,
        0.07406473159790039
      ],
      [
        -0.2865391969680786,
        0.16101762652397156,
        -0.1053096204996109,
        -0.9175058603286743,
        0.9891610145568848,
        1.2243409156799316,
        0.0739542692899704
      ],
      [
        -0.28580838441848755,
        0.17218169569969177,
        -0.1105247437953949,
        -0.9507021903991699,
        1.0245362520217896,
        1.2009377479553223,
        0.07444816827774048
      ],
      [
        -0.2821591794490814,
        0.18337617814540863,
        -0.12039387226104736,
        -0.996728241443634,
        1.0674139261245728,
        1.1858628988265991,
        0.07401945441961288
      ],
      [
        -0.2805415093898773,
        0.18995791673660278,
        -0.12836937606334686,
        -1.02883780002594,
        1.1173994541168213,
        1.1469573974609375,
        0.07406026870012283
      ]
    ],