{
  "sample_name": "sample_000016",
  "payload_path": "/home/sunpeng/sp/umi_project/universal_manipulation_interface/pika_dataset/exports/episode79/sample_000016/payload_raw.json",
  "actions_path": "/home/sunpeng/sp/umi_project/universal_manipulation_interface/pika_dataset/exports/episode79/sample_000016/actions.json",
  "meta": {
    "start_index": 32,
    "obs_horizon": 2,
    "act_horizon": 16,
    "stride": 2,
    "obs_timestamps": [
      1776398606.6216214,
      1776398606.659729
    ],
    "action_timestamps": [
      1776398606.6912098,
      1776398606.7215998,
      1776398606.7596703,
      1776398606.7912264,
      1776398606.8216267,
      1776398606.859708,
      1776398606.8911812,
      1776398606.921649,
      1776398606.9595206,
      1776398606.9912298,
      1776398607.0216267,
      1776398607.0593703,
      1776398607.0912151,
      1776398607.1215694,
      1776398607.1593602,
      1776398607.19125
    ]
  },
  "payload_pose_validation": {
    "format": "xyz_quat_xyzw",
    "pose_shape": [
      2,
      7
    ],
    "init_pose_shape": [
      7
    ],
    "quat_norm_mean": 0.9999999999999999,
    "quat_norm_min": 0.9999999999999999,
    "quat_norm_max": 0.9999999999999999,
    "init_quat_norm": 0.9999999999999999
  },
  "inference": {
    "selected_arm": "arm_l",
    "checkpoint_path": "/home/sunpeng/sp/umi_project/universal_manipulation_interface/data/outputs/2026.04.20/16.30.06_train_diffusion_unet_timm_picknplace/checkpoints",
    "device": "cuda",
    "action_pred_shape": [
      16,
      10
    ],
    "env_action_shape": [
      16,
      7
    ]
  },
  "metrics": {
    "aligned_shape": [
      16,
      7
    ],
    "pred_shape": [
      16,
      7
    ],
    "target_shape": [
      16,
      7
    ],
    "position": {
      "mean_l2_error": 0.01683196984231472,
      "rmse_l2_error": 0.02233976311981678,
      "max_l2_error": 0.05238407105207443,
      "per_axis_mae": [
        0.005524465814232826,
        0.011135704815387726,
        0.009942552074790001
      ],
      "per_axis_rmse": [
        0.006861334666609764,
        0.015515224076807499,
        0.014534955844283104
      ]
    },
    "rotation": {
      "mean_geodesic_rad": 0.11764127016067505,
      "rmse_geodesic_rad": 0.15900923311710358,
      "max_geodesic_rad": 0.3197219669818878,
      "mean_geodesic_deg": 6.740347385406494,
      "rmse_geodesic_deg": 9.110557556152344,
      "max_geodesic_deg": 18.31871795654297
    },
    "gripper": {
      "mean_abs_error": 0.00022706761956214905,
      "rmse": 0.00033847620943561196,
      "max_abs_error": 0.0007224977016448975
    },
    "combined_legacy": {
      "mean_abs_error": 0.029055330902338028,
      "max_abs_error": 0.24793893098831177,
      "rmse": 0.06301464885473251
    },
    "pred_action_aligned": [
      [
        -0.2705880105495453,
        -0.04097762703895569,
        -0.08195976167917252,
        -0.5557085871696472,
        0.8785620927810669,
        0.8993082046508789,
        0.09670703113079071
      ],
      [
        -0.26949161291122437,
        -0.03885925933718681,
        -0.08203789591789246,
        -0.5612961053848267,
        0.877345860004425,
        0.8999823927879333,
        0.09670703113079071
      ],
      [
        -0.2693386673927307,
        -0.03601779788732529,
        -0.0832451730966568,
        -0.5646608471870422,
        0.8775301575660706,
        0.9051013588905334,
        0.09670703113079071
      ],
      [
        -0.2670835554599762,
        -0.03696943074464798,
        -0.08449993282556534,
        -0.5771546363830566,
        0.8682395219802856,
        0.9015809893608093,
        0.09670703113079071
      ],
      [
        -0.2675274610519409,
        -0.035927142947912216,
        -0.0838087722659111,
        -0.5864080786705017,
        0.8689270615577698,
        0.8991432189941406,
        0.09670703113079071
      ],
      [
        -0.26656481623649597,
        -0.033874426037073135,
        -0.08324582874774933,
        -0.6079452633857727,
        0.8774478435516357,
        0.9005024433135986,
        0.09670703113079071
      ],
      [
        -0.2654048502445221,
        -0.03018328547477722,
        -0.07993869483470917,
        -0.6278424859046936,
        0.8869001269340515,
        0.9160181879997253,
        0.09670703113079071
      ],
      [
        -0.2639109194278717,
        -0.02429947629570961,
        -0.07817533612251282,
        -0.6550414562225342,
        0.8994312286376953,
        0.9241259098052979,
        0.09654667228460312
      ],
      [
        -0.26235759258270264,
        -0.018972717225551605,
        -0.07683344930410385,
        -0.6978047490119934,
        0.9422006607055664,
        0.9369769096374512,
        0.09662368148565292
      ],
      [
        -0.2587428390979767,
        -0.015902552753686905,
        -0.08001142740249634,
        -0.7426167726516724,
        0.9814550876617432,
        0.929076075553894,
        0.09643670916557312
      ],
      [
        -0.25722384452819824,
        -0.009001132100820541,
        -0.08594048023223877,
        -0.7804656028747559,
        1.0258883237838745,
        0.9361997842788696,
        0.09618854522705078
      ],
      [
        -0.2541491985321045,
        -0.004753082990646362,
        -0.09303301572799683,
        -0.8155307769775391,
        1.0709270238876343,
        0.9357311725616455,
        0.09639797359704971
      ],
      [
        -0.24910244345664978,
        0.0006932765245437622,
        -0.10241948068141937,
        -0.8459385633468628,
        1.118760585784912,
        0.9274516105651855,
        0.0962815210223198
      ],
      [
        -0.24488484859466553,
        0.005187727510929108,
        -0.11020049452781677,
        -0.8741943836212158,
        1.1664180755615234,
        0.9156643152236938,
        0.09619103372097015
      ],
      [
        -0.24105952680110931,
        0.012535236775875092,
        -0.11612363159656525,
        -0.913304328918457,
        1.1954070329666138,
        0.9147168397903442,
        0.09607964009046555
      ],
      [
        -0.23919616639614105,
        0.018539749085903168,
        -0.12551327049732208,
        -0.9385266304016113,
        1.227347493171692,
        0.9189867377281189,
        0.09598454087972641
      ]
    ],