{
  "sample_name": "sample_000061",
  "payload_path": "/home/sunpeng/sp/umi_project/universal_manipulation_interface/pika_dataset/exports/episode79/sample_000061/payload_raw.json",
  "actions_path": "/home/sunpeng/sp/umi_project/universal_manipulation_interface/pika_dataset/exports/episode79/sample_000061/actions.json",
  "meta": {
    "start_index": 122,
    "obs_horizon": 2,
    "act_horizon": 16,
    "stride": 2,
    "obs_timestamps": [
      1776398609.6277323,
      1776398609.6594734
    ],
    "action_timestamps": [
      1776398609.691274,
      1776398609.7276528,
      1776398609.7594206,
      1776398609.791275,
      1776398609.8277245,
      1776398609.8594875,
      1776398609.8913586,
      1776398609.9276798,
      1776398609.9594717,
      1776398609.9913273,
      1776398610.0276623,
      1776398610.0595322,
      1776398610.0913184,
      1776398610.127669,
      1776398610.159488,
      1776398610.1912985
    ]
  },
  "payload_pose_validation": {
    "format": "xyz_quat_xyzw",
    "pose_shape": [
      2,
      7
    ],
    "init_pose_shape": [
      7
    ],
    "quat_norm_mean": 1.0,
    "quat_norm_min": 0.9999999999999999,
    "quat_norm_max": 1.0,
    "init_quat_norm": 0.9999999999999999
  },
  "inference": {
    "selected_arm": "arm_l",
    "checkpoint_path": "/home/sunpeng/sp/umi_project/universal_manipulation_interface/data/outputs/2026.04.20/16.30.06_train_diffusion_unet_timm_picknplace/checkpoints",
    "device": "cuda",
    "action_pred_shape": [
      16,
      10
    ],
    "env_action_shape": [
      16,
      7
    ]
  },
  "metrics": {
    "aligned_shape": [
      16,
      7
    ],
    "pred_shape": [
      16,
      7
    ],
    "target_shape": [
      16,
      7
    ],
    "position": {
      "mean_l2_error": 0.036471668630838394,
      "rmse_l2_error": 0.04046305641531944,
      "max_l2_error": 0.06205165013670921,
      "per_axis_mae": [
        0.01308770664036274,
        0.007211220450699329,
        0.03263354301452637
      ],
      "per_axis_rmse": [
        0.015890542417764664,
        0.00992742832750082,
        0.035863570868968964
      ]
    },
    "rotation": {
      "mean_geodesic_rad": 0.35721200704574585,
      "rmse_geodesic_rad": 0.40028712153434753,
      "max_geodesic_rad": 0.5726402997970581,
      "mean_geodesic_deg": 20.466739654541016,
      "rmse_geodesic_deg": 22.93476104736328,
      "max_geodesic_deg": 32.809871673583984
    },
    "gripper": {
      "mean_abs_error": 0.0005300538614392281,
      "rmse": 0.0005920582334510982,
      "max_abs_error": 0.0010297298431396484
    },
    "combined_legacy": {
      "mean_abs_error": 0.0929897204041481,
      "max_abs_error": 0.5241288542747498,
      "rmse": 0.1666678935289383
    },
    "pred_action_aligned": [
      [
        -0.22781959176063538,
        0.029842816293239594,
        -0.14016620814800262,
        -1.03589928150177,
        1.344354271888733,
        0.9262621998786926,
        0.07320675253868103
      ],
      [
        -0.2309683859348297,
        0.031170526519417763,
        -0.13804945349693298,
        -0.9760154485702515,
        1.3314436674118042,
        0.9454644322395325,
        0.07246435433626175
      ],
      [
        -0.231610506772995,
        0.028911976143717766,
        -0.1283816695213318,
        -0.9078165292739868,
        1.3417487144470215,
        0.9476650953292847,
        0.07207807153463364
      ],
      [
        -0.23286931216716766,
        0.02694236859679222,
        -0.12144318968057632,
        -0.8931508660316467,
        1.3217952251434326,
        0.9617137312889099,
        0.07242311537265778
      ],
      [
        -0.2335750013589859,
        0.027716737240552902,
        -0.11746333539485931,
        -0.8482992649078369,
        1.3040554523468018,
        0.9854241013526917,
        0.07264602184295654
      ],
      [
        -0.237100288271904,
        0.026813285425305367,
        -0.11692233383655548,
        -0.8158271908760071,
        1.282867670059204,
        1.000840663909912,
        0.07357427477836609
      ],
      [
        -0.23940357565879822,
        0.027476556599140167,
        -0.11186082661151886,
        -0.7751190662384033,
        1.2460801601409912,
        1.0115889310836792,
        0.07351639866828918
      ],
      [
        -0.24110147356987,
        0.029042523354291916,
        -0.10898634046316147,
        -0.7264230251312256,
        1.2288137674331665,
        1.0230320692062378,
        0.07306165248155594
      ],
      [
        -0.24532705545425415,
        0.030149459838867188,
        -0.10475142300128937,
        -0.6844984292984009,
        1.189899206161499,
        1.0361248254776,
        0.07299438863992691
      ],
      [
        -0.24674183130264282,
        0.026965325698256493,
        -0.1018221378326416,
        -0.6321300268173218,
        1.1357638835906982,
        1.0632342100143433,
        0.07341118156909943
      ],
      [
        -0.2477143108844757,
        0.024684946984052658,
        -0.09193292260169983,
        -0.6024044156074524,
        1.080180048942566,
        1.0840106010437012,
        0.07316554337739944
      ],
      [
        -0.2496413141489029,
        0.020879991352558136,
        -0.0904117077589035,
        -0.5745229125022888,
        1.0484740734100342,
        1.1065903902053833,
        0.07316650450229645
      ],
      [
        -0.2504684627056122,
        0.018379224464297295,
        -0.08631817996501923,
        -0.5548915266990662,
        1.0246965885162354,
        1.1154733896255493,
        0.07346712797880173
      ],
      [
        -0.25414109230041504,
        0.015866678208112717,
        -0.0882616937160492,
        -0.5527193546295166,
        1.0106128454208374,
        1.1258317232131958,
        0.07384909689426422
      ],
      [
        -0.253001868724823,
        0.01299494318664074,
        -0.08340463042259216,
        -0.5717982649803162,
        1.013213872909546,
        1.1151870489120483,
        0.07384863495826721
      ],
      [
        -0.25237953662872314,
        0.014060086570680141,
        -0.08008084446191788,
        -0.5738602876663208,
        0.9917256832122803,
        1.1165691614151,
        0.0733858048915863
      ]
    ],