{
  "sample_name": "sample_000159",
  "payload_path": "/home/sunpeng/sp/umi_project/universal_manipulation_interface/pika_dataset/exports/episode79/sample_000159/payload_raw.json",
  "actions_path": "/home/sunpeng/sp/umi_project/universal_manipulation_interface/pika_dataset/exports/episode79/sample_000159/actions.json",
  "meta": {
    "start_index": 318,
    "obs_horizon": 2,
    "act_horizon": 16,
    "stride": 2,
    "obs_timestamps": [
      1776398616.1595528,
      1776398616.1913958
    ],
    "action_timestamps": [
      1776398616.227772,
      1776398616.2595558,
      1776398616.2914371,
      1776398616.3277771,
      1776398616.359539,
      1776398616.3914185,
      1776398616.42781,
      1776398616.4597301,
      1776398616.4914372,
      1776398616.5278795,
      1776398616.559892,
      1776398616.5914965,
      1776398616.6278436,
      1776398616.659625,
      1776398616.691384,
      1776398616.727801
    ]
  },
  "payload_pose_validation": {
    "format": "xyz_quat_xyzw",
    "pose_shape": [
      2,
      7
    ],
    "init_pose_shape": [
      7
    ],
    "quat_norm_mean": 1.0,
    "quat_norm_min": 1.0,
    "quat_norm_max": 1.0,
    "init_quat_norm": 0.9999999999999999
  },
  "inference": {
    "selected_arm": "arm_l",
    "checkpoint_path": "/home/sunpeng/sp/umi_project/universal_manipulation_interface/data/outputs/2026.04.20/16.30.06_train_diffusion_unet_timm_picknplace/checkpoints",
    "device": "cuda",
    "action_pred_shape": [
      16,
      10
    ],
    "env_action_shape": [
      16,
      7
    ]
  },
  "metrics": {
    "aligned_shape": [
      16,
      7
    ],
    "pred_shape": [
      16,
      7
    ],
    "target_shape": [
      16,
      7
    ],
    "position": {
      "mean_l2_error": 0.023660054430365562,
      "rmse_l2_error": 0.02771337889134884,
      "max_l2_error": 0.04717737063765526,
      "per_axis_mae": [
        0.00496432650834322,
        0.0060935840010643005,
        0.020598746836185455
      ],
      "per_axis_rmse": [
        0.0054978542029857635,
        0.007307983469218016,
        0.026161009445786476
      ]
    },
    "rotation": {
      "mean_geodesic_rad": 0.09036991000175476,
      "rmse_geodesic_rad": 0.10746888816356659,
      "max_geodesic_rad": 0.17923809587955475,
      "mean_geodesic_deg": 5.177814483642578,
      "rmse_geodesic_deg": 6.15751314163208,
      "max_geodesic_deg": 10.269585609436035
    },
    "gripper": {
      "mean_abs_error": 0.0004464047960937023,
      "rmse": 0.0005741957575082779,
      "max_abs_error": 0.0011109709739685059
    },
    "combined_legacy": {
      "mean_abs_error": 0.026284608989953995,
      "max_abs_error": 0.13744860887527466,
      "rmse": 0.04509453475475311
    },
    "pred_action_aligned": [
      [
        -0.2401185929775238,
        0.20236019790172577,
        -0.1149892807006836,
        -1.006097674369812,
        1.1650331020355225,
        1.0970067977905273,
        0.09563089162111282
      ],
      [
        -0.24325613677501678,
        0.20142963528633118,
        -0.11532002687454224,
        -1.004011869430542,
        1.1662003993988037,
        1.1068751811981201,
        0.09564226865768433
      ],
      [
        -0.24383088946342468,
        0.19751089811325073,
        -0.11226903647184372,
        -1.0053143501281738,
        1.156335711479187,
        1.1101514101028442,
        0.0955960676074028
      ],
      [
        -0.24696578085422516,
        0.1999957114458084,
        -0.11570911109447479,
        -1.0139182806015015,
        1.168915033340454,
        1.1107177734375,
        0.0961180329322815
      ],
      [
        -0.24750646948814392,
        0.20070227980613708,
        -0.11615827679634094,
        -1.020145297050476,
        1.159550666809082,
        1.1118552684783936,
        0.0963374450802803
      ],
      [
        -0.24663129448890686,
        0.20083209872245789,
        -0.11417078971862793,
        -1.0331954956054688,
        1.1659564971923828,
        1.1154910326004028,
        0.09601388871669769
      ],
      [
        -0.24616339802742004,
        0.2014976590871811,
        -0.11474788933992386,
        -1.0274218320846558,
        1.1631500720977783,
        1.113808512687683,
        0.09614407271146774
      ],
      [
        -0.24778643250465393,
        0.20210294425487518,
        -0.1135273203253746,
        -1.0223592519760132,
        1.166486382484436,
        1.1255372762680054,
        0.09639528393745422
      ],
      [
        -0.24727779626846313,
        0.20032726228237152,
        -0.10670342296361923,
        -1.0151323080062866,
        1.152902364730835,
        1.1392087936401367,
        0.09641744941473007
      ],
      [
        -0.24857166409492493,
        0.20050035417079926,
        -0.09334132075309753,
        -0.9846991896629333,
        1.1349105834960938,
        1.1558709144592285,
        0.09629137814044952
      ],
      [
        -0.24794399738311768,
        0.19794020056724548,
        -0.077684685587883,
        -0.9408158659934998,
        1.0979150533676147,
        1.1834033727645874,
        0.09660226106643677
      ],
      [
        -0.24732807278633118,
        0.19479946792125702,
        -0.05768456310033798,
        -0.8879886865615845,
        1.0650297403335571,
        1.2029597759246826,
        0.09670703113079071
      ],
      [
        -0.24991439282894135,
        0.1862604171037674,
        -0.04374033957719803,
        -0.8333939909934998,
        1.0182441473007202,
        1.2247775793075562,
        0.09651819616556168
      ],
      [
        -0.25197353959083557,
        0.17681849002838135,
        -0.03155805170536041,
        -0.7915915846824646,
        0.95756596326828,
        1.2315561771392822,
        0.09650150686502457
      ],
      [
        -0.2562851309776306,
        0.1605958342552185,
        -0.023512594401836395,
        -0.7478232383728027,
        0.9221706986427307,
        1.233768343925476,
        0.09654733538627625
      ],
      [
        -0.26001492142677307,
        0.14598290622234344,
        -0.018081404268741608,
        -0.7257307171821594,
        0.880267322063446,
        1.223473310470581,
        0.09670703113079071
      ]
    ],