{
  "sample_name": "sample_000141",
  "payload_path": "/home/sunpeng/sp/umi_project/universal_manipulation_interface/pika_dataset/exports/episode79/sample_000141/payload_raw.json",
  "actions_path": "/home/sunpeng/sp/umi_project/universal_manipulation_interface/pika_dataset/exports/episode79/sample_000141/actions.json",
  "meta": {
    "start_index": 282,
    "obs_horizon": 2,
    "act_horizon": 16,
    "stride": 2,
    "obs_timestamps": [
      1776398614.959612,
      1776398614.9913938
    ],
    "action_timestamps": [
      1776398615.0277956,
      1776398615.0595434,
      1776398615.0914145,
      1776398615.1277435,
      1776398615.159631,
      1776398615.1914208,
      1776398615.2277205,
      1776398615.2595081,
      1776398615.291319,
      1776398615.3277652,
      1776398615.3596466,
      1776398615.3913822,
      1776398615.427863,
      1776398615.459566,
      1776398615.4913282,
      1776398615.5277436
    ]
  },
  "payload_pose_validation": {
    "format": "xyz_quat_xyzw",
    "pose_shape": [
      2,
      7
    ],
    "init_pose_shape": [
      7
    ],
    "quat_norm_mean": 0.9999999999999999,
    "quat_norm_min": 0.9999999999999998,
    "quat_norm_max": 1.0,
    "init_quat_norm": 0.9999999999999999
  },
  "inference": {
    "selected_arm": "arm_l",
    "checkpoint_path": "/home/sunpeng/sp/umi_project/universal_manipulation_interface/data/outputs/2026.04.20/16.30.06_train_diffusion_unet_timm_picknplace/checkpoints",
    "device": "cuda",
    "action_pred_shape": [
      16,
      10
    ],
    "env_action_shape": [
      16,
      7
    ]
  },
  "metrics": {
    "aligned_shape": [
      16,
      7
    ],
    "pred_shape": [
      16,
      7
    ],
    "target_shape": [
      16,
      7
    ],
    "position": {
      "mean_l2_error": 0.007087813690304756,
      "rmse_l2_error": 0.01096436008810997,
      "max_l2_error": 0.03245803713798523,
      "per_axis_mae": [
        0.0011972784996032715,
        0.0020358823239803314,
        0.005916832480579615
      ],
      "per_axis_rmse": [
        0.0014124015579000115,
        0.0025975676253437996,
        0.010558170266449451
      ]
    },
    "rotation": {
      "mean_geodesic_rad": 0.033759184181690216,
      "rmse_geodesic_rad": 0.04496493935585022,
      "max_geodesic_rad": 0.12448842078447342,
      "mean_geodesic_deg": 1.9342586994171143,
      "rmse_geodesic_deg": 2.576301097869873,
      "max_geodesic_deg": 7.132660865783691
    },
    "gripper": {
      "mean_abs_error": 0.0045754206366837025,
      "rmse": 0.005397038068622351,
      "max_abs_error": 0.008644543588161469
    },
    "combined_legacy": {
      "mean_abs_error": 0.010675898753106594,
      "max_abs_error": 0.0899888277053833,
      "rmse": 0.020040348172187805
    },
    "pred_action_aligned": [
      [
        -0.23126593232154846,
        0.2054394781589508,
        -0.1338634341955185,
        -1.0218652486801147,
        1.205605149269104,
        1.043104887008667,
        0.07555051892995834
      ],
      [
        -0.2317735254764557,
        0.20694255828857422,
        -0.1339947134256363,
        -1.0235053300857544,
        1.202240228652954,
        1.0428494215011597,
        0.07691559195518494
      ],
      [
        -0.2335294783115387,
        0.20864565670490265,
        -0.13494013249874115,
        -1.0230331420898438,
        1.2026418447494507,
        1.0374646186828613,
        0.08302532136440277
      ],
      [
        -0.23227331042289734,
        0.2069014459848404,
        -0.1357535421848297,
        -1.0216354131698608,
        1.1992411613464355,
        1.0350666046142578,
        0.08126038312911987
      ],
      [
        -0.23216325044631958,
        0.2080680876970291,
        -0.1353253722190857,
        -1.0135676860809326,
        1.1851086616516113,
        1.0484704971313477,
        0.08754684031009674
      ],
      [
        -0.23145605623722076,
        0.20898738503456116,
        -0.13205720484256744,
        -1.0145121812820435,
        1.1843616962432861,
        1.0539031028747559,
        0.09428364038467407
      ],
      [
        -0.23165054619312286,
        0.2096358835697174,
        -0.13320334255695343,
        -1.0212444067001343,
        1.1707448959350586,
        1.0622384548187256,
        0.0958029180765152
      ],
      [
        -0.23260551691055298,
        0.20854929089546204,
        -0.13218767940998077,
        -1.0207388401031494,
        1.1707011461257935,
        1.0721185207366943,
        0.09628508239984512
      ],
      [
        -0.23355858027935028,
        0.20747533440589905,
        -0.13252711296081543,
        -1.0238124132156372,
        1.1812269687652588,
        1.0754071474075317,
        0.09617171436548233
      ],
      [
        -0.23358812928199768,
        0.20798368752002716,
        -0.13174320757389069,
        -1.0188477039337158,
        1.188232660293579,
        1.0639830827713013,
        0.09608259052038193
      ],
      [
        -0.23336389660835266,
        0.20605462789535522,
        -0.1329539716243744,
        -1.0241643190383911,
        1.1880303621292114,
        1.073155164718628,
        0.09601515531539917
      ],
      [
        -0.23153084516525269,
        0.2063182145357132,
        -0.13134124875068665,
        -1.0248692035675049,
        1.192257285118103,
        1.071932077407837,
        0.09588606655597687
      ],
      [
        -0.23061205446720123,
        0.20604325830936432,
        -0.12553814053535461,
        -1.0184835195541382,
        1.1759485006332397,
        1.083091378211975,
        0.09605535119771957
      ],
      [
        -0.23159784078598022,
        0.20602984726428986,
        -0.11806265264749527,
        -1.0014606714248657,
        1.1554323434829712,
        1.10263192653656,
        0.09594415873289108
      ],
      [
        -0.23161262273788452,
        0.20360712707042694,
        -0.10939627885818481,
        -0.9819837212562561,
        1.1319249868392944,
        1.120025634765625,
        0.09595823287963867
      ],
      [
        -0.23198698461055756,
        0.20106805860996246,
        -0.09834873676300049,
        -0.9511566162109375,
        1.1047550439834595,
        1.148955225944519,
        0.09470383822917938
      ]
    ],