{
  "sample_name": "sample_000154",
  "payload_path": "/home/sunpeng/sp/umi_project/universal_manipulation_interface/pika_dataset/exports/episode79/sample_000154/payload_raw.json",
  "actions_path": "/home/sunpeng/sp/umi_project/universal_manipulation_interface/pika_dataset/exports/episode79/sample_000154/actions.json",
  "meta": {
    "start_index": 308,
    "obs_horizon": 2,
    "act_horizon": 16,
    "stride": 2,
    "obs_timestamps": [
      1776398615.8278198,
      1776398615.8594987
    ],
    "action_timestamps": [
      1776398615.8913753,
      1776398615.927768,
      1776398615.9595258,
      1776398615.9914286,
      1776398616.0277767,
      1776398616.059616,
      1776398616.0914085,
      1776398616.1277854,
      1776398616.1595528,
      1776398616.1913958,
      1776398616.227772,
      1776398616.2595558,
      1776398616.2914371,
      1776398616.3277771,
      1776398616.359539,
      1776398616.3914185
    ]
  },
  "payload_pose_validation": {
    "format": "xyz_quat_xyzw",
    "pose_shape": [
      2,
      7
    ],
    "init_pose_shape": [
      7
    ],
    "quat_norm_mean": 1.0,
    "quat_norm_min": 1.0,
    "quat_norm_max": 1.0,
    "init_quat_norm": 0.9999999999999999
  },
  "inference": {
    "selected_arm": "arm_l",
    "checkpoint_path": "/home/sunpeng/sp/umi_project/universal_manipulation_interface/data/outputs/2026.04.20/16.30.06_train_diffusion_unet_timm_picknplace/checkpoints",
    "device": "cuda",
    "action_pred_shape": [
      16,
      10
    ],
    "env_action_shape": [
      16,
      7
    ]
  },
  "metrics": {
    "aligned_shape": [
      16,
      7
    ],
    "pred_shape": [
      16,
      7
    ],
    "target_shape": [
      16,
      7
    ],
    "position": {
      "mean_l2_error": 0.0597982257604599,
      "rmse_l2_error": 0.0713518038392067,
      "max_l2_error": 0.10885016620159149,
      "per_axis_mae": [
        0.011279705911874771,
        0.036977704614400864,
        0.04099081829190254
      ],
      "per_axis_rmse": [
        0.017099685966968536,
        0.05057221278548241,
        0.047340597957372665
      ]
    },
    "rotation": {
      "mean_geodesic_rad": 0.1793486773967743,
      "rmse_geodesic_rad": 0.209087535738945,
      "max_geodesic_rad": 0.29275643825531006,
      "mean_geodesic_deg": 10.275920867919922,
      "rmse_geodesic_deg": 11.97983169555664,
      "max_geodesic_deg": 16.77370834350586
    },
    "gripper": {
      "mean_abs_error": 0.0020865327678620815,
      "rmse": 0.0021559742745012045,
      "max_abs_error": 0.0030987635254859924
    },
    "combined_legacy": {
      "mean_abs_error": 0.05533173307776451,
      "max_abs_error": 0.25961941480636597,
      "rmse": 0.08895063400268555
    },
    "pred_action_aligned": [
      [
        -0.23855440318584442,
        0.20675547420978546,
        -0.12976299226284027,
        -1.0257006883621216,
        1.2052600383758545,
        1.0772669315338135,
        0.09534398466348648
      ],
      [
        -0.23607496917247772,
        0.20830801129341125,
        -0.12601786851882935,
        -1.0284748077392578,
        1.2066148519515991,
        1.105209231376648,
        0.09496340155601501
      ],
      [
        -0.2368532121181488,
        0.2086922973394394,
        -0.12440404295921326,
        -1.0251383781433105,
        1.192035436630249,
        1.1025291681289673,
        0.09507850557565689
      ],
      [
        -0.23697979748249054,
        0.20744986832141876,
        -0.11874846369028091,
        -1.014167070388794,
        1.1691477298736572,
        1.1121209859848022,
        0.09454886615276337
      ],
      [
        -0.23597335815429688,
        0.20513537526130676,
        -0.10554106533527374,
        -0.9840631484985352,
        1.121314525604248,
        1.12947678565979,
        0.09423044323921204
      ],
      [
        -0.2389061152935028,
        0.20057933032512665,
        -0.09285157918930054,
        -0.9413732886314392,
        1.089575171470642,
        1.1366958618164062,
        0.09460204839706421
      ],
      [
        -0.23736974596977234,
        0.19509848952293396,
        -0.07063433527946472,
        -0.9189815521240234,
        1.0337189435958862,
        1.156063199043274,
        0.09467293322086334
      ],
      [
        -0.2420109659433365,
        0.18347468972206116,
        -0.06153516471385956,
        -0.8744975924491882,
        1.0067070722579956,
        1.175618290901184,
        0.09502829611301422
      ],
      [
        -0.24256663024425507,
        0.1741155982017517,
        -0.05657477676868439,
        -0.8440701961517334,
        0.988715648651123,
        1.1727253198623657,
        0.09500037133693695
      ],
      [
        -0.24517542123794556,
        0.1598980724811554,
        -0.05629739165306091,
        -0.8436444997787476,
        0.9632346034049988,
        1.169539213180542,
        0.09488510340452194
      ],
      [
        -0.2529870271682739,
        0.14648717641830444,
        -0.05501886457204819,
        -0.7996945977210999,
        0.9534397125244141,
        1.146897554397583,
        0.09539750963449478
      ],
      [
        -0.26011207699775696,
        0.13672392070293427,
        -0.05077892541885376,
        -0.7874777913093567,
        0.9782564640045166,
        1.1183031797409058,
        0.09464675188064575
      ],
      [
        -0.265261709690094,
        0.12759435176849365,
        -0.045995794236660004,
        -0.7312543392181396,
        0.9602776765823364,
        1.1288710832595825,
        0.09451159089803696
      ],
      [
        -0.27099907398223877,
        0.11831360310316086,
        -0.04271344840526581,
        -0.7165105938911438,
        0.9460326433181763,
        1.1177417039871216,
        0.09365615248680115
      ],
      [
        -0.2763579487800598,
        0.11108425259590149,
        -0.03811943531036377,
        -0.6974084377288818,
        0.9476407766342163,
        1.117517113685608,
        0.0937538594007492
      ],
      [
        -0.2786625325679779,
        0.10714094340801239,
        -0.03814472258090973,
        -0.6928907036781311,
        0.9363894462585449,
        1.1212742328643799,
        0.09360827505588531
      ]
    ],