{
  "sample_name": "sample_000123",
  "payload_path": "/home/sunpeng/sp/umi_project/universal_manipulation_interface/pika_dataset/exports/episode79/sample_000123/payload_raw.json",
  "actions_path": "/home/sunpeng/sp/umi_project/universal_manipulation_interface/pika_dataset/exports/episode79/sample_000123/actions.json",
  "meta": {
    "start_index": 246,
    "obs_horizon": 2,
    "act_horizon": 16,
    "stride": 2,
    "obs_timestamps": [
      1776398613.7595196,
      1776398613.7913418
    ],
    "action_timestamps": [
      1776398613.8277562,
      1776398613.8595104,
      1776398613.8914251,
      1776398613.92779,
      1776398613.9594793,
      1776398613.9913046,
      1776398614.0276868,
      1776398614.0594265,
      1776398614.0913184,
      1776398614.127781,
      1776398614.1595907,
      1776398614.191367,
      1776398614.2277157,
      1776398614.2595606,
      1776398614.291338,
      1776398614.3277342
    ]
  },
  "payload_pose_validation": {
    "format": "xyz_quat_xyzw",
    "pose_shape": [
      2,
      7
    ],
    "init_pose_shape": [
      7
    ],
    "quat_norm_mean": 1.0,
    "quat_norm_min": 1.0,
    "quat_norm_max": 1.0,
    "init_quat_norm": 0.9999999999999999
  },
  "inference": {
    "selected_arm": "arm_l",
    "checkpoint_path": "/home/sunpeng/sp/umi_project/universal_manipulation_interface/data/outputs/2026.04.20/16.30.06_train_diffusion_unet_timm_picknplace/checkpoints",
    "device": "cuda",
    "action_pred_shape": [
      16,
      10
    ],
    "env_action_shape": [
      16,
      7
    ]
  },
  "metrics": {
    "aligned_shape": [
      16,
      7
    ],
    "pred_shape": [
      16,
      7
    ],
    "target_shape": [
      16,
      7
    ],
    "position": {
      "mean_l2_error": 0.010911785066127777,
      "rmse_l2_error": 0.011474437080323696,
      "max_l2_error": 0.014742065221071243,
      "per_axis_mae": [
        0.01014590822160244,
        0.0020850012078881264,
        0.002097638323903084
      ],
      "per_axis_rmse": [
        0.01090165227651596,
        0.002419045427814126,
        0.002639111364260316
      ]
    },
    "rotation": {
      "mean_geodesic_rad": 0.0488818995654583,
      "rmse_geodesic_rad": 0.05148279294371605,
      "max_geodesic_rad": 0.07025736570358276,
      "mean_geodesic_deg": 2.8007264137268066,
      "rmse_geodesic_deg": 2.9497463703155518,
      "max_geodesic_deg": 4.025450229644775
    },
    "gripper": {
      "mean_abs_error": 0.0016567027196288109,
      "rmse": 0.0026125020813196898,
      "max_abs_error": 0.006985224783420563
    },
    "combined_legacy": {
      "mean_abs_error": 0.015380555763840675,
      "max_abs_error": 0.06059211492538452,
      "rmse": 0.02300773747265339
    },
    "pred_action_aligned": [
      [
        -0.23166267573833466,
        0.1995023787021637,
        -0.10397257655858994,
        -0.966819703578949,
        1.193810224533081,
        1.0840657949447632,
        0.07355251908302307
      ],
      [
        -0.22877179086208344,
        0.200014129281044,
        -0.11267835646867752,
        -0.975821852684021,
        1.2031909227371216,
        1.0577764511108398,
        0.07349034398794174
      ],
      [
        -0.22923368215560913,
        0.2019646018743515,
        -0.12142801284790039,
        -1.0094194412231445,
        1.1902040243148804,
        1.042853832244873,
        0.07336719334125519
      ],
      [
        -0.2281140387058258,
        0.20479564368724823,
        -0.12309852242469788,
        -1.0299206972122192,
        1.2044775485992432,
        1.0342190265655518,
        0.07350382208824158
      ],
      [
        -0.22737760841846466,
        0.20602455735206604,
        -0.12409426271915436,
        -1.0429143905639648,
        1.2036235332489014,
        1.0221730470657349,
        0.0733807161450386
      ],
      [
        -0.22622957825660706,
        0.20553047955036163,
        -0.12309511005878448,
        -1.0568723678588867,
        1.2245891094207764,
        1.0092432498931885,
        0.07354087382555008
      ],
      [
        -0.2268303483724594,
        0.20803657174110413,
        -0.12815582752227783,
        -1.0458767414093018,
        1.2119174003601074,
        1.007532000541687,
        0.07346969842910767
      ],
      [
        -0.2271060198545456,
        0.20887286961078644,
        -0.13093312084674835,
        -1.0384588241577148,
        1.218368411064148,
        1.0207605361938477,
        0.07351765036582947
      ],
      [
        -0.22614119946956635,
        0.20713229477405548,
        -0.13091665506362915,
        -1.0491163730621338,
        1.2169103622436523,
        0.9958895444869995,
        0.07343949377536774
      ],
      [
        -0.226035937666893,
        0.20668160915374756,
        -0.13494858145713806,
        -1.051888108253479,
        1.2321865558624268,
        0.9953784942626953,
        0.07386735826730728
      ],
      [
        -0.223647341132164,
        0.20609469711780548,
        -0.13412390649318695,
        -1.0510814189910889,
        1.2322417497634888,
        0.9982830882072449,
        0.07410404086112976
      ],
      [
        -0.22535790503025055,
        0.2070639431476593,
        -0.1351228654384613,
        -1.0553184747695923,
        1.231756567955017,
        1.0098176002502441,
        0.0747465044260025
      ],
      [
        -0.22300873696804047,
        0.20691367983818054,
        -0.13156118988990784,
        -1.060011625289917,
        1.2266407012939453,
        0.9817999005317688,
        0.07610557973384857
      ],
      [
        -0.22457100450992584,
        0.20748361945152283,
        -0.13255548477172852,
        -1.0574172735214233,
        1.2238720655441284,
        1.0034620761871338,
        0.07654771953821182
      ],
      [
        -0.22557158768177032,
        0.20586535334587097,
        -0.12802034616470337,
        -1.052312970161438,
        1.2121275663375854,
        1.0020406246185303,
        0.07805420458316803
      ],
      [
        -0.22444650530815125,
        0.20937402546405792,
        -0.13179855048656464,
        -1.0584417581558228,
        1.206037163734436,
        1.0006150007247925,
        0.07980459183454514
      ]
    ],