{
  "sample_name": "sample_000138",
  "payload_path": "/home/sunpeng/sp/umi_project/universal_manipulation_interface/pika_dataset/exports/episode79/sample_000138/payload_raw.json",
  "actions_path": "/home/sunpeng/sp/umi_project/universal_manipulation_interface/pika_dataset/exports/episode79/sample_000138/actions.json",
  "meta": {
    "start_index": 276,
    "obs_horizon": 2,
    "act_horizon": 16,
    "stride": 2,
    "obs_timestamps": [
      1776398614.759473,
      1776398614.7912495
    ],
    "action_timestamps": [
      1776398614.8277175,
      1776398614.8594944,
      1776398614.8912706,
      1776398614.927764,
      1776398614.959612,
      1776398614.9913938,
      1776398615.0277956,
      1776398615.0595434,
      1776398615.0914145,
      1776398615.1277435,
      1776398615.159631,
      1776398615.1914208,
      1776398615.2277205,
      1776398615.2595081,
      1776398615.291319,
      1776398615.3277652
    ]
  },
  "payload_pose_validation": {
    "format": "xyz_quat_xyzw",
    "pose_shape": [
      2,
      7
    ],
    "init_pose_shape": [
      7
    ],
    "quat_norm_mean": 1.0,
    "quat_norm_min": 0.9999999999999999,
    "quat_norm_max": 1.0,
    "init_quat_norm": 0.9999999999999999
  },
  "inference": {
    "selected_arm": "arm_l",
    "checkpoint_path": "/home/sunpeng/sp/umi_project/universal_manipulation_interface/data/outputs/2026.04.20/16.30.06_train_diffusion_unet_timm_picknplace/checkpoints",
    "device": "cuda",
    "action_pred_shape": [
      16,
      10
    ],
    "env_action_shape": [
      16,
      7
    ]
  },
  "metrics": {
    "aligned_shape": [
      16,
      7
    ],
    "pred_shape": [
      16,
      7
    ],
    "target_shape": [
      16,
      7
    ],
    "position": {
      "mean_l2_error": 0.007893526926636696,
      "rmse_l2_error": 0.008714945055544376,
      "max_l2_error": 0.01724780537188053,
      "per_axis_mae": [
        0.0036268560215830803,
        0.004675581119954586,
        0.004327293485403061
      ],
      "per_axis_rmse": [
        0.003945161122828722,
        0.005187775939702988,
        0.00578558212146163
      ]
    },
    "rotation": {
      "mean_geodesic_rad": 0.04259726405143738,
      "rmse_geodesic_rad": 0.04664614796638489,
      "max_geodesic_rad": 0.07098586112260818,
      "mean_geodesic_deg": 2.440643310546875,
      "rmse_geodesic_deg": 2.6726272106170654,
      "max_geodesic_deg": 4.067190170288086
    },
    "gripper": {
      "mean_abs_error": 0.008268746547400951,
      "rmse": 0.010747404769062996,
      "max_abs_error": 0.020627014338970184
    },
    "combined_legacy": {
      "mean_abs_error": 0.014202660880982876,
      "max_abs_error": 0.05846607685089111,
      "rmse": 0.021069256588816643
    },
    "pred_action_aligned": [
      [
        -0.23149840533733368,
        0.20863482356071472,
        -0.13073527812957764,
        -1.0261017084121704,
        1.1926181316375732,
        1.0291763544082642,
        0.0739295557141304
      ],
      [
        -0.23393219709396362,
        0.20830810070037842,
        -0.1335294395685196,
        -1.023858904838562,
        1.2102413177490234,
        1.039011836051941,
        0.07412000000476837
      ],
      [
        -0.2334918975830078,
        0.20807816088199615,
        -0.13444438576698303,
        -1.0178337097167969,
        1.2193018198013306,
        1.045760989189148,
        0.07430104911327362
      ],
      [
        -0.23431549966335297,
        0.20873253047466278,
        -0.1342911273241043,
        -1.0139695405960083,
        1.2136142253875732,
        1.0549169778823853,
        0.07440319657325745
      ],
      [
        -0.23593281209468842,
        0.2093636840581894,
        -0.13221745193004608,
        -1.0119343996047974,
        1.2039161920547485,
        1.0605477094650269,
        0.07570651918649673
      ],
      [
        -0.23600172996520996,
        0.2117137908935547,
        -0.13163653016090393,
        -1.0043004751205444,
        1.1982243061065674,
        1.0798946619033813,
        0.0809410884976387
      ],
      [
        -0.23685815930366516,
        0.2130942940711975,
        -0.13185298442840576,
        -0.9971696138381958,
        1.1818169355392456,
        1.087684154510498,
        0.09499024599790573
      ],
      [
        -0.23652991652488708,
        0.21254661679267883,
        -0.13013051450252533,
        -1.0039453506469727,
        1.1627675294876099,
        1.0905617475509644,
        0.09670703113079071
      ],
      [
        -0.23753634095191956,
        0.21235890686511993,
        -0.1297018676996231,
        -1.0074758529663086,
        1.1565300226211548,
        1.0931837558746338,
        0.09603332728147507
      ],
      [
        -0.23729659616947174,
        0.21203258633613586,
        -0.12962067127227783,
        -1.0073611736297607,
        1.1526529788970947,
        1.0870285034179688,
        0.09593576192855835
      ],
      [
        -0.23629221320152283,
        0.21153609454631805,
        -0.12756843864917755,
        -1.014788031578064,
        1.1631577014923096,
        1.0893430709838867,
        0.09565514326095581
      ],
      [
        -0.23844856023788452,
        0.21171244978904724,
        -0.12642347812652588,
        -1.0109015703201294,
        1.1666290760040283,
        1.0882856845855713,
        0.09558519721031189
      ],
      [
        -0.23726126551628113,
        0.21124763786792755,
        -0.1261460930109024,
        -1.0108568668365479,
        1.1666556596755981,
        1.087734341621399,
        0.09587424993515015
      ],
      [
        -0.2372782677412033,
        0.20994149148464203,
        -0.12485045194625854,
        -1.0116328001022339,
        1.167754888534546,
        1.0894602537155151,
        0.09556373953819275
      ],
      [
        -0.2363196611404419,
        0.21084895730018616,
        -0.1208554282784462,
        -1.0150299072265625,
        1.1614702939987183,
        1.0904619693756104,
        0.0960966944694519
      ],
      [
        -0.2367110550403595,
        0.21093757450580597,
        -0.113514743745327,
        -0.9989827275276184,
        1.1509125232696533,
        1.1006098985671997,
        0.09620095044374466
      ]
    ],