{
  "sample_name": "sample_000089",
  "payload_path": "/home/sunpeng/sp/umi_project/universal_manipulation_interface/pika_dataset/exports/episode79/sample_000089/payload_raw.json",
  "actions_path": "/home/sunpeng/sp/umi_project/universal_manipulation_interface/pika_dataset/exports/episode79/sample_000089/actions.json",
  "meta": {
    "start_index": 178,
    "obs_horizon": 2,
    "act_horizon": 16,
    "stride": 2,
    "obs_timestamps": [
      1776398611.4913552,
      1776398611.5276787
    ],
    "action_timestamps": [
      1776398611.5596828,
      1776398611.59132,
      1776398611.6276617,
      1776398611.6594505,
      1776398611.6912773,
      1776398611.7277238,
      1776398611.7595322,
      1776398611.7913105,
      1776398611.8276927,
      1776398611.8595483,
      1776398611.8914282,
      1776398611.9276845,
      1776398611.9595175,
      1776398611.9914143,
      1776398612.027727,
      1776398612.0594988
    ]
  },
  "payload_pose_validation": {
    "format": "xyz_quat_xyzw",
    "pose_shape": [
      2,
      7
    ],
    "init_pose_shape": [
      7
    ],
    "quat_norm_mean": 1.0,
    "quat_norm_min": 0.9999999999999999,
    "quat_norm_max": 1.0,
    "init_quat_norm": 0.9999999999999999
  },
  "inference": {
    "selected_arm": "arm_l",
    "checkpoint_path": "/home/sunpeng/sp/umi_project/universal_manipulation_interface/data/outputs/2026.04.20/16.30.06_train_diffusion_unet_timm_picknplace/checkpoints",
    "device": "cuda",
    "action_pred_shape": [
      16,
      10
    ],
    "env_action_shape": [
      16,
      7
    ]
  },
  "metrics": {
    "aligned_shape": [
      16,
      7
    ],
    "pred_shape": [
      16,
      7
    ],
    "target_shape": [
      16,
      7
    ],
    "position": {
      "mean_l2_error": 0.10778822004795074,
      "rmse_l2_error": 0.1289200335741043,
      "max_l2_error": 0.2048415094614029,
      "per_axis_mae": [
        0.006803965196013451,
        0.09896762669086456,
        0.03727293387055397
      ],
      "per_axis_rmse": [
        0.008056862279772758,
        0.11902260035276413,
        0.04887824505567551
      ]
    },
    "rotation": {
      "mean_geodesic_rad": 0.2615531384944916,
      "rmse_geodesic_rad": 0.3246777653694153,
      "max_geodesic_rad": 0.5353481769561768,
      "mean_geodesic_deg": 14.985889434814453,
      "rmse_geodesic_deg": 18.602664947509766,
      "max_geodesic_deg": 30.673189163208008
    },
    "gripper": {
      "mean_abs_error": 0.00036177365109324455,
      "rmse": 0.0004737730196211487,
      "max_abs_error": 0.0010107308626174927
    },
    "combined_legacy": {
      "mean_abs_error": 0.07976651936769485,
      "max_abs_error": 0.46878373622894287,
      "rmse": 0.14006492495536804
    },
    "pred_action_aligned": [
      [
        -0.2618752717971802,
        0.011308997869491577,
        -0.07310700416564941,
        -0.5575186014175415,
        0.8860441446304321,
        1.2057039737701416,
        0.0730585977435112
      ],
      [
        -0.2627800703048706,
        0.012431971728801727,
        -0.0684165358543396,
        -0.5443937182426453,
        0.8546932339668274,
        1.2014527320861816,
        0.0726468414068222
      ],
      [
        -0.2619166672229767,
        0.021879538893699646,
        -0.0660870224237442,
        -0.5445017218589783,
        0.8158485293388367,
        1.2058708667755127,
        0.07251673936843872
      ],
      [
        -0.25993990898132324,
        0.03474472835659981,
        -0.06189959868788719,
        -0.559981644153595,
        0.8164024353027344,
        1.227003812789917,
        0.07353950291872025
      ],
      [
        -0.25930771231651306,
        0.050261955708265305,
        -0.05821174383163452,
        -0.5936957597732544,
        0.82953280210495,
        1.2454208135604858,
        0.07310957461595535
      ],
      [
        -0.2623155117034912,
        0.0706157460808754,
        -0.05981563776731491,
        -0.6383091807365417,
        0.8689390420913696,
        1.2544485330581665,
        0.07307614386081696
      ],
      [
        -0.26331809163093567,
        0.08991267532110214,
        -0.06599117815494537,
        -0.6893978118896484,
        0.91205233335495,
        1.259899377822876,
        0.07310116291046143
      ],
      [
        -0.2686425447463989,
        0.1063496395945549,
        -0.07763729989528656,
        -0.7518711090087891,
        0.9657297134399414,
        1.255161166191101,
        0.07336130738258362
      ],
      [
        -0.27112817764282227,
        0.1258922517299652,
        -0.0886518806219101,
        -0.7934030294418335,
        1.0000450611114502,
        1.248658537864685,
        0.0731189176440239
      ],
      [
        -0.2747538983821869,
        0.142396479845047,
        -0.10122675448656082,
        -0.8642503619194031,
        1.0315427780151367,
        1.233836054801941,
        0.07321055233478546
      ],
      [
        -0.2756701707839966,
        0.1581304371356964,
        -0.11272409558296204,
        -0.9114471077919006,
        1.0680636167526245,
        1.197425127029419,
        0.07356703281402588
      ],
      [
        -0.2747350037097931,
        0.16943910717964172,
        -0.12603123486042023,
        -0.9574737548828125,
        1.1168962717056274,
        1.1792271137237549,
        0.07330566644668579
      ],
      [
        -0.27370303869247437,
        0.17952612042427063,
        -0.13271072506904602,
        -0.9831600189208984,
        1.1537920236587524,
        1.1558830738067627,
        0.07345812767744064
      ],
      [
        -0.2695431411266327,
        0.18733009696006775,
        -0.13804802298545837,
        -1.017160177230835,
        1.186316728591919,
        1.1307032108306885,
        0.07351302355527878
      ],
      [
        -0.2641077935695648,
        0.19211727380752563,
        -0.14027836918830872,
        -1.0186986923217773,
        1.210672378540039,
        1.109626293182373,
        0.07316417247056961
      ],
      [
        -0.25842049717903137,
        0.20059137046337128,
        -0.13133084774017334,
        -1.0108715295791626,
        1.1956173181533813,
        1.0728410482406616,
        0.07246547937393188
      ]
    ],