{
  "sample_name": "sample_000048",
  "payload_path": "/home/sunpeng/sp/umi_project/universal_manipulation_interface/pika_dataset/exports/episode79/sample_000048/payload_raw.json",
  "actions_path": "/home/sunpeng/sp/umi_project/universal_manipulation_interface/pika_dataset/exports/episode79/sample_000048/actions.json",
  "meta": {
    "start_index": 96,
    "obs_horizon": 2,
    "act_horizon": 16,
    "stride": 2,
    "obs_timestamps": [
      1776398608.759486,
      1776398608.7913468
    ],
    "action_timestamps": [
      1776398608.821696,
      1776398608.859422,
      1776398608.891301,
      1776398608.9216907,
      1776398608.9594975,
      1776398608.9912822,
      1776398609.021676,
      1776398609.0594063,
      1776398609.0912998,
      1776398609.1216495,
      1776398609.1594095,
      1776398609.1913338,
      1776398609.221737,
      1776398609.259464,
      1776398609.2914066,
      1776398609.3276947
    ]
  },
  "payload_pose_validation": {
    "format": "xyz_quat_xyzw",
    "pose_shape": [
      2,
      7
    ],
    "init_pose_shape": [
      7
    ],
    "quat_norm_mean": 1.0,
    "quat_norm_min": 1.0,
    "quat_norm_max": 1.0,
    "init_quat_norm": 0.9999999999999999
  },
  "inference": {
    "selected_arm": "arm_l",
    "checkpoint_path": "/home/sunpeng/sp/umi_project/universal_manipulation_interface/data/outputs/2026.04.20/16.30.06_train_diffusion_unet_timm_picknplace/checkpoints",
    "device": "cuda",
    "action_pred_shape": [
      16,
      10
    ],
    "env_action_shape": [
      16,
      7
    ]
  },
  "metrics": {
    "aligned_shape": [
      16,
      7
    ],
    "pred_shape": [
      16,
      7
    ],
    "target_shape": [
      16,
      7
    ],
    "position": {
      "mean_l2_error": 0.0103440647944808,
      "rmse_l2_error": 0.012526054866611958,
      "max_l2_error": 0.022479046136140823,
      "per_axis_mae": [
        0.001794177107512951,
        0.0013986064586788416,
        0.009726419113576412
      ],
      "per_axis_rmse": [
        0.0033167784567922354,
        0.002077612094581127,
        0.011898931115865707
      ]
    },
    "rotation": {
      "mean_geodesic_rad": 0.045619845390319824,
      "rmse_geodesic_rad": 0.0717831552028656,
      "max_geodesic_rad": 0.21187569200992584,
      "mean_geodesic_deg": 2.6138243675231934,
      "rmse_geodesic_deg": 4.1128716468811035,
      "max_geodesic_deg": 12.139582633972168
    },
    "gripper": {
      "mean_abs_error": 0.016583282500505447,
      "rmse": 0.01933683082461357,
      "max_abs_error": 0.023932859301567078
    },
    "combined_legacy": {
      "mean_abs_error": 0.01560707576572895,
      "max_abs_error": 0.1752895712852478,
      "rmse": 0.03091532364487648
    },
    "pred_action_aligned": [
      [
        -0.23483072221279144,
        0.02671082131564617,
        -0.15524575114250183,
        -1.0385218858718872,
        1.346498966217041,
        0.935545802116394,
        0.09670703113079071
      ],
      [
        -0.23629941046237946,
        0.025877367705106735,
        -0.155737966299057,
        -1.054269552230835,
        1.35602605342865,
        0.9300556182861328,
        0.09670703113079071
      ],
      [
        -0.2355189174413681,
        0.025934794917702675,
        -0.1590556502342224,
        -1.065110206604004,
        1.3614004850387573,
        0.9318516254425049,
        0.09317757934331894
      ],
      [
        -0.234268918633461,
        0.025072352960705757,
        -0.15965020656585693,
        -1.0743529796600342,
        1.3661468029022217,
        0.925976574420929,
        0.07452119141817093
      ],
      [
        -0.2350584864616394,
        0.02673962153494358,
        -0.16176846623420715,
        -1.0699028968811035,
        1.3674492835998535,
        0.928882896900177,
        0.07329690456390381
      ],
      [
        -0.2367982268333435,
        0.027716631069779396,
        -0.16054628789424896,
        -1.0647047758102417,
        1.3613168001174927,
        0.9325682520866394,
        0.0733003243803978
      ],
      [
        -0.23477917909622192,
        0.027809029445052147,
        -0.16012801229953766,
        -1.0788261890411377,
        1.3600404262542725,
        0.9311326742172241,
        0.07316900789737701
      ],
      [
        -0.23462477326393127,
        0.027809765189886093,
        -0.15894374251365662,
        -1.0690568685531616,
        1.362299919128418,
        0.9317877888679504,
        0.0729622170329094
      ],
      [
        -0.23323413729667664,
        0.029637491330504417,
        -0.1553111970424652,
        -1.06533682346344,
        1.3614472150802612,
        0.9349027872085571,
        0.07303903251886368
      ],
      [
        -0.2321917712688446,
        0.03053564764559269,
        -0.1525171995162964,
        -1.0654813051223755,
        1.358084797859192,
        0.9377439022064209,
        0.07277417927980423
      ],
      [
        -0.23198159039020538,
        0.030564049258828163,
        -0.15162618458271027,
        -1.0635098218917847,
        1.3613961935043335,
        0.9406386017799377,
        0.07283549010753632
      ],
      [
        -0.23237667977809906,
        0.03044750541448593,
        -0.1504550576210022,
        -1.0487462282180786,
        1.3498926162719727,
        0.9440089464187622,
        0.07278759032487869
      ],
      [
        -0.23371325433254242,
        0.03002430871129036,
        -0.14735393226146698,
        -1.0307358503341675,
        1.3213094472885132,
        0.9517948031425476,
        0.07250497490167618
      ],
      [
        -0.23397792875766754,
        0.02918592095375061,
        -0.14659123122692108,
        -1.0031054019927979,
        1.2826787233352661,
        0.9703730344772339,
        0.07267259061336517
      ],
      [
        -0.23676492273807526,
        0.031460486352443695,
        -0.13676899671554565,
        -0.9471031427383423,
        1.2494769096374512,
        0.994733452796936,
        0.07254881411790848
      ],
      [
        -0.23941536247730255,
        0.03293450176715851,
        -0.12568050622940063,
        -0.9120166897773743,
        1.209791660308838,
        1.0138218402862549,
        0.07256536930799484
      ]
    ],