{
  "sample_name": "sample_000156",
  "payload_path": "/home/sunpeng/sp/umi_project/universal_manipulation_interface/pika_dataset/exports/episode79/sample_000156/payload_raw.json",
  "actions_path": "/home/sunpeng/sp/umi_project/universal_manipulation_interface/pika_dataset/exports/episode79/sample_000156/actions.json",
  "meta": {
    "start_index": 312,
    "obs_horizon": 2,
    "act_horizon": 16,
    "stride": 2,
    "obs_timestamps": [
      1776398615.9595258,
      1776398615.9914286
    ],
    "action_timestamps": [
      1776398616.0277767,
      1776398616.059616,
      1776398616.0914085,
      1776398616.1277854,
      1776398616.1595528,
      1776398616.1913958,
      1776398616.227772,
      1776398616.2595558,
      1776398616.2914371,
      1776398616.3277771,
      1776398616.359539,
      1776398616.3914185,
      1776398616.42781,
      1776398616.4597301,
      1776398616.4914372,
      1776398616.5278795
    ]
  },
  "payload_pose_validation": {
    "format": "xyz_quat_xyzw",
    "pose_shape": [
      2,
      7
    ],
    "init_pose_shape": [
      7
    ],
    "quat_norm_mean": 1.0,
    "quat_norm_min": 1.0,
    "quat_norm_max": 1.0,
    "init_quat_norm": 0.9999999999999999
  },
  "inference": {
    "selected_arm": "arm_l",
    "checkpoint_path": "/home/sunpeng/sp/umi_project/universal_manipulation_interface/data/outputs/2026.04.20/16.30.06_train_diffusion_unet_timm_picknplace/checkpoints",
    "device": "cuda",
    "action_pred_shape": [
      16,
      10
    ],
    "env_action_shape": [
      16,
      7
    ]
  },
  "metrics": {
    "aligned_shape": [
      16,
      7
    ],
    "pred_shape": [
      16,
      7
    ],
    "target_shape": [
      16,
      7
    ],
    "position": {
      "mean_l2_error": 0.07026492059230804,
      "rmse_l2_error": 0.08115027844905853,
      "max_l2_error": 0.1180613562464714,
      "per_axis_mae": [
        0.0029675066471099854,
        0.0470178946852684,
        0.043971359729766846
      ],
      "per_axis_rmse": [
        0.0035328096710145473,
        0.0640624538064003,
        0.04968791827559471
      ]
    },
    "rotation": {
      "mean_geodesic_rad": 0.20823031663894653,
      "rmse_geodesic_rad": 0.2356550097465515,
      "max_geodesic_rad": 0.31106606125831604,
      "mean_geodesic_deg": 11.930717468261719,
      "rmse_geodesic_deg": 13.502037048339844,
      "max_geodesic_deg": 17.822771072387695
    },
    "gripper": {
      "mean_abs_error": 0.000703779049217701,
      "rmse": 0.0008397134952247143,
      "max_abs_error": 0.0016552135348320007
    },
    "combined_legacy": {
      "mean_abs_error": 0.06842909753322601,
      "max_abs_error": 0.25200873613357544,
      "rmse": 0.10362154245376587
    },
    "pred_action_aligned": [
      [
        -0.23927950859069824,
        0.20676910877227783,
        -0.1254091113805771,
        -1.0056700706481934,
        1.1941263675689697,
        1.0833640098571777,
        0.09588994085788727
      ],
      [
        -0.23618201911449432,
        0.20506784319877625,
        -0.1213364452123642,
        -1.0199843645095825,
        1.1832062005996704,
        1.0901448726654053,
        0.09598559886217117
      ],
      [
        -0.2349003702402115,
        0.2041989415884018,
        -0.11412777751684189,
        -0.9991623163223267,
        1.1664053201675415,
        1.1134092807769775,
        0.09568654000759125
      ],
      [
        -0.2352808564901352,
        0.20509223639965057,
        -0.10295718163251877,
        -0.9715232849121094,
        1.141192078590393,
        1.1308846473693848,
        0.09588153660297394
      ],
      [
        -0.2386959344148636,
        0.2036600112915039,
        -0.0855635479092598,
        -0.9161617755889893,
        1.0950387716293335,
        1.1560055017471313,
        0.09569946676492691
      ],
      [
        -0.2382984608411789,
        0.1987832635641098,
        -0.06774967163801193,
        -0.856282114982605,
        1.0484896898269653,
        1.2036293745040894,
        0.09547165036201477
      ],
      [
        -0.24123208224773407,
        0.18827302753925323,
        -0.051925867795944214,
        -0.8043630123138428,
        1.0104320049285889,
        1.2269482612609863,
        0.09600787609815598
      ],
      [
        -0.24210725724697113,
        0.17434750497341156,
        -0.04081492871046066,
        -0.7648674249649048,
        0.9758361577987671,
        1.2427557706832886,
        0.09589126706123352
      ],
      [
        -0.24667373299598694,
        0.15660810470581055,
        -0.033455990254879,
        -0.7388650178909302,
        0.9384346008300781,
        1.2429884672164917,
        0.0950518250465393
      ],
      [
        -0.24440228939056396,
        0.14042413234710693,
        -0.027614079415798187,
        -0.7325795292854309,
        0.9041157364845276,
        1.2566124200820923,
        0.0956999659538269
      ],
      [
        -0.24618451297283173,
        0.12762805819511414,
        -0.020562589168548584,
        -0.7216044068336487,
        0.8841040134429932,
        1.267925500869751,
        0.09589319676160812
      ],
      [
        -0.24734452366828918,
        0.11586620658636093,
        -0.019052721560001373,
        -0.6926448345184326,
        0.857072114944458,
        1.2742003202438354,
        0.09657739847898483
      ],
      [
        -0.248863086104393,
        0.10111596435308456,
        -0.017679445445537567,
        -0.6820674538612366,
        0.8408207297325134,
        1.2737966775894165,
        0.0962153971195221
      ],
      [
        -0.2478456199169159,
        0.0903877317905426,
        -0.02158048003911972,
        -0.667594850063324,
        0.8642464876174927,
        1.2564905881881714,
        0.09670703113079071
      ],
      [
        -0.24324513971805573,
        0.0817832201719284,
        -0.0243237242102623,
        -0.6537322998046875,
        0.8619822859764099,
        1.2346391677856445,
        0.09668643027544022
      ],
      [
        -0.24101808667182922,
        0.07491962611675262,
        -0.02845604717731476,
        -0.6240152716636658,
        0.8305440545082092,
        1.2350667715072632,
        0.09670703113079071
      ]
    ],