{
  "sample_name": "sample_000169",
  "payload_path": "/home/sunpeng/sp/umi_project/universal_manipulation_interface/pika_dataset/exports/episode79/sample_000169/payload_raw.json",
  "actions_path": "/home/sunpeng/sp/umi_project/universal_manipulation_interface/pika_dataset/exports/episode79/sample_000169/actions.json",
  "meta": {
    "start_index": 338,
    "obs_horizon": 2,
    "act_horizon": 16,
    "stride": 2,
    "obs_timestamps": [
      1776398616.8279164,
      1776398616.8596697
    ],
    "action_timestamps": [
      1776398616.8914468,
      1776398616.9277928,
      1776398616.959669,
      1776398616.991434,
      1776398617.0278168,
      1776398617.0596163,
      1776398617.091398,
      1776398617.1278334,
      1776398617.1595967,
      1776398617.1914198,
      1776398617.2278488,
      1776398617.259675,
      1776398617.2914054,
      1776398617.327834,
      1776398617.3596182,
      1776398617.391507
    ]
  },
  "payload_pose_validation": {
    "format": "xyz_quat_xyzw",
    "pose_shape": [
      2,
      7
    ],
    "init_pose_shape": [
      7
    ],
    "quat_norm_mean": 1.0,
    "quat_norm_min": 1.0,
    "quat_norm_max": 1.0,
    "init_quat_norm": 0.9999999999999999
  },
  "inference": {
    "selected_arm": "arm_l",
    "checkpoint_path": "/home/sunpeng/sp/umi_project/universal_manipulation_interface/data/outputs/2026.04.20/16.30.06_train_diffusion_unet_timm_picknplace/checkpoints",
    "device": "cuda",
    "action_pred_shape": [
      16,
      10
    ],
    "env_action_shape": [
      16,
      7
    ]
  },
  "metrics": {
    "aligned_shape": [
      16,
      7
    ],
    "pred_shape": [
      16,
      7
    ],
    "target_shape": [
      16,
      7
    ],
    "position": {
      "mean_l2_error": 0.041733838617801666,
      "rmse_l2_error": 0.04467269405722618,
      "max_l2_error": 0.05745742842555046,
      "per_axis_mae": [
        0.008673684671521187,
        0.03835120424628258,
        0.009721926413476467
      ],
      "per_axis_rmse": [
        0.011304336600005627,
        0.04149505868554115,
        0.012083940207958221
      ]
    },
    "rotation": {
      "mean_geodesic_rad": 0.06604284048080444,
      "rmse_geodesic_rad": 0.07019324600696564,
      "max_geodesic_rad": 0.10292787104845047,
      "mean_geodesic_deg": 3.783975601196289,
      "rmse_geodesic_deg": 4.0217766761779785,
      "max_geodesic_deg": 5.897332191467285
    },
    "gripper": {
      "mean_abs_error": 0.005005981307476759,
      "rmse": 0.005015368107706308,
      "max_abs_error": 0.005804508924484253
    },
    "combined_legacy": {
      "mean_abs_error": 0.024251805618405342,
      "max_abs_error": 0.10785531997680664,
      "rmse": 0.03383738920092583
    },
    "pred_action_aligned": [
      [
        -0.259179025888443,
        0.12670142948627472,
        -0.016625726595520973,
        -0.6618877649307251,
        0.8996960520744324,
        1.2030858993530273,
        0.09204398095607758
      ],
      [
        -0.2591782808303833,
        0.1088336855173111,
        -0.018319034948945045,
        -0.6458377242088318,
        0.9062197208404541,
        1.181085467338562,
        0.09155886620283127
      ],
      [
        -0.2614198625087738,
        0.08883063495159149,
        -0.02746664732694626,
        -0.6193423867225647,
        0.9197520613670349,
        1.172426462173462,
        0.0915495753288269
      ],
      [
        -0.2633875608444214,
        0.07066230475902557,
        -0.03533868119120598,
        -0.600005030632019,
        0.9323716759681702,
        1.159242033958435,
        0.09181812405586243
      ],
      [
        -0.2696252763271332,
        0.05600526183843613,
        -0.0393175333738327,
        -0.5901338458061218,
        0.9319513440132141,
        1.1545436382293701,
        0.09151800721883774
      ],
      [
        -0.2713298201560974,
        0.045156896114349365,
        -0.04340850189328194,
        -0.5855115652084351,
        0.9283416867256165,
        1.1616270542144775,
        0.09194841235876083
      ],
      [
        -0.2734553813934326,
        0.04011460393667221,
        -0.04257082939147949,
        -0.5761297345161438,
        0.9253318905830383,
        1.1605793237686157,
        0.09156034141778946
      ],
      [
        -0.272617906332016,
        0.03723626583814621,
        -0.04347432404756546,
        -0.5717057585716248,
        0.9205784797668457,
        1.160933017730713,
        0.09145935624837875
      ],
      [
        -0.2700622081756592,
        0.034603290259838104,
        -0.04374796897172928,
        -0.5681763291358948,
        0.9125886559486389,
        1.1661148071289062,
        0.09090252965688705
      ],
      [
        -0.26751023530960083,
        0.034256406128406525,
        -0.043098434805870056,
        -0.5741065740585327,
        0.9153066873550415,
        1.149269700050354,
        0.0913827121257782
      ],
      [
        -0.2652076482772827,
        0.03718823194503784,
        -0.03779974952340126,
        -0.5835322737693787,
        0.8999441862106323,
        1.1456748247146606,
        0.09164716303348541
      ],
      [
        -0.2602100968360901,
        0.04147571325302124,
        -0.034704528748989105,
        -0.589898407459259,
        0.9050273895263672,
        1.1438695192337036,
        0.09205456078052521
      ],
      [
        -0.25907355546951294,
        0.04239960014820099,
        -0.029395224526524544,
        -0.5925641059875488,
        0.9128016233444214,
        1.1427814960479736,
        0.09186281263828278
      ],
      [
        -0.2565552294254303,
        0.04558979719877243,
        -0.03080587275326252,
        -0.614828884601593,
        0.9144912958145142,
        1.1269203424453735,
        0.09195179492235184
      ],
      [
        -0.2565816640853882,
        0.04816528409719467,
        -0.03404904156923294,
        -0.6200088262557983,
        0.9185317158699036,
        1.1332604885101318,
        0.0921325609087944
      ],
      [
        -0.2547401189804077,
        0.05053815245628357,
        -0.039590802043676376,
        -0.6324498057365417,
        0.9229081869125366,
        1.1384637355804443,
        0.09182611852884293
      ]
    ],