{
  "sample_name": "sample_000116",
  "payload_path": "/home/sunpeng/sp/umi_project/universal_manipulation_interface/pika_dataset/exports/episode79/sample_000116/payload_raw.json",
  "actions_path": "/home/sunpeng/sp/umi_project/universal_manipulation_interface/pika_dataset/exports/episode79/sample_000116/actions.json",
  "meta": {
    "start_index": 232,
    "obs_horizon": 2,
    "act_horizon": 16,
    "stride": 2,
    "obs_timestamps": [
      1776398613.291426,
      1776398613.3277295
    ],
    "action_timestamps": [
      1776398613.3595564,
      1776398613.3913634,
      1776398613.427778,
      1776398613.459609,
      1776398613.4913442,
      1776398613.527935,
      1776398613.559702,
      1776398613.5914123,
      1776398613.6277363,
      1776398613.659504,
      1776398613.6913922,
      1776398613.7277126,
      1776398613.7595196,
      1776398613.7913418,
      1776398613.8277562,
      1776398613.8595104
    ]
  },
  "payload_pose_validation": {
    "format": "xyz_quat_xyzw",
    "pose_shape": [
      2,
      7
    ],
    "init_pose_shape": [
      7
    ],
    "quat_norm_mean": 1.0,
    "quat_norm_min": 1.0,
    "quat_norm_max": 1.0,
    "init_quat_norm": 0.9999999999999999
  },
  "inference": {
    "selected_arm": "arm_l",
    "checkpoint_path": "/home/sunpeng/sp/umi_project/universal_manipulation_interface/data/outputs/2026.04.20/16.30.06_train_diffusion_unet_timm_picknplace/checkpoints",
    "device": "cuda",
    "action_pred_shape": [
      16,
      10
    ],
    "env_action_shape": [
      16,
      7
    ]
  },
  "metrics": {
    "aligned_shape": [
      16,
      7
    ],
    "pred_shape": [
      16,
      7
    ],
    "target_shape": [
      16,
      7
    ],
    "position": {
      "mean_l2_error": 0.01822243072092533,
      "rmse_l2_error": 0.020469343289732933,
      "max_l2_error": 0.04420754685997963,
      "per_axis_mae": [
        0.00353112630546093,
        0.008427283726632595,
        0.012912053614854813
      ],
      "per_axis_rmse": [
        0.005766282789409161,
        0.009981050156056881,
        0.016915161162614822
      ]
    },
    "rotation": {
      "mean_geodesic_rad": 0.08351005613803864,
      "rmse_geodesic_rad": 0.08920717984437943,
      "max_geodesic_rad": 0.11623696982860565,
      "mean_geodesic_deg": 4.784773826599121,
      "rmse_geodesic_deg": 5.111195087432861,
      "max_geodesic_deg": 6.659887313842773
    },
    "gripper": {
      "mean_abs_error": 0.000306540634483099,
      "rmse": 0.0003639457863755524,
      "max_abs_error": 0.0007073283195495605
    },
    "combined_legacy": {
      "mean_abs_error": 0.026071159169077873,
      "max_abs_error": 0.09388017654418945,
      "rmse": 0.03918476030230522
    },
    "pred_action_aligned": [
      [
        -0.24490444362163544,
        0.16068582236766815,
        -0.09408354014158249,
        -0.8455071449279785,
        1.067765712738037,
        1.1516304016113281,
        0.07378452271223068
      ],
      [
        -0.2456485480070114,
        0.17050355672836304,
        -0.09898066520690918,
        -0.8689945340156555,
        1.1055911779403687,
        1.132611632347107,
        0.07343674451112747
      ],
      [
        -0.244217649102211,
        0.1783447116613388,
        -0.10345424711704254,
        -0.8991595506668091,
        1.1345648765563965,
        1.11434006690979,
        0.07351110130548477
      ],
      [
        -0.2431507110595703,
        0.1844732165336609,
        -0.10920903086662292,
        -0.9276692271232605,
        1.1608200073242188,
        1.0949468612670898,
        0.07343508303165436
      ],
      [
        -0.24128268659114838,
        0.19060370326042175,
        -0.11210983991622925,
        -0.9391236305236816,
        1.1848831176757812,
        1.0744155645370483,
        0.07332799583673477
      ],
      [
        -0.240073561668396,
        0.19393953680992126,
        -0.11669111996889114,
        -0.9569543600082397,
        1.192853569984436,
        1.0637537240982056,
        0.07324515283107758
      ],
      [
        -0.2403983175754547,
        0.19750745594501495,
        -0.12038519978523254,
        -0.9714399576187134,
        1.203136682510376,
        1.0496118068695068,
        0.07314171642065048
      ],
      [
        -0.2405490279197693,
        0.20084425806999207,
        -0.12397673726081848,
        -0.9865766167640686,
        1.212334156036377,
        1.0430749654769897,
        0.07312025129795074
      ],
      [
        -0.24060772359371185,
        0.20196548104286194,
        -0.12540733814239502,
        -0.9974450469017029,
        1.2229444980621338,
        1.0347404479980469,
        0.07313960790634155
      ],
      [
        -0.24095584452152252,
        0.20154838263988495,
        -0.1284833699464798,
        -1.0127768516540527,
        1.228500485420227,
        1.022594690322876,
        0.0732259601354599
      ],
      [
        -0.24041908979415894,
        0.20061850547790527,
        -0.12849944829940796,
        -1.0159622430801392,
        1.2218763828277588,
        1.0155307054519653,
        0.07318662106990814
      ],
      [
        -0.23960812389850616,
        0.20075854659080505,
        -0.1293661892414093,
        -1.0223186016082764,
        1.2116378545761108,
        1.009446382522583,
        0.07321307808160782
      ],
      [
        -0.2394769936800003,
        0.19853506982326508,
        -0.12863990664482117,
        -1.0174169540405273,
        1.2077014446258545,
        1.0039230585098267,
        0.07311702519655228
      ],
      [
        -0.23987510800361633,
        0.19776257872581482,
        -0.12900714576244354,
        -1.013243317604065,
        1.2148982286453247,
        1.0004552602767944,
        0.07297717034816742
      ],
      [
        -0.2399471551179886,
        0.19737637042999268,
        -0.12751588225364685,
        -1.0102424621582031,
        1.2144498825073242,
        0.998309314250946,
        0.07276888191699982
      ],
      [
        -0.2392401099205017,
        0.19830800592899323,
        -0.1278800219297409,
        -1.0071581602096558,
        1.2160191535949707,
        0.99681556224823,
        0.07277020812034607
      ]
    ],