{
  "sample_name": "sample_000068",
  "payload_path": "/home/sunpeng/sp/umi_project/universal_manipulation_interface/pika_dataset/exports/episode79/sample_000068/payload_raw.json",
  "actions_path": "/home/sunpeng/sp/umi_project/universal_manipulation_interface/pika_dataset/exports/episode79/sample_000068/actions.json",
  "meta": {
    "start_index": 136,
    "obs_horizon": 2,
    "act_horizon": 16,
    "stride": 2,
    "obs_timestamps": [
      1776398610.0913184,
      1776398610.127669
    ],
    "action_timestamps": [
      1776398610.159488,
      1776398610.1912985,
      1776398610.2276928,
      1776398610.2594612,
      1776398610.2913494,
      1776398610.3276358,
      1776398610.3594348,
      1776398610.391309,
      1776398610.427656,
      1776398610.459488,
      1776398610.4913304,
      1776398610.527686,
      1776398610.5595992,
      1776398610.5912726,
      1776398610.6276472,
      1776398610.6594322
    ]
  },
  "payload_pose_validation": {
    "format": "xyz_quat_xyzw",
    "pose_shape": [
      2,
      7
    ],
    "init_pose_shape": [
      7
    ],
    "quat_norm_mean": 1.0,
    "quat_norm_min": 1.0,
    "quat_norm_max": 1.0,
    "init_quat_norm": 0.9999999999999999
  },
  "inference": {
    "selected_arm": "arm_l",
    "checkpoint_path": "/home/sunpeng/sp/umi_project/universal_manipulation_interface/data/outputs/2026.04.20/16.30.06_train_diffusion_unet_timm_picknplace/checkpoints",
    "device": "cuda",
    "action_pred_shape": [
      16,
      10
    ],
    "env_action_shape": [
      16,
      7
    ]
  },
  "metrics": {
    "aligned_shape": [
      16,
      7
    ],
    "pred_shape": [
      16,
      7
    ],
    "target_shape": [
      16,
      7
    ],
    "position": {
      "mean_l2_error": 0.016412809491157532,
      "rmse_l2_error": 0.01767580583691597,
      "max_l2_error": 0.024552296847105026,
      "per_axis_mae": [
        0.004776845686137676,
        0.003544211620464921,
        0.014143683016300201
      ],
      "per_axis_rmse": [
        0.005346192978322506,
        0.003947469871491194,
        0.016378942877054214
      ]
    },
    "rotation": {
      "mean_geodesic_rad": 0.1114349290728569,
      "rmse_geodesic_rad": 0.1410737931728363,
      "max_geodesic_rad": 0.27186667919158936,
      "mean_geodesic_deg": 6.384750843048096,
      "rmse_geodesic_deg": 8.082932472229004,
      "max_geodesic_deg": 15.576812744140625
    },
    "gripper": {
      "mean_abs_error": 0.00032619619742035866,
      "rmse": 0.0004036977479699999,
      "max_abs_error": 0.0007184147834777832
    },
    "combined_legacy": {
      "mean_abs_error": 0.03206667676568031,
      "max_abs_error": 0.19879543781280518,
      "rmse": 0.059283386915922165
    },
    "pred_action_aligned": [
      [
        -0.22813226282596588,
        0.03612904995679855,
        -0.13807536661624908,
        -1.0999829769134521,
        1.3035130500793457,
        0.9458694458007812,
        0.07248665392398834
      ],
      [
        -0.22710949182510376,
        0.03289487212896347,
        -0.13707517087459564,
        -1.0671226978302002,
        1.2974534034729004,
        0.9623616933822632,
        0.07213589549064636
      ],
      [
        -0.22721414268016815,
        0.03355749323964119,
        -0.1316003054380417,
        -1.0667338371276855,
        1.283408284187317,
        0.9531664848327637,
        0.0722561776638031
      ],
      [
        -0.22623223066329956,
        0.03462604060769081,
        -0.13283132016658783,
        -1.0448027849197388,
        1.269504189491272,
        0.9737179279327393,
        0.0726945772767067
      ],
      [
        -0.22929002344608307,
        0.033768534660339355,
        -0.12904606759548187,
        -1.0471290349960327,
        1.26190185546875,
        0.9820648431777954,
        0.07243748754262924
      ],
      [
        -0.23253083229064941,
        0.03150029852986336,
        -0.12689843773841858,
        -1.0164395570755005,
        1.2506611347198486,
        1.0035675764083862,
        0.07242833822965622
      ],
      [
        -0.23450912535190582,
        0.03113071247935295,
        -0.11998817324638367,
        -0.964397132396698,
        1.2620124816894531,
        1.0142576694488525,
        0.07210095226764679
      ],
      [
        -0.2385731190443039,
        0.03340435028076172,
        -0.1159464418888092,
        -0.9567155838012695,
        1.2228727340698242,
        1.0569907426834106,
        0.0728389322757721
      ],
      [
        -0.23752808570861816,
        0.03538274019956589,
        -0.11002594977617264,
        -0.9265692234039307,
        1.2103140354156494,
        1.0570052862167358,
        0.07297476381063461
      ],
      [
        -0.23646846413612366,
        0.034434400498867035,
        -0.10378982126712799,
        -0.8916958570480347,
        1.202370524406433,
        1.0661039352416992,
        0.07233937829732895
      ],
      [
        -0.24075070023536682,
        0.0335061140358448,
        -0.10298769176006317,
        -0.8494166731834412,
        1.1884640455245972,
        1.0783659219741821,
        0.0724225789308548
      ],
      [
        -0.2393784373998642,
        0.03422757238149643,
        -0.0974469780921936,
        -0.802294909954071,
        1.1578447818756104,
        1.0786716938018799,
        0.07218907028436661
      ],
      [
        -0.24071644246578217,
        0.03215806558728218,
        -0.10003212094306946,
        -0.7742758393287659,
        1.1405956745147705,
        1.099790334701538,
        0.07308379560709
      ],
      [
        -0.24283786118030548,
        0.034655749797821045,
        -0.09304419159889221,
        -0.7438250780105591,
        1.0991886854171753,
        1.1316336393356323,
        0.07286391407251358
      ],
      [
        -0.241755411028862,
        0.03772508725523949,
        -0.09085805714130402,
        -0.7194992303848267,
        1.0578771829605103,
        1.1537737846374512,
        0.07283979654312134
      ],
      [
        -0.24461381137371063,
        0.03815934807062149,
        -0.08626773953437805,
        -0.6992780566215515,
        1.0537351369857788,
        1.1982307434082031,
        0.07283157855272293
      ]
    ],