{
  "sample_name": "sample_000115",
  "payload_path": "/home/sunpeng/sp/umi_project/universal_manipulation_interface/pika_dataset/exports/episode79/sample_000115/payload_raw.json",
  "actions_path": "/home/sunpeng/sp/umi_project/universal_manipulation_interface/pika_dataset/exports/episode79/sample_000115/actions.json",
  "meta": {
    "start_index": 230,
    "obs_horizon": 2,
    "act_horizon": 16,
    "stride": 2,
    "obs_timestamps": [
      1776398613.2277737,
      1776398613.259651
    ],
    "action_timestamps": [
      1776398613.291426,
      1776398613.3277295,
      1776398613.3595564,
      1776398613.3913634,
      1776398613.427778,
      1776398613.459609,
      1776398613.4913442,
      1776398613.527935,
      1776398613.559702,
      1776398613.5914123,
      1776398613.6277363,
      1776398613.659504,
      1776398613.6913922,
      1776398613.7277126,
      1776398613.7595196,
      1776398613.7913418
    ]
  },
  "payload_pose_validation": {
    "format": "xyz_quat_xyzw",
    "pose_shape": [
      2,
      7
    ],
    "init_pose_shape": [
      7
    ],
    "quat_norm_mean": 1.0,
    "quat_norm_min": 1.0,
    "quat_norm_max": 1.0,
    "init_quat_norm": 0.9999999999999999
  },
  "inference": {
    "selected_arm": "arm_l",
    "checkpoint_path": "/home/sunpeng/sp/umi_project/universal_manipulation_interface/data/outputs/2026.04.20/16.30.06_train_diffusion_unet_timm_picknplace/checkpoints",
    "device": "cuda",
    "action_pred_shape": [
      16,
      10
    ],
    "env_action_shape": [
      16,
      7
    ]
  },
  "metrics": {
    "aligned_shape": [
      16,
      7
    ],
    "pred_shape": [
      16,
      7
    ],
    "target_shape": [
      16,
      7
    ],
    "position": {
      "mean_l2_error": 0.030169133096933365,
      "rmse_l2_error": 0.03243497759103775,
      "max_l2_error": 0.05333548039197922,
      "per_axis_mae": [
        0.0021328143775463104,
        0.023246582597494125,
        0.016827555373311043
      ],
      "per_axis_rmse": [
        0.0030516309197992086,
        0.024887975305318832,
        0.020574355497956276
      ]
    },
    "rotation": {
      "mean_geodesic_rad": 0.09243234992027283,
      "rmse_geodesic_rad": 0.10113366693258286,
      "max_geodesic_rad": 0.12800449132919312,
      "mean_geodesic_deg": 5.29598331451416,
      "rmse_geodesic_deg": 5.79453182220459,
      "max_geodesic_deg": 7.3341169357299805
    },
    "gripper": {
      "mean_abs_error": 0.0002593984827399254,
      "rmse": 0.0003225236723665148,
      "max_abs_error": 0.0007005780935287476
    },
    "combined_legacy": {
      "mean_abs_error": 0.02946159429848194,
      "max_abs_error": 0.1075439453125,
      "rmse": 0.0436384491622448
    },
    "pred_action_aligned": [
      [
        -0.24407248198986053,
        0.15303637087345123,
        -0.0849357321858406,
        -0.8094154000282288,
        1.0066148042678833,
        1.1714829206466675,
        0.07379000633955002
      ],
      [
        -0.2424689382314682,
        0.1652832180261612,
        -0.0886535570025444,
        -0.8375388979911804,
        1.0349940061569214,
        1.1568888425827026,
        0.07392725348472595
      ],
      [
        -0.24223992228507996,
        0.17677092552185059,
        -0.09417495876550674,
        -0.8694373369216919,
        1.0796321630477905,
        1.1491446495056152,
        0.07387840747833252
      ],
      [
        -0.24247591197490692,
        0.185499906539917,
        -0.10200535506010056,
        -0.9027979373931885,
        1.1154546737670898,
        1.1312286853790283,
        0.07377424836158752
      ],
      [
        -0.24209851026535034,
        0.1937958002090454,
        -0.11033032834529877,
        -0.9348436594009399,
        1.1431913375854492,
        1.1152374744415283,
        0.07361440360546112
      ],
      [
        -0.24410343170166016,
        0.19914960861206055,
        -0.11866308003664017,
        -0.9654272794723511,
        1.1697276830673218,
        1.1037395000457764,
        0.07353728264570236
      ],
      [
        -0.24266894161701202,
        0.20540009438991547,
        -0.12453368306159973,
        -0.9903331995010376,
        1.184737205505371,
        1.090999722480774,
        0.07362832874059677
      ],
      [
        -0.24213527143001556,
        0.2105676233768463,
        -0.1289629340171814,
        -1.005260944366455,
        1.197767972946167,
        1.0863538980484009,
        0.0734468474984169
      ],
      [
        -0.24064257740974426,
        0.2156948298215866,
        -0.1299819052219391,
        -1.0100537538528442,
        1.212783932685852,
        1.0781888961791992,
        0.0738680511713028
      ],
      [
        -0.24065083265304565,
        0.21949109435081482,
        -0.13084593415260315,
        -1.0129334926605225,
        1.2149977684020996,
        1.0719720125198364,
        0.07353122532367706
      ],
      [
        -0.2391224205493927,
        0.21981924772262573,
        -0.13332682847976685,
        -1.0265308618545532,
        1.22312331199646,
        1.06745445728302,
        0.07336986809968948
      ],
      [
        -0.23879574239253998,
        0.2191280722618103,
        -0.13574007153511047,
        -1.0339480638504028,
        1.2356096506118774,
        1.0637226104736328,
        0.07334137707948685
      ],
      [
        -0.23744289577007294,
        0.21804077923297882,
        -0.1360464096069336,
        -1.0412440299987793,
        1.2488899230957031,
        1.0522488355636597,
        0.07336220890283585
      ],
      [
        -0.2357088327407837,
        0.21771210432052612,
        -0.13500000536441803,
        -1.0406357049942017,
        1.261018991470337,
        1.0438520908355713,
        0.07323894649744034
      ],
      [
        -0.23366466164588928,
        0.2178175002336502,
        -0.1340859979391098,
        -1.0373865365982056,
        1.263138771057129,
        1.039794683456421,
        0.07291153073310852
      ],
      [
        -0.23186320066452026,
        0.21854735910892487,
        -0.13122406601905823,
        -1.0243330001831055,
        1.2631994485855103,
        1.0346169471740723,
        0.07277563214302063
      ]
    ],