{
  "sample_name": "sample_000043",
  "payload_path": "/home/sunpeng/sp/umi_project/universal_manipulation_interface/pika_dataset/exports/episode79/sample_000043/payload_raw.json",
  "actions_path": "/home/sunpeng/sp/umi_project/universal_manipulation_interface/pika_dataset/exports/episode79/sample_000043/actions.json",
  "meta": {
    "start_index": 86,
    "obs_horizon": 2,
    "act_horizon": 16,
    "stride": 2,
    "obs_timestamps": [
      1776398608.421738,
      1776398608.4595058
    ],
    "action_timestamps": [
      1776398608.4911988,
      1776398608.5216491,
      1776398608.559694,
      1776398608.5913665,
      1776398608.6217334,
      1776398608.6594543,
      1776398608.6912901,
      1776398608.7215853,
      1776398608.759486,
      1776398608.7913468,
      1776398608.821696,
      1776398608.859422,
      1776398608.891301,
      1776398608.9216907,
      1776398608.9594975,
      1776398608.9912822
    ]
  },
  "payload_pose_validation": {
    "format": "xyz_quat_xyzw",
    "pose_shape": [
      2,
      7
    ],
    "init_pose_shape": [
      7
    ],
    "quat_norm_mean": 1.0,
    "quat_norm_min": 1.0,
    "quat_norm_max": 1.0,
    "init_quat_norm": 0.9999999999999999
  },
  "inference": {
    "selected_arm": "arm_l",
    "checkpoint_path": "/home/sunpeng/sp/umi_project/universal_manipulation_interface/data/outputs/2026.04.20/16.30.06_train_diffusion_unet_timm_picknplace/checkpoints",
    "device": "cuda",
    "action_pred_shape": [
      16,
      10
    ],
    "env_action_shape": [
      16,
      7
    ]
  },
  "metrics": {
    "aligned_shape": [
      16,
      7
    ],
    "pred_shape": [
      16,
      7
    ],
    "target_shape": [
      16,
      7
    ],
    "position": {
      "mean_l2_error": 0.012602761387825012,
      "rmse_l2_error": 0.014202872291207314,
      "max_l2_error": 0.023128192871809006,
      "per_axis_mae": [
        0.004103047773241997,
        0.0023238486610352993,
        0.01096914242953062
      ],
      "per_axis_rmse": [
        0.004702968522906303,
        0.002931352937594056,
        0.01307711098343134
      ]
    },
    "rotation": {
      "mean_geodesic_rad": 0.02636207640171051,
      "rmse_geodesic_rad": 0.03080974891781807,
      "max_geodesic_rad": 0.07803459465503693,
      "mean_geodesic_deg": 1.5104355812072754,
      "rmse_geodesic_deg": 1.7652684450149536,
      "max_geodesic_deg": 4.471052646636963
    },
    "gripper": {
      "mean_abs_error": 0.013158258982002735,
      "rmse": 0.01771436631679535,
      "max_abs_error": 0.026452310383319855
    },
    "combined_legacy": {
      "mean_abs_error": 0.011190652847290039,
      "max_abs_error": 0.07959920167922974,
      "rmse": 0.01585148647427559
    },
    "pred_action_aligned": [
      [
        -0.23467528820037842,
        0.027271157130599022,
        -0.15201756358146667,
        -1.0394278764724731,
        1.3308254480361938,
        0.9204594492912292,
        0.09216804057359695
      ],
      [
        -0.23534521460533142,
        0.02970113232731819,
        -0.15039348602294922,
        -1.0314208269119263,
        1.345309853553772,
        0.9220890998840332,
        0.09380315989255905
      ],
      [
        -0.23588678240776062,
        0.030157456174492836,
        -0.15296287834644318,
        -1.0090997219085693,
        1.3446608781814575,
        0.9127329587936401,
        0.09502985328435898
      ],
      [
        -0.23564034700393677,
        0.03414689004421234,
        -0.14788082242012024,
        -1.0229032039642334,
        1.359461784362793,
        0.9265686273574829,
        0.09593502432107925
      ],
      [
        -0.22975127398967743,
        0.02726050093770027,
        -0.14149808883666992,
        -1.0431156158447266,
        1.3456968069076538,
        0.9379978775978088,
        0.0961853414773941
      ],
      [
        -0.22962027788162231,
        0.03087170422077179,
        -0.1488456130027771,
        -1.0424615144729614,
        1.3365623950958252,
        0.9243165850639343,
        0.09656531363725662
      ],
      [
        -0.23260712623596191,
        0.02966293878853321,
        -0.14400288462638855,
        -1.0298774242401123,
        1.3304579257965088,
        0.9603774547576904,
        0.0963885560631752
      ],
      [
        -0.23155146837234497,
        0.02933085523545742,
        -0.1350194364786148,
        -1.0486364364624023,
        1.3158208131790161,
        0.950528085231781,
        0.09670703113079071
      ],
      [
        -0.22957907617092133,
        0.02590605616569519,
        -0.1407986283302307,
        -1.0573257207870483,
        1.315125823020935,
        0.9439495801925659,
        0.07169806212186813
      ],
      [
        -0.22891351580619812,
        0.02713904343545437,
        -0.14137302339076996,
        -1.049085259437561,
        1.3291189670562744,
        0.9478734731674194,
        0.07292694598436356
      ],
      [
        -0.23093776404857635,
        0.027081649750471115,
        -0.14488035440444946,
        -1.0517148971557617,
        1.3309125900268555,
        0.9484655857086182,
        0.07258579134941101
      ],
      [
        -0.23323534429073334,
        0.026011452078819275,
        -0.1436302214860916,
        -1.0556581020355225,
        1.348645806312561,
        0.9347134232521057,
        0.07025472819805145
      ],
      [
        -0.22794336080551147,
        0.025770403444767,
        -0.137529656291008,
        -1.062353253364563,
        1.3283082246780396,
        0.9548795223236084,
        0.07145360112190247
      ],
      [
        -0.2275102138519287,
        0.03001093678176403,
        -0.1397242695093155,
        -1.047423243522644,
        1.3263264894485474,
        0.9563447833061218,
        0.07196220010519028
      ],
      [
        -0.23291683197021484,
        0.029675468802452087,
        -0.1346660554409027,
        -1.014466643333435,
        1.3372944593429565,
        0.9613016843795776,
        0.07106240838766098
      ],
      [
        -0.22807267308235168,
        0.031798798590898514,
        -0.13756932318210602,
        -0.967818558216095,
        1.3285168409347534,
        0.9613831043243408,
        0.0720544159412384
      ]
    ],