{
  "sample_name": "sample_000001",
  "payload_path": "/home/sunpeng/sp/umi_project/universal_manipulation_interface/pika_dataset/exports/episode79/sample_000001/payload_raw.json",
  "actions_path": "/home/sunpeng/sp/umi_project/universal_manipulation_interface/pika_dataset/exports/episode79/sample_000001/actions.json",
  "meta": {
    "start_index": 2,
    "obs_horizon": 2,
    "act_horizon": 16,
    "stride": 2,
    "obs_timestamps": [
      1776398605.591197,
      1776398605.6216328
    ],
    "action_timestamps": [
      1776398605.6595554,
      1776398605.691085,
      1776398605.7215598,
      1776398605.7595732,
      1776398605.7911599,
      1776398605.8596745,
      1776398605.8911698,
      1776398605.9216297,
      1776398605.9595482,
      1776398605.9911747,
      1776398606.0216043,
      1776398606.059558,
      1776398606.091078,
      1776398606.1215608,
      1776398606.1596916,
      1776398606.1912963
    ]
  },
  "payload_pose_validation": {
    "format": "xyz_quat_xyzw",
    "pose_shape": [
      2,
      7
    ],
    "init_pose_shape": [
      7
    ],
    "quat_norm_mean": 1.0,
    "quat_norm_min": 0.9999999999999999,
    "quat_norm_max": 1.0,
    "init_quat_norm": 0.9999999999999999
  },
  "inference": {
    "selected_arm": "arm_l",
    "checkpoint_path": "/home/sunpeng/sp/umi_project/universal_manipulation_interface/data/outputs/2026.04.20/16.30.06_train_diffusion_unet_timm_picknplace/checkpoints",
    "device": "cuda",
    "action_pred_shape": [
      16,
      10
    ],
    "env_action_shape": [
      16,
      7
    ]
  },
  "metrics": {
    "aligned_shape": [
      16,
      7
    ],
    "pred_shape": [
      16,
      7
    ],
    "target_shape": [
      16,
      7
    ],
    "position": {
      "mean_l2_error": 0.0067354412749409676,
      "rmse_l2_error": 0.00734593765810132,
      "max_l2_error": 0.01398263219743967,
      "per_axis_mae": [
        0.0034739766269922256,
        0.004034719429910183,
        0.003070580307394266
      ],
      "per_axis_rmse": [
        0.003780066268518567,
        0.0052130394615232944,
        0.003535269061103463
      ]
    },
    "rotation": {
      "mean_geodesic_rad": 0.05120857059955597,
      "rmse_geodesic_rad": 0.05426783114671707,
      "max_geodesic_rad": 0.09131352603435516,
      "mean_geodesic_deg": 2.934034824371338,
      "rmse_geodesic_deg": 3.1093173027038574,
      "max_geodesic_deg": 5.231879234313965
    },
    "gripper": {
      "mean_abs_error": 0.0005117328837513924,
      "rmse": 0.0005330776912160218,
      "max_abs_error": 0.0007998794317245483
    },
    "combined_legacy": {
      "mean_abs_error": 0.013504835776984692,
      "max_abs_error": 0.08583933115005493,
      "rmse": 0.022040363401174545
    },
    "pred_action_aligned": [
      [
        -0.2743855118751526,
        -0.05596395954489708,
        -0.08238563686609268,
        -0.4784599840641022,
        0.9781050086021423,
        0.8465859293937683,
        0.09627166390419006
      ],
      [
        -0.2759670317173004,
        -0.05601223185658455,
        -0.08302966505289078,
        -0.4798545241355896,
        0.9564310908317566,
        0.8510123491287231,
        0.09600596874952316
      ],
      [
        -0.2774212658405304,
        -0.055756017565727234,
        -0.08426429331302643,
        -0.4835696816444397,
        0.9384252429008484,
        0.856244683265686,
        0.09628299623727798
      ],
      [
        -0.27764075994491577,
        -0.05455043166875839,
        -0.08465287834405899,
        -0.4840410053730011,
        0.9240192174911499,
        0.858361542224884,
        0.09634338319301605
      ],
      [
        -0.2770880460739136,
        -0.05396907404065132,
        -0.08412344753742218,
        -0.485404908657074,
        0.9174239635467529,
        0.8619756698608398,
        0.09620800614356995
      ],
      [
        -0.2765628695487976,
        -0.05262342095375061,
        -0.0840173065662384,
        -0.4894604980945587,
        0.9128842949867249,
        0.8627585172653198,
        0.09618300199508667
      ],
      [
        -0.27649402618408203,
        -0.052479807287454605,
        -0.08404240757226944,
        -0.4905611574649811,
        0.9230009317398071,
        0.8667253851890564,
        0.09616290777921677
      ],
      [
        -0.2765365242958069,
        -0.05183024704456329,
        -0.08469697833061218,
        -0.4911467432975769,
        0.9325124025344849,
        0.8711222410202026,
        0.09614840149879456
      ],
      [
        -0.2771937847137451,
        -0.052234865725040436,
        -0.08602918684482574,
        -0.49500545859336853,
        0.9408036470413208,
        0.8721531629562378,
        0.09604699909687042
      ],
      [
        -0.27800628542900085,
        -0.05190247669816017,
        -0.08724074065685272,
        -0.5005561113357544,
        0.9453754425048828,
        0.8745781183242798,
        0.09590715914964676
      ],
      [
        -0.27785488963127136,
        -0.05213509872555733,
        -0.08745133131742477,
        -0.4981495141983032,
        0.9452553987503052,
        0.8795328736305237,
        0.09599398076534271
      ],
      [
        -0.2773495018482208,
        -0.051059529185295105,
        -0.08772759884595871,
        -0.5018087029457092,
        0.9431897401809692,
        0.8769547343254089,
        0.0961211621761322
      ],
      [
        -0.2754277288913727,
        -0.04935869202017784,
        -0.08473730087280273,
        -0.5054906606674194,
        0.9335274696350098,
        0.8818743824958801,
        0.09628650546073914
      ],
      [
        -0.2755759060382843,
        -0.046393778175115585,
        -0.08424019068479538,
        -0.5182033181190491,
        0.9344972372055054,
        0.8856639862060547,
        0.09630035609006882
      ],
      [
        -0.2744646966457367,
        -0.04362975060939789,
        -0.08387336879968643,
        -0.5419015884399414,
        0.9430116415023804,
        0.8878868818283081,
        0.09641966968774796
      ],
      [
        -0.27369144558906555,
        -0.040009260177612305,
        -0.083464115858078,
        -0.5679259896278381,
        0.9584122896194458,
        0.8969483971595764,
        0.09644272923469543
      ]
    ],