{
  "sample_name": "sample_000002",
  "payload_path": "/home/sunpeng/sp/umi_project/universal_manipulation_interface/pika_dataset/exports/episode79/sample_000002/payload_raw.json",
  "actions_path": "/home/sunpeng/sp/umi_project/universal_manipulation_interface/pika_dataset/exports/episode79/sample_000002/actions.json",
  "meta": {
    "start_index": 4,
    "obs_horizon": 2,
    "act_horizon": 16,
    "stride": 2,
    "obs_timestamps": [
      1776398605.6595554,
      1776398605.691085
    ],
    "action_timestamps": [
      1776398605.7215598,
      1776398605.7595732,
      1776398605.7911599,
      1776398605.8596745,
      1776398605.8911698,
      1776398605.9216297,
      1776398605.9595482,
      1776398605.9911747,
      1776398606.0216043,
      1776398606.059558,
      1776398606.091078,
      1776398606.1215608,
      1776398606.1596916,
      1776398606.1912963,
      1776398606.2215118,
      1776398606.2597332
    ]
  },
  "payload_pose_validation": {
    "format": "xyz_quat_xyzw",
    "pose_shape": [
      2,
      7
    ],
    "init_pose_shape": [
      7
    ],
    "quat_norm_mean": 1.0,
    "quat_norm_min": 0.9999999999999999,
    "quat_norm_max": 1.0,
    "init_quat_norm": 0.9999999999999999
  },
  "inference": {
    "selected_arm": "arm_l",
    "checkpoint_path": "/home/sunpeng/sp/umi_project/universal_manipulation_interface/data/outputs/2026.04.20/16.30.06_train_diffusion_unet_timm_picknplace/checkpoints",
    "device": "cuda",
    "action_pred_shape": [
      16,
      10
    ],
    "env_action_shape": [
      16,
      7
    ]
  },
  "metrics": {
    "aligned_shape": [
      16,
      7
    ],
    "pred_shape": [
      16,
      7
    ],
    "target_shape": [
      16,
      7
    ],
    "position": {
      "mean_l2_error": 0.03332701325416565,
      "rmse_l2_error": 0.04107242450118065,
      "max_l2_error": 0.07822117209434509,
      "per_axis_mae": [
        0.011031879112124443,
        0.030858885496854782,
        0.004756647162139416
      ],
      "per_axis_rmse": [
        0.014524683356285095,
        0.03794180974364281,
        0.006032963749021292
      ]
    },
    "rotation": {
      "mean_geodesic_rad": 0.18530787527561188,
      "rmse_geodesic_rad": 0.2274995744228363,
      "max_geodesic_rad": 0.4348204731941223,
      "mean_geodesic_deg": 10.617359161376953,
      "rmse_geodesic_deg": 13.034764289855957,
      "max_geodesic_deg": 24.913375854492188
    },
    "gripper": {
      "mean_abs_error": 0.0002056988887488842,
      "rmse": 0.00023033979232423007,
      "max_abs_error": 0.00033468008041381836
    },
    "combined_legacy": {
      "mean_abs_error": 0.04832243174314499,
      "max_abs_error": 0.3996773064136505,
      "rmse": 0.09113922715187073
    },
    "pred_action_aligned": [
      [
        -0.27342164516448975,
        -0.05460302531719208,
        -0.0823395699262619,
        -0.4756646156311035,
        0.978822648525238,
        0.8436707258224487,
        0.09668263792991638
      ],
      [
        -0.2730419635772705,
        -0.052220940589904785,
        -0.08287803828716278,
        -0.48194628953933716,
        0.9600301384925842,
        0.8515918850898743,
        0.09642098098993301
      ],
      [
        -0.2730178236961365,
        -0.04964274913072586,
        -0.08254893869161606,
        -0.4876648783683777,
        0.9419314861297607,
        0.8583653569221497,
        0.09652125835418701
      ],
      [
        -0.2711944580078125,
        -0.0461384579539299,
        -0.08010036498308182,
        -0.5008962154388428,
        0.9229171872138977,
        0.8696632981300354,
        0.09646479785442352
      ],
      [
        -0.2698803246021271,
        -0.04258965700864792,
        -0.07686177641153336,
        -0.5140584111213684,
        0.9063523411750793,
        0.8786078691482544,
        0.0964626669883728
      ],
      [
        -0.26837030053138733,
        -0.03902822732925415,
        -0.07449455559253693,
        -0.5368966460227966,
        0.8955631852149963,
        0.8908200860023499,
        0.09642361104488373
      ],
      [
        -0.2663172781467438,
        -0.03592825308442116,
        -0.0738510712981224,
        -0.5664599537849426,
        0.8968470692634583,
        0.8989455699920654,
        0.09637235850095749
      ],
      [
        -0.2640652656555176,
        -0.03161288797855377,
        -0.07525555044412613,
        -0.602361798286438,
        0.9091361165046692,
        0.9041211605072021,
        0.09641409665346146
      ],
      [
        -0.2616732120513916,
        -0.02564791589975357,
        -0.07774579524993896,
        -0.6404109001159668,
        0.9306471943855286,
        0.910496711730957,
        0.09644414484500885
      ],
      [
        -0.2597186863422394,
        -0.01949143409729004,
        -0.08120863139629364,
        -0.6754104495048523,
        0.9581846594810486,
        0.9211559891700745,
        0.09643760323524475
      ],
      [
        -0.257980614900589,
        -0.01309657096862793,
        -0.08548344671726227,
        -0.7142137885093689,
        0.9835591912269592,
        0.9345237016677856,
        0.09642872959375381
      ],
      [
        -0.25636282563209534,
        -0.006934240460395813,
        -0.08834148943424225,
        -0.747340738773346,
        1.0034739971160889,
        0.9454843401908875,
        0.09647221118211746
      ],
      [
        -0.25321948528289795,
        -8.08611512184143e-05,
        -0.09240615367889404,
        -0.7830798029899597,
        1.0259777307510376,
        0.9584693908691406,
        0.09653238207101822
      ],
      [
        -0.2521340548992157,
        0.0059364959597587585,
        -0.09638199210166931,
        -0.8186289668083191,
        1.0488873720169067,
        0.9657923579216003,
        0.09653213620185852
      ],
      [
        -0.2483847439289093,
        0.011704318225383759,
        -0.10127967596054077,
        -0.8524185419082642,
        1.0692871809005737,
        0.9686342477798462,
        0.09670703113079071
      ],
      [
        -0.24621716141700745,
        0.019402794539928436,
        -0.10580095648765564,
        -0.8833078145980835,
        1.0981857776641846,
        0.9676965475082397,
        0.09670478850603104
      ]
    ],