{
  "sample_name": "sample_000081",
  "payload_path": "/home/sunpeng/sp/umi_project/universal_manipulation_interface/pika_dataset/exports/episode79/sample_000081/payload_raw.json",
  "actions_path": "/home/sunpeng/sp/umi_project/universal_manipulation_interface/pika_dataset/exports/episode79/sample_000081/actions.json",
  "meta": {
    "start_index": 162,
    "obs_horizon": 2,
    "act_horizon": 16,
    "stride": 2,
    "obs_timestamps": [
      1776398610.9595253,
      1776398610.9913523
    ],
    "action_timestamps": [
      1776398611.0277302,
      1776398611.0596073,
      1776398611.091327,
      1776398611.12784,
      1776398611.1594741,
      1776398611.1913004,
      1776398611.2276905,
      1776398611.2595031,
      1776398611.291446,
      1776398611.327706,
      1776398611.359543,
      1776398611.3912938,
      1776398611.4278135,
      1776398611.459492,
      1776398611.4913552,
      1776398611.5276787
    ]
  },
  "payload_pose_validation": {
    "format": "xyz_quat_xyzw",
    "pose_shape": [
      2,
      7
    ],
    "init_pose_shape": [
      7
    ],
    "quat_norm_mean": 1.0,
    "quat_norm_min": 1.0,
    "quat_norm_max": 1.0,
    "init_quat_norm": 0.9999999999999999
  },
  "inference": {
    "selected_arm": "arm_l",
    "checkpoint_path": "/home/sunpeng/sp/umi_project/universal_manipulation_interface/data/outputs/2026.04.20/16.30.06_train_diffusion_unet_timm_picknplace/checkpoints",
    "device": "cuda",
    "action_pred_shape": [
      16,
      10
    ],
    "env_action_shape": [
      16,
      7
    ]
  },
  "metrics": {
    "aligned_shape": [
      16,
      7
    ],
    "pred_shape": [
      16,
      7
    ],
    "target_shape": [
      16,
      7
    ],
    "position": {
      "mean_l2_error": 0.0069600315764546394,
      "rmse_l2_error": 0.0071799540892243385,
      "max_l2_error": 0.011388195678591728,
      "per_axis_mae": [
        0.0036494405940175056,
        0.002915364457294345,
        0.003959035500884056
      ],
      "per_axis_rmse": [
        0.004294517450034618,
        0.003218252444639802,
        0.004769875202327967
      ]
    },
    "rotation": {
      "mean_geodesic_rad": 0.09345200657844543,
      "rmse_geodesic_rad": 0.10032517462968826,
      "max_geodesic_rad": 0.16084912419319153,
      "mean_geodesic_deg": 5.354405403137207,
      "rmse_geodesic_deg": 5.748208999633789,
      "max_geodesic_deg": 9.215975761413574
    },
    "gripper": {
      "mean_abs_error": 0.0006020753644406796,
      "rmse": 0.0007447622483596206,
      "max_abs_error": 0.0018882527947425842
    },
    "combined_legacy": {
      "mean_abs_error": 0.022168325260281563,
      "max_abs_error": 0.15880602598190308,
      "rmse": 0.04072318971157074
    },
    "pred_action_aligned": [
      [
        -0.24472641944885254,
        0.03804001584649086,
        -0.09066005051136017,
        -0.7308716773986816,
        1.1299307346343994,
        1.0966969728469849,
        0.07380107045173645
      ],
      [
        -0.24611027538776398,
        0.03633053973317146,
        -0.08347737044095993,
        -0.6814752221107483,
        1.058106541633606,
        1.1457968950271606,
        0.07470761984586716
      ],
      [
        -0.250031441450119,
        0.035390809178352356,
        -0.07704521715641022,
        -0.6289882063865662,
        0.9955049753189087,
        1.1681958436965942,
        0.07307037711143494
      ],
      [
        -0.24964815378189087,
        0.03444530814886093,
        -0.07202573120594025,
        -0.6284793019294739,
        0.9480734467506409,
        1.1735543012619019,
        0.07302533090114594
      ],
      [
        -0.24959224462509155,
        0.029852548614144325,
        -0.07331687957048416,
        -0.5979089140892029,
        0.9032497406005859,
        1.1838659048080444,
        0.07352237403392792
      ],
      [
        -0.25319308042526245,
        0.02490847371518612,
        -0.07555104792118073,
        -0.5828022956848145,
        0.8740091919898987,
        1.1863505840301514,
        0.07324878126382828
      ],
      [
        -0.2558649778366089,
        0.021071862429380417,
        -0.08162865787744522,
        -0.5761820077896118,
        0.8686734437942505,
        1.1784588098526,
        0.07288581877946854
      ],
      [
        -0.25677669048309326,
        0.020187558606266975,
        -0.08168309926986694,
        -0.5765095353126526,
        0.8688372373580933,
        1.166397213935852,
        0.0729905217885971
      ],
      [
        -0.2589963972568512,
        0.01956573873758316,
        -0.08149134367704391,
        -0.5701954364776611,
        0.8768166899681091,
        1.1639747619628906,
        0.07329680770635605
      ],
      [
        -0.26000213623046875,
        0.020144056528806686,
        -0.08141787350177765,
        -0.5717777013778687,
        0.8894862532615662,
        1.1718922853469849,
        0.07291693240404129
      ],
      [
        -0.25828298926353455,
        0.02254766970872879,
        -0.07812605053186417,
        -0.5709767937660217,
        0.8880699872970581,
        1.182326316833496,
        0.07280237227678299
      ],
      [
        -0.25555408000946045,
        0.021808771416544914,
        -0.07165113091468811,
        -0.5569702386856079,
        0.8591739535331726,
        1.174744725227356,
        0.07259968668222427
      ],
      [
        -0.25806382298469543,
        0.01981460303068161,
        -0.07344929873943329,
        -0.5542868375778198,
        0.8522568941116333,
        1.1772775650024414,
        0.07288067042827606
      ],
      [
        -0.2574356198310852,
        0.017342910170555115,
        -0.07452607899904251,
        -0.5408051013946533,
        0.8341916799545288,
        1.1806714534759521,
        0.07263131439685822
      ],
      [
        -0.25894680619239807,
        0.015454012900590897,
        -0.07388699054718018,
        -0.5169535875320435,
        0.8072311878204346,
        1.192853331565857,
        0.07265111058950424
      ],
      [
        -0.2563993036746979,
        0.017499912530183792,
        -0.07056491076946259,
        -0.5067089796066284,
        0.7986009120941162,
        1.1923909187316895,
        0.0734090730547905
      ]
    ],