{
  "sample_name": "sample_000020",
  "payload_path": "/home/sunpeng/sp/umi_project/universal_manipulation_interface/pika_dataset/exports/episode79/sample_000020/payload_raw.json",
  "actions_path": "/home/sunpeng/sp/umi_project/universal_manipulation_interface/pika_dataset/exports/episode79/sample_000020/actions.json",
  "meta": {
    "start_index": 40,
    "obs_horizon": 2,
    "act_horizon": 16,
    "stride": 2,
    "obs_timestamps": [
      1776398606.8911812,
      1776398606.921649
    ],
    "action_timestamps": [
      1776398606.9595206,
      1776398606.9912298,
      1776398607.0216267,
      1776398607.0593703,
      1776398607.0912151,
      1776398607.1215694,
      1776398607.1593602,
      1776398607.19125,
      1776398607.2216332,
      1776398607.2593372,
      1776398607.291238,
      1776398607.3216622,
      1776398607.3594024,
      1776398607.3913944,
      1776398607.4216921,
      1776398607.4594269
    ]
  },
  "payload_pose_validation": {
    "format": "xyz_quat_xyzw",
    "pose_shape": [
      2,
      7
    ],
    "init_pose_shape": [
      7
    ],
    "quat_norm_mean": 0.9999999999999999,
    "quat_norm_min": 0.9999999999999999,
    "quat_norm_max": 0.9999999999999999,
    "init_quat_norm": 0.9999999999999999
  },
  "inference": {
    "selected_arm": "arm_l",
    "checkpoint_path": "/home/sunpeng/sp/umi_project/universal_manipulation_interface/data/outputs/2026.04.20/16.30.06_train_diffusion_unet_timm_picknplace/checkpoints",
    "device": "cuda",
    "action_pred_shape": [
      16,
      10
    ],
    "env_action_shape": [
      16,
      7
    ]
  },
  "metrics": {
    "aligned_shape": [
      16,
      7
    ],
    "pred_shape": [
      16,
      7
    ],
    "target_shape": [
      16,
      7
    ],
    "position": {
      "mean_l2_error": 0.02794489823281765,
      "rmse_l2_error": 0.03498592600226402,
      "max_l2_error": 0.05801619216799736,
      "per_axis_mae": [
        0.010835213586688042,
        0.018728308379650116,
        0.017102325335144997
      ],
      "per_axis_rmse": [
        0.013118856586515903,
        0.022665804252028465,
        0.023198531940579414
      ]
    },
    "rotation": {
      "mean_geodesic_rad": 0.1661616861820221,
      "rmse_geodesic_rad": 0.19847069680690765,
      "max_geodesic_rad": 0.305132657289505,
      "mean_geodesic_deg": 9.52036190032959,
      "rmse_geodesic_deg": 11.371533393859863,
      "max_geodesic_deg": 17.482812881469727
    },
    "gripper": {
      "mean_abs_error": 0.0002105250023305416,
      "rmse": 0.00026766376686282456,
      "max_abs_error": 0.0005723610520362854
    },
    "combined_legacy": {
      "mean_abs_error": 0.043577518314123154,
      "max_abs_error": 0.2594485282897949,
      "rmse": 0.078495092689991
    },
    "pred_action_aligned": [
      [
        -0.2595019042491913,
        -0.02837684191763401,
        -0.07863418012857437,
        -0.5972618460655212,
        0.9233856797218323,
        0.901606023311615,
        0.09670703113079071
      ],
      [
        -0.25740647315979004,
        -0.02592533826828003,
        -0.08070118725299835,
        -0.6268705725669861,
        0.9356517195701599,
        0.9071283340454102,
        0.09670703113079071
      ],
      [
        -0.2559942603111267,
        -0.022350136190652847,
        -0.08270982652902603,
        -0.6504800915718079,
        0.9493995308876038,
        0.918562114238739,
        0.09659974277019501
      ],
      [
        -0.2534911036491394,
        -0.018229452893137932,
        -0.0842733383178711,
        -0.6811553835868835,
        0.9657968282699585,
        0.9249113202095032,
        0.09647274017333984
      ],
      [
        -0.25202393531799316,
        -0.014147860929369926,
        -0.08595924824476242,
        -0.7187067270278931,
        0.9891715049743652,
        0.9297676682472229,
        0.09655595570802689
      ],
      [
        -0.24914363026618958,
        -0.008428780362010002,
        -0.08954071998596191,
        -0.7582573294639587,
        1.0209327936172485,
        0.9360525608062744,
        0.0966215506196022
      ],
      [
        -0.24677254259586334,
        -0.002843959257006645,
        -0.09443935751914978,
        -0.796930730342865,
        1.0493876934051514,
        0.9486596584320068,
        0.09663445502519608
      ],
      [
        -0.2450307458639145,
        0.0018495749682188034,
        -0.0994204729795456,
        -0.8360347747802734,
        1.0841906070709229,
        0.9571358561515808,
        0.09660564363002777
      ],
      [
        -0.24250660836696625,
        0.005829935893416405,
        -0.10597006231546402,
        -0.876950204372406,
        1.1170251369476318,
        0.9614272713661194,
        0.09654955565929413
      ],
      [
        -0.2389841228723526,
        0.010939305648207664,
        -0.11224167048931122,
        -0.9135037660598755,
        1.1464834213256836,
        0.9616748094558716,
        0.0964730903506279
      ],
      [
        -0.23745913803577423,
        0.01516568474471569,
        -0.11963925510644913,
        -0.9396385550498962,
        1.1767945289611816,
        0.9635399580001831,
        0.0963742733001709
      ],
      [
        -0.23501257598400116,
        0.01932540349662304,
        -0.1267225742340088,
        -0.9680615663528442,
        1.198593258857727,
        0.9721734523773193,
        0.0962461531162262
      ],
      [
        -0.2341431975364685,
        0.022488562390208244,
        -0.13439318537712097,
        -0.9949555397033691,
        1.2144278287887573,
        0.9746529459953308,
        0.09613467752933502
      ],
      [
        -0.23252534866333008,
        0.02446669153869152,
        -0.1390056014060974,
        -1.017146110534668,
        1.2243247032165527,
        0.9718935489654541,
        0.0962371826171875
      ],
      [
        -0.2322389781475067,
        0.026357514783740044,
        -0.14413972198963165,
        -1.0354735851287842,
        1.2338706254959106,
        0.9763506650924683,
        0.09645120799541473
      ],
      [
        -0.23375096917152405,
        0.027640556916594505,
        -0.14835380017757416,
        -1.0440195798873901,
        1.2530544996261597,
        0.9760932922363281,
        0.09657392650842667
      ]
    ],