{
  "sample_name": "sample_000075",
  "payload_path": "/home/sunpeng/sp/umi_project/universal_manipulation_interface/pika_dataset/exports/episode79/sample_000075/payload_raw.json",
  "actions_path": "/home/sunpeng/sp/umi_project/universal_manipulation_interface/pika_dataset/exports/episode79/sample_000075/actions.json",
  "meta": {
    "start_index": 150,
    "obs_horizon": 2,
    "act_horizon": 16,
    "stride": 2,
    "obs_timestamps": [
      1776398610.5595992,
      1776398610.5912726
    ],
    "action_timestamps": [
      1776398610.6276472,
      1776398610.6594322,
      1776398610.6912158,
      1776398610.7276762,
      1776398610.759506,
      1776398610.7913167,
      1776398610.827731,
      1776398610.8594959,
      1776398610.8913648,
      1776398610.9276855,
      1776398610.9595253,
      1776398610.9913523,
      1776398611.0277302,
      1776398611.0596073,
      1776398611.091327,
      1776398611.12784
    ]
  },
  "payload_pose_validation": {
    "format": "xyz_quat_xyzw",
    "pose_shape": [
      2,
      7
    ],
    "init_pose_shape": [
      7
    ],
    "quat_norm_mean": 1.0,
    "quat_norm_min": 0.9999999999999999,
    "quat_norm_max": 1.0,
    "init_quat_norm": 0.9999999999999999
  },
  "inference": {
    "selected_arm": "arm_l",
    "checkpoint_path": "/home/sunpeng/sp/umi_project/universal_manipulation_interface/data/outputs/2026.04.20/16.30.06_train_diffusion_unet_timm_picknplace/checkpoints",
    "device": "cuda",
    "action_pred_shape": [
      16,
      10
    ],
    "env_action_shape": [
      16,
      7
    ]
  },
  "metrics": {
    "aligned_shape": [
      16,
      7
    ],
    "pred_shape": [
      16,
      7
    ],
    "target_shape": [
      16,
      7
    ],
    "position": {
      "mean_l2_error": 0.024481190368533134,
      "rmse_l2_error": 0.026547657325863838,
      "max_l2_error": 0.036294300109148026,
      "per_axis_mae": [
        0.012436446733772755,
        0.010344248265028,
        0.016828389838337898
      ],
      "per_axis_rmse": [
        0.01370721310377121,
        0.012714503332972527,
        0.018847595900297165
      ]
    },
    "rotation": {
      "mean_geodesic_rad": 0.197810560464859,
      "rmse_geodesic_rad": 0.22193416953086853,
      "max_geodesic_rad": 0.2934544086456299,
      "mean_geodesic_deg": 11.333709716796875,
      "rmse_geodesic_deg": 12.71589183807373,
      "max_geodesic_deg": 16.813697814941406
    },
    "gripper": {
      "mean_abs_error": 0.0004899199120700359,
      "rmse": 0.0005794934113509953,
      "max_abs_error": 0.0011495202779769897
    },
    "combined_legacy": {
      "mean_abs_error": 0.05737043544650078,
      "max_abs_error": 0.24447524547576904,
      "rmse": 0.09309514611959457
    },
    "pred_action_aligned": [
      [
        -0.2481965869665146,
        0.039322782307863235,
        -0.11718356609344482,
        -0.9178684949874878,
        1.267383098602295,
        1.0768778324127197,
        0.0732700526714325
      ],
      [
        -0.2524752914905548,
        0.03608838468790054,
        -0.11282133311033249,
        -0.8810868263244629,
        1.257401466369629,
        1.0774656534194946,
        0.07244675606489182
      ],
      [
        -0.2555224299430847,
        0.03696255758404732,
        -0.10521279275417328,
        -0.8609989881515503,
        1.2194206714630127,
        1.1039643287658691,
        0.07318561524152756
      ],
      [
        -0.25607728958129883,
        0.03885182738304138,
        -0.09623947739601135,
        -0.8245797157287598,
        1.176622986793518,
        1.143702507019043,
        0.07284357398748398
      ],
      [
        -0.2574419379234314,
        0.0397052988409996,
        -0.08158230781555176,
        -0.7651013731956482,
        1.1067508459091187,
        1.174447774887085,
        0.07396888732910156
      ],
      [
        -0.2606187164783478,
        0.03631698712706566,
        -0.07275736331939697,
        -0.7143835425376892,
        1.0624310970306396,
        1.2011967897415161,
        0.07315278798341751
      ],
      [
        -0.2617497742176056,
        0.03182686120271683,
        -0.06714514642953873,
        -0.653603196144104,
        1.0138661861419678,
        1.2222316265106201,
        0.07323703169822693
      ],
      [
        -0.26578718423843384,
        0.026508847251534462,
        -0.0657331719994545,
        -0.6214756369590759,
        0.9774083495140076,
        1.243454933166504,
        0.07341137528419495
      ],
      [
        -0.26821067929267883,
        0.02045678161084652,
        -0.07369092106819153,
        -0.5907666683197021,
        0.9466246962547302,
        1.2377896308898926,
        0.07355029881000519
      ],
      [
        -0.2711426615715027,
        0.018005263060331345,
        -0.07442808896303177,
        -0.5732718110084534,
        0.9359473586082458,
        1.2314924001693726,
        0.07308872044086456
      ],
      [
        -0.27000895142555237,
        0.018073376268148422,
        -0.07508932054042816,
        -0.5508759021759033,
        0.9076166152954102,
        1.2206554412841797,
        0.07310035079717636
      ],
      [
        -0.27092015743255615,
        0.018778065219521523,
        -0.07127533853054047,
        -0.5692892074584961,
        0.8832745552062988,
        1.2286700010299683,
        0.07390061020851135
      ],
      [
        -0.2661729156970978,
        0.019321171566843987,
        -0.06771489977836609,
        -0.5767871737480164,
        0.8652349710464478,
        1.212127447128296,
        0.07372557371854782
      ],
      [
        -0.2661994695663452,
        0.019730206578969955,
        -0.06247074529528618,
        -0.5535647869110107,
        0.857032060623169,
        1.2118638753890991,
        0.0730273425579071
      ],
      [
        -0.2619777023792267,
        0.01825776882469654,
        -0.06426899135112762,
        -0.5350240468978882,
        0.8405240178108215,
        1.2080440521240234,
        0.07309935241937637
      ],
      [
        -0.25981155037879944,
        0.011104896664619446,
        -0.062388259917497635,
        -0.5238569378852844,
        0.8391902446746826,
        1.2076902389526367,
        0.07319504022598267
      ]
    ],