{
  "sample_name": "sample_000106",
  "payload_path": "/home/sunpeng/sp/umi_project/universal_manipulation_interface/pika_dataset/exports/episode79/sample_000106/payload_raw.json",
  "actions_path": "/home/sunpeng/sp/umi_project/universal_manipulation_interface/pika_dataset/exports/episode79/sample_000106/actions.json",
  "meta": {
    "start_index": 212,
    "obs_horizon": 2,
    "act_horizon": 16,
    "stride": 2,
    "obs_timestamps": [
      1776398612.6277316,
      1776398612.6595614
    ],
    "action_timestamps": [
      1776398612.6912947,
      1776398612.7276466,
      1776398612.7594557,
      1776398612.7913513,
      1776398612.8276937,
      1776398612.8595362,
      1776398612.8913043,
      1776398612.927757,
      1776398612.9594653,
      1776398612.9912927,
      1776398613.0276139,
      1776398613.0594413,
      1776398613.09128,
      1776398613.1277084,
      1776398613.1595042,
      1776398613.191496
    ]
  },
  "payload_pose_validation": {
    "format": "xyz_quat_xyzw",
    "pose_shape": [
      2,
      7
    ],
    "init_pose_shape": [
      7
    ],
    "quat_norm_mean": 0.9999999999999999,
    "quat_norm_min": 0.9999999999999998,
    "quat_norm_max": 1.0,
    "init_quat_norm": 0.9999999999999999
  },
  "inference": {
    "selected_arm": "arm_l",
    "checkpoint_path": "/home/sunpeng/sp/umi_project/universal_manipulation_interface/data/outputs/2026.04.20/16.30.06_train_diffusion_unet_timm_picknplace/checkpoints",
    "device": "cuda",
    "action_pred_shape": [
      16,
      10
    ],
    "env_action_shape": [
      16,
      7
    ]
  },
  "metrics": {
    "aligned_shape": [
      16,
      7
    ],
    "pred_shape": [
      16,
      7
    ],
    "target_shape": [
      16,
      7
    ],
    "position": {
      "mean_l2_error": 0.05428856983780861,
      "rmse_l2_error": 0.059387899935245514,
      "max_l2_error": 0.07615669071674347,
      "per_axis_mae": [
        0.0058513218536973,
        0.047015443444252014,
        0.025396239012479782
      ],
      "per_axis_rmse": [
        0.006938612554222345,
        0.051013268530368805,
        0.029604468494653702
      ]
    },
    "rotation": {
      "mean_geodesic_rad": 0.20025046169757843,
      "rmse_geodesic_rad": 0.2198134809732437,
      "max_geodesic_rad": 0.281226247549057,
      "mean_geodesic_deg": 11.473505973815918,
      "rmse_geodesic_deg": 12.59438419342041,
      "max_geodesic_deg": 16.113075256347656
    },
    "gripper": {
      "mean_abs_error": 0.0005354350432753563,
      "rmse": 0.000641021819319576,
      "max_abs_error": 0.0013802796602249146
    },
    "combined_legacy": {
      "mean_abs_error": 0.06019092723727226,
      "max_abs_error": 0.2542031407356262,
      "rmse": 0.0937228798866272
    },
    "pred_action_aligned": [
      [
        -0.24700604379177094,
        0.06160014495253563,
        -0.05004458501935005,
        -0.5512591600418091,
        0.8125389218330383,
        1.20274817943573,
        0.07290571182966232
      ],
      [
        -0.24371109902858734,
        0.07797247916460037,
        -0.047337934374809265,
        -0.5673363208770752,
        0.8363069891929626,
        1.2058210372924805,
        0.07297946512699127
      ],
      [
        -0.24227066338062286,
        0.09746485203504562,
        -0.04333483800292015,
        -0.6157361268997192,
        0.888590395450592,
        1.2072150707244873,
        0.07306116074323654
      ],
      [
        -0.24049383401870728,
        0.11448714882135391,
        -0.04945801943540573,
        -0.65690016746521,
        0.9379018545150757,
        1.2078869342803955,
        0.07315393537282944
      ],
      [
        -0.24152420461177826,
        0.1285194456577301,
        -0.058046840131282806,
        -0.6777079105377197,
        0.9834239482879639,
        1.1941413879394531,
        0.07314150035381317
      ],
      [
        -0.2414403110742569,
        0.14221914112567902,
        -0.06925979256629944,
        -0.7137554883956909,
        1.0452477931976318,
        1.1815311908721924,
        0.07333183288574219
      ],
      [
        -0.24223624169826508,
        0.15144912898540497,
        -0.08095178008079529,
        -0.7655878663063049,
        1.087396502494812,
        1.1647193431854248,
        0.0731191486120224
      ],
      [
        -0.238950714468956,
        0.1636410802602768,
        -0.08628024160861969,
        -0.7879543304443359,
        1.121608853340149,
        1.1638784408569336,
        0.0728682205080986
      ],
      [
        -0.2383316457271576,
        0.17251688241958618,
        -0.09315432608127594,
        -0.8174927234649658,
        1.1349998712539673,
        1.1407848596572876,
        0.07358990609645844
      ],
      [
        -0.2379307597875595,
        0.17782357335090637,
        -0.09521819651126862,
        -0.8494062423706055,
        1.1515835523605347,
        1.1243093013763428,
        0.07318749278783798
      ],
      [
        -0.23452746868133545,
        0.1845848560333252,
        -0.09766579419374466,
        -0.8689872026443481,
        1.1640304327011108,
        1.1074103116989136,
        0.07481833547353745
      ],
      [
        -0.23680925369262695,
        0.1870642751455307,
        -0.10023346543312073,
        -0.8733593821525574,
        1.1660592555999756,
        1.1006375551223755,
        0.07209593057632446
      ],
      [
        -0.23188212513923645,
        0.19021908938884735,
        -0.10502912104129791,
        -0.8940760493278503,
        1.178198218345642,
        1.0814440250396729,
        0.07312782853841782
      ],
      [
        -0.23040984570980072,
        0.19272013008594513,
        -0.10221410542726517,
        -0.9111567735671997,
        1.1773909330368042,
        1.0691543817520142,
        0.07301396876573563
      ],
      [
        -0.23185881972312927,
        0.1987771838903427,
        -0.11196363717317581,
        -0.9161937832832336,
        1.1960787773132324,
        1.06855309009552,
        0.07281866669654846
      ],
      [
        -0.2316480129957199,
        0.19568976759910583,
        -0.11472749710083008,
        -0.930269181728363,
        1.1883878707885742,
        1.0524977445602417,
        0.07275094091892242
      ]
    ],