{
  "sample_name": "sample_000073",
  "payload_path": "/home/sunpeng/sp/umi_project/universal_manipulation_interface/pika_dataset/exports/episode79/sample_000073/payload_raw.json",
  "actions_path": "/home/sunpeng/sp/umi_project/universal_manipulation_interface/pika_dataset/exports/episode79/sample_000073/actions.json",
  "meta": {
    "start_index": 146,
    "obs_horizon": 2,
    "act_horizon": 16,
    "stride": 2,
    "obs_timestamps": [
      1776398610.427656,
      1776398610.459488
    ],
    "action_timestamps": [
      1776398610.4913304,
      1776398610.527686,
      1776398610.5595992,
      1776398610.5912726,
      1776398610.6276472,
      1776398610.6594322,
      1776398610.6912158,
      1776398610.7276762,
      1776398610.759506,
      1776398610.7913167,
      1776398610.827731,
      1776398610.8594959,
      1776398610.8913648,
      1776398610.9276855,
      1776398610.9595253,
      1776398610.9913523
    ]
  },
  "payload_pose_validation": {
    "format": "xyz_quat_xyzw",
    "pose_shape": [
      2,
      7
    ],
    "init_pose_shape": [
      7
    ],
    "quat_norm_mean": 1.0,
    "quat_norm_min": 1.0,
    "quat_norm_max": 1.0,
    "init_quat_norm": 0.9999999999999999
  },
  "inference": {
    "selected_arm": "arm_l",
    "checkpoint_path": "/home/sunpeng/sp/umi_project/universal_manipulation_interface/data/outputs/2026.04.20/16.30.06_train_diffusion_unet_timm_picknplace/checkpoints",
    "device": "cuda",
    "action_pred_shape": [
      16,
      10
    ],
    "env_action_shape": [
      16,
      7
    ]
  },
  "metrics": {
    "aligned_shape": [
      16,
      7
    ],
    "pred_shape": [
      16,
      7
    ],
    "target_shape": [
      16,
      7
    ],
    "position": {
      "mean_l2_error": 0.022188469767570496,
      "rmse_l2_error": 0.024613145738840103,
      "max_l2_error": 0.0356462262570858,
      "per_axis_mae": [
        0.003197113052010536,
        0.012762793339788914,
        0.013019087724387646
      ],
      "per_axis_rmse": [
        0.004319724161177874,
        0.016809703782200813,
        0.017452239990234375
      ]
    },
    "rotation": {
      "mean_geodesic_rad": 0.2083592712879181,
      "rmse_geodesic_rad": 0.24174654483795166,
      "max_geodesic_rad": 0.3479885458946228,
      "mean_geodesic_deg": 11.938105583190918,
      "rmse_geodesic_deg": 13.851056098937988,
      "max_geodesic_deg": 19.938274383544922
    },
    "gripper": {
      "mean_abs_error": 0.0002385815605521202,
      "rmse": 0.0003400612040422857,
      "max_abs_error": 0.0009844675660133362
    },
    "combined_legacy": {
      "mean_abs_error": 0.055459946393966675,
      "max_abs_error": 0.26410794258117676,
      "rmse": 0.09943076968193054
    },
    "pred_action_aligned": [
      [
        -0.24014975130558014,
        0.03862367570400238,
        -0.12870699167251587,
        -0.9771088361740112,
        1.2743269205093384,
        1.0224521160125732,
        0.072529137134552
      ],
      [
        -0.2436356246471405,
        0.03751733899116516,
        -0.12237446755170822,
        -0.9544543623924255,
        1.258445382118225,
        1.0376811027526855,
        0.07252076268196106
      ],
      [
        -0.2437654435634613,
        0.03865950182080269,
        -0.11296609789133072,
        -0.9108927845954895,
        1.2428569793701172,
        1.055528998374939,
        0.07271795719861984
      ],
      [
        -0.24509289860725403,
        0.03826481103897095,
        -0.10500133037567139,
        -0.8764514327049255,
        1.2202764749526978,
        1.0769695043563843,
        0.07248666137456894
      ],
      [
        -0.2467849999666214,
        0.038327865302562714,
        -0.0970861166715622,
        -0.8292977213859558,
        1.1965852975845337,
        1.1032171249389648,
        0.07280899584293365
      ],
      [
        -0.24937593936920166,
        0.037026092410087585,
        -0.08615272492170334,
        -0.7734836935997009,
        1.1562983989715576,
        1.1323111057281494,
        0.07267411798238754
      ],
      [
        -0.2472812682390213,
        0.03409407660365105,
        -0.07692838460206985,
        -0.7081542611122131,
        1.0932097434997559,
        1.1558042764663696,
        0.07288215309381485
      ],
      [
        -0.24521596729755402,
        0.029160432517528534,
        -0.07065801322460175,
        -0.6553354859352112,
        1.0192656517028809,
        1.1762696504592896,
        0.07285778224468231
      ],
      [
        -0.24531368911266327,
        0.022196495905518532,
        -0.07196260243654251,
        -0.6179999113082886,
        0.966372013092041,
        1.172469139099121,
        0.07293788343667984
      ],
      [
        -0.24782158434391022,
        0.0173049196600914,
        -0.07642346620559692,
        -0.574222207069397,
        0.9369568824768066,
        1.1702015399932861,
        0.07285470515489578
      ],
      [
        -0.2535887360572815,
        0.01573284901678562,
        -0.0847168117761612,
        -0.5488775372505188,
        0.9327428340911865,
        1.1890095472335815,
        0.07302211970090866
      ],
      [
        -0.2549474835395813,
        0.012091590091586113,
        -0.09182117879390717,
        -0.5462127327919006,
        0.9526726603507996,
        1.1741420030593872,
        0.07310393452644348
      ],
      [
        -0.2586217224597931,
        0.012961030006408691,
        -0.09343129396438599,
        -0.5393391847610474,
        0.9738153219223022,
        1.165345549583435,
        0.07335944473743439
      ],
      [
        -0.25839728116989136,
        0.010953228920698166,
        -0.09147782623767853,
        -0.5375046730041504,
        0.9489712119102478,
        1.1578062772750854,
        0.07318120449781418
      ],
      [
        -0.2568305730819702,
        0.013512985780835152,
        -0.08615228533744812,
        -0.5243961215019226,
        0.9245796203613281,
        1.1435226202011108,
        0.07280939072370529
      ],
      [
        -0.2532559931278229,
        0.01564708724617958,
        -0.08198736608028412,
        -0.5153699517250061,
        0.9059983491897583,
        1.1421784162521362,
        0.07380383461713791
      ]
    ],