{
  "sample_name": "sample_000153",
  "payload_path": "/home/sunpeng/sp/umi_project/universal_manipulation_interface/pika_dataset/exports/episode79/sample_000153/payload_raw.json",
  "actions_path": "/home/sunpeng/sp/umi_project/universal_manipulation_interface/pika_dataset/exports/episode79/sample_000153/actions.json",
  "meta": {
    "start_index": 306,
    "obs_horizon": 2,
    "act_horizon": 16,
    "stride": 2,
    "obs_timestamps": [
      1776398615.7597885,
      1776398615.7914917
    ],
    "action_timestamps": [
      1776398615.8278198,
      1776398615.8594987,
      1776398615.8913753,
      1776398615.927768,
      1776398615.9595258,
      1776398615.9914286,
      1776398616.0277767,
      1776398616.059616,
      1776398616.0914085,
      1776398616.1277854,
      1776398616.1595528,
      1776398616.1913958,
      1776398616.227772,
      1776398616.2595558,
      1776398616.2914371,
      1776398616.3277771
    ]
  },
  "payload_pose_validation": {
    "format": "xyz_quat_xyzw",
    "pose_shape": [
      2,
      7
    ],
    "init_pose_shape": [
      7
    ],
    "quat_norm_mean": 1.0,
    "quat_norm_min": 1.0,
    "quat_norm_max": 1.0,
    "init_quat_norm": 0.9999999999999999
  },
  "inference": {
    "selected_arm": "arm_l",
    "checkpoint_path": "/home/sunpeng/sp/umi_project/universal_manipulation_interface/data/outputs/2026.04.20/16.30.06_train_diffusion_unet_timm_picknplace/checkpoints",
    "device": "cuda",
    "action_pred_shape": [
      16,
      10
    ],
    "env_action_shape": [
      16,
      7
    ]
  },
  "metrics": {
    "aligned_shape": [
      16,
      7
    ],
    "pred_shape": [
      16,
      7
    ],
    "target_shape": [
      16,
      7
    ],
    "position": {
      "mean_l2_error": 0.0905093252658844,
      "rmse_l2_error": 0.10775687545537949,
      "max_l2_error": 0.15291233360767365,
      "per_axis_mae": [
        0.020418934524059296,
        0.05863118916749954,
        0.060547925531864166
      ],
      "per_axis_rmse": [
        0.02612471580505371,
        0.07756893336772919,
        0.07008639723062515
      ]
    },
    "rotation": {
      "mean_geodesic_rad": 0.2962675988674164,
      "rmse_geodesic_rad": 0.33669528365135193,
      "max_geodesic_rad": 0.4769054055213928,
      "mean_geodesic_deg": 16.974884033203125,
      "rmse_geodesic_deg": 19.291217803955078,
      "max_geodesic_deg": 27.324665069580078
    },
    "gripper": {
      "mean_abs_error": 8.269399404525757e-05,
      "rmse": 0.00019034315482713282,
      "max_abs_error": 0.0006375312805175781
    },
    "combined_legacy": {
      "mean_abs_error": 0.09744486957788467,
      "max_abs_error": 0.3780759572982788,
      "rmse": 0.1464991420507431
    },
    "pred_action_aligned": [
      [
        -0.23972740769386292,
        0.20773959159851074,
        -0.13024218380451202,
        -1.004370927810669,
        1.188349962234497,
        1.0946271419525146,
        0.09670703113079071
      ],
      [
        -0.23810243606567383,
        0.20948287844657898,
        -0.12668858468532562,
        -1.0093611478805542,
        1.1689393520355225,
        1.1065280437469482,
        0.09670703113079071
      ],
      [
        -0.23925410211086273,
        0.20975978672504425,
        -0.12069163471460342,
        -0.9822300672531128,
        1.1462948322296143,
        1.1294015645980835,
        0.09670703113079071
      ],
      [
        -0.23739714920520782,
        0.20582038164138794,
        -0.10782455652952194,
        -0.9538416862487793,
        1.1090829372406006,
        1.1487783193588257,
        0.09659381955862045
      ],
      [
        -0.242036372423172,
        0.20045383274555206,
        -0.09512166678905487,
        -0.918302059173584,
        1.072768211364746,
        1.1672157049179077,
        0.09670703113079071
      ],
      [
        -0.24161727726459503,
        0.19096115231513977,
        -0.07879043370485306,
        -0.8698714375495911,
        1.0286675691604614,
        1.1889727115631104,
        0.09666600823402405
      ],
      [
        -0.2539280652999878,
        0.18182533979415894,
        -0.056350916624069214,
        -0.7914360761642456,
        0.9882615208625793,
        1.2167786359786987,
        0.09670703113079071
      ],
      [
        -0.25676918029785156,
        0.1628173291683197,
        -0.040339186787605286,
        -0.7508451342582703,
        0.9428588151931763,
        1.2348852157592773,
        0.09670703113079071
      ],
      [
        -0.2616194188594818,
        0.14583805203437805,
        -0.02665644884109497,
        -0.7042371034622192,
        0.8810477256774902,
        1.2559685707092285,
        0.09670703113079071
      ],
      [
        -0.26581358909606934,
        0.1282792091369629,
        -0.022194936871528625,
        -0.6708442568778992,
        0.8571745157241821,
        1.2627160549163818,
        0.09670703113079071
      ],
      [
        -0.2707764208316803,
        0.10874451696872711,
        -0.021485917270183563,
        -0.6451283097267151,
        0.8456728458404541,
        1.2612942457199097,
        0.09670703113079071
      ],
      [
        -0.27495741844177246,
        0.0957791805267334,
        -0.024884812533855438,
        -0.6327199935913086,
        0.872564435005188,
        1.2683145999908447,
        0.09670703113079071
      ],
      [
        -0.2780396044254303,
        0.08406903594732285,
        -0.033129289746284485,
        -0.6503435373306274,
        0.8915374279022217,
        1.2569764852523804,
        0.09670703113079071
      ],
      [
        -0.28035345673561096,
        0.07899628579616547,
        -0.03824368119239807,
        -0.653123676776886,
        0.9011987447738647,
        1.2260520458221436,
        0.09634752571582794
      ],
      [
        -0.283333957195282,
        0.0767744928598404,
        -0.029871486127376556,
        -0.6307399868965149,
        0.8895456790924072,
        1.2321324348449707,
        0.09606950730085373
      ],
      [
        -0.28323182463645935,
        0.07320380210876465,
        -0.036877572536468506,
        -0.6396653056144714,
        0.8952105045318604,
        1.2176494598388672,
        0.09653531014919281
      ]
    ],