{
  "sample_name": "sample_000132",
  "payload_path": "/home/sunpeng/sp/umi_project/universal_manipulation_interface/pika_dataset/exports/episode79/sample_000132/payload_raw.json",
  "actions_path": "/home/sunpeng/sp/umi_project/universal_manipulation_interface/pika_dataset/exports/episode79/sample_000132/actions.json",
  "meta": {
    "start_index": 264,
    "obs_horizon": 2,
    "act_horizon": 16,
    "stride": 2,
    "obs_timestamps": [
      1776398614.359505,
      1776398614.391321
    ],
    "action_timestamps": [
      1776398614.4277146,
      1776398614.4594586,
      1776398614.4913654,
      1776398614.5277576,
      1776398614.5597117,
      1776398614.5913773,
      1776398614.6277854,
      1776398614.6594963,
      1776398614.6913636,
      1776398614.7277372,
      1776398614.759473,
      1776398614.7912495,
      1776398614.8277175,
      1776398614.8594944,
      1776398614.8912706,
      1776398614.927764
    ]
  },
  "payload_pose_validation": {
    "format": "xyz_quat_xyzw",
    "pose_shape": [
      2,
      7
    ],
    "init_pose_shape": [
      7
    ],
    "quat_norm_mean": 0.9999999999999999,
    "quat_norm_min": 0.9999999999999998,
    "quat_norm_max": 1.0,
    "init_quat_norm": 0.9999999999999999
  },
  "inference": {
    "selected_arm": "arm_l",
    "checkpoint_path": "/home/sunpeng/sp/umi_project/universal_manipulation_interface/data/outputs/2026.04.20/16.30.06_train_diffusion_unet_timm_picknplace/checkpoints",
    "device": "cuda",
    "action_pred_shape": [
      16,
      10
    ],
    "env_action_shape": [
      16,
      7
    ]
  },
  "metrics": {
    "aligned_shape": [
      16,
      7
    ],
    "pred_shape": [
      16,
      7
    ],
    "target_shape": [
      16,
      7
    ],
    "position": {
      "mean_l2_error": 0.01898995041847229,
      "rmse_l2_error": 0.02712848037481308,
      "max_l2_error": 0.07729977369308472,
      "per_axis_mae": [
        0.010091382078826427,
        0.006420285440981388,
        0.012767921201884747
      ],
      "per_axis_rmse": [
        0.013032101094722748,
        0.007631814107298851,
        0.02253606729209423
      ]
    },
    "rotation": {
      "mean_geodesic_rad": 0.07851904630661011,
      "rmse_geodesic_rad": 0.10231788456439972,
      "max_geodesic_rad": 0.2842341363430023,
      "mean_geodesic_deg": 4.498809814453125,
      "rmse_geodesic_deg": 5.862382888793945,
      "max_geodesic_deg": 16.285415649414062
    },
    "gripper": {
      "mean_abs_error": 0.013391811400651932,
      "rmse": 0.016361497342586517,
      "max_abs_error": 0.022576220333576202
    },
    "combined_legacy": {
      "mean_abs_error": 0.025765538215637207,
      "max_abs_error": 0.2328965663909912,
      "rmse": 0.04618697986006737
    },
    "pred_action_aligned": [
      [
        -0.23895198106765747,
        0.21077938377857208,
        -0.13001999258995056,
        -0.9925141334533691,
        1.237718939781189,
        1.0411936044692993,
        0.0732455626130104
      ],
      [
        -0.23544220626354218,
        0.20608094334602356,
        -0.12724275887012482,
        -1.0187588930130005,
        1.2172350883483887,
        1.0650521516799927,
        0.07294336706399918
      ],
      [
        -0.23600071668624878,
        0.2111358344554901,
        -0.1279740333557129,
        -1.0369884967803955,
        1.2126238346099854,
        1.052566647529602,
        0.07339455932378769
      ],
      [
        -0.23589861392974854,
        0.20877784490585327,
        -0.1329534351825714,
        -1.006139874458313,
        1.195530891418457,
        1.0554847717285156,
        0.07342129200696945
      ],
      [
        -0.2391340136528015,
        0.21138060092926025,
        -0.13529305160045624,
        -1.0041943788528442,
        1.2016870975494385,
        1.064832329750061,
        0.07469580322504044
      ],
      [
        -0.2393374890089035,
        0.21512015163898468,
        -0.1322314292192459,
        -0.9989995956420898,
        1.1895551681518555,
        1.07821786403656,
        0.08192519098520279
      ],
      [
        -0.2404126673936844,
        0.21083378791809082,
        -0.13558268547058105,
        -1.0180854797363281,
        1.1570295095443726,
        1.1210620403289795,
        0.09046445041894913
      ],
      [
        -0.24471399188041687,
        0.21219106018543243,
        -0.13773968815803528,
        -1.0325441360473633,
        1.1527067422866821,
        1.1087464094161987,
        0.09670703113079071
      ],
      [
        -0.24494950473308563,
        0.2125384658575058,
        -0.13702575862407684,
        -1.05329167842865,
        1.1538664102554321,
        1.0974661111831665,
        0.09601613879203796
      ],
      [
        -0.24370653927326202,
        0.21341097354888916,
        -0.14130382239818573,
        -1.0418819189071655,
        1.190082311630249,
        1.1082782745361328,
        0.09576254338026047
      ],
      [
        -0.24717548489570618,
        0.2110891044139862,
        -0.1387242078781128,
        -1.0335822105407715,
        1.1775234937667847,
        1.100638508796692,
        0.09558147937059402
      ],
      [
        -0.24831213057041168,
        0.21365751326084137,
        -0.13666288554668427,
        -1.0140461921691895,
        1.2017900943756104,
        1.0954359769821167,
        0.09558085352182388
      ],
      [
        -0.24784612655639648,
        0.21288031339645386,
        -0.12961111962795258,
        -1.0245962142944336,
        1.1701432466506958,
        1.1116822957992554,
        0.09473437070846558
      ],
      [
        -0.2504900097846985,
        0.21344546973705292,
        -0.11376313865184784,
        -1.009407639503479,
        1.1374720335006714,
        1.1442620754241943,
        0.09389489144086838
      ],
      [
        -0.2568436861038208,
        0.2177971601486206,
        -0.08121174573898315,
        -0.9520342946052551,
        1.079395055770874,
        1.1832034587860107,
        0.0943593978881836
      ],
      [
        -0.26057106256484985,
        0.22594054043293,
        -0.062221378087997437,
        -0.918724000453949,
        0.9910387396812439,
        1.2678442001342773,
        0.09293626248836517
      ]
    ],