{
  "sample_name": "sample_000155",
  "payload_path": "/home/sunpeng/sp/umi_project/universal_manipulation_interface/pika_dataset/exports/episode79/sample_000155/payload_raw.json",
  "actions_path": "/home/sunpeng/sp/umi_project/universal_manipulation_interface/pika_dataset/exports/episode79/sample_000155/actions.json",
  "meta": {
    "start_index": 310,
    "obs_horizon": 2,
    "act_horizon": 16,
    "stride": 2,
    "obs_timestamps": [
      1776398615.8913753,
      1776398615.927768
    ],
    "action_timestamps": [
      1776398615.9595258,
      1776398615.9914286,
      1776398616.0277767,
      1776398616.059616,
      1776398616.0914085,
      1776398616.1277854,
      1776398616.1595528,
      1776398616.1913958,
      1776398616.227772,
      1776398616.2595558,
      1776398616.2914371,
      1776398616.3277771,
      1776398616.359539,
      1776398616.3914185,
      1776398616.42781,
      1776398616.4597301
    ]
  },
  "payload_pose_validation": {
    "format": "xyz_quat_xyzw",
    "pose_shape": [
      2,
      7
    ],
    "init_pose_shape": [
      7
    ],
    "quat_norm_mean": 1.0,
    "quat_norm_min": 1.0,
    "quat_norm_max": 1.0,
    "init_quat_norm": 0.9999999999999999
  },
  "inference": {
    "selected_arm": "arm_l",
    "checkpoint_path": "/home/sunpeng/sp/umi_project/universal_manipulation_interface/data/outputs/2026.04.20/16.30.06_train_diffusion_unet_timm_picknplace/checkpoints",
    "device": "cuda",
    "action_pred_shape": [
      16,
      10
    ],
    "env_action_shape": [
      16,
      7
    ]
  },
  "metrics": {
    "aligned_shape": [
      16,
      7
    ],
    "pred_shape": [
      16,
      7
    ],
    "target_shape": [
      16,
      7
    ],
    "position": {
      "mean_l2_error": 0.014178108423948288,
      "rmse_l2_error": 0.019037429243326187,
      "max_l2_error": 0.04719965159893036,
      "per_axis_mae": [
        0.004393585026264191,
        0.009900743141770363,
        0.006013217382133007
      ],
      "per_axis_rmse": [
        0.0054168845526874065,
        0.01601497270166874,
        0.008752241730690002
      ]
    },
    "rotation": {
      "mean_geodesic_rad": 0.05482843145728111,
      "rmse_geodesic_rad": 0.06521100550889969,
      "max_geodesic_rad": 0.13297265768051147,
      "mean_geodesic_deg": 3.141437530517578,
      "rmse_geodesic_deg": 3.7363152503967285,
      "max_geodesic_deg": 7.618771553039551
    },
    "gripper": {
      "mean_abs_error": 0.0020054755732417107,
      "rmse": 0.002059362595900893,
      "max_abs_error": 0.0027670785784721375
    },
    "combined_legacy": {
      "mean_abs_error": 0.015519501641392708,
      "max_abs_error": 0.11880379915237427,
      "rmse": 0.02766135334968567
    },
    "pred_action_aligned": [
      [
        -0.23994125425815582,
        0.20746354758739471,
        -0.12569215893745422,
        -1.0364141464233398,
        1.1714411973953247,
        1.082533597946167,
        0.09525243937969208
      ],
      [
        -0.23704147338867188,
        0.2075602263212204,
        -0.12823018431663513,
        -1.0294795036315918,
        1.2012557983398438,
        1.0605099201202393,
        0.09407731890678406
      ],
      [
        -0.24194380640983582,
        0.20706553757190704,
        -0.12578515708446503,
        -1.0013076066970825,
        1.1959551572799683,
        1.0903079509735107,
        0.09514036774635315
      ],
      [
        -0.23815001547336578,
        0.20853020250797272,
        -0.12583191692829132,
        -0.9873430132865906,
        1.2044188976287842,
        1.0903871059417725,
        0.094955675303936
      ],
      [
        -0.234087735414505,
        0.21056395769119263,
        -0.1269913911819458,
        -1.0080369710922241,
        1.1700571775436401,
        1.07038152217865,
        0.0944020226597786
      ],
      [
        -0.22907844185829163,
        0.2066972255706787,
        -0.12323956936597824,
        -0.9947115182876587,
        1.177181601524353,
        1.0700708627700806,
        0.09527347981929779
      ],
      [
        -0.233585387468338,
        0.21001015603542328,
        -0.12593233585357666,
        -0.9830545783042908,
        1.1923484802246094,
        1.095645546913147,
        0.09452401846647263
      ],
      [
        -0.23190823197364807,
        0.21758528053760529,
        -0.12343481183052063,
        -0.9723706841468811,
        1.2059173583984375,
        1.0721532106399536,
        0.09393996000289917
      ],
      [
        -0.22870023548603058,
        0.20939116179943085,
        -0.12410654127597809,
        -0.9821622371673584,
        1.1810227632522583,
        1.108039379119873,
        0.093963623046875
      ],
      [
        -0.23388396203517914,
        0.21027275919914246,
        -0.11881563812494278,
        -0.9719180464744568,
        1.1877930164337158,
        1.1181989908218384,
        0.09484489262104034
      ],
      [
        -0.23377616703510284,
        0.21008551120758057,
        -0.10332299768924713,
        -0.9227182269096375,
        1.1943191289901733,
        1.0933889150619507,
        0.09530150890350342
      ],
      [
        -0.23905865848064423,
        0.1993160843849182,
        -0.09158852696418762,
        -0.9186426401138306,
        1.1286227703094482,
        1.1258846521377563,
        0.09464037418365479
      ],
      [
        -0.23891369998455048,
        0.1970614194869995,
        -0.07428506016731262,
        -0.8543570041656494,
        1.0856560468673706,
        1.1498686075210571,
        0.09500392526388168
      ],
      [
        -0.24257226288318634,
        0.177435040473938,
        -0.0580030232667923,
        -0.8268788456916809,
        1.0241477489471436,
        1.145167350769043,
        0.09508661925792694
      ],
      [
        -0.24809607863426208,
        0.16485300660133362,
        -0.05825936794281006,
        -0.8004761338233948,
        1.0256329774856567,
        1.1470650434494019,
        0.09410375356674194
      ],
      [
        -0.24546094238758087,
        0.14891445636749268,
        -0.061457619071006775,
        -0.774659276008606,
        0.9783771634101868,
        1.127366304397583,
        0.09471502900123596
      ]
    ],