{
  "sample_name": "sample_000117",
  "payload_path": "/home/sunpeng/sp/umi_project/universal_manipulation_interface/pika_dataset/exports/episode79/sample_000117/payload_raw.json",
  "actions_path": "/home/sunpeng/sp/umi_project/universal_manipulation_interface/pika_dataset/exports/episode79/sample_000117/actions.json",
  "meta": {
    "start_index": 234,
    "obs_horizon": 2,
    "act_horizon": 16,
    "stride": 2,
    "obs_timestamps": [
      1776398613.3595564,
      1776398613.3913634
    ],
    "action_timestamps": [
      1776398613.427778,
      1776398613.459609,
      1776398613.4913442,
      1776398613.527935,
      1776398613.559702,
      1776398613.5914123,
      1776398613.6277363,
      1776398613.659504,
      1776398613.6913922,
      1776398613.7277126,
      1776398613.7595196,
      1776398613.7913418,
      1776398613.8277562,
      1776398613.8595104,
      1776398613.8914251,
      1776398613.92779
    ]
  },
  "payload_pose_validation": {
    "format": "xyz_quat_xyzw",
    "pose_shape": [
      2,
      7
    ],
    "init_pose_shape": [
      7
    ],
    "quat_norm_mean": 1.0,
    "quat_norm_min": 1.0,
    "quat_norm_max": 1.0000000000000002,
    "init_quat_norm": 0.9999999999999999
  },
  "inference": {
    "selected_arm": "arm_l",
    "checkpoint_path": "/home/sunpeng/sp/umi_project/universal_manipulation_interface/data/outputs/2026.04.20/16.30.06_train_diffusion_unet_timm_picknplace/checkpoints",
    "device": "cuda",
    "action_pred_shape": [
      16,
      10
    ],
    "env_action_shape": [
      16,
      7
    ]
  },
  "metrics": {
    "aligned_shape": [
      16,
      7
    ],
    "pred_shape": [
      16,
      7
    ],
    "target_shape": [
      16,
      7
    ],
    "position": {
      "mean_l2_error": 0.019104143604636192,
      "rmse_l2_error": 0.022007286548614502,
      "max_l2_error": 0.047700002789497375,
      "per_axis_mae": [
        0.003686300478875637,
        0.006590592674911022,
        0.016297340393066406
      ],
      "per_axis_rmse": [
        0.005487898830324411,
        0.007548794150352478,
        0.019930360838770866
      ]
    },
    "rotation": {
      "mean_geodesic_rad": 0.061117254197597504,
      "rmse_geodesic_rad": 0.06410760432481766,
      "max_geodesic_rad": 0.08904189616441727,
      "mean_geodesic_deg": 3.501760244369507,
      "rmse_geodesic_deg": 3.6730949878692627,
      "max_geodesic_deg": 5.101724624633789
    },
    "gripper": {
      "mean_abs_error": 0.0004421258345246315,
      "rmse": 0.0004630531766451895,
      "max_abs_error": 0.0007217377424240112
    },
    "combined_legacy": {
      "mean_abs_error": 0.018743783235549927,
      "max_abs_error": 0.08655178546905518,
      "rmse": 0.028618402779102325
    },
    "pred_action_aligned": [
      [
        -0.24584659934043884,
        0.16522666811943054,
        -0.10410860925912857,
        -0.8719685077667236,
        1.0828640460968018,
        1.1441313028335571,
        0.07311712950468063
      ],
      [
        -0.2444750815629959,
        0.17529340088367462,
        -0.10985816270112991,
        -0.9025356769561768,
        1.100488543510437,
        1.119991660118103,
        0.0731571614742279
      ],
      [
        -0.2449520379304886,
        0.1834111213684082,
        -0.11718719452619553,
        -0.9286128282546997,
        1.1298277378082275,
        1.1138447523117065,
        0.07324554026126862
      ],
      [
        -0.24344836175441742,
        0.1912100464105606,
        -0.12045753747224808,
        -0.9600986242294312,
        1.1585729122161865,
        1.107762098312378,
        0.07305372506380081
      ],
      [
        -0.24317511916160583,
        0.1918121576309204,
        -0.12441366910934448,
        -0.9821957945823669,
        1.1556578874588013,
        1.0858802795410156,
        0.07317346334457397
      ],
      [
        -0.2416342943906784,
        0.19645948708057404,
        -0.12573498487472534,
        -0.9904807806015015,
        1.1629546880722046,
        1.0869781970977783,
        0.07286857813596725
      ],
      [
        -0.24149607121944427,
        0.20013533532619476,
        -0.12516963481903076,
        -0.9980084896087646,
        1.1679376363754272,
        1.069817066192627,
        0.0730975791811943
      ],
      [
        -0.24048349261283875,
        0.20134899020195007,
        -0.12798751890659332,
        -1.0008783340454102,
        1.1651864051818848,
        1.0783166885375977,
        0.07275447249412537
      ],
      [
        -0.2400064766407013,
        0.2035793662071228,
        -0.12895314395427704,
        -1.0108555555343628,
        1.1621630191802979,
        1.0587002038955688,
        0.07292935252189636
      ],
      [
        -0.2407839447259903,
        0.20176787674427032,
        -0.1325487494468689,
        -1.030041217803955,
        1.1635125875473022,
        1.0486503839492798,
        0.07301126420497894
      ],
      [
        -0.2386058121919632,
        0.2008143961429596,
        -0.1319475919008255,
        -1.0219382047653198,
        1.1723114252090454,
        1.0499157905578613,
        0.07303683459758759
      ],
      [
        -0.23919416964054108,
        0.20285473763942719,
        -0.13215091824531555,
        -1.0238648653030396,
        1.173262357711792,
        1.0432448387145996,
        0.0729953944683075
      ],
      [
        -0.23796233534812927,
        0.2039061337709427,
        -0.13327975571155548,
        -1.0212479829788208,
        1.161302924156189,
        1.0266053676605225,
        0.0729885995388031
      ],
      [
        -0.2354803830385208,
        0.2051214873790741,
        -0.13492414355278015,
        -1.0245376825332642,
        1.1600147485733032,
        1.036297082901001,
        0.07282940298318863
      ],
      [
        -0.2351963222026825,
        0.2046968787908554,
        -0.13452881574630737,
        -1.0179197788238525,
        1.170804738998413,
        1.0243518352508545,
        0.07302931696176529
      ],
      [
        -0.2334539294242859,
        0.20590314269065857,
        -0.1336798071861267,
        -1.0173180103302002,
        1.1693264245986938,
        1.022871971130371,
        0.07369488477706909
      ]
    ],