{
  "sample_name": "sample_000082",
  "payload_path": "/home/sunpeng/sp/umi_project/universal_manipulation_interface/pika_dataset/exports/episode79/sample_000082/payload_raw.json",
  "actions_path": "/home/sunpeng/sp/umi_project/universal_manipulation_interface/pika_dataset/exports/episode79/sample_000082/actions.json",
  "meta": {
    "start_index": 164,
    "obs_horizon": 2,
    "act_horizon": 16,
    "stride": 2,
    "obs_timestamps": [
      1776398611.0277302,
      1776398611.0596073
    ],
    "action_timestamps": [
      1776398611.091327,
      1776398611.12784,
      1776398611.1594741,
      1776398611.1913004,
      1776398611.2276905,
      1776398611.2595031,
      1776398611.291446,
      1776398611.327706,
      1776398611.359543,
      1776398611.3912938,
      1776398611.4278135,
      1776398611.459492,
      1776398611.4913552,
      1776398611.5276787,
      1776398611.5596828,
      1776398611.59132
    ]
  },
  "payload_pose_validation": {
    "format": "xyz_quat_xyzw",
    "pose_shape": [
      2,
      7
    ],
    "init_pose_shape": [
      7
    ],
    "quat_norm_mean": 1.0,
    "quat_norm_min": 0.9999999999999999,
    "quat_norm_max": 1.0,
    "init_quat_norm": 0.9999999999999999
  },
  "inference": {
    "selected_arm": "arm_l",
    "checkpoint_path": "/home/sunpeng/sp/umi_project/universal_manipulation_interface/data/outputs/2026.04.20/16.30.06_train_diffusion_unet_timm_picknplace/checkpoints",
    "device": "cuda",
    "action_pred_shape": [
      16,
      10
    ],
    "env_action_shape": [
      16,
      7
    ]
  },
  "metrics": {
    "aligned_shape": [
      16,
      7
    ],
    "pred_shape": [
      16,
      7
    ],
    "target_shape": [
      16,
      7
    ],
    "position": {
      "mean_l2_error": 0.011938238516449928,
      "rmse_l2_error": 0.012386012822389603,
      "max_l2_error": 0.01668759249150753,
      "per_axis_mae": [
        0.007226144894957542,
        0.0033521235454827547,
        0.005765912588685751
      ],
      "per_axis_rmse": [
        0.008652469143271446,
        0.004718635696917772,
        0.00750217167660594
      ]
    },
    "rotation": {
      "mean_geodesic_rad": 0.045159634202718735,
      "rmse_geodesic_rad": 0.04989772289991379,
      "max_geodesic_rad": 0.08641410619020462,
      "mean_geodesic_deg": 2.587456226348877,
      "rmse_geodesic_deg": 2.858928680419922,
      "max_geodesic_deg": 4.951163291931152
    },
    "gripper": {
      "mean_abs_error": 0.0007137022912502289,
      "rmse": 0.0008092763600870967,
      "max_abs_error": 0.0018281713128089905
    },
    "combined_legacy": {
      "mean_abs_error": 0.012033388949930668,
      "max_abs_error": 0.09218746423721313,
      "rmse": 0.02078048698604107
    },
    "pred_action_aligned": [
      [
        -0.2533038258552551,
        0.03543908894062042,
        -0.08539315313100815,
        -0.700467050075531,
        1.0837265253067017,
        1.1351090669631958,
        0.07357842475175858
      ],
      [
        -0.2554636299610138,
        0.035932622849941254,
        -0.08073268830776215,
        -0.6803323030471802,
        1.0391837358474731,
        1.1496729850769043,
        0.07376383244991302
      ],
      [
        -0.25874438881874084,
        0.035744909197092056,
        -0.08135782182216644,
        -0.6628396511077881,
        0.9913576245307922,
        1.1594042778015137,
        0.07375237345695496
      ],
      [
        -0.26326480507850647,
        0.033012207597494125,
        -0.0818345695734024,
        -0.6442994475364685,
        0.971561074256897,
        1.1679999828338623,
        0.07464753836393356
      ],
      [
        -0.2671239376068115,
        0.028260044753551483,
        -0.08094580471515656,
        -0.6116280555725098,
        0.9299972653388977,
        1.179604172706604,
        0.07391975075006485
      ],
      [
        -0.2698840796947479,
        0.027557039633393288,
        -0.07983850687742233,
        -0.6102408170700073,
        0.8996633291244507,
        1.1811259984970093,
        0.07390240579843521
      ],
      [
        -0.27191591262817383,
        0.02106008306145668,
        -0.08081603050231934,
        -0.590672492980957,
        0.901284396648407,
        1.1813757419586182,
        0.0738072320818901
      ],
      [
        -0.27215513586997986,
        0.01836385391652584,
        -0.07737850397825241,
        -0.6021340489387512,
        0.889185905456543,
        1.1870814561843872,
        0.07417796552181244
      ],
      [
        -0.2737068831920624,
        0.019881311804056168,
        -0.07597403973340988,
        -0.5889902114868164,
        0.8950942754745483,
        1.1736867427825928,
        0.0740850418806076
      ],
      [
        -0.27292370796203613,
        0.019002676010131836,
        -0.07179439067840576,
        -0.5772818922996521,
        0.8984070420265198,
        1.1763004064559937,
        0.07412904500961304
      ],
      [
        -0.26971960067749023,
        0.016756735742092133,
        -0.06788688153028488,
        -0.5698437094688416,
        0.8852575421333313,
        1.1687535047531128,
        0.07395731657743454
      ],
      [
        -0.2687472105026245,
        0.015231166034936905,
        -0.0625724121928215,
        -0.5536351799964905,
        0.8731926083564758,
        1.169845461845398,
        0.0740819051861763
      ],
      [
        -0.2682535946369171,
        0.014134688302874565,
        -0.05961822345852852,
        -0.5453888773918152,
        0.8540763854980469,
        1.1721813678741455,
        0.07373973727226257
      ],
      [
        -0.2680289149284363,
        0.012651804834604263,
        -0.06099722534418106,
        -0.543182909488678,
        0.8652735352516174,
        1.1799089908599854,
        0.07384327799081802
      ],
      [
        -0.2675575911998749,
        0.01865575648844242,
        -0.06341798603534698,
        -0.5402444005012512,
        0.8718265295028687,
        1.1790016889572144,
        0.07386697083711624
      ],
      [
        -0.2659575939178467,
        0.02619776874780655,
        -0.06615244597196579,
        -0.5349913239479065,
        0.8965531587600708,
        1.1742616891860962,
        0.07450156658887863
      ]
    ],