{
  "sample_name": "sample_000137",
  "payload_path": "/home/sunpeng/sp/umi_project/universal_manipulation_interface/pika_dataset/exports/episode79/sample_000137/payload_raw.json",
  "actions_path": "/home/sunpeng/sp/umi_project/universal_manipulation_interface/pika_dataset/exports/episode79/sample_000137/actions.json",
  "meta": {
    "start_index": 274,
    "obs_horizon": 2,
    "act_horizon": 16,
    "stride": 2,
    "obs_timestamps": [
      1776398614.6913636,
      1776398614.7277372
    ],
    "action_timestamps": [
      1776398614.759473,
      1776398614.7912495,
      1776398614.8277175,
      1776398614.8594944,
      1776398614.8912706,
      1776398614.927764,
      1776398614.959612,
      1776398614.9913938,
      1776398615.0277956,
      1776398615.0595434,
      1776398615.0914145,
      1776398615.1277435,
      1776398615.159631,
      1776398615.1914208,
      1776398615.2277205,
      1776398615.2595081
    ]
  },
  "payload_pose_validation": {
    "format": "xyz_quat_xyzw",
    "pose_shape": [
      2,
      7
    ],
    "init_pose_shape": [
      7
    ],
    "quat_norm_mean": 1.0,
    "quat_norm_min": 1.0,
    "quat_norm_max": 1.0,
    "init_quat_norm": 0.9999999999999999
  },
  "inference": {
    "selected_arm": "arm_l",
    "checkpoint_path": "/home/sunpeng/sp/umi_project/universal_manipulation_interface/data/outputs/2026.04.20/16.30.06_train_diffusion_unet_timm_picknplace/checkpoints",
    "device": "cuda",
    "action_pred_shape": [
      16,
      10
    ],
    "env_action_shape": [
      16,
      7
    ]
  },
  "metrics": {
    "aligned_shape": [
      16,
      7
    ],
    "pred_shape": [
      16,
      7
    ],
    "target_shape": [
      16,
      7
    ],
    "position": {
      "mean_l2_error": 0.011262230575084686,
      "rmse_l2_error": 0.012250849045813084,
      "max_l2_error": 0.018943781033158302,
      "per_axis_mae": [
        0.0022714314982295036,
        0.006307489238679409,
        0.00851221103221178
      ],
      "per_axis_rmse": [
        0.0033687353134155273,
        0.006779986433684826,
        0.009631546214222908
      ]
    },
    "rotation": {
      "mean_geodesic_rad": 0.040212489664554596,
      "rmse_geodesic_rad": 0.04327397048473358,
      "max_geodesic_rad": 0.0683220773935318,
      "mean_geodesic_deg": 2.3040058612823486,
      "rmse_geodesic_deg": 2.4794158935546875,
      "max_geodesic_deg": 3.9145665168762207
    },
    "gripper": {
      "mean_abs_error": 0.005304694175720215,
      "rmse": 0.006836801767349243,
      "max_abs_error": 0.012591205537319183
    },
    "combined_legacy": {
      "mean_abs_error": 0.0133206220343709,
      "max_abs_error": 0.06315529346466064,
      "rmse": 0.019444212317466736
    },
    "pred_action_aligned": [
      [
        -0.23307505249977112,
        0.20804381370544434,
        -0.1309484839439392,
        -1.0086692571640015,
        1.1942417621612549,
        1.039181113243103,
        0.07278874516487122
      ],
      [
        -0.23296214640140533,
        0.2089012861251831,
        -0.1325835883617401,
        -1.0044726133346558,
        1.194697380065918,
        1.0398211479187012,
        0.07288753241300583
      ],
      [
        -0.23128162324428558,
        0.21110545098781586,
        -0.12817074358463287,
        -1.0039033889770508,
        1.1890366077423096,
        1.0394725799560547,
        0.07303712517023087
      ],
      [
        -0.2300500124692917,
        0.2123873382806778,
        -0.1276317834854126,
        -0.9984292387962341,
        1.1977248191833496,
        1.0474002361297607,
        0.07330557703971863
      ],
      [
        -0.2310764044523239,
        0.21387334167957306,
        -0.12259655445814133,
        -0.9892112612724304,
        1.1946099996566772,
        1.050639033317566,
        0.07338284701108932
      ],
      [
        -0.23263968527317047,
        0.21343424916267395,
        -0.12325567752122879,
        -0.9870972633361816,
        1.2030894756317139,
        1.0600647926330566,
        0.07340962439775467
      ],
      [
        -0.2320847064256668,
        0.21290554106235504,
        -0.12216019630432129,
        -0.984771192073822,
        1.2223330736160278,
        1.0542800426483154,
        0.07519089430570602
      ],
      [
        -0.23396393656730652,
        0.21310566365718842,
        -0.12272820621728897,
        -0.9874457120895386,
        1.2118330001831055,
        1.0644081830978394,
        0.08201289921998978
      ],
      [
        -0.23266589641571045,
        0.2129315435886383,
        -0.12212380766868591,
        -0.9886596202850342,
        1.206276297569275,
        1.0652412176132202,
        0.08044442534446716
      ],
      [
        -0.2331555038690567,
        0.2137257158756256,
        -0.1208689883351326,
        -0.989311933517456,
        1.2008215188980103,
        1.0704530477523804,
        0.08867122232913971
      ],
      [
        -0.23480866849422455,
        0.21395711600780487,
        -0.11802799254655838,
        -0.995151937007904,
        1.1856968402862549,
        1.079024076461792,
        0.0899965688586235
      ],
      [
        -0.2339281439781189,
        0.21408994495868683,
        -0.11934106796979904,
        -0.9943935871124268,
        1.1831661462783813,
        1.0806161165237427,
        0.09209655970335007
      ],
      [
        -0.23606038093566895,
        0.21253986656665802,
        -0.12047842890024185,
        -0.9983931183815002,
        1.1950829029083252,
        1.0867674350738525,
        0.09370981901884079
      ],
      [
        -0.236390620470047,
        0.21196752786636353,
        -0.12165477871894836,
        -1.006919503211975,
        1.1961324214935303,
        1.0855950117111206,
        0.09379833936691284
      ],
      [
        -0.23785021901130676,
        0.21238143742084503,
        -0.12340047210454941,
        -1.015296459197998,
        1.1996887922286987,
        1.0909219980239868,
        0.09443328529596329
      ],
      [
        -0.2420496940612793,
        0.21110749244689941,
        -0.12500335276126862,
        -1.0151352882385254,
        1.2137936353683472,
        1.1101616621017456,
        0.09444551169872284
      ]
    ],