{
  "sample_name": "sample_000086",
  "payload_path": "/home/sunpeng/sp/umi_project/universal_manipulation_interface/pika_dataset/exports/episode79/sample_000086/payload_raw.json",
  "actions_path": "/home/sunpeng/sp/umi_project/universal_manipulation_interface/pika_dataset/exports/episode79/sample_000086/actions.json",
  "meta": {
    "start_index": 172,
    "obs_horizon": 2,
    "act_horizon": 16,
    "stride": 2,
    "obs_timestamps": [
      1776398611.291446,
      1776398611.327706
    ],
    "action_timestamps": [
      1776398611.359543,
      1776398611.3912938,
      1776398611.4278135,
      1776398611.459492,
      1776398611.4913552,
      1776398611.5276787,
      1776398611.5596828,
      1776398611.59132,
      1776398611.6276617,
      1776398611.6594505,
      1776398611.6912773,
      1776398611.7277238,
      1776398611.7595322,
      1776398611.7913105,
      1776398611.8276927,
      1776398611.8595483
    ]
  },
  "payload_pose_validation": {
    "format": "xyz_quat_xyzw",
    "pose_shape": [
      2,
      7
    ],
    "init_pose_shape": [
      7
    ],
    "quat_norm_mean": 1.0,
    "quat_norm_min": 1.0,
    "quat_norm_max": 1.0,
    "init_quat_norm": 0.9999999999999999
  },
  "inference": {
    "selected_arm": "arm_l",
    "checkpoint_path": "/home/sunpeng/sp/umi_project/universal_manipulation_interface/data/outputs/2026.04.20/16.30.06_train_diffusion_unet_timm_picknplace/checkpoints",
    "device": "cuda",
    "action_pred_shape": [
      16,
      10
    ],
    "env_action_shape": [
      16,
      7
    ]
  },
  "metrics": {
    "aligned_shape": [
      16,
      7
    ],
    "pred_shape": [
      16,
      7
    ],
    "target_shape": [
      16,
      7
    ],
    "position": {
      "mean_l2_error": 0.05335677042603493,
      "rmse_l2_error": 0.07413258403539658,
      "max_l2_error": 0.1482911854982376,
      "per_axis_mae": [
        0.015674088150262833,
        0.04883943870663643,
        0.009811466559767723
      ],
      "per_axis_rmse": [
        0.01904227025806904,
        0.07024558633565903,
        0.014092190191149712
      ]
    },
    "rotation": {
      "mean_geodesic_rad": 0.0777784138917923,
      "rmse_geodesic_rad": 0.11081800609827042,
      "max_geodesic_rad": 0.2875230312347412,
      "mean_geodesic_deg": 4.456374645233154,
      "rmse_geodesic_deg": 6.349403381347656,
      "max_geodesic_deg": 16.47385597229004
    },
    "gripper": {
      "mean_abs_error": 0.000197497196495533,
      "rmse": 0.00026678587892092764,
      "max_abs_error": 0.0007873997092247009
    },
    "combined_legacy": {
      "mean_abs_error": 0.027549738064408302,
      "max_abs_error": 0.25601935386657715,
      "rmse": 0.05257236957550049
    },
    "pred_action_aligned": [
      [
        -0.2575792074203491,
        0.02228880301117897,
        -0.07503550499677658,
        -0.5938822627067566,
        0.9469326138496399,
        1.1806989908218384,
        0.07331331819295883
      ],
      [
        -0.25674572587013245,
        0.020451745018363,
        -0.07742975652217865,
        -0.5750100016593933,
        0.9309473633766174,
        1.1682699918746948,
        0.07343698292970657
      ],
      [
        -0.2592166066169739,
        0.02237635850906372,
        -0.0762108713388443,
        -0.5592102408409119,
        0.9033597707748413,
        1.174597978591919,
        0.07317950576543808
      ],
      [
        -0.2567480206489563,
        0.019630614668130875,
        -0.07677347213029861,
        -0.5528066158294678,
        0.878044605255127,
        1.1825697422027588,
        0.07320597022771835
      ],
      [
        -0.2563715875148773,
        0.02098724991083145,
        -0.07443701475858688,
        -0.5511370897293091,
        0.8599157929420471,
        1.1824780702590942,
        0.07311245054006577
      ],
      [
        -0.25804200768470764,
        0.01970255747437477,
        -0.07462029904127121,
        -0.5413323044776917,
        0.8495948910713196,
        1.1847987174987793,
        0.0732756108045578
      ],
      [
        -0.2584207355976105,
        0.02175767719745636,
        -0.07524239271879196,
        -0.5410043001174927,
        0.8389074206352234,
        1.1903982162475586,
        0.0732596218585968
      ],
      [
        -0.2562095522880554,
        0.02977544069290161,
        -0.07166402786970139,
        -0.5418936014175415,
        0.8330027461051941,
        1.186729907989502,
        0.07346799224615097
      ],
      [
        -0.2531735897064209,
        0.04093364253640175,
        -0.062324002385139465,
        -0.5406314730644226,
        0.8191129565238953,
        1.1983513832092285,
        0.07338602095842361
      ],
      [
        -0.24818702042102814,
        0.05619146674871445,
        -0.05782691389322281,
        -0.5564036965370178,
        0.8223165273666382,
        1.2040668725967407,
        0.07360423356294632
      ],
      [
        -0.24385344982147217,
        0.07492581754922867,
        -0.053499918431043625,
        -0.5838480591773987,
        0.842631459236145,
        1.2097102403640747,
        0.07337136566638947
      ],
      [
        -0.24152718484401703,
        0.09528879821300507,
        -0.053044192492961884,
        -0.6224097609519958,
        0.8741862773895264,
        1.2174488306045532,
        0.07339334487915039
      ],
      [
        -0.23809628188610077,
        0.11101148277521133,
        -0.059047356247901917,
        -0.6762487292289734,
        0.9111185669898987,
        1.2071739435195923,
        0.07353529334068298
      ],
      [
        -0.23581312596797943,
        0.12794311344623566,
        -0.0673968642950058,
        -0.7181893587112427,
        0.9578453302383423,
        1.193987488746643,
        0.07361064851284027
      ],
      [
        -0.23428437113761902,
        0.14368952810764313,
        -0.07866255939006805,
        -0.76607346534729,
        0.9886761903762817,
        1.1797527074813843,
        0.07369109243154526
      ],
      [
        -0.23533570766448975,
        0.15369558334350586,
        -0.0906016007065773,
        -0.8117949962615967,
        1.0259974002838135,
        1.1662565469741821,
        0.07426360994577408
      ]
    ],