{
  "sample_name": "sample_000109",
  "payload_path": "/home/sunpeng/sp/umi_project/universal_manipulation_interface/pika_dataset/exports/episode79/sample_000109/payload_raw.json",
  "actions_path": "/home/sunpeng/sp/umi_project/universal_manipulation_interface/pika_dataset/exports/episode79/sample_000109/actions.json",
  "meta": {
    "start_index": 218,
    "obs_horizon": 2,
    "act_horizon": 16,
    "stride": 2,
    "obs_timestamps": [
      1776398612.8276937,
      1776398612.8595362
    ],
    "action_timestamps": [
      1776398612.8913043,
      1776398612.927757,
      1776398612.9594653,
      1776398612.9912927,
      1776398613.0276139,
      1776398613.0594413,
      1776398613.09128,
      1776398613.1277084,
      1776398613.1595042,
      1776398613.191496,
      1776398613.2277737,
      1776398613.259651,
      1776398613.291426,
      1776398613.3277295,
      1776398613.3595564,
      1776398613.3913634
    ]
  },
  "payload_pose_validation": {
    "format": "xyz_quat_xyzw",
    "pose_shape": [
      2,
      7
    ],
    "init_pose_shape": [
      7
    ],
    "quat_norm_mean": 1.0,
    "quat_norm_min": 0.9999999999999999,
    "quat_norm_max": 1.0,
    "init_quat_norm": 0.9999999999999999
  },
  "inference": {
    "selected_arm": "arm_l",
    "checkpoint_path": "/home/sunpeng/sp/umi_project/universal_manipulation_interface/data/outputs/2026.04.20/16.30.06_train_diffusion_unet_timm_picknplace/checkpoints",
    "device": "cuda",
    "action_pred_shape": [
      16,
      10
    ],
    "env_action_shape": [
      16,
      7
    ]
  },
  "metrics": {
    "aligned_shape": [
      16,
      7
    ],
    "pred_shape": [
      16,
      7
    ],
    "target_shape": [
      16,
      7
    ],
    "position": {
      "mean_l2_error": 0.03725040704011917,
      "rmse_l2_error": 0.04089326038956642,
      "max_l2_error": 0.056736867874860764,
      "per_axis_mae": [
        0.0032962430268526077,
        0.0342249870300293,
        0.012577316723763943
      ],
      "per_axis_rmse": [
        0.004149610176682472,
        0.037894848734140396,
        0.014799320138990879
      ]
    },
    "rotation": {
      "mean_geodesic_rad": 0.17435157299041748,
      "rmse_geodesic_rad": 0.189816415309906,
      "max_geodesic_rad": 0.2577382028102875,
      "mean_geodesic_deg": 9.989608764648438,
      "rmse_geodesic_deg": 10.875678062438965,
      "max_geodesic_deg": 14.76731014251709
    },
    "gripper": {
      "mean_abs_error": 0.0006046779453754425,
      "rmse": 0.0009022269514389336,
      "max_abs_error": 0.002458430826663971
    },
    "combined_legacy": {
      "mean_abs_error": 0.049627240747213364,
      "max_abs_error": 0.21016430854797363,
      "rmse": 0.07933448255062103
    },
    "pred_action_aligned": [
      [
        -0.24220095574855804,
        0.09882335364818573,
        -0.04687529057264328,
        -0.643528401851654,
        0.8490526676177979,
        1.1964044570922852,
        0.07345414906740189
      ],
      [
        -0.24537964165210724,
        0.10942897200584412,
        -0.046268559992313385,
        -0.6880043148994446,
        0.9077768921852112,
        1.1984657049179077,
        0.07363046705722809
      ],
      [
        -0.2455519586801529,
        0.12434947490692139,
        -0.053572993725538254,
        -0.7239069938659668,
        0.9600540399551392,
        1.2136512994766235,
        0.07367782294750214
      ],
      [
        -0.2461051642894745,
        0.13866327702999115,
        -0.05965085327625275,
        -0.7971948981285095,
        1.0139697790145874,
        1.1862578392028809,
        0.07511410862207413
      ],
      [
        -0.24736696481704712,
        0.1542203575372696,
        -0.0660972073674202,
        -0.8191508054733276,
        1.0518665313720703,
        1.2132230997085571,
        0.07392152398824692
      ],
      [
        -0.24398775398731232,
        0.1647428572177887,
        -0.06894855201244354,
        -0.8726792335510254,
        1.1035854816436768,
        1.1947505474090576,
        0.07413994520902634
      ],
      [
        -0.24198925495147705,
        0.17489856481552124,
        -0.07720035314559937,
        -0.8967651128768921,
        1.1294350624084473,
        1.1742984056472778,
        0.07376241683959961
      ],
      [
        -0.24001266062259674,
        0.1865193247795105,
        -0.08261726796627045,
        -0.9390699863433838,
        1.1547867059707642,
        1.1609457731246948,
        0.07367324829101562
      ],
      [
        -0.24546724557876587,
        0.19174842536449432,
        -0.0926736444234848,
        -0.9562119841575623,
        1.158095121383667,
        1.146654486656189,
        0.07380848377943039
      ],
      [
        -0.2406388819217682,
        0.19707846641540527,
        -0.09690931439399719,
        -0.9785929918289185,
        1.1705090999603271,
        1.1334705352783203,
        0.0738021656870842
      ],
      [
        -0.23875115811824799,
        0.1989929974079132,
        -0.09905742108821869,
        -0.9789507389068604,
        1.1614199876785278,
        1.1081655025482178,
        0.07513374090194702
      ],
      [
        -0.2395228147506714,
        0.19652488827705383,
        -0.1100364625453949,
        -0.9955933094024658,
        1.1638904809951782,
        1.0834134817123413,
        0.07593464106321335
      ],
      [
        -0.24509048461914062,
        0.19803744554519653,
        -0.11432807892560959,
        -0.9767207503318787,
        1.1910775899887085,
        1.103410243988037,
        0.07375574111938477
      ],
      [
        -0.24120865762233734,
        0.19444727897644043,
        -0.1166386604309082,
        -1.0003780126571655,
        1.1808465719223022,
        1.0656969547271729,
        0.07337396591901779
      ],
      [
        -0.23949016630649567,
        0.18850919604301453,
        -0.1183835119009018,
        -0.9736628532409668,
        1.176039695739746,
        1.0608717203140259,
        0.07296738028526306
      ],
      [
        -0.23486684262752533,
        0.18659096956253052,
        -0.11281299591064453,
        -0.9656890034675598,
        1.1550748348236084,
        1.060977816581726,
        0.07307428121566772
      ]
    ],