{
  "sample_name": "sample_000157",
  "payload_path": "/home/sunpeng/sp/umi_project/universal_manipulation_interface/pika_dataset/exports/episode79/sample_000157/payload_raw.json",
  "actions_path": "/home/sunpeng/sp/umi_project/universal_manipulation_interface/pika_dataset/exports/episode79/sample_000157/actions.json",
  "meta": {
    "start_index": 314,
    "obs_horizon": 2,
    "act_horizon": 16,
    "stride": 2,
    "obs_timestamps": [
      1776398616.0277767,
      1776398616.059616
    ],
    "action_timestamps": [
      1776398616.0914085,
      1776398616.1277854,
      1776398616.1595528,
      1776398616.1913958,
      1776398616.227772,
      1776398616.2595558,
      1776398616.2914371,
      1776398616.3277771,
      1776398616.359539,
      1776398616.3914185,
      1776398616.42781,
      1776398616.4597301,
      1776398616.4914372,
      1776398616.5278795,
      1776398616.559892,
      1776398616.5914965
    ]
  },
  "payload_pose_validation": {
    "format": "xyz_quat_xyzw",
    "pose_shape": [
      2,
      7
    ],
    "init_pose_shape": [
      7
    ],
    "quat_norm_mean": 1.0,
    "quat_norm_min": 1.0,
    "quat_norm_max": 1.0,
    "init_quat_norm": 0.9999999999999999
  },
  "inference": {
    "selected_arm": "arm_l",
    "checkpoint_path": "/home/sunpeng/sp/umi_project/universal_manipulation_interface/data/outputs/2026.04.20/16.30.06_train_diffusion_unet_timm_picknplace/checkpoints",
    "device": "cuda",
    "action_pred_shape": [
      16,
      10
    ],
    "env_action_shape": [
      16,
      7
    ]
  },
  "metrics": {
    "aligned_shape": [
      16,
      7
    ],
    "pred_shape": [
      16,
      7
    ],
    "target_shape": [
      16,
      7
    ],
    "position": {
      "mean_l2_error": 0.06537580490112305,
      "rmse_l2_error": 0.07825586199760437,
      "max_l2_error": 0.11598732322454453,
      "per_axis_mae": [
        0.010045829229056835,
        0.04766707867383957,
        0.03283742442727089
      ],
      "per_axis_rmse": [
        0.014643274247646332,
        0.06502784788608551,
        0.04099920019507408
      ]
    },
    "rotation": {
      "mean_geodesic_rad": 0.21851783990859985,
      "rmse_geodesic_rad": 0.2550336420536041,
      "max_geodesic_rad": 0.34887492656707764,
      "mean_geodesic_deg": 12.520149230957031,
      "rmse_geodesic_deg": 14.612350463867188,
      "max_geodesic_deg": 19.989059448242188
    },
    "gripper": {
      "mean_abs_error": 0.001810567919164896,
      "rmse": 0.0019631758332252502,
      "max_abs_error": 0.0036722421646118164
    },
    "combined_legacy": {
      "mean_abs_error": 0.0663713589310646,
      "max_abs_error": 0.32258111238479614,
      "rmse": 0.10972996801137924
    },
    "pred_action_aligned": [
      [
        -0.23835885524749756,
        0.19968180358409882,
        -0.13044579327106476,
        -1.022405743598938,
        1.1806144714355469,
        1.1042760610580444,
        0.09587322920560837
      ],
      [
        -0.23892249166965485,
        0.2048669159412384,
        -0.12650132179260254,
        -1.030482530593872,
        1.180375099182129,
        1.0876286029815674,
        0.09486313164234161
      ],
      [
        -0.2371615171432495,
        0.2037263661623001,
        -0.12052769958972931,
        -1.0217161178588867,
        1.167204737663269,
        1.1007983684539795,
        0.0953250452876091
      ],
      [
        -0.23694023489952087,
        0.2027139514684677,
        -0.11360010504722595,
        -0.9988177418708801,
        1.1491888761520386,
        1.1193411350250244,
        0.09534455090761185
      ],
      [
        -0.2416170984506607,
        0.20215514302253723,
        -0.09195869415998459,
        -0.9497249722480774,
        1.1085355281829834,
        1.1710633039474487,
        0.09549126029014587
      ],
      [
        -0.23825909197330475,
        0.1990886926651001,
        -0.06866455078125,
        -0.8681318163871765,
        1.0684020519256592,
        1.1984977722167969,
        0.09515265375375748
      ],
      [
        -0.2384810447692871,
        0.1904214471578598,
        -0.046851515769958496,
        -0.795925498008728,
        0.9698363542556763,
        1.2244988679885864,
        0.09531004726886749
      ],
      [
        -0.24114428460597992,
        0.17805291712284088,
        -0.028401747345924377,
        -0.7298228144645691,
        0.9240984320640564,
        1.2383499145507812,
        0.09468104690313339
      ],
      [
        -0.24449363350868225,
        0.15778836607933044,
        -0.02110276371240616,
        -0.670707643032074,
        0.9066877961158752,
        1.2558354139328003,
        0.09517016261816025
      ],
      [
        -0.2516273856163025,
        0.13663828372955322,
        -0.015466451644897461,
        -0.6300725936889648,
        0.8920401334762573,
        1.2532740831375122,
        0.09477151185274124
      ],
      [
        -0.2600118815898895,
        0.11716128140687943,
        -0.01761259138584137,
        -0.6141833662986755,
        0.8670878410339355,
        1.2636598348617554,
        0.09560295939445496
      ],
      [
        -0.2626986503601074,
        0.10347409546375275,
        -0.019065678119659424,
        -0.5903462767601013,
        0.8489087820053101,
        1.2560837268829346,
        0.09522242099046707
      ],
      [
        -0.26717180013656616,
        0.09252847731113434,
        -0.023427441716194153,
        -0.5551025867462158,
        0.8296679854393005,
        1.2299871444702148,
        0.09501807391643524
      ],
      [
        -0.27012887597084045,
        0.08203499764204025,
        -0.030437268316745758,
        -0.5378615856170654,
        0.8243715167045593,
        1.1993467807769775,
        0.09418444335460663
      ],
      [
        -0.2726263105869293,
        0.08040818572044373,
        -0.03571263700723648,
        -0.5341026782989502,
        0.8264023065567017,
        1.19246244430542,
        0.09329819679260254
      ],
      [
        -0.26726222038269043,
        0.06992237269878387,
        -0.0358174592256546,
        -0.5373094081878662,
        0.8714735507965088,
        1.1967623233795166,
        0.09303479641675949
      ]
    ],