{
  "sample_name": "sample_000087",
  "payload_path": "/home/sunpeng/sp/umi_project/universal_manipulation_interface/pika_dataset/exports/episode79/sample_000087/payload_raw.json",
  "actions_path": "/home/sunpeng/sp/umi_project/universal_manipulation_interface/pika_dataset/exports/episode79/sample_000087/actions.json",
  "meta": {
    "start_index": 174,
    "obs_horizon": 2,
    "act_horizon": 16,
    "stride": 2,
    "obs_timestamps": [
      1776398611.359543,
      1776398611.3912938
    ],
    "action_timestamps": [
      1776398611.4278135,
      1776398611.459492,
      1776398611.4913552,
      1776398611.5276787,
      1776398611.5596828,
      1776398611.59132,
      1776398611.6276617,
      1776398611.6594505,
      1776398611.6912773,
      1776398611.7277238,
      1776398611.7595322,
      1776398611.7913105,
      1776398611.8276927,
      1776398611.8595483,
      1776398611.8914282,
      1776398611.9276845
    ]
  },
  "payload_pose_validation": {
    "format": "xyz_quat_xyzw",
    "pose_shape": [
      2,
      7
    ],
    "init_pose_shape": [
      7
    ],
    "quat_norm_mean": 1.0,
    "quat_norm_min": 0.9999999999999999,
    "quat_norm_max": 1.0,
    "init_quat_norm": 0.9999999999999999
  },
  "inference": {
    "selected_arm": "arm_l",
    "checkpoint_path": "/home/sunpeng/sp/umi_project/universal_manipulation_interface/data/outputs/2026.04.20/16.30.06_train_diffusion_unet_timm_picknplace/checkpoints",
    "device": "cuda",
    "action_pred_shape": [
      16,
      10
    ],
    "env_action_shape": [
      16,
      7
    ]
  },
  "metrics": {
    "aligned_shape": [
      16,
      7
    ],
    "pred_shape": [
      16,
      7
    ],
    "target_shape": [
      16,
      7
    ],
    "position": {
      "mean_l2_error": 0.03647581487894058,
      "rmse_l2_error": 0.053386420011520386,
      "max_l2_error": 0.12310333549976349,
      "per_axis_mae": [
        0.010920947417616844,
        0.03247103840112686,
        0.009126581251621246
      ],
      "per_axis_rmse": [
        0.01358509249985218,
        0.05030177906155586,
        0.011631254106760025
      ]
    },
    "rotation": {
      "mean_geodesic_rad": 0.04267250746488571,
      "rmse_geodesic_rad": 0.055909350514411926,
      "max_geodesic_rad": 0.1392306089401245,
      "mean_geodesic_deg": 2.4449543952941895,
      "rmse_geodesic_deg": 3.203369617462158,
      "max_geodesic_deg": 7.977325916290283
    },
    "gripper": {
      "mean_abs_error": 0.00014203554019331932,
      "rmse": 0.00019710084598045796,
      "max_abs_error": 0.00048448145389556885
    },
    "combined_legacy": {
      "mean_abs_error": 0.017516879364848137,
      "max_abs_error": 0.14289206266403198,
      "rmse": 0.030527446419000626
    },
    "pred_action_aligned": [
      [
        -0.2614976167678833,
        0.017055734992027283,
        -0.0756145492196083,
        -0.5883799195289612,
        0.9229867458343506,
        1.1885268688201904,
        0.07396069169044495
      ],
      [
        -0.2626623511314392,
        0.014963911846280098,
        -0.07601244747638702,
        -0.5816299319267273,
        0.9110866189002991,
        1.1895064115524292,
        0.07383022457361221
      ],
      [
        -0.26219460368156433,
        0.013978632166981697,
        -0.07579594105482101,
        -0.5764824748039246,
        0.8987506628036499,
        1.186285376548767,
        0.07363869249820709
      ],
      [
        -0.2610953152179718,
        0.015243131667375565,
        -0.07543967664241791,
        -0.5758975744247437,
        0.8877454996109009,
        1.1810423135757446,
        0.07348444312810898
      ],
      [
        -0.26020196080207825,
        0.016635064035654068,
        -0.0743243396282196,
        -0.5767183303833008,
        0.8898163437843323,
        1.1801787614822388,
        0.0735504999756813
      ],
      [
        -0.2595279812812805,
        0.018954945728182793,
        -0.07328285276889801,
        -0.5792988538742065,
        0.8922871351242065,
        1.1790242195129395,
        0.07353971153497696
      ],
      [
        -0.2592800259590149,
        0.020785903558135033,
        -0.07309874147176743,
        -0.5766710042953491,
        0.8916708827018738,
        1.1792495250701904,
        0.07349547743797302
      ],
      [
        -0.2581024765968323,
        0.02136101946234703,
        -0.07124274224042892,
        -0.572222113609314,
        0.882776141166687,
        1.179553508758545,
        0.07345623522996902
      ],
      [
        -0.2571564018726349,
        0.023790083825588226,
        -0.06973040848970413,
        -0.5658674836158752,
        0.8713470697402954,
        1.1859689950942993,
        0.0734047144651413
      ],
      [
        -0.2561109662055969,
        0.02976209856569767,
        -0.06874585896730423,
        -0.5619046092033386,
        0.8456174731254578,
        1.1897797584533691,
        0.07331524789333344
      ],
      [
        -0.2539805471897125,
        0.03955291211605072,
        -0.06722132861614227,
        -0.5532533526420593,
        0.8192525506019592,
        1.193532109260559,
        0.07319209724664688
      ],
      [
        -0.24974489212036133,
        0.05332479253411293,
        -0.06105007603764534,
        -0.5538632273674011,
        0.7955875992774963,
        1.2080930471420288,
        0.0732623040676117
      ],
      [
        -0.243435800075531,
        0.07535594701766968,
        -0.05432296171784401,
        -0.5674817562103271,
        0.7863940000534058,
        1.2159925699234009,
        0.07348625361919403
      ],
      [
        -0.24115028977394104,
        0.09512081742286682,
        -0.0567205548286438,
        -0.5977957844734192,
        0.8090754151344299,
        1.2238751649856567,
        0.07345408946275711
      ],
      [
        -0.23937608301639557,
        0.11520016193389893,
        -0.06276006996631622,
        -0.6431854367256165,
        0.849830687046051,
        1.2253504991531372,
        0.07339883595705032
      ],
      [
        -0.23896507918834686,
        0.13269492983818054,
        -0.07144032418727875,
        -0.691704273223877,
        0.8994162678718567,
        1.2218149900436401,
        0.07322990149259567
      ]
    ],