{
  "sample_name": "sample_000162",
  "payload_path": "/home/sunpeng/sp/umi_project/universal_manipulation_interface/pika_dataset/exports/episode79/sample_000162/payload_raw.json",
  "actions_path": "/home/sunpeng/sp/umi_project/universal_manipulation_interface/pika_dataset/exports/episode79/sample_000162/actions.json",
  "meta": {
    "start_index": 324,
    "obs_horizon": 2,
    "act_horizon": 16,
    "stride": 2,
    "obs_timestamps": [
      1776398616.359539,
      1776398616.3914185
    ],
    "action_timestamps": [
      1776398616.42781,
      1776398616.4597301,
      1776398616.4914372,
      1776398616.5278795,
      1776398616.559892,
      1776398616.5914965,
      1776398616.6278436,
      1776398616.659625,
      1776398616.691384,
      1776398616.727801,
      1776398616.7595997,
      1776398616.791461,
      1776398616.8279164,
      1776398616.8596697,
      1776398616.8914468,
      1776398616.9277928
    ]
  },
  "payload_pose_validation": {
    "format": "xyz_quat_xyzw",
    "pose_shape": [
      2,
      7
    ],
    "init_pose_shape": [
      7
    ],
    "quat_norm_mean": 1.0,
    "quat_norm_min": 0.9999999999999999,
    "quat_norm_max": 1.0,
    "init_quat_norm": 0.9999999999999999
  },
  "inference": {
    "selected_arm": "arm_l",
    "checkpoint_path": "/home/sunpeng/sp/umi_project/universal_manipulation_interface/data/outputs/2026.04.20/16.30.06_train_diffusion_unet_timm_picknplace/checkpoints",
    "device": "cuda",
    "action_pred_shape": [
      16,
      10
    ],
    "env_action_shape": [
      16,
      7
    ]
  },
  "metrics": {
    "aligned_shape": [
      16,
      7
    ],
    "pred_shape": [
      16,
      7
    ],
    "target_shape": [
      16,
      7
    ],
    "position": {
      "mean_l2_error": 0.039637546986341476,
      "rmse_l2_error": 0.04634445160627365,
      "max_l2_error": 0.06917116791009903,
      "per_axis_mae": [
        0.008167293854057789,
        0.035335637629032135,
        0.011123384349048138
      ],
      "per_axis_rmse": [
        0.009560544043779373,
        0.0435718297958374,
        0.012565825134515762
      ]
    },
    "rotation": {
      "mean_geodesic_rad": 0.09520259499549866,
      "rmse_geodesic_rad": 0.10596857964992523,
      "max_geodesic_rad": 0.15173287689685822,
      "mean_geodesic_deg": 5.45470666885376,
      "rmse_geodesic_deg": 6.07155179977417,
      "max_geodesic_deg": 8.693653106689453
    },
    "gripper": {
      "mean_abs_error": 0.0036245002411305904,
      "rmse": 0.0037402897141873837,
      "max_abs_error": 0.005156494677066803
    },
    "combined_legacy": {
      "mean_abs_error": 0.03230961784720421,
      "max_abs_error": 0.13189828395843506,
      "rmse": 0.04744758829474449
    },
    "pred_action_aligned": [
      [
        -0.24374602735042572,
        0.201118603348732,
        -0.08272819221019745,
        -0.9260351061820984,
        1.0799344778060913,
        1.1502642631530762,
        0.09489940851926804
      ],
      [
        -0.24370548129081726,
        0.19856888055801392,
        -0.07355786114931107,
        -0.9104341864585876,
        1.0545203685760498,
        1.1615409851074219,
        0.09457789361476898
      ],
      [
        -0.24501006305217743,
        0.19440139830112457,
        -0.06239008903503418,
        -0.8828997015953064,
        1.0288859605789185,
        1.1832441091537476,
        0.09403687715530396
      ],
      [
        -0.24622589349746704,
        0.18852201104164124,
        -0.047704845666885376,
        -0.842322826385498,
        0.9903385639190674,
        1.205027461051941,
        0.09373433887958527
      ],
      [
        -0.24750696122646332,
        0.1781100034713745,
        -0.03251345828175545,
        -0.8137322664260864,
        0.9562445282936096,
        1.2286508083343506,
        0.09339264035224915
      ],
      [
        -0.24935223162174225,
        0.1664799600839615,
        -0.023213759064674377,
        -0.7666561603546143,
        0.8964044451713562,
        1.2405160665512085,
        0.09355086088180542
      ],
      [
        -0.25176483392715454,
        0.15198162198066711,
        -0.017995476722717285,
        -0.739641010761261,
        0.8515825867652893,
        1.2347685098648071,
        0.09338618814945221
      ],
      [
        -0.25358325242996216,
        0.13774245977401733,
        -0.015677452087402344,
        -0.7203357815742493,
        0.8351203799247742,
        1.240824580192566,
        0.09292848408222198
      ],
      [
        -0.2555517256259918,
        0.12560582160949707,
        -0.012986436486244202,
        -0.6831284761428833,
        0.8168246150016785,
        1.2416038513183594,
        0.09304582327604294
      ],
      [
        -0.25898221135139465,
        0.11190466582775116,
        -0.008789680898189545,
        -0.6457711458206177,
        0.804874837398529,
        1.2489814758300781,
        0.09286420792341232
      ],
      [
        -0.26537853479385376,
        0.0957675576210022,
        -0.014568254351615906,
        -0.6250976920127869,
        0.7963224053382874,
        1.2593811750411987,
        0.09276368468999863
      ],
      [
        -0.26813167333602905,
        0.08200572431087494,
        -0.02037038654088974,
        -0.6460163593292236,
        0.7943592071533203,
        1.253676414489746,
        0.09260305017232895
      ],
      [
        -0.2705937325954437,
        0.07072930037975311,
        -0.026820704340934753,
        -0.6340572237968445,
        0.8032329678535461,
        1.2520827054977417,
        0.09216352552175522
      ],
      [
        -0.272172749042511,
        0.06260861456394196,
        -0.029319316148757935,
        -0.6259973645210266,
        0.7984650731086731,
        1.2520811557769775,
        0.09179871529340744
      ],
      [
        -0.27556145191192627,
        0.05953472852706909,
        -0.028762519359588623,
        -0.6053276658058167,
        0.7716630101203918,
        1.25007963180542,
        0.0915505439043045
      ],
      [
        -0.27843374013900757,
        0.053990721702575684,
        -0.03001781553030014,
        -0.5915424227714539,
        0.7633750438690186,
        1.2507855892181396,
        0.09202437102794647
      ]
    ],