{
  "sample_name": "sample_000161",
  "payload_path": "/home/sunpeng/sp/umi_project/universal_manipulation_interface/pika_dataset/exports/episode79/sample_000161/payload_raw.json",
  "actions_path": "/home/sunpeng/sp/umi_project/universal_manipulation_interface/pika_dataset/exports/episode79/sample_000161/actions.json",
  "meta": {
    "start_index": 322,
    "obs_horizon": 2,
    "act_horizon": 16,
    "stride": 2,
    "obs_timestamps": [
      1776398616.2914371,
      1776398616.3277771
    ],
    "action_timestamps": [
      1776398616.359539,
      1776398616.3914185,
      1776398616.42781,
      1776398616.4597301,
      1776398616.4914372,
      1776398616.5278795,
      1776398616.559892,
      1776398616.5914965,
      1776398616.6278436,
      1776398616.659625,
      1776398616.691384,
      1776398616.727801,
      1776398616.7595997,
      1776398616.791461,
      1776398616.8279164,
      1776398616.8596697
    ]
  },
  "payload_pose_validation": {
    "format": "xyz_quat_xyzw",
    "pose_shape": [
      2,
      7
    ],
    "init_pose_shape": [
      7
    ],
    "quat_norm_mean": 1.0,
    "quat_norm_min": 0.9999999999999999,
    "quat_norm_max": 1.0,
    "init_quat_norm": 0.9999999999999999
  },
  "inference": {
    "selected_arm": "arm_l",
    "checkpoint_path": "/home/sunpeng/sp/umi_project/universal_manipulation_interface/data/outputs/2026.04.20/16.30.06_train_diffusion_unet_timm_picknplace/checkpoints",
    "device": "cuda",
    "action_pred_shape": [
      16,
      10
    ],
    "env_action_shape": [
      16,
      7
    ]
  },
  "metrics": {
    "aligned_shape": [
      16,
      7
    ],
    "pred_shape": [
      16,
      7
    ],
    "target_shape": [
      16,
      7
    ],
    "position": {
      "mean_l2_error": 0.03804047405719757,
      "rmse_l2_error": 0.04494282603263855,
      "max_l2_error": 0.07115259766578674,
      "per_axis_mae": [
        0.0028952080756425858,
        0.029718779027462006,
        0.017425891011953354
      ],
      "per_axis_rmse": [
        0.00360738392919302,
        0.03958120569586754,
        0.020980296656489372
      ]
    },
    "rotation": {
      "mean_geodesic_rad": 0.0997026115655899,
      "rmse_geodesic_rad": 0.1157594844698906,
      "max_geodesic_rad": 0.19515804946422577,
      "mean_geodesic_deg": 5.712538719177246,
      "rmse_geodesic_deg": 6.6325297355651855,
      "max_geodesic_deg": 11.181732177734375
    },
    "gripper": {
      "mean_abs_error": 0.006223973352462053,
      "rmse": 0.006634123623371124,
      "max_abs_error": 0.008831731975078583
    },
    "combined_legacy": {
      "mean_abs_error": 0.033520814031362534,
      "max_abs_error": 0.15951406955718994,
      "rmse": 0.051354892551898956
    },
    "pred_action_aligned": [
      [
        -0.2421598583459854,
        0.2034863531589508,
        -0.09613475948572159,
        -0.9541130065917969,
        1.1134096384048462,
        1.1338876485824585,
        0.09397312253713608
      ],
      [
        -0.2422100305557251,
        0.20416878163814545,
        -0.09223221242427826,
        -0.9486597180366516,
        1.1003625392913818,
        1.1211589574813843,
        0.09389680624008179
      ],
      [
        -0.24472396075725555,
        0.1985596865415573,
        -0.07953941076993942,
        -0.920644223690033,
        1.0749187469482422,
        1.1622930765151978,
        0.09316746890544891
      ],
      [
        -0.248101606965065,
        0.19630968570709229,
        -0.06248714029788971,
        -0.8859442472457886,
        1.0462677478790283,
        1.1809767484664917,
        0.09333030134439468
      ],
      [
        -0.24605050683021545,
        0.19101856648921967,
        -0.04785995930433273,
        -0.8528653979301453,
        1.0035514831542969,
        1.2131808996200562,
        0.0930992141366005
      ],
      [
        -0.2461979240179062,
        0.18239563703536987,
        -0.0352509506046772,
        -0.8366243243217468,
        0.9706158638000488,
        1.2367525100708008,
        0.09111019223928452
      ],
      [
        -0.2446337789297104,
        0.17423024773597717,
        -0.025159426033496857,
        -0.7833225727081299,
        0.9399315118789673,
        1.255442500114441,
        0.09157015383243561
      ],
      [
        -0.24349497258663177,
        0.16291283071041107,
        -0.013077005743980408,
        -0.7729237079620361,
        0.9144046902656555,
        1.2944607734680176,
        0.09016257524490356
      ],
      [
        -0.24668891727924347,
        0.15043219923973083,
        -0.003707699477672577,
        -0.7396328449249268,
        0.8650269508361816,
        1.3013958930969238,
        0.08892598748207092
      ],
      [
        -0.24275636672973633,
        0.13863259553909302,
        0.0009027197957038879,
        -0.6990165710449219,
        0.8248847126960754,
        1.2854259014129639,
        0.08844015002250671
      ],
      [
        -0.253163605928421,
        0.1258109211921692,
        0.009089425206184387,
        -0.6397621631622314,
        0.7938928008079529,
        1.30113685131073,
        0.08794689923524857
      ],
      [
        -0.2448386251926422,
        0.10984739661216736,
        0.002652592957019806,
        -0.6298278570175171,
        0.7772590517997742,
        1.2473251819610596,
        0.08832956850528717
      ],
      [
        -0.25247126817703247,
        0.09282132238149643,
        -0.004001706838607788,
        -0.5973764657974243,
        0.7889171242713928,
        1.2537449598312378,
        0.08787530660629272
      ],
      [
        -0.2500170171260834,
        0.0778251439332962,
        -0.014243900775909424,
        -0.5984641313552856,
        0.8196219205856323,
        1.2260395288467407,
        0.08792982250452042
      ],
      [
        -0.2529158592224121,
        0.06704196333885193,
        -0.012301966547966003,
        -0.5834599137306213,
        0.8314406275749207,
        1.2277284860610962,
        0.08977313339710236
      ],
      [
        -0.2512904405593872,
        0.06079675257205963,
        -0.013650178909301758,
        -0.5969336628913879,
        0.8465748429298401,
        1.2023289203643799,
        0.08819834142923355
      ]
    ],