{
  "sample_name": "sample_000006",
  "payload_path": "/home/sunpeng/sp/umi_project/universal_manipulation_interface/pika_dataset/exports/episode79/sample_000006/payload_raw.json",
  "actions_path": "/home/sunpeng/sp/umi_project/universal_manipulation_interface/pika_dataset/exports/episode79/sample_000006/actions.json",
  "meta": {
    "start_index": 12,
    "obs_horizon": 2,
    "act_horizon": 16,
    "stride": 2,
    "obs_timestamps": [
      1776398605.9595482,
      1776398605.9911747
    ],
    "action_timestamps": [
      1776398606.0216043,
      1776398606.059558,
      1776398606.091078,
      1776398606.1215608,
      1776398606.1596916,
      1776398606.1912963,
      1776398606.2215118,
      1776398606.2597332,
      1776398606.2911484,
      1776398606.321565,
      1776398606.3595877,
      1776398606.3911555,
      1776398606.4215672,
      1776398606.4597626,
      1776398606.491232,
      1776398606.5215523
    ]
  },
  "payload_pose_validation": {
    "format": "xyz_quat_xyzw",
    "pose_shape": [
      2,
      7
    ],
    "init_pose_shape": [
      7
    ],
    "quat_norm_mean": 1.0,
    "quat_norm_min": 1.0,
    "quat_norm_max": 1.0,
    "init_quat_norm": 0.9999999999999999
  },
  "inference": {
    "selected_arm": "arm_l",
    "checkpoint_path": "/home/sunpeng/sp/umi_project/universal_manipulation_interface/data/outputs/2026.04.20/16.30.06_train_diffusion_unet_timm_picknplace/checkpoints",
    "device": "cuda",
    "action_pred_shape": [
      16,
      10
    ],
    "env_action_shape": [
      16,
      7
    ]
  },
  "metrics": {
    "aligned_shape": [
      16,
      7
    ],
    "pred_shape": [
      16,
      7
    ],
    "target_shape": [
      16,
      7
    ],
    "position": {
      "mean_l2_error": 0.013797535561025143,
      "rmse_l2_error": 0.018702784553170204,
      "max_l2_error": 0.03922652080655098,
      "per_axis_mae": [
        0.007270935922861099,
        0.007739517837762833,
        0.008531945757567883
      ],
      "per_axis_rmse": [
        0.010320708155632019,
        0.010962954722344875,
        0.011094626039266586
      ]
    },
    "rotation": {
      "mean_geodesic_rad": 0.044568002223968506,
      "rmse_geodesic_rad": 0.05672593042254448,
      "max_geodesic_rad": 0.14387238025665283,
      "mean_geodesic_deg": 2.553557872772217,
      "rmse_geodesic_deg": 3.2501561641693115,
      "max_geodesic_deg": 8.243279457092285
    },
    "gripper": {
      "mean_abs_error": 0.000561270397156477,
      "rmse": 0.000579261570237577,
      "max_abs_error": 0.0007949173450469971
    },
    "combined_legacy": {
      "mean_abs_error": 0.01278509758412838,
      "max_abs_error": 0.1252465844154358,
      "rmse": 0.023342661559581757
    },
    "pred_action_aligned": [
      [
        -0.2732395827770233,
        -0.05590876191854477,
        -0.08150693774223328,
        -0.47675076127052307,
        0.9725506901741028,
        0.8408500552177429,
        0.09641445428133011
      ],
      [
        -0.27270522713661194,
        -0.05587269365787506,
        -0.08123290538787842,
        -0.4772481918334961,
        0.948513925075531,
        0.8494699597358704,
        0.09612423926591873
      ],
      [
        -0.27251768112182617,
        -0.05510267987847328,
        -0.08214239031076431,
        -0.47748738527297974,
        0.9297466278076172,
        0.8534829616546631,
        0.09630638360977173
      ],
      [
        -0.2720598578453064,
        -0.05278044939041138,
        -0.0834348276257515,
        -0.48012858629226685,
        0.9148030877113342,
        0.8588410019874573,
        0.09636089205741882
      ],
      [
        -0.2725701630115509,
        -0.05169910192489624,
        -0.08547971397638321,
        -0.478915810585022,
        0.9089335799217224,
        0.8637555241584778,
        0.0961998999118805
      ],
      [
        -0.27219298481941223,
        -0.050538137555122375,
        -0.08774015307426453,
        -0.47758686542510986,
        0.9035706520080566,
        0.8660855293273926,
        0.09619208425283432
      ],
      [
        -0.272948682308197,
        -0.049671564251184464,
        -0.08762422949075699,
        -0.47268274426460266,
        0.8970662951469421,
        0.8699430227279663,
        0.09602410346269608
      ],
      [
        -0.2716878354549408,
        -0.047653548419475555,
        -0.0871458649635315,
        -0.47891855239868164,
        0.887313187122345,
        0.869533896446228,
        0.09612302482128143
      ],
      [
        -0.2709164619445801,
        -0.046213820576667786,
        -0.08401817083358765,
        -0.47559964656829834,
        0.8818069696426392,
        0.8714566230773926,
        0.09599427133798599
      ],
      [
        -0.26917120814323425,
        -0.043380383402109146,
        -0.08145245164632797,
        -0.47999221086502075,
        0.8741912245750427,
        0.876743733882904,
        0.09611505270004272
      ],
      [
        -0.2670955955982208,
        -0.041310593485832214,
        -0.07849875092506409,
        -0.4947734475135803,
        0.8700016140937805,
        0.879789412021637,
        0.09602360427379608
      ],
      [
        -0.26554176211357117,
        -0.03822242468595505,
        -0.07775497436523438,
        -0.5203671455383301,
        0.8779714107513428,
        0.889951229095459,
        0.09591212123632431
      ],
      [
        -0.262873113155365,
        -0.034602247178554535,
        -0.07493226230144501,
        -0.5384960770606995,
        0.8893040418624878,
        0.889760434627533,
        0.09594424813985825
      ],
      [
        -0.2600574195384979,
        -0.028870055451989174,
        -0.07137082517147064,
        -0.5610417127609253,
        0.9056839346885681,
        0.902187705039978,
        0.09608297049999237
      ],
      [
        -0.25751644372940063,
        -0.02476329728960991,
        -0.0685654953122139,
        -0.599706768989563,
        0.9226610660552979,
        0.9090184569358826,
        0.09626903384923935
      ],
      [
        -0.25512436032295227,
        -0.01864272728562355,
        -0.06975123286247253,
        -0.6343425512313843,
        0.9478703737258911,
        0.9230501055717468,
        0.0962459072470665
      ]
    ],