{
  "sample_name": "sample_000065",
  "payload_path": "/home/sunpeng/sp/umi_project/universal_manipulation_interface/pika_dataset/exports/episode79/sample_000065/payload_raw.json",
  "actions_path": "/home/sunpeng/sp/umi_project/universal_manipulation_interface/pika_dataset/exports/episode79/sample_000065/actions.json",
  "meta": {
    "start_index": 130,
    "obs_horizon": 2,
    "act_horizon": 16,
    "stride": 2,
    "obs_timestamps": [
      1776398609.8913586,
      1776398609.9276798
    ],
    "action_timestamps": [
      1776398609.9594717,
      1776398609.9913273,
      1776398610.0276623,
      1776398610.0595322,
      1776398610.0913184,
      1776398610.127669,
      1776398610.159488,
      1776398610.1912985,
      1776398610.2276928,
      1776398610.2594612,
      1776398610.2913494,
      1776398610.3276358,
      1776398610.3594348,
      1776398610.391309,
      1776398610.427656,
      1776398610.459488
    ]
  },
  "payload_pose_validation": {
    "format": "xyz_quat_xyzw",
    "pose_shape": [
      2,
      7
    ],
    "init_pose_shape": [
      7
    ],
    "quat_norm_mean": 1.0,
    "quat_norm_min": 1.0,
    "quat_norm_max": 1.0,
    "init_quat_norm": 0.9999999999999999
  },
  "inference": {
    "selected_arm": "arm_l",
    "checkpoint_path": "/home/sunpeng/sp/umi_project/universal_manipulation_interface/data/outputs/2026.04.20/16.30.06_train_diffusion_unet_timm_picknplace/checkpoints",
    "device": "cuda",
    "action_pred_shape": [
      16,
      10
    ],
    "env_action_shape": [
      16,
      7
    ]
  },
  "metrics": {
    "aligned_shape": [
      16,
      7
    ],
    "pred_shape": [
      16,
      7
    ],
    "target_shape": [
      16,
      7
    ],
    "position": {
      "mean_l2_error": 0.03033396229147911,
      "rmse_l2_error": 0.036953650414943695,
      "max_l2_error": 0.059495002031326294,
      "per_axis_mae": [
        0.005153093487024307,
        0.007857982069253922,
        0.027928683906793594
      ],
      "per_axis_rmse": [
        0.0065748137421905994,
        0.010270599275827408,
        0.03488350659608841
      ]
    },
    "rotation": {
      "mean_geodesic_rad": 0.20817995071411133,
      "rmse_geodesic_rad": 0.2745910584926605,
      "max_geodesic_rad": 0.5157738924026489,
      "mean_geodesic_deg": 11.92783260345459,
      "rmse_geodesic_deg": 15.732908248901367,
      "max_geodesic_deg": 29.551666259765625
    },
    "gripper": {
      "mean_abs_error": 0.00022338517010211945,
      "rmse": 0.00031296725501306355,
      "max_abs_error": 0.0009178593754768372
    },
    "combined_legacy": {
      "mean_abs_error": 0.06047093868255615,
      "max_abs_error": 0.4182424545288086,
      "rmse": 0.11605299264192581
    },
    "pred_action_aligned": [
      [
        -0.2279554158449173,
        0.032863982021808624,
        -0.13640624284744263,
        -1.077991008758545,
        1.347069501876831,
        0.9359163641929626,
        0.07373722642660141
      ],
      [
        -0.23007962107658386,
        0.034345097839832306,
        -0.13532330095767975,
        -1.0672398805618286,
        1.3442943096160889,
        0.9315974712371826,
        0.07261506468057632
      ],
      [
        -0.23411867022514343,
        0.033899206668138504,
        -0.13197889924049377,
        -1.034184217453003,
        1.340390920639038,
        0.9499270915985107,
        0.07266009598970413
      ],
      [
        -0.23286421597003937,
        0.03847656771540642,
        -0.12464015930891037,
        -1.039444923400879,
        1.3308354616165161,
        0.9497041702270508,
        0.072565957903862
      ],
      [
        -0.2336965799331665,
        0.037447355687618256,
        -0.12426724284887314,
        -1.0358898639678955,
        1.3182927370071411,
        0.993376612663269,
        0.07298032194375992
      ],
      [
        -0.23164018988609314,
        0.03708204999566078,
        -0.12344910204410553,
        -1.01853609085083,
        1.2915163040161133,
        0.9889538884162903,
        0.0727502852678299
      ],
      [
        -0.23273490369319916,
        0.036164335906505585,
        -0.11969812214374542,
        -0.9956631064414978,
        1.262164831161499,
        1.0058465003967285,
        0.07272171974182129
      ],
      [
        -0.23391690850257874,
        0.033907849341630936,
        -0.11361117660999298,
        -0.9643930196762085,
        1.240238070487976,
        1.0295060873031616,
        0.07275081425905228
      ],
      [
        -0.23561961948871613,
        0.0329558327794075,
        -0.10579703748226166,
        -0.9038244485855103,
        1.2198930978775024,
        1.0594630241394043,
        0.07284918427467346
      ],
      [
        -0.23648875951766968,
        0.03230423852801323,
        -0.09515440464019775,
        -0.8431285619735718,
        1.1876037120819092,
        1.090773344039917,
        0.07266344130039215
      ],
      [
        -0.23938436806201935,
        0.02865980938076973,
        -0.08831341564655304,
        -0.7712598443031311,
        1.1586006879806519,
        1.1155096292495728,
        0.07288879156112671
      ],
      [
        -0.24399001896381378,
        0.026397844776511192,
        -0.08423054963350296,
        -0.7006458640098572,
        1.116827130317688,
        1.1550462245941162,
        0.07289665937423706
      ],
      [
        -0.2463705837726593,
        0.023409955203533173,
        -0.07878365367650986,
        -0.6506761312484741,
        1.0624388456344604,
        1.1717679500579834,
        0.07298794388771057
      ],
      [
        -0.25147080421447754,
        0.021441180258989334,
        -0.07434587180614471,
        -0.6013885140419006,
        1.0103232860565186,
        1.1940178871154785,
        0.07328133285045624
      ],
      [
        -0.25334709882736206,
        0.019160090014338493,
        -0.07594771683216095,
        -0.5799353718757629,
        0.9645191431045532,
        1.1907907724380493,
        0.07329975068569183
      ],
      [
        -0.2549615502357483,
        0.016277575865387917,
        -0.07426117360591888,
        -0.5588368773460388,
        0.9344690442085266,
        1.1934404373168945,
        0.07301906496286392
      ]
    ],