{
  "sample_name": "sample_000135",
  "payload_path": "/home/sunpeng/sp/umi_project/universal_manipulation_interface/pika_dataset/exports/episode79/sample_000135/payload_raw.json",
  "actions_path": "/home/sunpeng/sp/umi_project/universal_manipulation_interface/pika_dataset/exports/episode79/sample_000135/actions.json",
  "meta": {
    "start_index": 270,
    "obs_horizon": 2,
    "act_horizon": 16,
    "stride": 2,
    "obs_timestamps": [
      1776398614.5597117,
      1776398614.5913773
    ],
    "action_timestamps": [
      1776398614.6277854,
      1776398614.6594963,
      1776398614.6913636,
      1776398614.7277372,
      1776398614.759473,
      1776398614.7912495,
      1776398614.8277175,
      1776398614.8594944,
      1776398614.8912706,
      1776398614.927764,
      1776398614.959612,
      1776398614.9913938,
      1776398615.0277956,
      1776398615.0595434,
      1776398615.0914145,
      1776398615.1277435
    ]
  },
  "payload_pose_validation": {
    "format": "xyz_quat_xyzw",
    "pose_shape": [
      2,
      7
    ],
    "init_pose_shape": [
      7
    ],
    "quat_norm_mean": 1.0,
    "quat_norm_min": 1.0,
    "quat_norm_max": 1.0,
    "init_quat_norm": 0.9999999999999999
  },
  "inference": {
    "selected_arm": "arm_l",
    "checkpoint_path": "/home/sunpeng/sp/umi_project/universal_manipulation_interface/data/outputs/2026.04.20/16.30.06_train_diffusion_unet_timm_picknplace/checkpoints",
    "device": "cuda",
    "action_pred_shape": [
      16,
      10
    ],
    "env_action_shape": [
      16,
      7
    ]
  },
  "metrics": {
    "aligned_shape": [
      16,
      7
    ],
    "pred_shape": [
      16,
      7
    ],
    "target_shape": [
      16,
      7
    ],
    "position": {
      "mean_l2_error": 0.005194803699851036,
      "rmse_l2_error": 0.00595660088583827,
      "max_l2_error": 0.011114828288555145,
      "per_axis_mae": [
        0.0009624408558011055,
        0.0034016696736216545,
        0.003473385237157345
      ],
      "per_axis_rmse": [
        0.0012909462675452232,
        0.004172975663095713,
        0.004049793351441622
      ]
    },
    "rotation": {
      "mean_geodesic_rad": 0.024790840223431587,
      "rmse_geodesic_rad": 0.027440153062343597,
      "max_geodesic_rad": 0.0425974577665329,
      "mean_geodesic_deg": 1.420410394668579,
      "rmse_geodesic_deg": 1.5722049474716187,
      "max_geodesic_deg": 2.4406545162200928
    },
    "gripper": {
      "mean_abs_error": 0.01327812671661377,
      "rmse": 0.01567257195711136,
      "max_abs_error": 0.02169739454984665
    },
    "combined_legacy": {
      "mean_abs_error": 0.009402976371347904,
      "max_abs_error": 0.041632652282714844,
      "rmse": 0.01348892506211996
    },
    "pred_action_aligned": [
      [
        -0.23460285365581512,
        0.20693521201610565,
        -0.1313430815935135,
        -1.0138972997665405,
        1.2040516138076782,
        1.0345379114151,
        0.07324235141277313
      ],
      [
        -0.23303009569644928,
        0.2075018286705017,
        -0.13367360830307007,
        -1.0216542482376099,
        1.2078715562820435,
        1.0291810035705566,
        0.07361873984336853
      ],
      [
        -0.23272833228111267,
        0.20722150802612305,
        -0.13372205197811127,
        -1.0242607593536377,
        1.210813283920288,
        1.0298784971237183,
        0.07389760762453079
      ],
      [
        -0.23278453946113586,
        0.20759718120098114,
        -0.13312958180904388,
        -1.024868130683899,
        1.2146586179733276,
        1.0307424068450928,
        0.07625263929367065
      ],
      [
        -0.23254376649856567,
        0.20820647478103638,
        -0.1313222497701645,
        -1.0253586769104004,
        1.2056047916412354,
        1.0387424230575562,
        0.07818638533353806
      ],
      [
        -0.23184268176555634,
        0.20944824814796448,
        -0.12959861755371094,
        -1.0312899351119995,
        1.1991647481918335,
        1.0457161664962769,
        0.08545482158660889
      ],
      [
        -0.2328396737575531,
        0.20955751836299896,
        -0.12957675755023956,
        -1.0284185409545898,
        1.1964004039764404,
        1.0503120422363281,
        0.09068126976490021
      ],
      [
        -0.23292914032936096,
        0.2098722755908966,
        -0.129442036151886,
        -1.0333784818649292,
        1.1868406534194946,
        1.0530627965927124,
        0.09181749075651169
      ],
      [
        -0.23314201831817627,
        0.20967936515808105,
        -0.1289484053850174,
        -1.0371334552764893,
        1.186880350112915,
        1.0540472269058228,
        0.09403727948665619
      ],
      [
        -0.2335605025291443,
        0.21038039028644562,
        -0.12896203994750977,
        -1.0380563735961914,
        1.1839120388031006,
        1.055741310119629,
        0.09582820534706116
      ],
      [
        -0.2335730642080307,
        0.21044254302978516,
        -0.1284772753715515,
        -1.0390825271606445,
        1.184342622756958,
        1.0568026304244995,
        0.09599611163139343
      ],
      [
        -0.2332654893398285,
        0.21077415347099304,
        -0.1283031851053238,
        -1.0405247211456299,
        1.1816502809524536,
        1.0620492696762085,
        0.09615480899810791
      ],
      [
        -0.23357358574867249,
        0.2110680192708969,
        -0.12803328037261963,
        -1.0415215492248535,
        1.1774632930755615,
        1.0644950866699219,
        0.09623658657073975
      ],
      [
        -0.2329910546541214,
        0.21148379147052765,
        -0.12792804837226868,
        -1.0413317680358887,
        1.1752818822860718,
        1.0685839653015137,
        0.09636139869689941
      ],
      [
        -0.23463550209999084,
        0.2115611582994461,
        -0.12742581963539124,
        -1.0350732803344727,
        1.1762492656707764,
        1.0716651678085327,
        0.09628038108348846
      ],
      [
        -0.2356947660446167,
        0.21170035004615784,
        -0.12546025216579437,
        -1.019919991493225,
        1.1793714761734009,
        1.0751676559448242,
        0.0966794416308403
      ]
    ],