{
  "sample_name": "sample_000083",
  "payload_path": "/home/sunpeng/sp/umi_project/universal_manipulation_interface/pika_dataset/exports/episode79/sample_000083/payload_raw.json",
  "actions_path": "/home/sunpeng/sp/umi_project/universal_manipulation_interface/pika_dataset/exports/episode79/sample_000083/actions.json",
  "meta": {
    "start_index": 166,
    "obs_horizon": 2,
    "act_horizon": 16,
    "stride": 2,
    "obs_timestamps": [
      1776398611.091327,
      1776398611.12784
    ],
    "action_timestamps": [
      1776398611.1594741,
      1776398611.1913004,
      1776398611.2276905,
      1776398611.2595031,
      1776398611.291446,
      1776398611.327706,
      1776398611.359543,
      1776398611.3912938,
      1776398611.4278135,
      1776398611.459492,
      1776398611.4913552,
      1776398611.5276787,
      1776398611.5596828,
      1776398611.59132,
      1776398611.6276617,
      1776398611.6594505
    ]
  },
  "payload_pose_validation": {
    "format": "xyz_quat_xyzw",
    "pose_shape": [
      2,
      7
    ],
    "init_pose_shape": [
      7
    ],
    "quat_norm_mean": 1.0,
    "quat_norm_min": 1.0,
    "quat_norm_max": 1.0,
    "init_quat_norm": 0.9999999999999999
  },
  "inference": {
    "selected_arm": "arm_l",
    "checkpoint_path": "/home/sunpeng/sp/umi_project/universal_manipulation_interface/data/outputs/2026.04.20/16.30.06_train_diffusion_unet_timm_picknplace/checkpoints",
    "device": "cuda",
    "action_pred_shape": [
      16,
      10
    ],
    "env_action_shape": [
      16,
      7
    ]
  },
  "metrics": {
    "aligned_shape": [
      16,
      7
    ],
    "pred_shape": [
      16,
      7
    ],
    "target_shape": [
      16,
      7
    ],
    "position": {
      "mean_l2_error": 0.015255228616297245,
      "rmse_l2_error": 0.01842908002436161,
      "max_l2_error": 0.038825687021017075,
      "per_axis_mae": [
        0.0062308162450790405,
        0.005545245483517647,
        0.011306608095765114
      ],
      "per_axis_rmse": [
        0.008689776994287968,
        0.0072372425347566605,
        0.01455132570117712
      ]
    },
    "rotation": {
      "mean_geodesic_rad": 0.060522932559251785,
      "rmse_geodesic_rad": 0.06382785737514496,
      "max_geodesic_rad": 0.0921715795993805,
      "mean_geodesic_deg": 3.4677085876464844,
      "rmse_geodesic_deg": 3.6570663452148438,
      "max_geodesic_deg": 5.281042098999023
    },
    "gripper": {
      "mean_abs_error": 0.00031903618946671486,
      "rmse": 0.00034260968095622957,
      "max_abs_error": 0.0006071478128433228
    },
    "combined_legacy": {
      "mean_abs_error": 0.016263240948319435,
      "max_abs_error": 0.09645617008209229,
      "rmse": 0.025919048115611076
    },
    "pred_action_aligned": [
      [
        -0.25260287523269653,
        0.030031008645892143,
        -0.08222266286611557,
        -0.6729000210762024,
        1.0492732524871826,
        1.1411265134811401,
        0.07337869703769684
      ],
      [
        -0.25510892271995544,
        0.027107009664177895,
        -0.07481448352336884,
        -0.6351038217544556,
        0.9913554191589355,
        1.1610645055770874,
        0.0731678158044815
      ],
      [
        -0.25762027502059937,
        0.022976912558078766,
        -0.0715995654463768,
        -0.604887843132019,
        0.9368866682052612,
        1.1624683141708374,
        0.07311207801103592
      ],
      [
        -0.2604334354400635,
        0.01927347481250763,
        -0.07412297278642654,
        -0.6014455556869507,
        0.8953946232795715,
        1.1620961427688599,
        0.07286906242370605
      ],
      [
        -0.2612755298614502,
        0.013650944456458092,
        -0.07638979703187943,
        -0.5809944272041321,
        0.8881041407585144,
        1.1522953510284424,
        0.07324592024087906
      ],
      [
        -0.26315948367118835,
        0.011210205033421516,
        -0.07868117839097977,
        -0.5721653699874878,
        0.8855237364768982,
        1.1472113132476807,
        0.07304394245147705
      ],
      [
        -0.2645210027694702,
        0.011705894023180008,
        -0.0747842788696289,
        -0.5697689652442932,
        0.8882476687431335,
        1.148054599761963,
        0.07322453707456589
      ],
      [
        -0.2644139528274536,
        0.013567717745900154,
        -0.07141969352960587,
        -0.5718545913696289,
        0.8795701861381531,
        1.1609774827957153,
        0.07312272489070892
      ],
      [
        -0.26352885365486145,
        0.016664503142237663,
        -0.06434480845928192,
        -0.5711095929145813,
        0.8687240481376648,
        1.1611933708190918,
        0.07327204197645187
      ],
      [
        -0.26167985796928406,
        0.01798122376203537,
        -0.05895314738154411,
        -0.5654757618904114,
        0.8674288988113403,
        1.163239598274231,
        0.07328467816114426
      ],
      [
        -0.25959986448287964,
        0.019274339079856873,
        -0.054617881774902344,
        -0.5694097280502319,
        0.8655959963798523,
        1.1639536619186401,
        0.07323679327964783
      ],
      [
        -0.25741949677467346,
        0.017217379063367844,
        -0.054532740265131,
        -0.561822772026062,
        0.8615212440490723,
        1.1592597961425781,
        0.07315750420093536
      ],
      [
        -0.2548968493938446,
        0.01667090877890587,
        -0.05507120490074158,
        -0.5610188245773315,
        0.8477358818054199,
        1.1508740186691284,
        0.07323567569255829
      ],
      [
        -0.2511756718158722,
        0.017358973622322083,
        -0.05306204408407211,
        -0.5602132081985474,
        0.8385248184204102,
        1.146256685256958,
        0.07327549159526825
      ],
      [
        -0.2493269294500351,
        0.022109586745500565,
        -0.054968319833278656,
        -0.5488653182983398,
        0.8106774687767029,
        1.1511986255645752,
        0.07390478998422623
      ],
      [
        -0.2467823177576065,
        0.02992250770330429,
        -0.053342655301094055,
        -0.5459730625152588,
        0.808707594871521,
        1.159001111984253,
        0.0736817792057991
      ]
    ],