{
	"angle" : 1.3700000000000001,
	"distance" : 0.079902565355795846
}
