{
	"angle" : 1.5600000000000001,
	"distance" : 0.091088769357868166
}
