{
	"angle" : 0.84999999999999998,
	"distance" : 0.045264127472730828
}
