{
	"angle" : 0.68999999999999995,
	"distance" : 0.034991620396179882
}
