{
	"angle" : 1.3799999999999999,
	"distance" : 0.080528506078259232
}
