{
	"angle" : 0.90000000000000002,
	"distance" : 0.048580939320098909
}
