{
	"angle" : 0.81000000000000005,
	"distance" : 0.042642462683190052
}
