{
	"angle" : 0.070000000000000007,
	"distance" : 0.0027867779809693932
}
