{
	"angle" : 0.089999999999999997,
	"distance" : 0.0036139446353222748
}
