{
	"angle" : 0.28000000000000003,
	"distance" : 0.012177696584485004
}
