{
	"angle" : 0.23999999999999999,
	"distance" : 0.010267330097809529
}
