{
	"angle" : 1.3200000000000001,
	"distance" : 0.076724515035289265
}
