{
	"angle" : 1.4099999999999999,
	"distance" : 0.082384897069794988
}
