{
	"angle" : 0.029999999999999999,
	"distance" : 0.0011738638096563114
}
