{
	"angle" : 1.5900000000000001,
	"distance" : 0.092692930071634122
}
