{
	"angle" : 1.0800000000000001,
	"distance" : 0.060737887811597335
}
