{
	"angle" : 0.17000000000000001,
	"distance" : 0.0070627875828003228
}
