{
	"angle" : 1.4299999999999999,
	"distance" : 0.083603519598765969
}
