{
	"angle" : 1.3300000000000001,
	"distance" : 0.077366195052118697
}
