{
	"angle" : 1.4399999999999999,
	"distance" : 0.084206798027318813
}
