{
	"angle" : 1.6000000000000001,
	"distance" : 0.093216153267006135
}
