{
	"angle" : 1.0700000000000001,
	"distance" : 0.06005912209944933
}
