{
	"angle" : 0.42999999999999999,
	"distance" : 0.019855434463623867
}
