{
	"angle" : 0.93999999999999995,
	"distance" : 0.051260304235398874
}
