{
	"angle" : 1.6599999999999999,
	"distance" : 0.096227455929696532
}
