{
	"angle" : 1.6100000000000001,
	"distance" : 0.09373345336204808
}
