{
	"angle" : 1.6399999999999999,
	"distance" : 0.095248761967354906
}
