{
	"angle" : 0.52000000000000002,
	"distance" : 0.024844444071801766
}
