{
	"angle" : 0.77000000000000002,
	"distance" : 0.040053868532656231
}
