{
	"angle" : 0.46000000000000002,
	"distance" : 0.02148724963846986
}
