{
	"angle" : 1.3600000000000001,
	"distance" : 0.079273260289300485
}
