{
	"angle" : 1.6299999999999999,
	"distance" : 0.094749858078448518
}
