{
	"angle" : 0.14999999999999999,
	"distance" : 0.0061793809263324256
}
