{
	"angle" : 1.3400000000000001,
	"distance" : 0.078004956292267696
}
