{
	"angle" : 1.6699999999999999,
	"distance" : 0.096707040703041203
}
