{
	"angle" : 1.1699999999999999,
	"distance" : 0.066825111467188919
}
