{
	"angle" : 1.3500000000000001,
	"distance" : 0.078640683134306721
}
