{
	"angle" : 0.050000000000000003,
	"distance" : 0.0019734539779385774
}
