{
	"angle" : 0.57999999999999996,
	"distance" : 0.028322532763478181
}
