{
	"angle" : 0.66000000000000003,
	"distance" : 0.033137291249195844
}
