{
	"angle" : 1.4199999999999999,
	"distance" : 0.082996181802448693
}
