{
	"angle" : 1.6499999999999999,
	"distance" : 0.095741326398763094
}
