{
	"angle" : 1.6200000000000001,
	"distance" : 0.094244725558876669
}
