{
	"angle" : 1.5700000000000001,
	"distance" : 0.091629135891373642
}
