{
	"angle" : 1.3899999999999999,
	"distance" : 0.0811509458467711
}
