{
	"angle" : 0.059999999999999998,
	"distance" : 0.0023783904215333163
}
