{
	"angle" : 1.3100000000000001,
	"distance" : 0.076080017288940482
}
