{
	"angle" : 0.28999999999999998,
	"distance" : 0.012664323614105522
}
