{
	"angle" : 0.46999999999999997,
	"distance" : 0.022038184918277359
}
