{
	"angle" : 0.60999999999999999,
	"distance" : 0.030105086545604481
}
