{
  "start_index": 248,
  "obs_horizon": 2,
  "act_horizon": 16,
  "stride": 2,
  "obs_timestamps": [
    1776398613.8277562,
    1776398613.8595104
  ],
  "action_timestamps": [
    1776398613.8914251,
    1776398613.92779,
    1776398613.9594793,
    1776398613.9913046,
    1776398614.0276868,
    1776398614.0594265,
    1776398614.0913184,
    1776398614.127781,
    1776398614.1595907,
    1776398614.191367,
    1776398614.2277157,
    1776398614.2595606,
    1776398614.291338,
    1776398614.3277342,
    1776398614.359505,
    1776398614.391321
  ]
}
