{
  "start_index": 124,
  "obs_horizon": 2,
  "act_horizon": 16,
  "stride": 2,
  "obs_timestamps": [
    1776398609.691274,
    1776398609.7276528
  ],
  "action_timestamps": [
    1776398609.7594206,
    1776398609.791275,
    1776398609.8277245,
    1776398609.8594875,
    1776398609.8913586,
    1776398609.9276798,
    1776398609.9594717,
    1776398609.9913273,
    1776398610.0276623,
    1776398610.0595322,
    1776398610.0913184,
    1776398610.127669,
    1776398610.159488,
    1776398610.1912985,
    1776398610.2276928,
    1776398610.2594612
  ]
}
