{
  "start_index": 236,
  "obs_horizon": 2,
  "act_horizon": 16,
  "stride": 2,
  "obs_timestamps": [
    1776398613.427778,
    1776398613.459609
  ],
  "action_timestamps": [
    1776398613.4913442,
    1776398613.527935,
    1776398613.559702,
    1776398613.5914123,
    1776398613.6277363,
    1776398613.659504,
    1776398613.6913922,
    1776398613.7277126,
    1776398613.7595196,
    1776398613.7913418,
    1776398613.8277562,
    1776398613.8595104,
    1776398613.8914251,
    1776398613.92779,
    1776398613.9594793,
    1776398613.9913046
  ]
}
