{
  "start_index": 50,
  "obs_horizon": 2,
  "act_horizon": 16,
  "stride": 2,
  "obs_timestamps": [
    1776398607.2216332,
    1776398607.2593372
  ],
  "action_timestamps": [
    1776398607.291238,
    1776398607.3216622,
    1776398607.3594024,
    1776398607.3913944,
    1776398607.4216921,
    1776398607.4594269,
    1776398607.491186,
    1776398607.521719,
    1776398607.5595014,
    1776398607.5912888,
    1776398607.6216593,
    1776398607.659422,
    1776398607.6911385,
    1776398607.721659,
    1776398607.7595112,
    1776398607.791254
  ]
}
