{
  "start_index": 118,
  "obs_horizon": 2,
  "act_horizon": 16,
  "stride": 2,
  "obs_timestamps": [
    1776398609.491288,
    1776398609.5216467
  ],
  "action_timestamps": [
    1776398609.5596886,
    1776398609.5913904,
    1776398609.6277323,
    1776398609.6594734,
    1776398609.691274,
    1776398609.7276528,
    1776398609.7594206,
    1776398609.791275,
    1776398609.8277245,
    1776398609.8594875,
    1776398609.8913586,
    1776398609.9276798,
    1776398609.9594717,
    1776398609.9913273,
    1776398610.0276623,
    1776398610.0595322
  ]
}
