{
  "start_index": 114,
  "obs_horizon": 2,
  "act_horizon": 16,
  "stride": 2,
  "obs_timestamps": [
    1776398609.3595989,
    1776398609.391411
  ],
  "action_timestamps": [
    1776398609.4218557,
    1776398609.4594648,
    1776398609.491288,
    1776398609.5216467,
    1776398609.5596886,
    1776398609.5913904,
    1776398609.6277323,
    1776398609.6594734,
    1776398609.691274,
    1776398609.7276528,
    1776398609.7594206,
    1776398609.791275,
    1776398609.8277245,
    1776398609.8594875,
    1776398609.8913586,
    1776398609.9276798
  ]
}
