{
  "start_index": 334,
  "obs_horizon": 2,
  "act_horizon": 16,
  "stride": 2,
  "obs_timestamps": [
    1776398616.691384,
    1776398616.727801
  ],
  "action_timestamps": [
    1776398616.7595997,
    1776398616.791461,
    1776398616.8279164,
    1776398616.8596697,
    1776398616.8914468,
    1776398616.9277928,
    1776398616.959669,
    1776398616.991434,
    1776398617.0278168,
    1776398617.0596163,
    1776398617.091398,
    1776398617.1278334,
    1776398617.1595967,
    1776398617.1914198,
    1776398617.2278488,
    1776398617.259675
  ]
}
